{
  "type": null,
  "faqId": 15561,
  "title": "Quais aplicativos de terceiros o meu aparelho suporta?",
  "answer": " O aparelho suporta todos os aplicativos de terceiros com base no sistema operacional Android, mas não suporta aplicativos Java.",
  "faqTypeId": null,
  "faqType": null,
  "useful": 1,
  "unUseful": 0,
  "languageId": 22,
  "languageName": "pt",
  "faqCode": "7961",
  "faqTypeCode": null,
  "isTop": "0",
  "moduleCode": "faq",
  "productId": null,
  "productCode": null,
  "postDate": 1413994156000,
  "seriesProductName": "G527-U081",
  "visitedTimes": 58,
  "isUsefulFlag": null,
  "score": 0,
  "times": 0,
  "imageList": null,
  "displayType": "text",
  "justView": "0",
  "fileName": null,
  "filePath": null,
  "imagePath": null,
  "imageName": null,
  "productIdList": null,
  "curPage": null,
  "pageSize": null,
  "siteCode": null,
  "statusFlag": "Publish",
  "returnCode": 0,
  "totalRows": null,
  "keywords": null,
  "avgScore": 0.0,
  "createDate": null,
  "totalPages": null
}