{
  "type": null,
  "faqId": 16121,
  "title": "B681- Qual as funções do meu aparelho？",
  "answer": " <p style=\"margin:0cm;margin-bottom:.0001pt;text-align:justify;text-justify:inter-ideograph;font-size:10.5pt;font-family:'Times New Roman','serif';margin-bottom:10.0pt;text-align:left; line-height:115%; text-autospace:none\" align=\"left\">B681 oferece funções como acesso as redes 3G WCDMA, GSM, rede TCP / IP, Wi-Fi, Roteador e serviço de voz. Existem duas aplicações gerais, como a seguir:</p> <p style=\"margin:0cm;margin-bottom:.0001pt;text-align:justify;text-justify:inter-ideograph;font-size:10.5pt;font-family:'Times New Roman','serif';margin-bottom:10.0pt;text-align:left; line-height:115%; text-autospace:none\" align=\"left\"> Roteador comum (Ethernet e Wi-Fi)</p> <p style=\"margin:0cm;margin-bottom:.0001pt;text-align:justify;text-justify:inter-ideograph;font-size:10.5pt;font-family:'Times New Roman','serif';margin-bottom:10.0pt;text-align:left; line-height:115%; text-autospace:none\" align=\"left\">Conecte-se a porta WAN do B681 para Internet via cabo Ethernet;  Computadores e Smartphones podem compartilhar a conexão de Internet via porta LAN e Wi-Fi de B681, e construir uma rede local.</p> <p style=\"margin:0cm;margin-bottom:.0001pt;text-align:justify;text-justify:inter-ideograph;font-size:10.5pt;font-family:'Times New Roman','serif';margin-bottom:10.0pt;text-align:left; line-height:115%; text-autospace:none\" align=\"left\"> 3G / GSM sem fio para serviço de voz e acesso à Internet</p> <p style=\"margin:0cm;margin-bottom:.0001pt;text-align:justify;text-justify:inter-ideograph;font-size:10.5pt;font-family:'Times New Roman','serif';text-indent:20.0pt; line-height:150%;text-autospace:none\">Insira o cartão SIM e faça logon na rede sem fio via 3G ou GSM; A função de telefone pode ser utilizada através da ligação à porta RJ11 do B681. Computadores e Smartphones podem compartilhar a conexão de Internet via porta LAN e Wi-Fi de B681, e construir uma rede  local.</p>",
  "faqTypeId": null,
  "faqType": null,
  "useful": 6,
  "unUseful": 0,
  "languageId": 22,
  "languageName": "pt",
  "faqCode": "8561",
  "faqTypeCode": null,
  "isTop": "0",
  "moduleCode": "faq",
  "productId": null,
  "productCode": null,
  "postDate": 1415216229000,
  "seriesProductName": "B681-44",
  "visitedTimes": 109,
  "isUsefulFlag": null,
  "score": 0,
  "times": 0,
  "imageList": null,
  "displayType": "text",
  "justView": "0",
  "fileName": null,
  "filePath": null,
  "imagePath": null,
  "imageName": null,
  "productIdList": null,
  "curPage": null,
  "pageSize": null,
  "siteCode": null,
  "statusFlag": "Publish",
  "returnCode": 0,
  "totalRows": null,
  "keywords": null,
  "avgScore": 0.0,
  "createDate": null,
  "totalPages": null
}