{
  "type": null,
  "faqId": 16124,
  "title": "B681- Como configurar o WiFi (WPS)",
  "answer": " <p style=\"margin:0cm;margin-bottom:.0001pt;text-align:justify;text-justify:inter-ideograph;font-size:10.5pt;font-family:'Times New Roman','serif';margin-left:40.5pt;text-indent:-18.0pt;line-height: 150%;tab-stops:list 40.5pt; text-autospace:none\">1）  Ligue o WiFi do B681 e do aparelhho que você pretende conectar a ele via WiFi.</p> <p style=\"margin:0cm;margin-bottom:.0001pt;text-align:justify;text-justify:inter-ideograph;font-size:10.5pt;font-family:'Times New Roman','serif';margin-left:40.5pt;text-indent:-18.0pt;line-height: 150%;tab-stops:list 40.5pt; text-autospace:none\">2）  Pressione o botão ![](http://consumer.huawei.com/support/servlet/imageServlet?dlType=SupportImage&imagePath=/20141106034322652001.jpg) no topo do B681 e segure por um tempo. Quando o indicador ![](http://consumer.huawei.com/support/servlet/imageServlet?dlType=SupportImage&imagePath=/20141106034322698002.jpg) piscar o B681 configurará o WPS automaticamente e o dispositivo sera conectado. </p>",
  "faqTypeId": null,
  "faqType": null,
  "useful": 4,
  "unUseful": 10,
  "languageId": 22,
  "languageName": "pt",
  "faqCode": "8584",
  "faqTypeCode": null,
  "isTop": "0",
  "moduleCode": "faq",
  "productId": null,
  "productCode": null,
  "postDate": 1415216612000,
  "seriesProductName": "B681-44",
  "visitedTimes": 176,
  "isUsefulFlag": null,
  "score": 0,
  "times": 0,
  "imageList": null,
  "displayType": "text",
  "justView": "0",
  "fileName": null,
  "filePath": null,
  "imagePath": null,
  "imageName": null,
  "productIdList": null,
  "curPage": null,
  "pageSize": null,
  "siteCode": null,
  "statusFlag": "Publish",
  "returnCode": 0,
  "totalRows": null,
  "keywords": null,
  "avgScore": 0.0,
  "createDate": null,
  "totalPages": null
}