{
  "type": null,
  "faqId": 16123,
  "title": "B681- Como desligar/ligar o WiFi?",
  "answer": " <p style=\"margin:0cm;margin-bottom:.0001pt;text-align:justify;text-justify:inter-ideograph;font-size:10.5pt;font-family:'Times New Roman','serif';margin-left:39.0pt;text-indent:-18.0pt;line-height: 150%;tab-stops:list 39.0pt; text-autospace:none\">1）  O Wi-Fi do B681 é ligado por padrão.</p> <p style=\"margin:0cm;margin-bottom:.0001pt;text-align:justify;text-justify:inter-ideograph;font-size:10.5pt;font-family:'Times New Roman','serif';margin-left:39.0pt;text-indent:-18.0pt;line-height: 150%;tab-stops:list 39.0pt; text-autospace:none\">2）  Desligar o Wi-Fi: pressione o botão ![](http://consumer.huawei.com/support/servlet/imageServlet?dlType=SupportImage&imagePath=/20141106034215823001.jpg)  no topo do B681 e segure por aproximadamente 2 segundos. Quando o indicador![](http://consumer.huawei.com/support/servlet/imageServlet?dlType=SupportImage&imagePath=/20141106034216109002.jpg) apagar-se, o WiFi estará desligado.</p> <p style=\"margin:0cm;margin-bottom:.0001pt;text-align:justify;text-justify:inter-ideograph;font-size:10.5pt;font-family:'Times New Roman','serif';margin-left:39.0pt;text-indent:-18.0pt;line-height: 150%;tab-stops:list 39.0pt; text-autospace:none\">3）  Ligar o WiFi: pressione o botão ![](http://consumer.huawei.com/support/servlet/imageServlet?dlType=SupportImage&imagePath=/20141106034215823001.jpg) no topo do B681 e segure por um tempo. Quando o indicador ![](http://consumer.huawei.com/support/servlet/imageServlet?dlType=SupportImage&imagePath=/20141106034216109002.jpg) acender-se, o WiFi estará ligado.</p>",
  "faqTypeId": null,
  "faqType": null,
  "useful": 1,
  "unUseful": 0,
  "languageId": 22,
  "languageName": "pt",
  "faqCode": "8583",
  "faqTypeCode": null,
  "isTop": "0",
  "moduleCode": "faq",
  "productId": null,
  "productCode": null,
  "postDate": 1415216549000,
  "seriesProductName": "B681-44",
  "visitedTimes": 52,
  "isUsefulFlag": null,
  "score": 0,
  "times": 0,
  "imageList": null,
  "displayType": "text",
  "justView": "0",
  "fileName": null,
  "filePath": null,
  "imagePath": null,
  "imageName": null,
  "productIdList": null,
  "curPage": null,
  "pageSize": null,
  "siteCode": null,
  "statusFlag": "Publish",
  "returnCode": 0,
  "totalRows": null,
  "keywords": null,
  "avgScore": 0.0,
  "createDate": null,
  "totalPages": null
}