{
  "type": null,
  "faqId": 16127,
  "title": "B681- Por que eu não consigo acesso a Internet?",
  "answer": " <p style=\"margin:0cm;margin-bottom:.0001pt;text-align:justify;text-justify:inter-ideograph;font-size:10.5pt;font-family:'Times New Roman','serif';margin-bottom:10.0pt;text-align:left; line-height:115%; text-autospace:none\" align=\"left\">Quando houver uma falha, como rede desconectada de forma anormal, conexão Wi-Fi perdida, página de gerenciamentonão funciona etc, mesmo enquanto o B681 está em execução. Siga os passos abaixo: </p> <p style=\"margin:0cm;margin-bottom:.0001pt;text-align:justify;text-justify:inter-ideograph;font-size:10.5pt;font-family:'Times New Roman','serif';margin-bottom:10.0pt;text-align:left; line-height:115%; text-autospace:none\" align=\"left\">1. Verifique se o dispositivo está ligado. </p> <p style=\"margin:0cm;margin-bottom:.0001pt;text-align:justify;text-justify:inter-ideograph;font-size:10.5pt;font-family:'Times New Roman','serif';margin-bottom:10.0pt;text-align:left; line-height:115%; text-autospace:none\" align=\"left\">2. Verifique se o cartão SIM está em boas condições e ativo. </p> <p style=\"margin:0cm;margin-bottom:.0001pt;text-align:justify;text-justify:inter-ideograph;font-size:10.5pt;font-family:'Times New Roman','serif';margin-bottom:10.0pt;text-align:left; line-height:115%; text-autospace:none\" align=\"left\">3. Verifique a força do sinal e certifique-se de que a área está dentro da cobertura da rede. </p> <p style=\"margin:0cm;margin-bottom:.0001pt;text-align:justify;text-justify:inter-ideograph;font-size:10.5pt;font-family:'Times New Roman','serif';margin-bottom:10.0pt;text-align:left; line-height:115%; text-autospace:none\" align=\"left\">4. Verifique se a conexão entre o dispositivo e o receptor é boa. </p> <p style=\"margin:0cm;margin-bottom:.0001pt;text-align:justify;text-justify:inter-ideograph;font-size:10.5pt;font-family:'Times New Roman','serif';margin-bottom:10.0pt;text-align:left; line-height:115%; text-autospace:none\" align=\"left\">5. Verifique se o modo de rede está correto. Para mais informações, acesse a página de gerenciamento para verificar as configurações de rede móvel. </p> <p style=\"margin:0cm;margin-bottom:.0001pt;text-align:justify;text-justify:inter-ideograph;font-size:10.5pt;font-family:'Times New Roman','serif';margin-bottom:10.0pt;text-align:left; line-height:115%; text-autospace:none\" align=\"left\">6. Ao acessar a Internet através do dispositivo, verifique se os parâmetros, tais como perfil, nome de usuário PPP e senha estão corretos. Estes parâmetros são fornecidos pelo seu provedor de serviços. Para mais informações, acesse a página de gerenciamento e verifique Gestão de perfil e consulte o seu fornecedor de serviços. </p> <p style=\"margin:0cm;margin-bottom:.0001pt;text-align:justify;text-justify:inter-ideograph;font-size:10.5pt;font-family:'Times New Roman','serif';margin-bottom:10.0pt;text-align:left; line-height:115%; text-autospace:none\" align=\"left\">7. O cliente não é capaz de acessar a Internet se o serviço DHCP não estiver ativado e o receptor ainda precisa obter um endereço IP dinâmico. Neste caso, você deve atribuir um endereço IP para o seu receptor. </p> <p style=\"margin:0cm;margin-bottom:.0001pt;text-align:justify;text-justify:inter-ideograph;font-size:10.5pt;font-family:'Times New Roman','serif';margin-bottom:10.0pt;text-align:left; line-height:115%; text-autospace:none\" align=\"left\">8. Verifique se a placa de rede do receptor funciona normalmente. </p> <p style=\"margin:0cm;margin-bottom:.0001pt;text-align:justify;text-justify:inter-ideograph;font-size:10.5pt;font-family:'Times New Roman','serif';margin-bottom:10.0pt;text-align:left; line-height:115%; text-autospace:none\" align=\"left\">9. Verifique se os parâmetros, tais como filtro LAN MAC, filtro de IP da LAN, e Configurações de filtro URL do dispositivo estão corretas. </p> <p style=\"margin:0cm;margin-bottom:.0001pt;text-align:justify;text-justify:inter-ideograph;font-size:10.5pt;font-family:'Times New Roman','serif';margin-bottom:10.0pt;text-align:left; line-height:115%; text-autospace:none\" align=\"left\">10. Se o problema persistir, consulte o seu fornecedor de serviços.</p>",
  "faqTypeId": null,
  "faqType": null,
  "useful": 0,
  "unUseful": 1,
  "languageId": 22,
  "languageName": "pt",
  "faqCode": "8586",
  "faqTypeCode": null,
  "isTop": "0",
  "moduleCode": "faq",
  "productId": null,
  "productCode": null,
  "postDate": 1415216790000,
  "seriesProductName": "B681-44",
  "visitedTimes": 162,
  "isUsefulFlag": null,
  "score": 0,
  "times": 0,
  "imageList": null,
  "displayType": "text",
  "justView": "0",
  "fileName": null,
  "filePath": null,
  "imagePath": null,
  "imageName": null,
  "productIdList": null,
  "curPage": null,
  "pageSize": null,
  "siteCode": null,
  "statusFlag": "Publish",
  "returnCode": 0,
  "totalRows": null,
  "keywords": null,
  "avgScore": 0.0,
  "createDate": null,
  "totalPages": null
}