{
  "type": null,
  "faqId": 16128,
  "title": "B681- Por que não consigo acessar WLAN em um receptor?",
  "answer": " <p style=\"margin:0cm;margin-bottom:.0001pt;text-align:justify;text-justify:inter-ideograph;font-size:10.5pt;font-family:'Times New Roman','serif';margin-bottom:10.0pt;text-align:left; line-height:115%; text-autospace:none\" align=\"left\">1. Se houver interferências ou obstáculos ao redor do dispositivo, por favor, ajustar a posição do dispositivo. </p> <p style=\"margin:0cm;margin-bottom:.0001pt;text-align:justify;text-justify:inter-ideograph;font-size:10.5pt;font-family:'Times New Roman','serif'\">2. Verifique e anote os parâmetros entre o receptor e o B681: SSID, modo de criptografia WEP e senha. O SSID e a senha do dispositivo são impressos na etiqueta do dispositivo. No receptor, o SSID deve ser nenhum ou ser compatível com a do dispositivo. O modo de criptografia WEP no dispositivo e que o cliente deve ser consistente; se não, você precisará alterar os parâmetros no receptor.</p>",
  "faqTypeId": null,
  "faqType": null,
  "useful": 4,
  "unUseful": 4,
  "languageId": 22,
  "languageName": "pt",
  "faqCode": "8587",
  "faqTypeCode": null,
  "isTop": "0",
  "moduleCode": "faq",
  "productId": null,
  "productCode": null,
  "postDate": 1415216849000,
  "seriesProductName": "B681-44",
  "visitedTimes": 136,
  "isUsefulFlag": null,
  "score": 0,
  "times": 0,
  "imageList": null,
  "displayType": "text",
  "justView": "0",
  "fileName": null,
  "filePath": null,
  "imagePath": null,
  "imageName": null,
  "productIdList": null,
  "curPage": null,
  "pageSize": null,
  "siteCode": null,
  "statusFlag": "Publish",
  "returnCode": 0,
  "totalRows": null,
  "keywords": null,
  "avgScore": 0.0,
  "createDate": null,
  "totalPages": null
}