{
  "type": null,
  "faqId": 16126,
  "title": "B681- Como restaurar as configurações padrões?",
  "answer": " <p style=\"margin:0cm;margin-bottom:.0001pt;text-align:justify;text-justify:inter-ideograph;font-size:10.5pt;font-family:'Times New Roman','serif';text-indent:20.0pt; line-height:150%\">Enquanto o B681 estiver ligado, pressione o botão Reset que fica no orifício da superfície traseira do aparelho. Com um objeto com formato de agulha pressione e segure o botão por aproximadamente 3 segundos.</p>",
  "faqTypeId": null,
  "faqType": null,
  "useful": 4,
  "unUseful": 4,
  "languageId": 22,
  "languageName": "pt",
  "faqCode": "8585",
  "faqTypeCode": null,
  "isTop": "0",
  "moduleCode": "faq",
  "productId": null,
  "productCode": null,
  "postDate": 1415216725000,
  "seriesProductName": "B681-44",
  "visitedTimes": 166,
  "isUsefulFlag": null,
  "score": 0,
  "times": 0,
  "imageList": null,
  "displayType": "text",
  "justView": "0",
  "fileName": null,
  "filePath": null,
  "imagePath": null,
  "imageName": null,
  "productIdList": null,
  "curPage": null,
  "pageSize": null,
  "siteCode": null,
  "statusFlag": "Publish",
  "returnCode": 0,
  "totalRows": null,
  "keywords": null,
  "avgScore": 0.0,
  "createDate": null,
  "totalPages": null
}