{
  "type": null,
  "faqId": 16122,
  "title": "B681- Qual o uso do conector traseiro do meu B681?",
  "answer": " <p style=\"margin:0cm;margin-bottom:.0001pt;text-align:justify;text-justify:inter-ideograph;font-size:10.5pt;font-family:'Times New Roman','serif';margin-bottom:10.0pt;text-align:left; line-height:115%; text-autospace:none\" align=\"left\">Ela é ​usada ​para a conexão de antena externa opcional quando o sinal 3G / GSM é fraco. Normalmente, não é necessária a antena externa. A antena externa não pode ser colocada ao ar livre para evitar danos causados, por exemplo, por um raio. </p> <p style=\"margin:0cm;margin-bottom:.0001pt;text-align:justify;text-justify:inter-ideograph;font-size:10.5pt;font-family:'Times New Roman','serif';text-indent:20.0pt; line-height:150%;text-autospace:none\">Nota: Se for realmente necessário o uso da antena externa, por favor visite o Página de gerenciamento ([http://192.168.1.1](http://192.168.1.1/)) do B681, escolha as configurações 【Configurações】 → 【Antena】 → 【Modo】 selecionar Antena externa.</p>",
  "faqTypeId": null,
  "faqType": null,
  "useful": 1,
  "unUseful": 1,
  "languageId": 22,
  "languageName": "pt",
  "faqCode": "8582",
  "faqTypeCode": null,
  "isTop": "0",
  "moduleCode": "faq",
  "productId": null,
  "productCode": null,
  "postDate": 1415216490000,
  "seriesProductName": "B681-44",
  "visitedTimes": 126,
  "isUsefulFlag": null,
  "score": 0,
  "times": 0,
  "imageList": null,
  "displayType": "text",
  "justView": "0",
  "fileName": null,
  "filePath": null,
  "imagePath": null,
  "imageName": null,
  "productIdList": null,
  "curPage": null,
  "pageSize": null,
  "siteCode": null,
  "statusFlag": "Publish",
  "returnCode": 0,
  "totalRows": null,
  "keywords": null,
  "avgScore": 0.0,
  "createDate": null,
  "totalPages": null
}