{
  "type": null,
  "faqId": 16125,
  "title": "B681- Como configurar a função roteador?",
  "answer": " <p style=\"margin:0cm;margin-bottom:.0001pt;text-align:justify;text-justify:inter-ideograph;font-size:10.5pt;font-family:'Times New Roman','serif';margin-left:43.7pt;text-indent:-18.0pt;line-height: 150%;tab-stops:list 43.7pt; text-autospace:none\">1）  Conecte o PC ao B681 via cabo Ethernet ou Wi-Fi, visite a página [http://192.168.1.1](http://192.168.1.1/) no navegador.</p> <p style=\"margin:0cm;margin-bottom:.0001pt;text-align:justify;text-justify:inter-ideograph;font-size:10.5pt;font-family:'Times New Roman','serif';margin-left:43.7pt;text-indent:-18.0pt;line-height: 150%;tab-stops:list 43.7pt; text-autospace:none\">2）  Faça Login na página de gerenciamento, a senha padrão varia conforme a sua operadora.</p> <p style=\"margin:0cm;margin-bottom:.0001pt;text-align:justify;text-justify:inter-ideograph;font-size:10.5pt;font-family:'Times New Roman','serif';margin-left:43.7pt;text-indent:-18.0pt;line-height: 150%;tab-stops:list 43.7pt; text-autospace:none\">3）  Siga o guia de configuração para completar as configurações quando acessar pela primeirta vez.</p> <p style=\"margin:0cm;margin-bottom:.0001pt;text-align:justify;text-justify:inter-ideograph;font-size:10.5pt;font-family:'Times New Roman','serif';margin-left:43.7pt;text-indent:-18.0pt;line-height: 150%;tab-stops:list 43.7pt; text-autospace:none\">4）  Para mais detalhes sobre configurações, acesse a ajuda.</p>",
  "faqTypeId": null,
  "faqType": null,
  "useful": 156,
  "unUseful": 148,
  "languageId": 22,
  "languageName": "pt",
  "faqCode": "8562",
  "faqTypeCode": null,
  "isTop": "0",
  "moduleCode": "faq",
  "productId": null,
  "productCode": null,
  "postDate": 1415216671000,
  "seriesProductName": "B681-44",
  "visitedTimes": 12752,
  "isUsefulFlag": null,
  "score": 0,
  "times": 0,
  "imageList": null,
  "displayType": "text",
  "justView": "0",
  "fileName": null,
  "filePath": null,
  "imagePath": null,
  "imageName": null,
  "productIdList": null,
  "curPage": null,
  "pageSize": null,
  "siteCode": null,
  "statusFlag": "Publish",
  "returnCode": 0,
  "totalRows": null,
  "keywords": null,
  "avgScore": 0.0,
  "createDate": null,
  "totalPages": null
}