{
  "type": null,
  "faqId": 16262,
  "title": "F261 - O F261 não liga sem uma fonte de alimentação externa.",
  "answer": " <p style=\"margin:0cm;margin-bottom:.0001pt;text-align:justify;text-justify:inter-ideograph;font-size:10.5pt;font-family:'Times New Roman','serif'\">Por favor verifique se a bateria está conectada. Se a conexão da bateria não é o problema, por favor, carregue a bateria por meia hora antes de usar.</p>",
  "faqTypeId": null,
  "faqType": null,
  "useful": 0,
  "unUseful": 3,
  "languageId": 22,
  "languageName": "pt",
  "faqCode": "8841",
  "faqTypeCode": null,
  "isTop": "0",
  "moduleCode": "faq",
  "productId": null,
  "productCode": null,
  "postDate": 1415725680000,
  "seriesProductName": "F261-74",
  "visitedTimes": 35,
  "isUsefulFlag": null,
  "score": 0,
  "times": 0,
  "imageList": null,
  "displayType": "text",
  "justView": "0",
  "fileName": null,
  "filePath": null,
  "imagePath": null,
  "imageName": null,
  "productIdList": null,
  "curPage": null,
  "pageSize": null,
  "siteCode": null,
  "statusFlag": "Publish",
  "returnCode": 0,
  "totalRows": null,
  "keywords": null,
  "avgScore": 0.0,
  "createDate": null,
  "totalPages": null
}