{
  "type": null,
  "faqId": 16271,
  "title": "F261 – Dimensões e peso do F261.",
  "answer": " <p style=\"margin:0cm;margin-bottom:.0001pt;text-align:justify;text-justify:inter-ideograph;font-size:10.5pt;font-family:'Times New Roman','serif';text-align:left;\" align=\"left\">Dimensões: 47,97 mm × 130 mm × 18,05 mm, </p> <p style=\"margin:0cm;margin-bottom:.0001pt;text-align:justify;text-justify:inter-ideograph;font-size:10.5pt;font-family:'Times New Roman','serif';text-align:left;\" align=\"left\">Peso: Cerca de 123g (com bateria)</p>",
  "faqTypeId": null,
  "faqType": null,
  "useful": 5,
  "unUseful": 0,
  "languageId": 22,
  "languageName": "pt",
  "faqCode": "8839",
  "faqTypeCode": null,
  "isTop": "0",
  "moduleCode": "faq",
  "productId": null,
  "productCode": null,
  "postDate": 1415726818000,
  "seriesProductName": "F261-74",
  "visitedTimes": 220,
  "isUsefulFlag": null,
  "score": 0,
  "times": 0,
  "imageList": null,
  "displayType": "text",
  "justView": "0",
  "fileName": null,
  "filePath": null,
  "imagePath": null,
  "imageName": null,
  "productIdList": null,
  "curPage": null,
  "pageSize": null,
  "siteCode": null,
  "statusFlag": "Publish",
  "returnCode": 0,
  "totalRows": null,
  "keywords": null,
  "avgScore": 0.0,
  "createDate": null,
  "totalPages": null
}