{
  "type": null,
  "faqId": 16282,
  "title": "F261 - Como habilitar chamada em espera, encaminhamento de chamadas e outros serviços complementares em meu F261?",
  "answer": " Entre em contato com a sua operadora, acesse os serviços complementares.",
  "faqTypeId": null,
  "faqType": null,
  "useful": 0,
  "unUseful": 0,
  "languageId": 22,
  "languageName": "pt",
  "faqCode": "8846",
  "faqTypeCode": null,
  "isTop": "0",
  "moduleCode": "faq",
  "productId": null,
  "productCode": null,
  "postDate": 1415726096000,
  "seriesProductName": "F261-74",
  "visitedTimes": 22,
  "isUsefulFlag": null,
  "score": 0,
  "times": 0,
  "imageList": null,
  "displayType": "text",
  "justView": "0",
  "fileName": null,
  "filePath": null,
  "imagePath": null,
  "imageName": null,
  "productIdList": null,
  "curPage": null,
  "pageSize": null,
  "siteCode": null,
  "statusFlag": "Publish",
  "returnCode": 0,
  "totalRows": null,
  "keywords": null,
  "avgScore": 0.0,
  "createDate": null,
  "totalPages": null
}