{
  "type": null,
  "faqId": 16294,
  "title": "O Sinal do F261 não é está bom, o que devo fazer?",
  "answer": " <p style=\"margin:0cm;margin-bottom:.0001pt;text-align:justify;text-justify:inter-ideograph;font-size:10.5pt;font-family:'Times New Roman','serif'\">Por favor, teste o sinal em outros lugares. Se o sinal ainda estiver ruim, por favor, entre em contato com o Central de Relacionamento da Huawei com a Nota Fiscal do produto em mãos.</p>",
  "faqTypeId": null,
  "faqType": null,
  "useful": 1,
  "unUseful": 2,
  "languageId": 22,
  "languageName": "pt",
  "faqCode": "8835",
  "faqTypeCode": null,
  "isTop": "0",
  "moduleCode": "faq",
  "productId": null,
  "productCode": null,
  "postDate": 1415726652000,
  "seriesProductName": "F261-74",
  "visitedTimes": 122,
  "isUsefulFlag": null,
  "score": 0,
  "times": 0,
  "imageList": null,
  "displayType": "text",
  "justView": "0",
  "fileName": null,
  "filePath": null,
  "imagePath": null,
  "imageName": null,
  "productIdList": null,
  "curPage": null,
  "pageSize": null,
  "siteCode": null,
  "statusFlag": "Publish",
  "returnCode": 0,
  "totalRows": null,
  "keywords": null,
  "avgScore": 0.0,
  "createDate": null,
  "totalPages": null
}