{
  "type": null,
  "faqId": 16295,
  "title": "F261 – O F261 está ligado ao computador com o cabo USB padrão, mas o computador não tem nenhuma reação?",
  "answer": " <p style=\"margin:0cm;margin-bottom:.0001pt;text-align:justify;text-justify:inter-ideograph;font-size:10.5pt;font-family:'Times New Roman','serif'\">O cabo USB é apenas para carregar, não deve ser usado para conectar-se à computadores.</p>",
  "faqTypeId": null,
  "faqType": null,
  "useful": 5,
  "unUseful": 2,
  "languageId": 22,
  "languageName": "pt",
  "faqCode": "8836",
  "faqTypeCode": null,
  "isTop": "0",
  "moduleCode": "faq",
  "productId": null,
  "productCode": null,
  "postDate": 1415726697000,
  "seriesProductName": "F261-74",
  "visitedTimes": 203,
  "isUsefulFlag": null,
  "score": 0,
  "times": 0,
  "imageList": null,
  "displayType": "text",
  "justView": "0",
  "fileName": null,
  "filePath": null,
  "imagePath": null,
  "imageName": null,
  "productIdList": null,
  "curPage": null,
  "pageSize": null,
  "siteCode": null,
  "statusFlag": "Publish",
  "returnCode": 0,
  "totalRows": null,
  "keywords": null,
  "avgScore": 0.0,
  "createDate": null,
  "totalPages": null
}