{
  "type": null,
  "faqId": 16291,
  "title": "Como definir senha F261?",
  "answer": "No menu principal, encontrar o menu \"Configurações\" e, em seguida, acesse \"Configurações de Segurança\" -> \"Telefone bloqueado\", digite sua senha (a senha inicial é 000000), de acordo com a necessidade de selecionar \"Bloquear\" ou \"Bloquear imediatamente\".",
  "faqTypeId": null,
  "faqType": null,
  "useful": 8,
  "unUseful": 3,
  "languageId": 22,
  "languageName": "pt",
  "faqCode": "8833",
  "faqTypeCode": null,
  "isTop": "0",
  "moduleCode": "faq",
  "productId": null,
  "productCode": null,
  "postDate": 1415726533000,
  "seriesProductName": "F261-74",
  "visitedTimes": 378,
  "isUsefulFlag": null,
  "score": 0,
  "times": 0,
  "imageList": null,
  "displayType": "text",
  "justView": "0",
  "fileName": null,
  "filePath": null,
  "imagePath": null,
  "imageName": null,
  "productIdList": null,
  "curPage": null,
  "pageSize": null,
  "siteCode": null,
  "statusFlag": "Publish",
  "returnCode": 0,
  "totalRows": null,
  "keywords": null,
  "avgScore": 0.0,
  "createDate": null,
  "totalPages": null
}