{
  "type": null,
  "faqId": 16298,
  "title": "F261 – O que significam os ícones na tela do F261.",
  "answer": "![](http://consumer.huawei.com/support/servlet/imageServlet?dlType=SupportImage&imagePath=/20141112013231976001.png)",
  "faqTypeId": null,
  "faqType": null,
  "useful": 3,
  "unUseful": 1,
  "languageId": 22,
  "languageName": "pt",
  "faqCode": "8850",
  "faqTypeCode": null,
  "isTop": "0",
  "moduleCode": "faq",
  "productId": null,
  "productCode": null,
  "postDate": 1415727168000,
  "seriesProductName": "F261-74",
  "visitedTimes": 221,
  "isUsefulFlag": null,
  "score": 0,
  "times": 0,
  "imageList": null,
  "displayType": "text",
  "justView": "0",
  "fileName": null,
  "filePath": null,
  "imagePath": null,
  "imageName": null,
  "productIdList": null,
  "curPage": null,
  "pageSize": null,
  "siteCode": null,
  "statusFlag": "Publish",
  "returnCode": 0,
  "totalRows": null,
  "keywords": null,
  "avgScore": 0.0,
  "createDate": null,
  "totalPages": null
}