{
  "type": null,
  "faqId": 16292,
  "title": "F261 - Como fazer se eu esquecer a senha F261?",
  "answer": " <p style=\"margin:0cm;margin-bottom:.0001pt;text-align:justify;text-justify:inter-ideograph;font-size:10.5pt;font-family:'Times New Roman','serif'\">Senha inicial fixo é 000000. Se você esqueceu a senha entre em contato com o Central de Relacionamento da Huawei com a Nota Fiscal do produto em mãos.</p>",
  "faqTypeId": null,
  "faqType": null,
  "useful": 4,
  "unUseful": 2,
  "languageId": 22,
  "languageName": "pt",
  "faqCode": "8849",
  "faqTypeCode": null,
  "isTop": "0",
  "moduleCode": "faq",
  "productId": null,
  "productCode": null,
  "postDate": 1415726573000,
  "seriesProductName": "F261-74",
  "visitedTimes": 261,
  "isUsefulFlag": null,
  "score": 0,
  "times": 0,
  "imageList": null,
  "displayType": "text",
  "justView": "0",
  "fileName": null,
  "filePath": null,
  "imagePath": null,
  "imageName": null,
  "productIdList": null,
  "curPage": null,
  "pageSize": null,
  "siteCode": null,
  "statusFlag": "Publish",
  "returnCode": 0,
  "totalRows": null,
  "keywords": null,
  "avgScore": 0.0,
  "createDate": null,
  "totalPages": null
}