{
  "type": null,
  "faqId": 10399,
  "title": "My device connected to E5336Bs-2&Bs-6’s wireless network, but cannot open Web UI",
  "answer": " 1. Double![](http://consumer.huawei.com/support/servlet/imageServlet?dlType=HtmlAreaImage&imageId=31536)to check your wireless network connection on windows start bar. Make sure your device is connected with your E5336Bs-2&Bs-6 not other Wi-Fi device. \r\n\r\n 2. Open Web Browser from your device (ex. Microsoft Internet Explorer). Go *<u>http://192.168.8.1</u>* to open E5336Bs-2&Bs-6’s Web UI. \r\n\n![](http://consumer.huawei.com/support/servlet/imageServlet?dlType=HtmlAreaImage&imageId=31537)\n\r\n\r\n 3. If Web Browser failed to bring you to Web UI, click “Tool” from Browser then select “Internet Options”. \r\n\r\n  ![](http://consumer.huawei.com/support/servlet/imageServlet?dlType=HtmlAreaImage&imageId=31539) \r\n\r\n Select “General” tab, then click “Delete Cookies”. \r\n\r\n ![](http://consumer.huawei.com/support/servlet/imageServlet?dlType=HtmlAreaImage&imageId=31540) \r\n\r\n Select “Connections” tab, then click “LAN settings”. \r\n\r\n  ![](http://consumer.huawei.com/support/servlet/imageServlet?dlType=HtmlAreaImage&imageId=31541) \r\n\r\n For the “Local Area Network (LAN) Settings” pop-up, uncheck the top three check-boxes. Then click “OK” to apply changes. \r\n\r\n ![](http://consumer.huawei.com/support/servlet/imageServlet?dlType=HtmlAreaImage&imageId=31542) \r\n\r\n Refresh the Web Browser to show E5336Bs-2&Bs-6 management console page.",
  "faqTypeId": 309,
  "faqType": "Connection and Data",
  "useful": 10,
  "unUseful": 0,
  "languageId": 1,
  "languageName": "en",
  "faqCode": "1160",
  "faqTypeCode": "MBB_Device-Connection-Data",
  "isTop": "0",
  "moduleCode": "faq",
  "productId": null,
  "productCode": null,
  "postDate": 1397553946000,
  "seriesProductName": "E5336Bs-2,E5336Bs-6",
  "visitedTimes": 254,
  "isUsefulFlag": null,
  "score": 0,
  "times": 0,
  "imageList": null,
  "displayType": "text",
  "justView": "0",
  "fileName": null,
  "filePath": null,
  "imagePath": null,
  "imageName": null,
  "productIdList": null,
  "curPage": null,
  "pageSize": null,
  "siteCode": null,
  "statusFlag": "Publish",
  "returnCode": 0,
  "totalRows": null,
  "keywords": "E5336Bs-2&Bs-6 Web UI",
  "avgScore": 0.0,
  "createDate": null,
  "totalPages": null
}