{
  "type": null,
  "faqId": 10398,
  "title": "Establish WiFi connection between PC and E5336Bs-2&Bs-6",
  "answer": " A: Please follow these steps to set up your WLAN \r\n\r\n 1. Enable your wireless network card and double click![](http://consumer.huawei.com/support/servlet/imageServlet?dlType=HtmlAreaImage&imageId=31507)icon displayed on windows start bar to open “Choose a wireless network” dialog \r\n\r\n 2. Select SSID of E5336Bs-2&Bs-6 in the local wireless device list (The WiFi Key and the SSID can be found on a label stick inside the back cover), click ![](http://consumer.huawei.com/support/servlet/imageServlet?dlType=HtmlAreaImage&imageId=31508) to connect. \r\n\n                   ![](http://consumer.huawei.com/support/servlet/imageServlet?dlType=HtmlAreaImage&imageId=31509)\n\r\n\r\n 3.Input WiFi Key in the dialog of password input then click![](http://consumer.huawei.com/support/servlet/imageServlet?dlType=HtmlAreaImage&imageId=31510)to establish connection **please pay attention to the case sensitive of WiFi passwords.** \r\n\r\n **![](http://consumer.huawei.com/support/servlet/imageServlet?dlType=HtmlAreaImage&imageId=31511)** \r\n\r\n **![](http://consumer.huawei.com/support/servlet/imageServlet?dlType=HtmlAreaImage&imageId=31512)** \r\n\n4.After the icon of wireless network card turned from ![](http://consumer.huawei.com/support/servlet/imageServlet?dlType=HtmlAreaImage&imageId=31514)(status of acquiring IP address ) into ![](http://consumer.huawei.com/support/servlet/imageServlet?dlType=HtmlAreaImage&imageId=31515),your PC has established WiFi connection with E5336Bs-2&Bs-6 successfully, enter [http://192.168.8.1](http://192.168.8.1/) in web browser (ex. IE) to visit Web UI(Double click the web browser and the Web UI will open too).",
  "faqTypeId": 309,
  "faqType": "Connection and Data",
  "useful": 2,
  "unUseful": 1,
  "languageId": 1,
  "languageName": "en",
  "faqCode": "1151",
  "faqTypeCode": "MBB_Device-Connection-Data",
  "isTop": "0",
  "moduleCode": "faq",
  "productId": null,
  "productCode": null,
  "postDate": 1397552820000,
  "seriesProductName": "E5336Bs-2,E5336Bs-6",
  "visitedTimes": 302,
  "isUsefulFlag": null,
  "score": 0,
  "times": 0,
  "imageList": null,
  "displayType": "text",
  "justView": "0",
  "fileName": null,
  "filePath": null,
  "imagePath": null,
  "imageName": null,
  "productIdList": null,
  "curPage": null,
  "pageSize": null,
  "siteCode": null,
  "statusFlag": "Publish",
  "returnCode": 0,
  "totalRows": null,
  "keywords": "E5336Bs-2&Bs-6 WiFi  PC",
  "avgScore": 0.0,
  "createDate": null,
  "totalPages": null
}