{
  "type": null,
  "faqId": 10412,
  "title": "Main Features of E5336Bs-2&Bs-6",
  "answer": " The E5336Bs-2&Bs-6 mainly supports the following features: \r\n\r\n*   HSPA+ (DL) data service of up to 21.6 Mbit/s\n  \r\n*   HSPA+ (UL) data service of up to 5.76 Mbit/s\n  \r\n*   HSDPA (DL) data service of up to 14.4 Mbit/sl \n  \r\n*   HSUPA (UL) data service of up to 5.76 Mbit/s\n  \r\n*   UMTS data service of up to 384 kbit/s\n  \r\n*   EDGE data service of up to 236.8 kbit/s\n  \r\n*   GPRS data service of up to 85.6 kbit/s\n  \r\n*   PS domain data service based on UMTS/GSM\n  \r\n*   SMS based on UMTS and GSM\n  \r\n*   Built-in UMTS and WLAN high gain antenna\n  \r\n*   Micro Secure Digital Memory (microSD) Card\n  \r\n*   SIM lock\n  \r\n*   Wi-Fi\n  \r\n*   Menu-style LCD UI\n  \r\n*   Five-second fast boot\n  \r\n*   3G/Wi-Fi auto offload\n  \r\n*   Support for HUAWEI Mobile WiFi App\n  \r\n*   Press and Play\n  \r\n*   IPv6/IPv4 dual stack (optional)\n  \r\n*   Built-in DHCP Server, DNS RELAY and NAT\n  \r\n*   Online software upgrade\n  \r\n*   Traffic statistic\n  \r\n*   WPS\n  \r\n*   Standard Micro USB interface\n  \r\n*   HiLink features (Driverless, Zero installation)\n  \r\n*   TFT-LCD screen\n  \r\n*   2D Barcode easy connection\n  \r\n*   Windows XP SP3, Windows Vista SP1/SP2, Windows 7, Windows 8, Windows 8.1 (does not support Windows RT), MAC OS X 10.7, 10.8 and 10.9 with latest upgrades\n  ",
  "faqTypeId": 318,
  "faqType": "Miscellaneous",
  "useful": 4,
  "unUseful": 3,
  "languageId": 1,
  "languageName": "en",
  "faqCode": "1136",
  "faqTypeCode": "MBB_Device-Others",
  "isTop": "0",
  "moduleCode": "faq",
  "productId": null,
  "productCode": null,
  "postDate": 1397547010000,
  "seriesProductName": "E5336Bs-2,E5336Bs-6",
  "visitedTimes": 469,
  "isUsefulFlag": null,
  "score": 0,
  "times": 0,
  "imageList": null,
  "displayType": "text",
  "justView": "0",
  "fileName": null,
  "filePath": null,
  "imagePath": null,
  "imageName": null,
  "productIdList": null,
  "curPage": null,
  "pageSize": null,
  "siteCode": null,
  "statusFlag": "Publish",
  "returnCode": 0,
  "totalRows": null,
  "keywords": "E5336Bs-2&Bs-6 Features",
  "avgScore": 0.0,
  "createDate": null,
  "totalPages": null
}