{
  "type": null,
  "faqId": 10417,
  "title": "What information displayed of E5336Bs-2&Bs-6’s screen?",
  "answer": " **A: Information you can read from the home screen of E5336Bs-2&Bs-6 showed below** \r\n\r\n **![](http://consumer.huawei.com/support/servlet/imageServlet?dlType=HtmlAreaImage&imageId=31482)** \r\n\r\n **![](http://consumer.huawei.com/support/servlet/imageServlet?dlType=HtmlAreaImage&imageId=31483)** \r\n\r\n **B: Information you can read from the Menu screen of E5336Bs-2&Bs-6 showed below** \r\n\r\n ![](http://consumer.huawei.com/support/servlet/imageServlet?dlType=HtmlAreaImage&imageId=31485)",
  "faqTypeId": 314,
  "faqType": "Display, Indicators, and Ports",
  "useful": 0,
  "unUseful": 0,
  "languageId": 1,
  "languageName": "en",
  "faqCode": "1140",
  "faqTypeCode": "MBB_Device-Appearance-Indication-Interface",
  "isTop": "0",
  "moduleCode": "faq",
  "productId": null,
  "productCode": null,
  "postDate": 1397548311000,
  "seriesProductName": "E5336Bs-2,E5336Bs-6",
  "visitedTimes": 106,
  "isUsefulFlag": null,
  "score": 0,
  "times": 0,
  "imageList": null,
  "displayType": "text",
  "justView": "0",
  "fileName": null,
  "filePath": null,
  "imagePath": null,
  "imageName": null,
  "productIdList": null,
  "curPage": null,
  "pageSize": null,
  "siteCode": null,
  "statusFlag": "Publish",
  "returnCode": 0,
  "totalRows": null,
  "keywords": "E5336Bs-2&Bs-6 screen",
  "avgScore": 0.0,
  "createDate": null,
  "totalPages": null
}