{
  "type": null,
  "faqId": 10414,
  "title": "Keys, Interface of E5336Bs-2&Bs-6",
  "answer": " ![](http://consumer.huawei.com/support/servlet/imageServlet?dlType=HtmlAreaImage&imageId=31476)",
  "faqTypeId": 314,
  "faqType": "Display, Indicators, and Ports",
  "useful": 1,
  "unUseful": 0,
  "languageId": 1,
  "languageName": "en",
  "faqCode": "1139",
  "faqTypeCode": "MBB_Device-Appearance-Indication-Interface",
  "isTop": "0",
  "moduleCode": "faq",
  "productId": null,
  "productCode": null,
  "postDate": 1397547716000,
  "seriesProductName": "E5336Bs-2,E5336Bs-6",
  "visitedTimes": 125,
  "isUsefulFlag": null,
  "score": 0,
  "times": 0,
  "imageList": null,
  "displayType": "text",
  "justView": "0",
  "fileName": null,
  "filePath": null,
  "imagePath": null,
  "imageName": null,
  "productIdList": null,
  "curPage": null,
  "pageSize": null,
  "siteCode": null,
  "statusFlag": "Publish",
  "returnCode": 0,
  "totalRows": null,
  "keywords": "E5336Bs-2&Bs-6 Keys nterface",
  "avgScore": 0.0,
  "createDate": null,
  "totalPages": null
}