{
  "type": null,
  "faqId": 10436,
  "title": "How can I get version information of my E5336Bs-2&Bs-6",
  "answer": " Click![](http://consumer.huawei.com/support/servlet/imageServlet?dlType=HtmlAreaImage&imageId=31549) \r\n\nthen you can see software & hardware version of your E5336Bs-2&Bs-6.\n\r\n\r\n ![](http://consumer.huawei.com/support/servlet/imageServlet?dlType=HtmlAreaImage&imageId=31551)",
  "faqTypeId": 310,
  "faqType": "Installation and Settings",
  "useful": 0,
  "unUseful": 1,
  "languageId": 1,
  "languageName": "en",
  "faqCode": "1166",
  "faqTypeCode": "MBB_Device-Installing-Settings",
  "isTop": "0",
  "moduleCode": "faq",
  "productId": null,
  "productCode": null,
  "postDate": 1397555863000,
  "seriesProductName": "E5336Bs-2,E5336Bs-6",
  "visitedTimes": 154,
  "isUsefulFlag": null,
  "score": 3,
  "times": 1,
  "imageList": null,
  "displayType": "text",
  "justView": "0",
  "fileName": null,
  "filePath": null,
  "imagePath": null,
  "imageName": null,
  "productIdList": null,
  "curPage": null,
  "pageSize": null,
  "siteCode": null,
  "statusFlag": "Publish",
  "returnCode": 0,
  "totalRows": null,
  "keywords": "E5336Bs-2&Bs-6 version",
  "avgScore": 3.0,
  "createDate": null,
  "totalPages": null
}