{
  "type": null,
  "faqId": 10431,
  "title": "How long it may take to fully charge E5336Bs-2&Bs-6 and how long E5336Bs-2&Bs-6 can work by using the fully charged battery?",
  "answer": " 1. Maximum time to full charge E5336Bs-2&Bs-6 battery \r\n\r\n         Device off charged by AC charger: 3h \r\n\r\n         Device on charged by AC charger: 3.5h— 4h. \r\n\r\n         Device off and charged by USB cable: 4h— 4.5h. \r\n\r\n         Device on and charged by USB cable: 4.5h— 5h. \r\n\r\n 2. Maximum working time: \r\n\r\n          Maximum working time: 5–6 hours (depending on the network) \r\n\r\n          Maximum standby time: 300 hours (depending on the network) \r\n\r\n        Some improper uses will influent the life of battery, for example: used under high/low temperature and humid environment, leaving battery unused for long time, the battery be charged and discharged for too many times \r\n\r\n   The environment temperature required by the battery is -20℃-60℃(the ideal value is 35℃)，the relative humidity is 5℃-95℃（the ideal value is 55℃）.",
  "faqTypeId": 311,
  "faqType": "Battery and Power Consumption",
  "useful": 2,
  "unUseful": 1,
  "languageId": 1,
  "languageName": "en",
  "faqCode": "1116",
  "faqTypeCode": "MBB_Device-Battery-Charging",
  "isTop": "0",
  "moduleCode": "faq",
  "productId": null,
  "productCode": null,
  "postDate": 1397555098000,
  "seriesProductName": "E5336Bs-2,E5336Bs-6",
  "visitedTimes": 221,
  "isUsefulFlag": null,
  "score": 0,
  "times": 0,
  "imageList": null,
  "displayType": "text",
  "justView": "0",
  "fileName": null,
  "filePath": null,
  "imagePath": null,
  "imageName": null,
  "productIdList": null,
  "curPage": null,
  "pageSize": null,
  "siteCode": null,
  "statusFlag": "Publish",
  "returnCode": 0,
  "totalRows": null,
  "keywords": "E5336Bs-2&Bs-6  charge",
  "avgScore": 0.0,
  "createDate": null,
  "totalPages": null
}