{
  "type": null,
  "faqId": 10430,
  "title": "I forget my Wi-Fi key and Web login password I can’t login my E5336Bs-2&Bs-6",
  "answer": " If you forget your Web login password, you needn’t to worry. Try to restore your E5336Bs-2&Bs-6 as following step \r\n\r\n1.  Open the back cover of E5336Bs-2&Bs-6\n  \r\n2.  Press and hold the RESET button until the indicators are off. The Mobile WiFi is then restored to its factory settings.\n  \n\r\n\r\n Notice:After you carry out this operation, the Mobile Wi-Fi’s personal configuration parameters \r\n\r\n will all be deleted. All configurations on the web management page will be restored to the factory settings. \r\n\r\n ![](http://consumer.huawei.com/support/servlet/imageServlet?dlType=HtmlAreaImage&imageId=31546) \r\n\r\n If you only forget your WiFi Key, try to set the new WiFi key in the “WLAN Basic Setting” page, input new WIFI key directly in WPA Pre Shared Key bar or select show password option the view the password \r\n\r\n ![](http://consumer.huawei.com/support/servlet/imageServlet?dlType=HtmlAreaImage&imageId=31547)",
  "faqTypeId": 317,
  "faqType": "Restoration and Update",
  "useful": 3,
  "unUseful": 6,
  "languageId": 1,
  "languageName": "en",
  "faqCode": "1163",
  "faqTypeCode": "MBB_Device-Restore-Update",
  "isTop": "0",
  "moduleCode": "faq",
  "productId": null,
  "productCode": null,
  "postDate": 1397554859000,
  "seriesProductName": "E5336Bs-2,E5336Bs-6",
  "visitedTimes": 700,
  "isUsefulFlag": null,
  "score": 0,
  "times": 0,
  "imageList": null,
  "displayType": "text",
  "justView": "0",
  "fileName": null,
  "filePath": null,
  "imagePath": null,
  "imageName": null,
  "productIdList": null,
  "curPage": null,
  "pageSize": null,
  "siteCode": null,
  "statusFlag": "Publish",
  "returnCode": 0,
  "totalRows": null,
  "keywords": "E5336Bs-2&Bs-6 key password",
  "avgScore": 0.0,
  "createDate": null,
  "totalPages": null
}