{
  "type": null,
  "faqId": 10443,
  "title": "Clients connected to the Mobile WiFi cannot communicate with each other",
  "answer": " If access point (AP) isolation is enabled, clients connected to the Mobile WiFi cannot communicate with each other. If AP isolation is disabled, clients connected to the Mobile WiFi can communicate with each other. \r\n\n![](http://consumer.huawei.com/support/servlet/imageServlet?dlType=HtmlAreaImage&imageId=31553)",
  "faqTypeId": 309,
  "faqType": "Connection and Data",
  "useful": 1,
  "unUseful": 1,
  "languageId": 1,
  "languageName": "en",
  "faqCode": "1120",
  "faqTypeCode": "MBB_Device-Connection-Data",
  "isTop": "0",
  "moduleCode": "faq",
  "productId": null,
  "productCode": null,
  "postDate": 1397556429000,
  "seriesProductName": "E5336Bs-2,E5336Bs-6",
  "visitedTimes": 151,
  "isUsefulFlag": null,
  "score": 0,
  "times": 0,
  "imageList": null,
  "displayType": "text",
  "justView": "0",
  "fileName": null,
  "filePath": null,
  "imagePath": null,
  "imageName": null,
  "productIdList": null,
  "curPage": null,
  "pageSize": null,
  "siteCode": null,
  "statusFlag": "Publish",
  "returnCode": 0,
  "totalRows": null,
  "keywords": null,
  "avgScore": 0.0,
  "createDate": null,
  "totalPages": null
}