{
  "type": null,
  "faqId": 10442,
  "title": "Will the Mobile WiFi connect to the Internet automatically if I roam to a different network?",
  "answer": " Please check the connection mode of your Mobile WiFi firstl \r\n\r\n ![](http://consumer.huawei.com/support/servlet/imageServlet?dlType=HtmlAreaImage&imageId=31552)",
  "faqTypeId": 309,
  "faqType": "Connection and Data",
  "useful": 15,
  "unUseful": 5,
  "languageId": 1,
  "languageName": "en",
  "faqCode": "1119",
  "faqTypeCode": "MBB_Device-Connection-Data",
  "isTop": "0",
  "moduleCode": "faq",
  "productId": null,
  "productCode": null,
  "postDate": 1397556140000,
  "seriesProductName": "E5336Bs-2,E5336Bs-6",
  "visitedTimes": 387,
  "isUsefulFlag": null,
  "score": 0,
  "times": 0,
  "imageList": null,
  "displayType": "text",
  "justView": "0",
  "fileName": null,
  "filePath": null,
  "imagePath": null,
  "imageName": null,
  "productIdList": null,
  "curPage": null,
  "pageSize": null,
  "siteCode": null,
  "statusFlag": "Publish",
  "returnCode": 0,
  "totalRows": null,
  "keywords": "Mobile WiFi",
  "avgScore": 0.0,
  "createDate": null,
  "totalPages": null
}