{
  "type": null,
  "faqId": 10441,
  "title": "I feel my E5336Bs-2&Bs-6 getting hot after long hours usage. Is there safety concern?",
  "answer": " Like most other electronic devices, E5336Bs-2&Bs-6 get hotter during charge or big data transfer. It is a quite normal phenomenon if working in regular office environment. Even if it worked in hot environment, E5336Bs-2&Bs-6 will automatically power off if its temperature reach 60℃for safety protection. (Please don’t use E5336Bs-2&Bs-6 in close environment; it will cause poor signal and high heat of your E5336Bs-2&Bs-6).",
  "faqTypeId": 318,
  "faqType": "Miscellaneous",
  "useful": 1,
  "unUseful": 1,
  "languageId": 1,
  "languageName": "en",
  "faqCode": "1117",
  "faqTypeCode": "MBB_Device-Others",
  "isTop": "0",
  "moduleCode": "faq",
  "productId": null,
  "productCode": null,
  "postDate": 1397555410000,
  "seriesProductName": "E5336Bs-2,E5336Bs-6",
  "visitedTimes": 129,
  "isUsefulFlag": null,
  "score": 3,
  "times": 1,
  "imageList": null,
  "displayType": "text",
  "justView": "0",
  "fileName": null,
  "filePath": null,
  "imagePath": null,
  "imageName": null,
  "productIdList": null,
  "curPage": null,
  "pageSize": null,
  "siteCode": null,
  "statusFlag": "Publish",
  "returnCode": 0,
  "totalRows": null,
  "keywords": "E5336Bs-2&Bs-6 hot",
  "avgScore": 3.0,
  "createDate": null,
  "totalPages": null
}