{
  "type": null,
  "faqId": 11444,
  "title": "B593s-931:How to do when the SIM card PIN code has been enabled?",
  "answer": " **Note: If the PIN code has been enabled, you can’t connect the internet.** \r\n\r\n First, open the web browser and enter http://192.168.1.1, then input the password after the page jump, click Log In finally.(The default user name is admin, the default password is admin) \r\n\r\n Second, click ![](http://consumer.huawei.com/support/servlet/imageServlet?dlType=HtmlAreaImage&imageId=32666), you will see the information on the PIN Management page. \r\n\n![](http://consumer.huawei.com/support/servlet/imageServlet?dlType=HtmlAreaImage&imageId=32667)\n\r\n\r\n Third, input the correct PIN code, then click Submit button. \r\n\r\n ![](http://consumer.huawei.com/support/servlet/imageServlet?dlType=HtmlAreaImage&imageId=32668) \r\n\r\n Fourth,** If you don’t want to input the PIN code every time, you can remember the PIN code.**) \r\n\n![](http://consumer.huawei.com/support/servlet/imageServlet?dlType=HtmlAreaImage&imageId=32669)",
  "faqTypeId": 353,
  "faqType": "SIM Card and Standard",
  "useful": 7,
  "unUseful": 3,
  "languageId": 1,
  "languageName": "en",
  "faqCode": "2244",
  "faqTypeCode": "CPE-SIM-Standard",
  "isTop": "0",
  "moduleCode": "faq",
  "productId": null,
  "productCode": null,
  "postDate": 1398320507000,
  "seriesProductName": "B593s-931",
  "visitedTimes": 1049,
  "isUsefulFlag": null,
  "score": 0,
  "times": 0,
  "imageList": null,
  "displayType": "text",
  "justView": "0",
  "fileName": null,
  "filePath": null,
  "imagePath": null,
  "imageName": null,
  "productIdList": null,
  "curPage": null,
  "pageSize": null,
  "siteCode": null,
  "statusFlag": "Publish",
  "returnCode": 0,
  "totalRows": null,
  "keywords": "B593s-931 SIM PIN",
  "avgScore": 0.0,
  "createDate": null,
  "totalPages": null
}