{
  "type": null,
  "faqId": 11441,
  "title": "Main Features of B593s-931",
  "answer": " The B593s-931 mainly supports the following features: \r\n\r\n l Access to LTE/DC-HSPA+/HSPA+/HSPA/UMTS/EDGE/GPRS/GSM wireless networks \r\n\r\n l Access to wired Ethernet networks \r\n\r\n l On the Ethernet, LTE FDD downlink packet data service at a maximum transmission rate of 100 Mbit/s (theoretical value) \r\n\r\n l On a Wi-Fi network, LTE FDD downlink packet data service at a maximum transmission rate of 150 Mbit/s (theoretical value) \r\n\r\n l LTE FDD uplink packet data service at a maximum transmission rate of 50 Mbit/s (theoretical value) \r\n\r\n l On the Ethernet, LTE TDD downlink packet data service at a maximum transmission rate of 100 Mbit/s (theoretical value) \r\n\r\n l On a Wi-Fi network, LTE TDD downlink packet data service at a maximum transmission rate of 110 Mbit/s (theoretical value) \r\n\r\n l LTE TDD uplink packet data service at a maximum transmission rate of 10 Mbit/s (theoretical value) \r\n\r\n l DC-HSPA+ downlink packet data service at a maximum transmission rate of 43.2 Mbit/s (theoretical value) \r\n\r\n l HSPA+ downlink packet data service at a maximum transmission rate of 21.6 Mbit/s (theoretical value) \r\n\r\n l HSPA downlink packet data service at a maximum transmission rate of 14.4 Mbit/s (theoretical value) \r\n\r\n l HSPA uplink packet data service at a maximum transmission rate of 5.76 Mbit/s (theoretical value) \r\n\r\n l UMTS packet data service at a maximum transmission rate of 384 kbit/s (theoretical value) \r\n\r\n l UMTS circuit-switched data service at a maximum transmission rate of 64 kbit/s (theoretical value) \r\n\r\n l EDGE packet data service at a maximum transmission rate of 236.8 kbit/s (theoretical value) \r\n\r\n l GPRS packet data service at a maximum transmission rate of 85.6 kbit/s (theoretical value) \r\n\r\n l IEEE802.11b/g/n \r\n\r\n l Functioning as a Dynamic Host Configuration Protocol (DHCP) server and supporting Network Address Translation (NAT) \r\n\r\n l Security functions \r\n\r\n l Internet Protocol version 6 (IPv6)/Internet Protocol version 4 (IPv4) dual stack \r\n\r\n l Wi-Fi and Wi-Fi protected setup (WPS) \r\n\r\n l Remote management capability with TR069 (available in later versions) \r\n\r\n l Windows XP SP3, Windows Vista SP1/SP2, Windows 7, Windows 8, Mac OS X 10.6, 10.7, and 10.8 with latest upgrades \r\n\r\n l LTE external antenna port \r\n\r\n l USB 2.0 host port \r\n\r\n l Personalized light emitting diode (LED) indicators  \r\n\r\n **Hardware specifications of B593s-931:** \r\n\r\n  ![](http://consumer.huawei.com/support/servlet/imageServlet?dlType=HtmlAreaImage&imageId=32670)            \r\n\r\n  ![](http://consumer.huawei.com/support/servlet/imageServlet?dlType=HtmlAreaImage&imageId=32674)  \r\n\r\n  ![](http://consumer.huawei.com/support/servlet/imageServlet?dlType=HtmlAreaImage&imageId=32676)",
  "faqTypeId": 359,
  "faqType": "Miscellaneous",
  "useful": 0,
  "unUseful": 0,
  "languageId": 1,
  "languageName": "en",
  "faqCode": "2203",
  "faqTypeCode": "CPE-Others",
  "isTop": "0",
  "moduleCode": "faq",
  "productId": null,
  "productCode": null,
  "postDate": 1398310316000,
  "seriesProductName": "B593s-931",
  "visitedTimes": 1138,
  "isUsefulFlag": null,
  "score": 0,
  "times": 0,
  "imageList": null,
  "displayType": "text",
  "justView": "0",
  "fileName": null,
  "filePath": null,
  "imagePath": null,
  "imageName": null,
  "productIdList": null,
  "curPage": null,
  "pageSize": null,
  "siteCode": null,
  "statusFlag": "Publish",
  "returnCode": 0,
  "totalRows": null,
  "keywords": "B593s-931 Features",
  "avgScore": 0.0,
  "createDate": null,
  "totalPages": null
}