{
  "type": null,
  "faqId": 11442,
  "title": "The device or the power adapter heats up of B593s-931, what should I do?",
  "answer": " 1. The CPE may heat up after using for a long time, therefore power off the device when you do not use the device. \r\n\r\n 2. Place the CPE in a well-ventilated place and avoid direct sunshine. \r\n\r\n 3.The working temperature is 0℃to+40℃, the storage temperature is -20℃to +70℃..",
  "faqTypeId": 359,
  "faqType": "Miscellaneous",
  "useful": 1,
  "unUseful": 0,
  "languageId": 1,
  "languageName": "en",
  "faqCode": "2228",
  "faqTypeCode": "CPE-Others",
  "isTop": "0",
  "moduleCode": "faq",
  "productId": null,
  "productCode": null,
  "postDate": 1398319693000,
  "seriesProductName": "B593s-931",
  "visitedTimes": 90,
  "isUsefulFlag": null,
  "score": 0,
  "times": 0,
  "imageList": null,
  "displayType": "text",
  "justView": "0",
  "fileName": null,
  "filePath": null,
  "imagePath": null,
  "imageName": null,
  "productIdList": null,
  "curPage": null,
  "pageSize": null,
  "siteCode": null,
  "statusFlag": "Publish",
  "returnCode": 0,
  "totalRows": null,
  "keywords": "B593s-931 power adapter",
  "avgScore": 0.0,
  "createDate": null,
  "totalPages": null
}