{
  "type": null,
  "faqId": 11443,
  "title": "How can I get version information of my B593s-931？",
  "answer": "  Click home è Product Information, then you can see firmware & hardware version of your B593s-931. \r\n\n![](http://consumer.huawei.com/support/servlet/imageServlet?dlType=HtmlAreaImage&imageId=32663)",
  "faqTypeId": 359,
  "faqType": "Miscellaneous",
  "useful": 1,
  "unUseful": 0,
  "languageId": 1,
  "languageName": "en",
  "faqCode": "2241",
  "faqTypeCode": "CPE-Others",
  "isTop": "0",
  "moduleCode": "faq",
  "productId": null,
  "productCode": null,
  "postDate": 1398319975000,
  "seriesProductName": "B593s-931",
  "visitedTimes": 434,
  "isUsefulFlag": null,
  "score": 11,
  "times": 3,
  "imageList": null,
  "displayType": "text",
  "justView": "0",
  "fileName": null,
  "filePath": null,
  "imagePath": null,
  "imageName": null,
  "productIdList": null,
  "curPage": null,
  "pageSize": null,
  "siteCode": null,
  "statusFlag": "Publish",
  "returnCode": 0,
  "totalRows": null,
  "keywords": "B593s-931 version",
  "avgScore": 3.7,
  "createDate": null,
  "totalPages": null
}