{
  "type": null,
  "faqId": 11467,
  "title": "I forget my Wi-Fi key and Web login password I can’t login my B593s-931",
  "answer": " If you forget your Web login password, you needn’t to worry. Try to restore your B593s-931 as following step \r\n\r\n Press and hold for more than 2 seconds to restore the device to its factory settings. \r\n\r\n **NOTE:** \r\n\r\n ** Restoring the default settings of the CPE will override all the previous settings ** \r\n\r\n If you only forget your WiFi Key, you can see the WiFi key in the “Wi-Fi Settings” page. \r\n\r\n ![](http://consumer.huawei.com/support/servlet/imageServlet?dlType=HtmlAreaImage&imageId=32661)",
  "faqTypeId": 358,
  "faqType": "Restoration and Update",
  "useful": 7,
  "unUseful": 11,
  "languageId": 1,
  "languageName": "en",
  "faqCode": "2227",
  "faqTypeCode": "CPE-Restore-Update",
  "isTop": "0",
  "moduleCode": "faq",
  "productId": null,
  "productCode": null,
  "postDate": 1398313697000,
  "seriesProductName": "B593s-931",
  "visitedTimes": 543,
  "isUsefulFlag": null,
  "score": 0,
  "times": 0,
  "imageList": null,
  "displayType": "text",
  "justView": "0",
  "fileName": null,
  "filePath": null,
  "imagePath": null,
  "imageName": null,
  "productIdList": null,
  "curPage": null,
  "pageSize": null,
  "siteCode": null,
  "statusFlag": "Publish",
  "returnCode": 0,
  "totalRows": null,
  "keywords": "B593s-931 key password",
  "avgScore": 0.0,
  "createDate": null,
  "totalPages": null
}