{
  "type": null,
  "faqId": 11463,
  "title": "How to log in to the Web Management Page of B593s-931",
  "answer": " Follow these steps to log in to the web management page: \r\n\r\n 1. Connect CPE cables. \r\n\r\n 2. Configure the computer's IP address so that the IP addresses of the computer and the device are in the same network segment. \r\n\r\n 3. Open the browser, and enter [http://192.168.1.1](http://192.168.1.1/) in the address box. \r\n\r\n 4. Enter the user name and password to log in to the web management page. \r\n\r\n **Note:** \r\n\r\n The default user name is **admin**, and the default password is **admin**.",
  "faqTypeId": 351,
  "faqType": "Installation and Settings",
  "useful": 7,
  "unUseful": 12,
  "languageId": 1,
  "languageName": "en",
  "faqCode": "2223",
  "faqTypeCode": "CPE-Installing-Settings",
  "isTop": "0",
  "moduleCode": "faq",
  "productId": null,
  "productCode": null,
  "postDate": 1398311818000,
  "seriesProductName": "B593s-931",
  "visitedTimes": 1041,
  "isUsefulFlag": null,
  "score": 5,
  "times": 1,
  "imageList": null,
  "displayType": "text",
  "justView": "0",
  "fileName": null,
  "filePath": null,
  "imagePath": null,
  "imageName": null,
  "productIdList": null,
  "curPage": null,
  "pageSize": null,
  "siteCode": null,
  "statusFlag": "Publish",
  "returnCode": 0,
  "totalRows": null,
  "keywords": "B593s-931 log in",
  "avgScore": 5.0,
  "createDate": null,
  "totalPages": null
}