{
  "type": null,
  "faqId": 11464,
  "title": "Establish WiFi connection between PC and B593s-931",
  "answer": " A: Please follow these steps to set up your WLAN \r\n\r\n 1. Enable your wireless network card and double click![](http://consumer.huawei.com/support/servlet/imageServlet?dlType=HtmlAreaImage&imageId=32646) icon displayed on windows start bar to open “Choose a wireless network” dialog \r\n\r\n 2. Select SSID of B593s-931 in the local wireless device list (You can see the WiFi SSID and WiFi key on the nameplate.), click ![](http://consumer.huawei.com/support/servlet/imageServlet?dlType=HtmlAreaImage&imageId=32647)to connect. \r\n\n                                     ![](http://consumer.huawei.com/support/servlet/imageServlet?dlType=HtmlAreaImage&imageId=32648)\n\r\n\r\n                                     ![](http://consumer.huawei.com/support/servlet/imageServlet?dlType=HtmlAreaImage&imageId=32649) \r\n\r\n 3.Input WiFi Key in the dialog of password input then click![](http://consumer.huawei.com/support/servlet/imageServlet?dlType=HtmlAreaImage&imageId=32650) to establish connection(The WiFi Key and the SSID can be found on a label stick inside the back cover) \r\n\r\n                           ![](http://consumer.huawei.com/support/servlet/imageServlet?dlType=HtmlAreaImage&imageId=32654) \r\n\r\n 4.After the icon of wireless network card turned from![](http://consumer.huawei.com/support/servlet/imageServlet?dlType=HtmlAreaImage&imageId=32652)(status of acquiring IP address ) into![](http://consumer.huawei.com/support/servlet/imageServlet?dlType=HtmlAreaImage&imageId=32653) ,your PC has established WiFi connection with B593s-931 successfully, enter http://192.168.1.1 in web browser (ex. IE) to visit Web UI",
  "faqTypeId": 351,
  "faqType": "Installation and Settings",
  "useful": 0,
  "unUseful": 0,
  "languageId": 1,
  "languageName": "en",
  "faqCode": "2224",
  "faqTypeCode": "CPE-Installing-Settings",
  "isTop": "0",
  "moduleCode": "faq",
  "productId": null,
  "productCode": null,
  "postDate": 1398312478000,
  "seriesProductName": "B593s-931",
  "visitedTimes": 263,
  "isUsefulFlag": null,
  "score": 0,
  "times": 0,
  "imageList": null,
  "displayType": "text",
  "justView": "0",
  "fileName": null,
  "filePath": null,
  "imagePath": null,
  "imageName": null,
  "productIdList": null,
  "curPage": null,
  "pageSize": null,
  "siteCode": null,
  "statusFlag": "Publish",
  "returnCode": 0,
  "totalRows": null,
  "keywords": "B593s-931 PC",
  "avgScore": 0.0,
  "createDate": null,
  "totalPages": null
}