{
  "type": null,
  "faqId": 11469,
  "title": "Will the Mobile WiFi connect to the Internet automatically if I roam to a different network of B593s-931?",
  "answer": "  Please check the connection mode of your Mobile WiFi firstly. \r\n\n![](http://consumer.huawei.com/support/servlet/imageServlet?dlType=HtmlAreaImage&imageId=32664)",
  "faqTypeId": 349,
  "faqType": "Connection and Data",
  "useful": 2,
  "unUseful": 1,
  "languageId": 1,
  "languageName": "en",
  "faqCode": "2242",
  "faqTypeCode": "CPE-Connection-Data",
  "isTop": "0",
  "moduleCode": "faq",
  "productId": null,
  "productCode": null,
  "postDate": 1398320130000,
  "seriesProductName": "B593s-931",
  "visitedTimes": 197,
  "isUsefulFlag": null,
  "score": 0,
  "times": 0,
  "imageList": null,
  "displayType": "text",
  "justView": "0",
  "fileName": null,
  "filePath": null,
  "imagePath": null,
  "imageName": null,
  "productIdList": null,
  "curPage": null,
  "pageSize": null,
  "siteCode": null,
  "statusFlag": "Publish",
  "returnCode": 0,
  "totalRows": null,
  "keywords": "B593s-931 connect automatically",
  "avgScore": 0.0,
  "createDate": null,
  "totalPages": null
}