{
  "type": null,
  "faqId": 11466,
  "title": "Default encryption method of B593s-931",
  "answer": " B593s-931 support following encryption method \r\n\r\n 1.        SHARE authentication mode: WEP /NONE \r\n\r\n 2.        WPA-PSK authentication mode: AES/TKIP/TKIP+AES \r\n\r\n 3.        WPA2-PSK authentication mode: AES/TKIP/TKIP+AES \r\n\r\n 4.        WPA-PSK/WPA2-PSK authentication mode: AES/TKIP/TKIP+AES \r\n\r\n The default encryption method of B593s-931 is WPA-PSK/WPA2-PSK authentication mode: TKIP+AES \r\n\r\n If you changed encryption method of B593s-931 the Wi-Fi connection between PC and B593s-931 will be disconnected, please enter the new Wi-Fi key (Wi-Fi key of the encryption you selected) when you want to establish Wi-Fi connection.",
  "faqTypeId": 351,
  "faqType": "Installation and Settings",
  "useful": 3,
  "unUseful": 5,
  "languageId": 1,
  "languageName": "en",
  "faqCode": "2226",
  "faqTypeCode": "CPE-Installing-Settings",
  "isTop": "0",
  "moduleCode": "faq",
  "productId": null,
  "productCode": null,
  "postDate": 1398313407000,
  "seriesProductName": "B593s-931",
  "visitedTimes": 478,
  "isUsefulFlag": null,
  "score": 0,
  "times": 0,
  "imageList": null,
  "displayType": "text",
  "justView": "0",
  "fileName": null,
  "filePath": null,
  "imagePath": null,
  "imageName": null,
  "productIdList": null,
  "curPage": null,
  "pageSize": null,
  "siteCode": null,
  "statusFlag": "Publish",
  "returnCode": 0,
  "totalRows": null,
  "keywords": "B593s-931 encryption",
  "avgScore": 0.0,
  "createDate": null,
  "totalPages": null
}