{
  "type": null,
  "faqId": 11461,
  "title": "Keys, Interface of B593s-931",
  "answer": "![](http://consumer.huawei.com/support/servlet/imageServlet?dlType=HtmlAreaImage&imageId=32644)",
  "faqTypeId": 355,
  "faqType": "Indicators and Ports",
  "useful": 1,
  "unUseful": 0,
  "languageId": 1,
  "languageName": "en",
  "faqCode": "2221",
  "faqTypeCode": "CPE-Appearance-Indication-Interface",
  "isTop": "0",
  "moduleCode": "faq",
  "productId": null,
  "productCode": null,
  "postDate": 1398311608000,
  "seriesProductName": "B593s-931",
  "visitedTimes": 356,
  "isUsefulFlag": null,
  "score": 0,
  "times": 0,
  "imageList": null,
  "displayType": "text",
  "justView": "0",
  "fileName": null,
  "filePath": null,
  "imagePath": null,
  "imageName": null,
  "productIdList": null,
  "curPage": null,
  "pageSize": null,
  "siteCode": null,
  "statusFlag": "Publish",
  "returnCode": 0,
  "totalRows": null,
  "keywords": "B593s-931 Keys  Interface",
  "avgScore": 0.0,
  "createDate": null,
  "totalPages": null
}