{
  "type": null,
  "faqId": 11468,
  "title": "The Wi-Fi signal cannot be detected of B593s-931",
  "answer": " 1. Check whether the power adapter is correctly connected. \r\n\r\n 2. Ensure that the device is placed in an open environment so that the device can get better signal. \r\n\r\n 3. Keep the device away from household electrical appliances which produce strong electric or magnetic fields, such as micro-wave ovens, refrigerators, or disc satellite antennas. \r\n\r\n 4. Make sure your you didn’t enable Hide SSID broadcast option in Wi-Fi Settings \r\n\r\n                 ![](http://consumer.huawei.com/support/servlet/imageServlet?dlType=HtmlAreaImage&imageId=32662) \r\n\r\n 5. Take your device a little close to the CPE and then try again to detect the Wi-Fi signal. \r\n\r\n 6. If still can’t detect the the Wi-Fi signal, you can restart your CPE and try again.",
  "faqTypeId": 354,
  "faqType": "Signal",
  "useful": 1,
  "unUseful": 1,
  "languageId": 1,
  "languageName": "en",
  "faqCode": "2205",
  "faqTypeCode": "CPE-Signal",
  "isTop": "0",
  "moduleCode": "faq",
  "productId": null,
  "productCode": null,
  "postDate": 1398313791000,
  "seriesProductName": "B593s-931",
  "visitedTimes": 177,
  "isUsefulFlag": null,
  "score": 0,
  "times": 0,
  "imageList": null,
  "displayType": "text",
  "justView": "0",
  "fileName": null,
  "filePath": null,
  "imagePath": null,
  "imageName": null,
  "productIdList": null,
  "curPage": null,
  "pageSize": null,
  "siteCode": null,
  "statusFlag": "Publish",
  "returnCode": 0,
  "totalRows": null,
  "keywords": "B593s-931 signal",
  "avgScore": 0.0,
  "createDate": null,
  "totalPages": null
}