{
  "type": null,
  "faqId": 11465,
  "title": "My device connected to B593s-931’s wireless network, but cannot open Web UI",
  "answer": " 1. Double![](http://consumer.huawei.com/support/servlet/imageServlet?dlType=HtmlAreaImage&imageId=32655) to check your wireless network connection on windows start bar. Make sure your device is connected with your B593s-931 not other Wi-Fi device. \r\n\r\n 2.Open Web Browser from your device (ex. Microsoft Internet Explorer). Go *<u>http://192.168.1.1</u>* to open B593s-931’s Web UI. \r\n\r\n ![](http://consumer.huawei.com/support/servlet/imageServlet?dlType=HtmlAreaImage&imageId=32658) \r\n\r\n 3.If Web Browser failed to bring you to Web UI, click “Tool” from Browser then select “Internet Options”. \r\n\r\n ![](http://consumer.huawei.com/support/servlet/imageServlet?dlType=HtmlAreaImage&imageId=32656) \r\n\r\n Select “Connections” tab, then click “LAN settings”. \r\n\r\n ![](http://consumer.huawei.com/support/servlet/imageServlet?dlType=HtmlAreaImage&imageId=32659) \r\n\r\n For the “Local Area Network (LAN) Settings” pop-up, uncheck the top three check-boxes. Then click “OK” to apply changes. \r\n\r\n ![](http://consumer.huawei.com/support/servlet/imageServlet?dlType=HtmlAreaImage&imageId=32660)  \r\n\r\n Refresh the Web Browser to show B593s-931 management console page.",
  "faqTypeId": 354,
  "faqType": "Signal",
  "useful": 5,
  "unUseful": 3,
  "languageId": 1,
  "languageName": "en",
  "faqCode": "2225",
  "faqTypeCode": "CPE-Signal",
  "isTop": "0",
  "moduleCode": "faq",
  "productId": null,
  "productCode": null,
  "postDate": 1398313274000,
  "seriesProductName": "B593s-931",
  "visitedTimes": 590,
  "isUsefulFlag": null,
  "score": 0,
  "times": 0,
  "imageList": null,
  "displayType": "text",
  "justView": "0",
  "fileName": null,
  "filePath": null,
  "imagePath": null,
  "imageName": null,
  "productIdList": null,
  "curPage": null,
  "pageSize": null,
  "siteCode": null,
  "statusFlag": "Publish",
  "returnCode": 0,
  "totalRows": null,
  "keywords": "B593s-931 Web UI",
  "avgScore": 0.0,
  "createDate": null,
  "totalPages": null
}