{
  "type": null,
  "faqId": 12948,
  "title": "P7 How do I uninstall pre-installed applications",
  "answer": " On the home screen, touch and hold the application you want to uninstall, drag it to the trash can icon, and follow the onscreen instructions to uninstall it.",
  "faqTypeId": 265,
  "faqType": "System Features and Settings",
  "useful": 35,
  "unUseful": 35,
  "languageId": 1,
  "languageName": "en",
  "faqCode": "3849",
  "faqTypeCode": "Handsets-System-Settings",
  "isTop": "0",
  "moduleCode": "faq",
  "productId": null,
  "productCode": null,
  "postDate": 1400573061000,
  "seriesProductName": "Sophia-L10",
  "visitedTimes": 2332,
  "isUsefulFlag": null,
  "score": 0,
  "times": 0,
  "imageList": null,
  "displayType": "text",
  "justView": "0",
  "fileName": null,
  "filePath": null,
  "imagePath": null,
  "imageName": null,
  "productIdList": null,
  "curPage": null,
  "pageSize": null,
  "siteCode": null,
  "statusFlag": "Publish",
  "returnCode": 0,
  "totalRows": null,
  "keywords": "P7 uninstall pre-installed applications",
  "avgScore": 0.0,
  "createDate": null,
  "totalPages": null
}