{
  "type": null,
  "faqId": 12942,
  "title": "P7 What can I do if my phone runs out of power quickly?",
  "answer": " lTurn on power saving mode. Go to **Settings**, touch **Power saving**, and select a power saving mode or close power-intensive applications. \r\n\n![](http://consumer.huawei.com/support/servlet/imageServlet?dlType=HtmlAreaImage&imageId=35537)\n\r\n\r\n lTurn off the screen when you aren't using your phone. \r\n\r\n lReduce the screen timeout period. \r\n\r\n lReduce the screen brightness. \r\n\r\n lReduce the volume. \r\n\r\n lTurn off your mobile network, Bluetooth, Wi-Fi, or GPS from the notification panel when you aren't using them. \r\n\r\n Huawei releases updates on its official website from time to time. To optimize your user experience, go to [http://consumer.huawei.com/en/](http://consumer.huawei.com/cn/) to download and install updates for your phone model or use the online update feature to update your phone. \r\n\r\n If the problem persists, contact Huawei technical support or take your phone to an authorized Huawei service center. \r\n\r\n  ![](http://consumer.huawei.com/support/servlet/imageServlet?dlType=HtmlAreaImage&imageId=35538) \r\n\r\n      For details about authorized Huawei service centers, go to [http://consumer.huawei.com/en/support/service-center/index.htm](http://consumer.huawei.com/cn/support/service-center/index.htm). \r\n\r\n Note: The figures are for your reference only. The actual screens may vary.",
  "faqTypeId": 261,
  "faqType": "Battery and Charging",
  "useful": 5,
  "unUseful": 1,
  "languageId": 1,
  "languageName": "en",
  "faqCode": "3843",
  "faqTypeCode": "Handsets-Battery-Charging",
  "isTop": "0",
  "moduleCode": "faq",
  "productId": null,
  "productCode": null,
  "postDate": 1400571973000,
  "seriesProductName": "Sophia-L10",
  "visitedTimes": 1429,
  "isUsefulFlag": null,
  "score": 0,
  "times": 0,
  "imageList": null,
  "displayType": "text",
  "justView": "0",
  "fileName": null,
  "filePath": null,
  "imagePath": null,
  "imageName": null,
  "productIdList": null,
  "curPage": null,
  "pageSize": null,
  "siteCode": null,
  "statusFlag": "Publish",
  "returnCode": 0,
  "totalRows": null,
  "keywords": "P7 out of power",
  "avgScore": 0.0,
  "createDate": null,
  "totalPages": null
}