{
  "type": null,
  "faqId": 12947,
  "title": "P7 How do I disable power-intensive notification?",
  "answer": " Go to **Settings**, and touch **Power saving**. Touch![](http://consumer.huawei.com/support/servlet/imageServlet?dlType=HtmlAreaImage&imageId=35549)> **Settings**, and disable **Power-intensive prompt**. \r\n\n![](http://consumer.huawei.com/support/servlet/imageServlet?dlType=HtmlAreaImage&imageId=35550)\n\r\n\r\n Note: The figures are for your reference only. The actual screens may vary.",
  "faqTypeId": 265,
  "faqType": "System Features and Settings",
  "useful": 10,
  "unUseful": 1,
  "languageId": 1,
  "languageName": "en",
  "faqCode": "3848",
  "faqTypeCode": "Handsets-System-Settings",
  "isTop": "0",
  "moduleCode": "faq",
  "productId": null,
  "productCode": null,
  "postDate": 1400572987000,
  "seriesProductName": "Sophia-L10",
  "visitedTimes": 1366,
  "isUsefulFlag": null,
  "score": 0,
  "times": 0,
  "imageList": null,
  "displayType": "text",
  "justView": "0",
  "fileName": null,
  "filePath": null,
  "imagePath": null,
  "imageName": null,
  "productIdList": null,
  "curPage": null,
  "pageSize": null,
  "siteCode": null,
  "statusFlag": "Publish",
  "returnCode": 0,
  "totalRows": null,
  "keywords": "P7 disable power-intensive",
  "avgScore": 0.0,
  "createDate": null,
  "totalPages": null
}