{
  "type": null,
  "faqId": 12944,
  "title": "P7 What can I do if the call volume is small or the call sound is unclear?",
  "answer": " lDuring the call, press the volume up button to increase the call volume. \r\n\r\n lMake calls in quiet places with good reception. \r\n\r\n lWhen you are holding the phone, make sure the earpiece is aligned with your ear. \r\n\r\n lDo not block the microphone with your finger or other objects. Speak close to the microphone. \r\n\r\n lUse the Huawei original headset for calls. Other headsets may not be compatible with your phone. \r\n\r\n lRestart your phone or back up important data and restore your phone to its factory settings. \r\n\r\n If the problem persists, contact Huawei technical support or take your phone to an authorized Huawei service center. \r\n\r\n ![](http://consumer.huawei.com/support/servlet/imageServlet?dlType=HtmlAreaImage&imageId=35543) \r\n\r\n     For details about authorized Huawei service centers, go to \r\n\r\n      [http://consumer.huawei.com/en/support/service-center/index.htm](http://consumer.huawei.com/cn/support/service-center/index.htm). \r\n\r\n Huawei releases updates on its official website from time to time. To optimize your user experience, go to [http://consumer.huawei.com/en/](http://consumer.huawei.com/cn/) to download and install updates for your phone model or use the online update feature to update your phone.",
  "faqTypeId": 268,
  "faqType": "Calls and Contacts",
  "useful": 6,
  "unUseful": 5,
  "languageId": 1,
  "languageName": "en",
  "faqCode": "3845",
  "faqTypeCode": "Handsets-Calls-contacts",
  "isTop": "0",
  "moduleCode": "faq",
  "productId": null,
  "productCode": null,
  "postDate": 1400572261000,
  "seriesProductName": "Sophia-L10",
  "visitedTimes": 770,
  "isUsefulFlag": null,
  "score": 0,
  "times": 0,
  "imageList": null,
  "displayType": "text",
  "justView": "0",
  "fileName": null,
  "filePath": null,
  "imagePath": null,
  "imageName": null,
  "productIdList": null,
  "curPage": null,
  "pageSize": null,
  "siteCode": null,
  "statusFlag": "Publish",
  "returnCode": 0,
  "totalRows": null,
  "keywords": "P7 call volume sound",
  "avgScore": 0.0,
  "createDate": null,
  "totalPages": null
}