{
  "type": null,
  "faqId": 12943,
  "title": "P7 What can I do if my phone generates excessive heat?",
  "answer": " It is normal for smartphones to generate heat while you are charging, playing games, surfing the Internet, making calls, or using other power-intensive functions. \r\n\r\n lDo not surf the Internet, play games, watch videos, or use other power-intensive applications while your phone is charging. Charge your phone in a cool and dry place. \r\n\r\n lWhile you are playing games, close applications you do not need to use. Playing games increases the workload on the CPU, which leads to excessive heat. \r\n\r\n lUse the mobile network and make calls in places with good reception. \r\n\r\n lDo not run too many applications simultaneously to avoid abrupt increases in heat generated by your phone. \r\n\r\n Huawei releases updates on its official website from time to time. To optimize your user experience, go to [http://consumer.huawei.com/en/](http://consumer.huawei.com/cn/) to download and install updates for your phone model or use the online update feature to update your phone.",
  "faqTypeId": 274,
  "faqType": "Miscellaneous",
  "useful": 18,
  "unUseful": 4,
  "languageId": 1,
  "languageName": "en",
  "faqCode": "3844",
  "faqTypeCode": "Handsets-Others",
  "isTop": "0",
  "moduleCode": "faq",
  "productId": null,
  "productCode": null,
  "postDate": 1400572100000,
  "seriesProductName": "Sophia-L10",
  "visitedTimes": 1357,
  "isUsefulFlag": null,
  "score": 0,
  "times": 0,
  "imageList": null,
  "displayType": "text",
  "justView": "0",
  "fileName": null,
  "filePath": null,
  "imagePath": null,
  "imageName": null,
  "productIdList": null,
  "curPage": null,
  "pageSize": null,
  "siteCode": null,
  "statusFlag": "Publish",
  "returnCode": 0,
  "totalRows": null,
  "keywords": "P7  generate heat",
  "avgScore": 0.0,
  "createDate": null,
  "totalPages": null
}