{
  "type": null,
  "faqId": 12946,
  "title": "P7 What can I do if I can't connect to a Wi-Fi hotspot?",
  "answer": " lIf the Wi-Fi hotspot is encrypted, check that the password you entered is correct. Note that the password is case-sensitive. \r\n\r\n lCheck whether the Wi-Fi hotspot name or password has changed. If so, obtain the new information and try again. \r\n\r\n lMake sure you are within the working range of the Wi-Fi hotspot; otherwise the Wi-Fi connection will automatically disconnect. \r\n\r\n lThe number of connected devices may have reached the Wi-Fi hotspot's limit. Try connecting to another available network. \r\n\r\n lIf your phone can't connect to the Wi-Fi hotspot and keeps obtaining an IP address, set a static IP address for it as follows: \r\n\r\n For an encrypted Wi-Fi hotspot, on the Wi-Fi settings screen, touch the hotspot. \r\n\r\n In the displayed dialog box, select the **Show advanced options** check box. Under **IP settings**, touch the drop-down list box, and choose **Static**. Then enter the IP address and domain name. \r\n\r\n Enter the password, and touch **Connect**. \r\n\r\n ![](http://consumer.huawei.com/support/servlet/imageServlet?dlType=HtmlAreaImage&imageId=35547) \r\n\r\n For an open Wi-Fi hotspot, on the Wi-Fi settings screen, touch and hold the hotspot. \r\n\r\n From the displayed option menu, choose **Modify network**. In the displayed dialog box, select the **Show advanced options** check box. Under **IP settings**, touch the drop-down list box, and choose **Static**. Then enter the IP address and domain name. \r\n\r\n After your phone connects to the Wi-Fi network, a Wi-Fi icon will be displayed on the status bar. \r\n\r\n ![](http://consumer.huawei.com/support/servlet/imageServlet?dlType=HtmlAreaImage&imageId=35548) \r\n\r\n lTo connect to some public Wi-Fi hotspot, you may need to log in to a web page for registration. For details, contact the Wi-Fi hotspot provider. \r\n\r\n If the problem persists, restart Wi-Fi on your phone or restart the Wi-Fi hotspot device. \r\n\r\n Note: The figures are for your reference only. The actual screens may vary.",
  "faqTypeId": 274,
  "faqType": "Miscellaneous",
  "useful": 9,
  "unUseful": 8,
  "languageId": 1,
  "languageName": "en",
  "faqCode": "3847",
  "faqTypeCode": "Handsets-Others",
  "isTop": "0",
  "moduleCode": "faq",
  "productId": null,
  "productCode": null,
  "postDate": 1400572761000,
  "seriesProductName": "Sophia-L10",
  "visitedTimes": 1254,
  "isUsefulFlag": null,
  "score": 2,
  "times": 1,
  "imageList": null,
  "displayType": "text",
  "justView": "0",
  "fileName": null,
  "filePath": null,
  "imagePath": null,
  "imageName": null,
  "productIdList": null,
  "curPage": null,
  "pageSize": null,
  "siteCode": null,
  "statusFlag": "Publish",
  "returnCode": 0,
  "totalRows": null,
  "keywords": "P7 connect Wi-Fi",
  "avgScore": 2.0,
  "createDate": null,
  "totalPages": null
}