{
  "type": null,
  "faqId": 12945,
  "title": "P7 What can I do if my phone runs sluggishly?",
  "answer": " lGo to **Phone Manager**, touch **Scan**, and follow the onscreen instructions to optimize your phone. \r\n\n![](http://consumer.huawei.com/support/servlet/imageServlet?dlType=HtmlAreaImage&imageId=35544)\n\r\n\r\n lGo to **Phone Manager**, touch **Phone accelerator**, and follow the onscreen instructions to close applications not in use. \r\n\n![](http://consumer.huawei.com/support/servlet/imageServlet?dlType=HtmlAreaImage&imageId=35545)\n\r\n\r\n lGo to **Phone Manager**, touch **Storage cleaner**, and follow the onscreen instructions to perform a smart scan, and clear the application cache, system trash files, applications not in use and their installation packages, and large files, such as videos. \r\n\r\n ![](http://consumer.huawei.com/support/servlet/imageServlet?dlType=HtmlAreaImage&imageId=35546) \r\n\r\n lRestart your phone. \r\n\r\n If the problem persists, back up important data and restore your phone to its factory settings. \r\n\r\n Note: The figures are for your reference only. The actual screens may vary.",
  "faqTypeId": 265,
  "faqType": "System Features and Settings",
  "useful": 4,
  "unUseful": 1,
  "languageId": 1,
  "languageName": "en",
  "faqCode": "3846",
  "faqTypeCode": "Handsets-System-Settings",
  "isTop": "0",
  "moduleCode": "faq",
  "productId": null,
  "productCode": null,
  "postDate": 1400572492000,
  "seriesProductName": "Sophia-L10",
  "visitedTimes": 1139,
  "isUsefulFlag": null,
  "score": 0,
  "times": 0,
  "imageList": null,
  "displayType": "text",
  "justView": "0",
  "fileName": null,
  "filePath": null,
  "imagePath": null,
  "imageName": null,
  "productIdList": null,
  "curPage": null,
  "pageSize": null,
  "siteCode": null,
  "statusFlag": "Publish",
  "returnCode": 0,
  "totalRows": null,
  "keywords": "P7  sluggishly",
  "avgScore": 0.0,
  "createDate": null,
  "totalPages": null
}