{
  "type": null,
  "faqId": 12949,
  "title": "P7 How do I close background applications?",
  "answer": " Go to **Phone Manager**, touch **Phone accelerator**, and follow the onscreen instructions to close applications you do not need to use.",
  "faqTypeId": 265,
  "faqType": "System Features and Settings",
  "useful": 16,
  "unUseful": 11,
  "languageId": 1,
  "languageName": "en",
  "faqCode": "3850",
  "faqTypeCode": "Handsets-System-Settings",
  "isTop": "0",
  "moduleCode": "faq",
  "productId": null,
  "productCode": null,
  "postDate": 1400573132000,
  "seriesProductName": "Sophia-L10",
  "visitedTimes": 2292,
  "isUsefulFlag": null,
  "score": 0,
  "times": 0,
  "imageList": null,
  "displayType": "text",
  "justView": "0",
  "fileName": null,
  "filePath": null,
  "imagePath": null,
  "imageName": null,
  "productIdList": null,
  "curPage": null,
  "pageSize": null,
  "siteCode": null,
  "statusFlag": "Publish",
  "returnCode": 0,
  "totalRows": null,
  "keywords": "P7 close background",
  "avgScore": 0.0,
  "createDate": null,
  "totalPages": null
}