{
  "type": null,
  "faqId": 12950,
  "title": "P7 How do I export contacts to another phone using a SIM card",
  "answer": "Go to the contacts list, touch![](http://consumer.huawei.com/support/servlet/imageServlet?dlType=HtmlAreaImage&imageId=35551)> **Import/Export **> **Export to SIM card**, and follow the onscreen instructions to export contacts from your phone to the SIM card. \n\r\n\r\n Then insert the SIM card into another phone, and import the contacts to that phone.\n",
  "faqTypeId": 271,
  "faqType": "Storage and File management",
  "useful": 7,
  "unUseful": 14,
  "languageId": 1,
  "languageName": "en",
  "faqCode": "3851",
  "faqTypeCode": "Handsets-Storage-File-management",
  "isTop": "0",
  "moduleCode": "faq",
  "productId": null,
  "productCode": null,
  "postDate": 1400573257000,
  "seriesProductName": "Sophia-L10",
  "visitedTimes": 946,
  "isUsefulFlag": null,
  "score": 0,
  "times": 0,
  "imageList": null,
  "displayType": "text",
  "justView": "0",
  "fileName": null,
  "filePath": null,
  "imagePath": null,
  "imageName": null,
  "productIdList": null,
  "curPage": null,
  "pageSize": null,
  "siteCode": null,
  "statusFlag": "Publish",
  "returnCode": 0,
  "totalRows": null,
  "keywords": "P7 export contacts",
  "avgScore": 0.0,
  "createDate": null,
  "totalPages": null
}