{
  "type": null,
  "faqId": 12954,
  "title": "P7  What can I do if my phone does not have sufficient storage",
  "answer": " lIf you have inserted a microSD card into your phone, move your photos, songs, videos, and other files to the microSD card. \r\n\n![](http://consumer.huawei.com/support/servlet/imageServlet?dlType=HtmlAreaImage&imageId=35558)![](http://consumer.huawei.com/support/servlet/imageServlet?dlType=HtmlAreaImage&imageId=35559)\n\r\n\r\n lClean your phone storage. \r\n\r\n Go to **Phone Manager**, touch **Storage cleaner**, and follow the onscreen instructions to perform a smart scan, and clear the application cache, system trash files, applications not in use and their installation packages, and large files, such as videos.",
  "faqTypeId": 274,
  "faqType": "Miscellaneous",
  "useful": 5,
  "unUseful": 6,
  "languageId": 1,
  "languageName": "en",
  "faqCode": "3855",
  "faqTypeCode": "Handsets-Others",
  "isTop": "0",
  "moduleCode": "faq",
  "productId": null,
  "productCode": null,
  "postDate": 1400574099000,
  "seriesProductName": "Sophia-L10",
  "visitedTimes": 1414,
  "isUsefulFlag": null,
  "score": 3,
  "times": 1,
  "imageList": null,
  "displayType": "text",
  "justView": "0",
  "fileName": null,
  "filePath": null,
  "imagePath": null,
  "imageName": null,
  "productIdList": null,
  "curPage": null,
  "pageSize": null,
  "siteCode": null,
  "statusFlag": "Publish",
  "returnCode": 0,
  "totalRows": null,
  "keywords": "P7-L10   sufficient storage",
  "avgScore": 3.0,
  "createDate": null,
  "totalPages": null
}