{
  "type": null,
  "faqId": 12955,
  "title": "P7 How do I set the microSD card as the default storage location?",
  "answer": " Go to **Settings**, and touch **Storage** > **Default storage location** > **SD card**. \r\n\n![](http://consumer.huawei.com/support/servlet/imageServlet?dlType=HtmlAreaImage&imageId=35560)\n\r\n\r\n Note: The figures are for your reference only. The actual screens may vary.",
  "faqTypeId": 265,
  "faqType": "System Features and Settings",
  "useful": 46,
  "unUseful": 7,
  "languageId": 1,
  "languageName": "en",
  "faqCode": "3856",
  "faqTypeCode": "Handsets-System-Settings",
  "isTop": "0",
  "moduleCode": "faq",
  "productId": null,
  "productCode": null,
  "postDate": 1400574222000,
  "seriesProductName": "Sophia-L10",
  "visitedTimes": 2350,
  "isUsefulFlag": null,
  "score": 3,
  "times": 1,
  "imageList": null,
  "displayType": "text",
  "justView": "0",
  "fileName": null,
  "filePath": null,
  "imagePath": null,
  "imageName": null,
  "productIdList": null,
  "curPage": null,
  "pageSize": null,
  "siteCode": null,
  "statusFlag": "Publish",
  "returnCode": 0,
  "totalRows": null,
  "keywords": "P7-L10 microSD card",
  "avgScore": 3.0,
  "createDate": null,
  "totalPages": null
}