{
  "type": null,
  "faqId": 12962,
  "title": "How do I create a contact? How do I assign a photo to a contact?",
  "answer": " l   Creating a contact \r\n\r\n Touch **People**. On the **Contacts** tab, touch the new contact icon. Choose where you want to save the contact. \r\n\r\n Enter the contact details and touch **DONE**. \r\n\r\n l Assigning a photo to a contact \r\n\r\n You cannot assign a photo to a contact from the micro-SIM card. \r\n\r\n Touch **People**. On the **Contacts** tab, touch a contact to display the contact details. Touch the contact photo area then **Take photo** or **Choose photo from Gallery**.",
  "faqTypeId": null,
  "faqType": null,
  "useful": 0,
  "unUseful": 0,
  "languageId": 1,
  "languageName": "en",
  "faqCode": "3882",
  "faqTypeCode": null,
  "isTop": "0",
  "moduleCode": "faq",
  "productId": null,
  "productCode": null,
  "postDate": 1401341208000,
  "seriesProductName": "G6-L22",
  "visitedTimes": 55,
  "isUsefulFlag": null,
  "score": 0,
  "times": 0,
  "imageList": null,
  "displayType": "text",
  "justView": "0",
  "fileName": null,
  "filePath": null,
  "imagePath": null,
  "imageName": null,
  "productIdList": null,
  "curPage": null,
  "pageSize": null,
  "siteCode": null,
  "statusFlag": "Publish",
  "returnCode": 0,
  "totalRows": null,
  "keywords": "contacts, photo, G6",
  "avgScore": 0.0,
  "createDate": null,
  "totalPages": null
}