{
  "type": null,
  "faqId": 12961,
  "title": "How do I add or delete a home screen?",
  "answer": " On the home screen, pinch your fingers together to display the thumbnails. You can then quickly add or delete a home screen.<o:p></o:p>",
  "faqTypeId": null,
  "faqType": null,
  "useful": 0,
  "unUseful": 0,
  "languageId": 1,
  "languageName": "en",
  "faqCode": "3881",
  "faqTypeCode": null,
  "isTop": "0",
  "moduleCode": "faq",
  "productId": null,
  "productCode": null,
  "postDate": 1401340739000,
  "seriesProductName": "EDGE-U00,G6-L22,P2-6070",
  "visitedTimes": 46,
  "isUsefulFlag": null,
  "score": 0,
  "times": 0,
  "imageList": null,
  "displayType": "text",
  "justView": "0",
  "fileName": null,
  "filePath": null,
  "imagePath": null,
  "imageName": null,
  "productIdList": null,
  "curPage": null,
  "pageSize": null,
  "siteCode": null,
  "statusFlag": "Publish",
  "returnCode": 0,
  "totalRows": null,
  "keywords": "home screen, G6, P6",
  "avgScore": 0.0,
  "createDate": null,
  "totalPages": null
}