{
  "type": null,
  "faqId": 12963,
  "title": "Can I use my phone as a portable Wi-Fi hotspot and share my phone's data connection with another device?",
  "answer": " Yes. To do so, turn on the Wi-Fi hotspot on your phone as follows: <?xml:namespace prefix=\"o\"?><o:p></o:p> \r\n\r\n Go to **Settings**. Under **WIRELESS & NETWORKS**, touch **More**. Touch **Tethering & portable hotspot** and select **Portable** **Wi-Fi hotspot**. \r\n\r\n After a device connects to your phone over Wi-Fi, you can access the Internet from that device using your phone's mobile data connection. To set the hotspot name and security parameters, touch **Configure Wi-Fi hotspot**.",
  "faqTypeId": null,
  "faqType": null,
  "useful": 0,
  "unUseful": 1,
  "languageId": 1,
  "languageName": "en",
  "faqCode": "3901",
  "faqTypeCode": null,
  "isTop": "0",
  "moduleCode": "faq",
  "productId": null,
  "productCode": null,
  "postDate": 1401341703000,
  "seriesProductName": "G6-L22",
  "visitedTimes": 82,
  "isUsefulFlag": null,
  "score": 0,
  "times": 0,
  "imageList": null,
  "displayType": "text",
  "justView": "0",
  "fileName": null,
  "filePath": null,
  "imagePath": null,
  "imageName": null,
  "productIdList": null,
  "curPage": null,
  "pageSize": null,
  "siteCode": null,
  "statusFlag": "Publish",
  "returnCode": 0,
  "totalRows": null,
  "keywords": "G6, hotspot",
  "avgScore": 0.0,
  "createDate": null,
  "totalPages": null
}