{
  "type": null,
  "faqId": 12981,
  "title": "The function button of E5786S-62A？",
  "answer": "![](http://consumer.huawei.com/support/servlet/imageServlet?dlType=HtmlAreaImage&imageId=37522)",
  "faqTypeId": 318,
  "faqType": "Miscellaneous",
  "useful": 0,
  "unUseful": 0,
  "languageId": 1,
  "languageName": "en",
  "faqCode": "3941",
  "faqTypeCode": "MBB_Device-Others",
  "isTop": "0",
  "moduleCode": "faq",
  "productId": null,
  "productCode": null,
  "postDate": 1401845271000,
  "seriesProductName": "E5786s-62a",
  "visitedTimes": 119,
  "isUsefulFlag": null,
  "score": 0,
  "times": 0,
  "imageList": null,
  "displayType": "text",
  "justView": "0",
  "fileName": null,
  "filePath": null,
  "imagePath": null,
  "imageName": null,
  "productIdList": null,
  "curPage": null,
  "pageSize": null,
  "siteCode": null,
  "statusFlag": "Publish",
  "returnCode": 0,
  "totalRows": null,
  "keywords": "function button E5786S-62A",
  "avgScore": 0.0,
  "createDate": null,
  "totalPages": null
}