{
  "type": null,
  "faqId": 12983,
  "title": "How to monitoring data usage of E5786S-62A?",
  "answer": " 1）  On-device Data Usage Meter \r\n\r\n Your device includes an on-screen meter which displays amount of data used and remaining days left till your data usage is refreshed. \r\n\r\n Please note that the usage meter may take up to 48 hours to update. \r\n\n![](http://consumer.huawei.com/support/servlet/imageServlet?dlType=HtmlAreaImage&imageId=37525)\n\r\n\r\n You will be notified when you have reached 50%, 85% and more than 100% of included data. Notifications will pop up intermittently, switching between the homescreen and notification. \r\n\r\n 1）  Device Home page usage meter \r\n\r\n The status bar at the top of your Wi-Fi home page shows a data usage meter similar to the one displayed on your device which shows amount of data used and remaining days left till your data usage is refreshed. \r\n\r\n This status bar will also notify you when your usage has reached 50%, 85% and more than 100% of included data. \r\n\r\n ![](http://consumer.huawei.com/support/servlet/imageServlet?dlType=HtmlAreaImage&imageId=37526)",
  "faqTypeId": 309,
  "faqType": "Connection and Data",
  "useful": 4,
  "unUseful": 3,
  "languageId": 1,
  "languageName": "en",
  "faqCode": "3944",
  "faqTypeCode": "MBB_Device-Connection-Data",
  "isTop": "0",
  "moduleCode": "faq",
  "productId": null,
  "productCode": null,
  "postDate": 1401845670000,
  "seriesProductName": "E5786s-62a",
  "visitedTimes": 240,
  "isUsefulFlag": null,
  "score": 0,
  "times": 0,
  "imageList": null,
  "displayType": "text",
  "justView": "0",
  "fileName": null,
  "filePath": null,
  "imagePath": null,
  "imageName": null,
  "productIdList": null,
  "curPage": null,
  "pageSize": null,
  "siteCode": null,
  "statusFlag": "Publish",
  "returnCode": 0,
  "totalRows": null,
  "keywords": null,
  "avgScore": 0.0,
  "createDate": null,
  "totalPages": null
}