{
  "type": null,
  "faqId": 12986,
  "title": "How to change Wi-Fi home page password of E5786S-62A?",
  "answer": " A：• Go to Settings Tab. \r\n\r\n • Select System, then select Modify Admin Password. \r\n\r\n • Enter Current password then New password and click Apply. \r\n\n![](http://consumer.huawei.com/support/servlet/imageServlet?dlType=HtmlAreaImage&imageId=37528)",
  "faqTypeId": 309,
  "faqType": "Connection and Data",
  "useful": 8,
  "unUseful": 3,
  "languageId": 1,
  "languageName": "en",
  "faqCode": "3946",
  "faqTypeCode": "MBB_Device-Connection-Data",
  "isTop": "0",
  "moduleCode": "faq",
  "productId": null,
  "productCode": null,
  "postDate": 1401845993000,
  "seriesProductName": "E5786s-62a",
  "visitedTimes": 420,
  "isUsefulFlag": null,
  "score": 0,
  "times": 0,
  "imageList": null,
  "displayType": "text",
  "justView": "0",
  "fileName": null,
  "filePath": null,
  "imagePath": null,
  "imageName": null,
  "productIdList": null,
  "curPage": null,
  "pageSize": null,
  "siteCode": null,
  "statusFlag": "Publish",
  "returnCode": 0,
  "totalRows": null,
  "keywords": null,
  "avgScore": 0.0,
  "createDate": null,
  "totalPages": null
}