{
  "type": null,
  "faqId": 12984,
  "title": "How to Login to your Wi-Fi home page of E5786S-62A?",
  "answer": " A：Open a web browser and enter http://m.home in the address bar. \r\n\r\n Enter the login details shown below in the Admin login field and click OK. \r\n\r\n User Name: admin \r\n\r\n Password: admin \r\n\r\n For full details on using your Wi-Fi home page click on Help.",
  "faqTypeId": 310,
  "faqType": "Installation and Settings",
  "useful": 34,
  "unUseful": 20,
  "languageId": 1,
  "languageName": "en",
  "faqCode": "3962",
  "faqTypeCode": "MBB_Device-Installing-Settings",
  "isTop": "0",
  "moduleCode": "faq",
  "productId": null,
  "productCode": null,
  "postDate": 1401845763000,
  "seriesProductName": "E5786s-62a",
  "visitedTimes": 789,
  "isUsefulFlag": null,
  "score": 0,
  "times": 0,
  "imageList": null,
  "displayType": "text",
  "justView": "0",
  "fileName": null,
  "filePath": null,
  "imagePath": null,
  "imageName": null,
  "productIdList": null,
  "curPage": null,
  "pageSize": null,
  "siteCode": null,
  "statusFlag": "Publish",
  "returnCode": 0,
  "totalRows": null,
  "keywords": null,
  "avgScore": 0.0,
  "createDate": null,
  "totalPages": null
}