{
  "type": null,
  "faqId": 12989,
  "title": "E5786S-62A:Why my battery has not charged while in use and connected to the charge?",
  "answer": " A: In low coverage or high data transfer modes the internal temperature of the device can rise above 55°C. In these conditions the battery cannot be charged due to safety limits with Li-ion battery technology.",
  "faqTypeId": 311,
  "faqType": "Battery and Power Consumption",
  "useful": 0,
  "unUseful": 3,
  "languageId": 1,
  "languageName": "en",
  "faqCode": "3964",
  "faqTypeCode": "MBB_Device-Battery-Charging",
  "isTop": "0",
  "moduleCode": "faq",
  "productId": null,
  "productCode": null,
  "postDate": 1401846727000,
  "seriesProductName": "E5786s-62a",
  "visitedTimes": 164,
  "isUsefulFlag": null,
  "score": 0,
  "times": 0,
  "imageList": null,
  "displayType": "text",
  "justView": "0",
  "fileName": null,
  "filePath": null,
  "imagePath": null,
  "imageName": null,
  "productIdList": null,
  "curPage": null,
  "pageSize": null,
  "siteCode": null,
  "statusFlag": "Publish",
  "returnCode": 0,
  "totalRows": null,
  "keywords": null,
  "avgScore": 0.0,
  "createDate": null,
  "totalPages": null
}