{
  "type": null,
  "faqId": 12987,
  "title": "Why I cannot access the internet at all of E5786S-62A?",
  "answer": " A：Check the LCD display status. Make sure you have network coverage in your area. Check that your SIM card is active and enabled with data services. Please wait 1–2 minutes for the device to initialise. Confirm there is available credit and that no other Internet connections are active. Also try switching your device off and on and restarting your PC or Wi-Fi device.",
  "faqTypeId": 318,
  "faqType": "Miscellaneous",
  "useful": 2,
  "unUseful": 9,
  "languageId": 1,
  "languageName": "en",
  "faqCode": "3950",
  "faqTypeCode": "MBB_Device-Others",
  "isTop": "0",
  "moduleCode": "faq",
  "productId": null,
  "productCode": null,
  "postDate": 1401846407000,
  "seriesProductName": "E5786s-62a",
  "visitedTimes": 226,
  "isUsefulFlag": null,
  "score": 0,
  "times": 0,
  "imageList": null,
  "displayType": "text",
  "justView": "0",
  "fileName": null,
  "filePath": null,
  "imagePath": null,
  "imageName": null,
  "productIdList": null,
  "curPage": null,
  "pageSize": null,
  "siteCode": null,
  "statusFlag": "Publish",
  "returnCode": 0,
  "totalRows": null,
  "keywords": null,
  "avgScore": 0.0,
  "createDate": null,
  "totalPages": null
}