{
  "type": null,
  "faqId": 12982,
  "title": "How to connect to the E5786S-62A？",
  "answer": " A: • Check your computer or other device has Wi-Fi enabled and search for wireless networks. Refer to your Wi-Fi enabled device manual for further details on searching for wireless networks. \r\n\r\n • Select the Wi-Fi name displayed on your screen. \r\n\r\n • Enter the Wi-Fi Password exactly as shown on the screen. Note your Password is case sensitive.",
  "faqTypeId": 310,
  "faqType": "Installation and Settings",
  "useful": 1,
  "unUseful": 1,
  "languageId": 1,
  "languageName": "en",
  "faqCode": "3961",
  "faqTypeCode": "MBB_Device-Installing-Settings",
  "isTop": "0",
  "moduleCode": "faq",
  "productId": null,
  "productCode": null,
  "postDate": 1401845521000,
  "seriesProductName": "E5786s-62a",
  "visitedTimes": 213,
  "isUsefulFlag": null,
  "score": 0,
  "times": 0,
  "imageList": null,
  "displayType": "text",
  "justView": "0",
  "fileName": null,
  "filePath": null,
  "imagePath": null,
  "imageName": null,
  "productIdList": null,
  "curPage": null,
  "pageSize": null,
  "siteCode": null,
  "statusFlag": "Publish",
  "returnCode": 0,
  "totalRows": null,
  "keywords": null,
  "avgScore": 0.0,
  "createDate": null,
  "totalPages": null
}