{
  "type": null,
  "faqId": 12985,
  "title": "How to change Wi-Fi Password (security key) and/or Wi-Fi Name (SSID) of E5786S-62A？",
  "answer": " A：Go to Settings Tab. \r\n\r\n • Select WLAN, then select WLAN Basic Settings. \r\n\r\n • Input a new Wi-Fi Password into the field WPA pre-shared key or input a new Wi-Fi Name into the field SSID, then click Apply. \r\n\r\n If changing your password please ensure you keep a record of it and store in a safe place. \r\n\n![](http://consumer.huawei.com/support/servlet/imageServlet?dlType=HtmlAreaImage&imageId=37527)",
  "faqTypeId": 311,
  "faqType": "Battery and Power Consumption",
  "useful": 57,
  "unUseful": 11,
  "languageId": 1,
  "languageName": "en",
  "faqCode": "3945",
  "faqTypeCode": "MBB_Device-Battery-Charging",
  "isTop": "0",
  "moduleCode": "faq",
  "productId": null,
  "productCode": null,
  "postDate": 1401845902000,
  "seriesProductName": "E5786s-62a",
  "visitedTimes": 1738,
  "isUsefulFlag": null,
  "score": 0,
  "times": 0,
  "imageList": null,
  "displayType": "text",
  "justView": "0",
  "fileName": null,
  "filePath": null,
  "imagePath": null,
  "imageName": null,
  "productIdList": null,
  "curPage": null,
  "pageSize": null,
  "siteCode": null,
  "statusFlag": "Publish",
  "returnCode": 0,
  "totalRows": null,
  "keywords": null,
  "avgScore": 0.0,
  "createDate": null,
  "totalPages": null
}