{
  "type": null,
  "faqId": 12990,
  "title": "E5786S-62A:Why the signal indicator is always low?",
  "answer": "  1.   When E5786s-62a using it’s battery power, in order to save energy for longer run-time E5786s-62a will lower down its transmit power ,so Wi-Fi signal is weaker compare with powered by USB or power adapter.  Connect E5786s-62a to power adapter or with USB cable to a running computer’s USB port will enhance E5786s-62a’s Wi-Fi signal strength. \r\n\r\n 2.      Keep E5786s-62a at least 3 to 6 feet away from other electrical devices which may create RF signal and cause interference (for example, microwave oven, TVs, cordless/cellular phones, baby monitors or wireless speakers).  If you needn’t using any of those devices when you want to connect Internet, please turn it off. \r\n\r\n 3.      In actual use Wi-Fi covered range maybe different from idea square area, it decided by the environment you use. The closer to E5786s-62a, the stronger Wi-Fi signal you get. And every obstacle (walls, ceilings, furniture) between your device and E5786s-62a may decrease Wi-Fi signal strength. Move your device closer to E5786s-62a can avoid obstacles and improve Wi-Fi signal.",
  "faqTypeId": 313,
  "faqType": "Power-on/Power-off",
  "useful": 3,
  "unUseful": 1,
  "languageId": 1,
  "languageName": "en",
  "faqCode": "3955",
  "faqTypeCode": "MBB_Device-Power-On-Off",
  "isTop": "0",
  "moduleCode": "faq",
  "productId": null,
  "productCode": null,
  "postDate": 1401846779000,
  "seriesProductName": "E5786s-62a",
  "visitedTimes": 197,
  "isUsefulFlag": null,
  "score": 0,
  "times": 0,
  "imageList": null,
  "displayType": "text",
  "justView": "0",
  "fileName": null,
  "filePath": null,
  "imagePath": null,
  "imageName": null,
  "productIdList": null,
  "curPage": null,
  "pageSize": null,
  "siteCode": null,
  "statusFlag": "Publish",
  "returnCode": 0,
  "totalRows": null,
  "keywords": null,
  "avgScore": 0.0,
  "createDate": null,
  "totalPages": null
}