{
  "type": null,
  "faqId": 13004,
  "title": "How to Automatic software updates of E5786S-62A?",
  "answer": " A：• Software Updates will be sent to your device automatically. \r\n\r\n • When an update is received you can either Download now or select ‘Later’. \r\n\r\n • If you select ‘Later’ then you will need to go through the steps to manually update. \r\n\n![](http://consumer.huawei.com/support/servlet/imageServlet?dlType=HtmlAreaImage&imageId=37532)",
  "faqTypeId": 318,
  "faqType": "Miscellaneous",
  "useful": 9,
  "unUseful": 8,
  "languageId": 1,
  "languageName": "en",
  "faqCode": "3948",
  "faqTypeCode": "MBB_Device-Others",
  "isTop": "0",
  "moduleCode": "faq",
  "productId": null,
  "productCode": null,
  "postDate": 1401846176000,
  "seriesProductName": "E5786s-62a",
  "visitedTimes": 552,
  "isUsefulFlag": null,
  "score": 1,
  "times": 1,
  "imageList": null,
  "displayType": "text",
  "justView": "0",
  "fileName": null,
  "filePath": null,
  "imagePath": null,
  "imageName": null,
  "productIdList": null,
  "curPage": null,
  "pageSize": null,
  "siteCode": null,
  "statusFlag": "Publish",
  "returnCode": 0,
  "totalRows": null,
  "keywords": null,
  "avgScore": 1.0,
  "createDate": null,
  "totalPages": null
}