{
  "type": null,
  "faqId": 13007,
  "title": "E5786S-62A:When I secured my device and lost my password,what can I do?",
  "answer": " A: Reset your device to factory defaults to erase all stored passwords and encryption settings. From the powered up state: To reset your device hold down the reset button for 4 seconds located under the back cover. This will restore default settings.",
  "faqTypeId": 310,
  "faqType": "Installation and Settings",
  "useful": 10,
  "unUseful": 10,
  "languageId": 1,
  "languageName": "en",
  "faqCode": "3953",
  "faqTypeCode": "MBB_Device-Installing-Settings",
  "isTop": "0",
  "moduleCode": "faq",
  "productId": null,
  "productCode": null,
  "postDate": 1401846677000,
  "seriesProductName": "E5786s-62a",
  "visitedTimes": 400,
  "isUsefulFlag": null,
  "score": 6,
  "times": 2,
  "imageList": null,
  "displayType": "text",
  "justView": "0",
  "fileName": null,
  "filePath": null,
  "imagePath": null,
  "imageName": null,
  "productIdList": null,
  "curPage": null,
  "pageSize": null,
  "siteCode": null,
  "statusFlag": "Publish",
  "returnCode": 0,
  "totalRows": null,
  "keywords": null,
  "avgScore": 3.0,
  "createDate": null,
  "totalPages": null
}