{
  "type": null,
  "faqId": 13003,
  "title": "How to use an external antenna of E5786S-62A?",
  "answer": " A：Using an external antenna may be recommended in areas of lower coverage to improve your device performance. Mimo Dual TS9 antennas are available from your retailer. Insert the connector carefully to avoid damage to your device. \r\n\n![](http://consumer.huawei.com/support/servlet/imageServlet?dlType=HtmlAreaImage&imageId=37531)",
  "faqTypeId": 318,
  "faqType": "Miscellaneous",
  "useful": 17,
  "unUseful": 22,
  "languageId": 1,
  "languageName": "en",
  "faqCode": "3947",
  "faqTypeCode": "MBB_Device-Others",
  "isTop": "0",
  "moduleCode": "faq",
  "productId": null,
  "productCode": null,
  "postDate": 1401846098000,
  "seriesProductName": "E5786s-62a",
  "visitedTimes": 1238,
  "isUsefulFlag": null,
  "score": 0,
  "times": 0,
  "imageList": null,
  "displayType": "text",
  "justView": "0",
  "fileName": null,
  "filePath": null,
  "imagePath": null,
  "imageName": null,
  "productIdList": null,
  "curPage": null,
  "pageSize": null,
  "siteCode": null,
  "statusFlag": "Publish",
  "returnCode": 0,
  "totalRows": null,
  "keywords": null,
  "avgScore": 0.0,
  "createDate": null,
  "totalPages": null
}