{
  "type": null,
  "faqId": 13002,
  "title": "How to Insert SIM card of E5786S-62A？",
  "answer": " A：Remove back cover using the thumb catch on the bottom of the device and gently lift off. \r\n\n![](http://consumer.huawei.com/support/servlet/imageServlet?dlType=HtmlAreaImage&imageId=37524)\n\r\n\r\n To Insert the SIM card, slide in as shown with the chip facing down. Push the SIM card in until it clicks into place. \r\n\r\n To remove SIM card, push in card until it clicks and pops out.",
  "faqTypeId": 312,
  "faqType": "SIM Card and Standard",
  "useful": 0,
  "unUseful": 2,
  "languageId": 1,
  "languageName": "en",
  "faqCode": "3943",
  "faqTypeCode": "MBB_Device-SIM-Card-Standard",
  "isTop": "0",
  "moduleCode": "faq",
  "productId": null,
  "productCode": null,
  "postDate": 1401845483000,
  "seriesProductName": "E5786s-62a",
  "visitedTimes": 386,
  "isUsefulFlag": null,
  "score": 0,
  "times": 0,
  "imageList": null,
  "displayType": "text",
  "justView": "0",
  "fileName": null,
  "filePath": null,
  "imagePath": null,
  "imageName": null,
  "productIdList": null,
  "curPage": null,
  "pageSize": null,
  "siteCode": null,
  "statusFlag": "Publish",
  "returnCode": 0,
  "totalRows": null,
  "keywords": null,
  "avgScore": 0.0,
  "createDate": null,
  "totalPages": null
}