{
  "type": null,
  "faqId": 13006,
  "title": "How to use a memory card of E5786S-62A?",
  "answer": " A：To use the device as a portable storage drive insert a microSDHC card up to 32GB: \r\n\r\n • Slide in the memory card as shown until it clicks, then replace back cover. \r\n\r\n • Connect the wireless device to your computer using the USB cable supplied and the memory card will display as an external drive. \r\n\r\n • To remove memory card, push in card until it clicks and pops out. \r\n\n![](http://consumer.huawei.com/support/servlet/imageServlet?dlType=HtmlAreaImage&imageId=37534)",
  "faqTypeId": 312,
  "faqType": "SIM Card and Standard",
  "useful": 3,
  "unUseful": 2,
  "languageId": 1,
  "languageName": "en",
  "faqCode": "3949",
  "faqTypeCode": "MBB_Device-SIM-Card-Standard",
  "isTop": "0",
  "moduleCode": "faq",
  "productId": null,
  "productCode": null,
  "postDate": 1401846348000,
  "seriesProductName": "E5786s-62a",
  "visitedTimes": 281,
  "isUsefulFlag": null,
  "score": 0,
  "times": 0,
  "imageList": null,
  "displayType": "text",
  "justView": "0",
  "fileName": null,
  "filePath": null,
  "imagePath": null,
  "imageName": null,
  "productIdList": null,
  "curPage": null,
  "pageSize": null,
  "siteCode": null,
  "statusFlag": "Publish",
  "returnCode": 0,
  "totalRows": null,
  "keywords": null,
  "avgScore": 0.0,
  "createDate": null,
  "totalPages": null
}