{
  "type": null,
  "faqId": 13005,
  "title": "How to Manually checking for software updates of E5786S-62A?",
  "answer": " A：• Access the Main Menu on your device by pressing the Menu button. \r\n\r\n • Use the Menu button to scroll down through the options until you highlight ‘Check for Update’. Use the Power button to select this option. \r\n\r\n • The device will check for any available updates. If an update is available you can either ‘Download Now’ or select ‘Later’. \r\n\r\n • If you select ‘Later’ then you will need repeat these steps to update. \r\n\n![](http://consumer.huawei.com/support/servlet/imageServlet?dlType=HtmlAreaImage&imageId=37533)",
  "faqTypeId": 318,
  "faqType": "Miscellaneous",
  "useful": 6,
  "unUseful": 5,
  "languageId": 1,
  "languageName": "en",
  "faqCode": "3963",
  "faqTypeCode": "MBB_Device-Others",
  "isTop": "0",
  "moduleCode": "faq",
  "productId": null,
  "productCode": null,
  "postDate": 1401846246000,
  "seriesProductName": "E5786s-62a",
  "visitedTimes": 848,
  "isUsefulFlag": null,
  "score": 0,
  "times": 0,
  "imageList": null,
  "displayType": "text",
  "justView": "0",
  "fileName": null,
  "filePath": null,
  "imagePath": null,
  "imageName": null,
  "productIdList": null,
  "curPage": null,
  "pageSize": null,
  "siteCode": null,
  "statusFlag": "Publish",
  "returnCode": 0,
  "totalRows": null,
  "keywords": null,
  "avgScore": 0.0,
  "createDate": null,
  "totalPages": null
}