{
  "type": null,
  "faqId": 13001,
  "title": "What information displayed on E5786S-62A’s OLED screen?",
  "answer": "![](http://consumer.huawei.com/support/servlet/imageServlet?dlType=HtmlAreaImage&imageId=37523)",
  "faqTypeId": 318,
  "faqType": "Miscellaneous",
  "useful": 1,
  "unUseful": 3,
  "languageId": 1,
  "languageName": "en",
  "faqCode": "3942",
  "faqTypeCode": "MBB_Device-Others",
  "isTop": "0",
  "moduleCode": "faq",
  "productId": null,
  "productCode": null,
  "postDate": 1401845363000,
  "seriesProductName": "E5786s-62a",
  "visitedTimes": 122,
  "isUsefulFlag": null,
  "score": 3,
  "times": 1,
  "imageList": null,
  "displayType": "text",
  "justView": "0",
  "fileName": null,
  "filePath": null,
  "imagePath": null,
  "imageName": null,
  "productIdList": null,
  "curPage": null,
  "pageSize": null,
  "siteCode": null,
  "statusFlag": "Publish",
  "returnCode": 0,
  "totalRows": null,
  "keywords": "E5786S-62A screen",
  "avgScore": 3.0,
  "createDate": null,
  "totalPages": null
}