{"type":null,"faqId":13122,"title":"Can I turn off the shutter sound?","answer":"No.","faqTypeId":null,"faqType":null,"useful":8,"unUseful":12,"languageId":1,"languageName":"en","faqCode":"4101","faqTypeCode":null,"isTop":"0","moduleCode":"faq","productId":null,"productCode":null,"postDate":1402360468000,"seriesProductName":"G6-L22,G730-U27","visitedTimes":426,"isUsefulFlag":null,"score":0,"times":0,"imageList":null,"displayType":"text","justView":"0","fileName":null,"filePath":null,"imagePath":null,"imageName":null,"productIdList":null,"curPage":null,"pageSize":null,"siteCode":null,"statusFlag":"Publish","returnCode":0,"totalRows":null,"keywords":"Shutter, camera, sound,","avgScore":0.0,"createDate":null,"totalPages":null}