{
  "type": null,
  "faqId": 13126,
  "title": "How to change Wi-Fi home page password for my E5786?",
  "answer": "• Go to Settings Tab.  \r\n\n• Select System, then select Modify Admin Password.  \r\n\n• Enter Current password then New password and  \r\n\r\n click Apply. \r\n\r\n The Wi-Fi home page username cannot be changed from the default ‘admin’.",
  "faqTypeId": null,
  "faqType": null,
  "useful": 1,
  "unUseful": 0,
  "languageId": 1,
  "languageName": "en",
  "faqCode": "4088",
  "faqTypeCode": null,
  "isTop": "0",
  "moduleCode": "faq",
  "productId": null,
  "productCode": null,
  "postDate": 1402363124000,
  "seriesProductName": "E5786s-62a",
  "visitedTimes": 76,
  "isUsefulFlag": null,
  "score": 0,
  "times": 0,
  "imageList": null,
  "displayType": "text",
  "justView": "0",
  "fileName": null,
  "filePath": null,
  "imagePath": null,
  "imageName": null,
  "productIdList": null,
  "curPage": null,
  "pageSize": null,
  "siteCode": null,
  "statusFlag": "Publish",
  "returnCode": 0,
  "totalRows": null,
  "keywords": null,
  "avgScore": 0.0,
  "createDate": null,
  "totalPages": null
}