{
  "type": null,
  "faqId": 13127,
  "title": "How to monitor data usage on my E5786?",
  "answer": " **  \r\n ** \r\n\r\n **On-device Data Usage Meter** \r\n\nYour device includes an on-screen meter which displays amount of data used and remaining days left till your data usage is refreshed.  \r\n\r\n Please note that the usage meter may take up to 48 hours to update. \r\n\r\n You will be notified when you have reached 50%, 85% and more than 100% of included data.  \r\n Notifications will pop up intermittently, switching between the homescreen and notification. \r\n\r\n **Device Home page usage meter**  \r\n The status bar at the top of your Wi-Fi home page shows a data usage meter similar to the one displayed on your device which shows amount of data used and remaining days left till your data usage is refreshed.",
  "faqTypeId": null,
  "faqType": null,
  "useful": 2,
  "unUseful": 0,
  "languageId": 1,
  "languageName": "en",
  "faqCode": "4105",
  "faqTypeCode": null,
  "isTop": "0",
  "moduleCode": "faq",
  "productId": null,
  "productCode": null,
  "postDate": 1402363483000,
  "seriesProductName": "",
  "visitedTimes": 131,
  "isUsefulFlag": null,
  "score": 0,
  "times": 0,
  "imageList": null,
  "displayType": "text",
  "justView": "0",
  "fileName": null,
  "filePath": null,
  "imagePath": null,
  "imageName": null,
  "productIdList": null,
  "curPage": null,
  "pageSize": null,
  "siteCode": null,
  "statusFlag": "Publish",
  "returnCode": 0,
  "totalRows": null,
  "keywords": null,
  "avgScore": 0.0,
  "createDate": null,
  "totalPages": null
}