{"type":null,"faqId":13121,"title":"If my phone has no microSD card installed, can I take pictures or shoot videos?","answer":"Yes.","faqTypeId":null,"faqType":null,"useful":3,"unUseful":0,"languageId":1,"languageName":"en","faqCode":"4081","faqTypeCode":null,"isTop":"0","moduleCode":"faq","productId":null,"productCode":null,"postDate":1402359662000,"seriesProductName":"G6-L22,G730-U27","visitedTimes":77,"isUsefulFlag":null,"score":0,"times":0,"imageList":null,"displayType":"text","justView":"0","fileName":null,"filePath":null,"imagePath":null,"imageName":null,"productIdList":null,"curPage":null,"pageSize":null,"siteCode":null,"statusFlag":"Publish","returnCode":0,"totalRows":null,"keywords":"G6, G730","avgScore":0.0,"createDate":null,"totalPages":null}