{
  "type": null,
  "faqId": 13124,
  "title": "How do I change the system font size?",
  "answer": " Go to **Settings**. Touch **Display** > **Font** **size**. Select a font size.<o:p></o:p>",
  "faqTypeId": null,
  "faqType": null,
  "useful": 4,
  "unUseful": 3,
  "languageId": 1,
  "languageName": "en",
  "faqCode": "4086",
  "faqTypeCode": null,
  "isTop": "0",
  "moduleCode": "faq",
  "productId": null,
  "productCode": null,
  "postDate": 1402361790000,
  "seriesProductName": "G6-L22,G730-U27",
  "visitedTimes": 127,
  "isUsefulFlag": null,
  "score": 0,
  "times": 0,
  "imageList": null,
  "displayType": "text",
  "justView": "0",
  "fileName": null,
  "filePath": null,
  "imagePath": null,
  "imageName": null,
  "productIdList": null,
  "curPage": null,
  "pageSize": null,
  "siteCode": null,
  "statusFlag": "Publish",
  "returnCode": 0,
  "totalRows": null,
  "keywords": "font size",
  "avgScore": 0.0,
  "createDate": null,
  "totalPages": null
}