{
  "type": null,
  "faqId": 13123,
  "title": "How do I turn on/off vibration for incoming calls and messages?",
  "answer": " Go to **Settings**. Touch **Sound** then **Vibrate when ringing**.<o:p></o:p> \r\n\r\n ![](http://consumer.huawei.com/support/servlet/imageServlet?dlType=HtmlAreaImage&imageId=37919)",
  "faqTypeId": null,
  "faqType": null,
  "useful": 0,
  "unUseful": 0,
  "languageId": 1,
  "languageName": "en",
  "faqCode": "4085",
  "faqTypeCode": null,
  "isTop": "0",
  "moduleCode": "faq",
  "productId": null,
  "productCode": null,
  "postDate": 1402361647000,
  "seriesProductName": "G730-U27",
  "visitedTimes": 43,
  "isUsefulFlag": null,
  "score": 0,
  "times": 0,
  "imageList": null,
  "displayType": "text",
  "justView": "0",
  "fileName": null,
  "filePath": null,
  "imagePath": null,
  "imageName": null,
  "productIdList": null,
  "curPage": null,
  "pageSize": null,
  "siteCode": null,
  "statusFlag": "Publish",
  "returnCode": 0,
  "totalRows": null,
  "keywords": "vibration",
  "avgScore": 0.0,
  "createDate": null,
  "totalPages": null
}