{
  "type": null,
  "faqId": 13145,
  "title": "How to change Wi-Fi Password (security key) and/or Wi-Fi Name (SSID)?",
  "answer": "• Go to Settings Tab.  \r\n\n• Select WLAN, then select WLAN Basic Settings.  \r\n\r\n • Input a new Wi-Fi Password into the field WPA pre-shared key or input a new Wi-Fi Name into the field SSID, then click Apply. \r\n\r\n\nIf changing your password please ensure you keep a record of it and store in a safe place.",
  "faqTypeId": null,
  "faqType": null,
  "useful": 1,
  "unUseful": 2,
  "languageId": 1,
  "languageName": "en",
  "faqCode": "4103",
  "faqTypeCode": null,
  "isTop": "0",
  "moduleCode": "faq",
  "productId": null,
  "productCode": null,
  "postDate": 1402363046000,
  "seriesProductName": "E5786s-62a",
  "visitedTimes": 124,
  "isUsefulFlag": null,
  "score": 0,
  "times": 0,
  "imageList": null,
  "displayType": "text",
  "justView": "0",
  "fileName": null,
  "filePath": null,
  "imagePath": null,
  "imageName": null,
  "productIdList": null,
  "curPage": null,
  "pageSize": null,
  "siteCode": null,
  "statusFlag": "Publish",
  "returnCode": 0,
  "totalRows": null,
  "keywords": null,
  "avgScore": 0.0,
  "createDate": null,
  "totalPages": null
}