{
  "type": null,
  "faqId": 13143,
  "title": "Can I view emails when no Internet connection is available on my phone?",
  "answer": " Yes, if the emails have already been downloaded to your phone.<o:p></o:p>",
  "faqTypeId": null,
  "faqType": null,
  "useful": 0,
  "unUseful": 0,
  "languageId": 1,
  "languageName": "en",
  "faqCode": "4084",
  "faqTypeCode": null,
  "isTop": "0",
  "moduleCode": "faq",
  "productId": null,
  "productCode": null,
  "postDate": 1402361105000,
  "seriesProductName": "EDGE-U00,G510-0200,G526-L22,G630-U251,G6-L22,G730-U27,G7-L02,Jazz-L09,Jazz-TL10,MT1-U06,P2-6070,Sophia-L10,Sophia-L11,Y300-0151,Y320-U10,Y330-U01,Y360-U03,Y520-U03,Y520-U12,Y520-U33,Y530-U051,Y550-L02,Y600-U151,Y625-U43,Y635-L02",
  "visitedTimes": 157,
  "isUsefulFlag": null,
  "score": 0,
  "times": 0,
  "imageList": null,
  "displayType": "text",
  "justView": "0",
  "fileName": null,
  "filePath": null,
  "imagePath": null,
  "imageName": null,
  "productIdList": null,
  "curPage": null,
  "pageSize": null,
  "siteCode": null,
  "statusFlag": "Publish",
  "returnCode": 0,
  "totalRows": null,
  "keywords": "emails",
  "avgScore": 0.0,
  "createDate": null,
  "totalPages": null
}