{
  "type": null,
  "faqId": 13144,
  "title": "How to Login to the Wi-Fi home page?",
  "answer": " * Connect to the Wi-Fi network. * Open a web browser and enter http://m.home in the address bar. * Enter the login details shown below in the Admin  \r\n login field and click OK.  \r\n User Name: admin  \r\n Password: admin \r\n\r\n For full details on using your Wi-Fi home page click on Help.",
  "faqTypeId": null,
  "faqType": null,
  "useful": 2,
  "unUseful": 4,
  "languageId": 1,
  "languageName": "en",
  "faqCode": "4087",
  "faqTypeCode": null,
  "isTop": "0",
  "moduleCode": "faq",
  "productId": null,
  "productCode": null,
  "postDate": 1402362972000,
  "seriesProductName": "E5786s-62a",
  "visitedTimes": 105,
  "isUsefulFlag": null,
  "score": 0,
  "times": 0,
  "imageList": null,
  "displayType": "text",
  "justView": "0",
  "fileName": null,
  "filePath": null,
  "imagePath": null,
  "imageName": null,
  "productIdList": null,
  "curPage": null,
  "pageSize": null,
  "siteCode": null,
  "statusFlag": "Publish",
  "returnCode": 0,
  "totalRows": null,
  "keywords": null,
  "avgScore": 0.0,
  "createDate": null,
  "totalPages": null
}