{
  "type": null,
  "faqId": 13142,
  "title": "How do I create a contact on my G730? How do I assign a photo to a contact?",
  "answer": " **Creating a contact **Touch **Contacts** then ![](http://consumer.huawei.com/support/servlet/imageServlet?dlType=HtmlAreaImage&imageId=37918) , choose where you want to save the contact, enter the contact details, and touch **SAVE**. \r\n\r\n **Assigning a photo to a contact** \r\n Go to **Contacts** and touch a contact to display the contact details. Touch the contact photo area then **Take photo**, **Choose from preset**, or **Choose photo from Gallery.** \r\n\r\n <o:p></o:p>",
  "faqTypeId": null,
  "faqType": null,
  "useful": 1,
  "unUseful": 0,
  "languageId": 1,
  "languageName": "en",
  "faqCode": "4083",
  "faqTypeCode": null,
  "isTop": "0",
  "moduleCode": "faq",
  "productId": null,
  "productCode": null,
  "postDate": 1402360994000,
  "seriesProductName": "G730-U27",
  "visitedTimes": 32,
  "isUsefulFlag": null,
  "score": 0,
  "times": 0,
  "imageList": null,
  "displayType": "text",
  "justView": "0",
  "fileName": null,
  "filePath": null,
  "imagePath": null,
  "imageName": null,
  "productIdList": null,
  "curPage": null,
  "pageSize": null,
  "siteCode": null,
  "statusFlag": "Publish",
  "returnCode": 0,
  "totalRows": null,
  "keywords": "contact, G730",
  "avgScore": 0.0,
  "createDate": null,
  "totalPages": null
}