{
  "type": null,
  "faqId": 13141,
  "title": "Does my phone support HD videos?",
  "answer": " Yes. Your phone supports 1080p HD videos at 30 fps.<o:p></o:p>",
  "faqTypeId": null,
  "faqType": null,
  "useful": 0,
  "unUseful": 0,
  "languageId": 1,
  "languageName": "en",
  "faqCode": "4082",
  "faqTypeCode": null,
  "isTop": "0",
  "moduleCode": "faq",
  "productId": null,
  "productCode": null,
  "postDate": 1402360393000,
  "seriesProductName": "G6-L22,G730-U27",
  "visitedTimes": 86,
  "isUsefulFlag": null,
  "score": 0,
  "times": 0,
  "imageList": null,
  "displayType": "text",
  "justView": "0",
  "fileName": null,
  "filePath": null,
  "imagePath": null,
  "imageName": null,
  "productIdList": null,
  "curPage": null,
  "pageSize": null,
  "siteCode": null,
  "statusFlag": "Publish",
  "returnCode": 0,
  "totalRows": null,
  "keywords": "G6, G730, videos",
  "avgScore": 0.0,
  "createDate": null,
  "totalPages": null
}