{
  "type": null,
  "faqId": 13161,
  "title": "Will my Ascend Mate2 be upgradable to KitKat?",
  "answer": "Yes, our Ascend Mate2 is upgradable to KitKat, but we do not know if or when it will be available at this time.",
  "faqTypeId": 2,
  "faqType": "People",
  "useful": 88,
  "unUseful": 125,
  "languageId": 1,
  "languageName": "en",
  "faqCode": "4161",
  "faqTypeCode": "B",
  "isTop": "0",
  "moduleCode": "faq",
  "productId": null,
  "productCode": null,
  "postDate": 1403104659000,
  "seriesProductName": "MT2-L03",
  "visitedTimes": 2776,
  "isUsefulFlag": null,
  "score": 0,
  "times": 0,
  "imageList": null,
  "displayType": "text",
  "justView": "0",
  "fileName": null,
  "filePath": null,
  "imagePath": null,
  "imageName": null,
  "productIdList": null,
  "curPage": null,
  "pageSize": null,
  "siteCode": null,
  "statusFlag": "Publish",
  "returnCode": 0,
  "totalRows": null,
  "keywords": "Ascend, Mate2, Mate 2, upgrade, upgradable, KitKat, Kit, Kat, 4.4",
  "avgScore": 0.0,
  "createDate": null,
  "totalPages": null
}