{
  "type": null,
  "faqId": 13163,
  "title": "How do I assign a unique ringtone for a contact on Ascend Mate2?",
  "answer": " Step 1:  Under contact details screen, select arrow under \"**Ringtone**\" \r\n\r\n Step 2:  On the \"**Select Ringtones**\" screen, select the ringtone \r\n\r\n Step 3:  Select \"**Apply**\" \r\n\r\n ![](http://consumer.huawei.com/support/servlet/imageServlet?dlType=HtmlAreaImage&imageId=38971)",
  "faqTypeId": 21,
  "faqType": "Languages and input methods",
  "useful": 2,
  "unUseful": 0,
  "languageId": 1,
  "languageName": "en",
  "faqCode": "4182",
  "faqTypeCode": "C",
  "isTop": "0",
  "moduleCode": "faq",
  "productId": null,
  "productCode": null,
  "postDate": 1403110456000,
  "seriesProductName": "MT2-L03",
  "visitedTimes": 357,
  "isUsefulFlag": null,
  "score": 0,
  "times": 0,
  "imageList": null,
  "displayType": "text",
  "justView": "0",
  "fileName": null,
  "filePath": null,
  "imagePath": null,
  "imageName": null,
  "productIdList": null,
  "curPage": null,
  "pageSize": null,
  "siteCode": null,
  "statusFlag": "Publish",
  "returnCode": 0,
  "totalRows": null,
  "keywords": "ringtone, Ascend, Mate2, Mate 2, assign contact",
  "avgScore": 0.0,
  "createDate": null,
  "totalPages": null
}