{
  "type": null,
  "faqId": 13162,
  "title": "How do I switch from standard user interface to the simple user interface on my Ascend Mate2?",
  "answer": " You can switch to our simple user interface by holding down on any open space on your home screen.  You will see \"Set Home Screen\" window pop-up.  Then you can select \"Simple home\" to switch to the simple user interface. \r\n\r\n If you want to switch back to \"Standard Home\", select the \"Standard Home\" tile from the simple user interface.",
  "faqTypeId": 21,
  "faqType": "Languages and input methods",
  "useful": 15,
  "unUseful": 4,
  "languageId": 1,
  "languageName": "en",
  "faqCode": "4181",
  "faqTypeCode": "C",
  "isTop": "0",
  "moduleCode": "faq",
  "productId": null,
  "productCode": null,
  "postDate": 1403108704000,
  "seriesProductName": "MT2-L03",
  "visitedTimes": 455,
  "isUsefulFlag": null,
  "score": 0,
  "times": 0,
  "imageList": null,
  "displayType": "text",
  "justView": "0",
  "fileName": null,
  "filePath": null,
  "imagePath": null,
  "imageName": null,
  "productIdList": null,
  "curPage": null,
  "pageSize": null,
  "siteCode": null,
  "statusFlag": "Publish",
  "returnCode": 0,
  "totalRows": null,
  "keywords": "standard user interface simple switch, mate2, mate2",
  "avgScore": 0.0,
  "createDate": null,
  "totalPages": null
}