{
  "type": null,
  "faqId": 13222,
  "title": "The AutoPlay dialog box does not appear when connect E5373s-155 to PC with USB cable",
  "answer": " 1.Please check if the computer OS meets one of the following:   \r\n\r\n  Windows XP SP3, Windows Vista SP1/SP2, Windows 7, Windows 8, Windows 8.1 (does not support Windows RT) \r\n\r\n MAC OS X 10.7, 10.8 and 10.9 with latest upgrades \r\n\r\n Make sure E5373s-155 is turned on (OLED screen has lighten up and have WiFi icon has displayed information asQ4). To turn on E5373s-155, hold and press “Power Key![](http://consumer.huawei.com/support/servlet/imageServlet?dlType=HtmlAreaImage&imageId=39142)” for 3 second. If E5373s-155 is out of battery power, please charge it by USB cable or power adaptor. \r\n\r\n Find the drive path![](http://consumer.huawei.com/support/servlet/imageServlet?dlType=HtmlAreaImage&imageId=39143) ** Mobile WiFi**. It should appear as one virtual CD-ROM drive in![](http://consumer.huawei.com/support/servlet/imageServlet?dlType=HtmlAreaImage&imageId=39146)  . Double click![](http://consumer.huawei.com/support/servlet/imageServlet?dlType=HtmlAreaImage&imageId=39144)**Mobile WiFi** to open the folder of “E5373s-155”, double click “![](http://consumer.huawei.com/support/servlet/imageServlet?dlType=HtmlAreaImage&imageId=39147)AutoRun.exe” to install E5373s-155 and drivers manually.![](http://consumer.huawei.com/support/servlet/imageServlet?dlType=HtmlAreaImage&imageId=39149) \r\n\r\n    If the drive path![](http://consumer.huawei.com/support/servlet/imageServlet?dlType=HtmlAreaImage&imageId=39145)**Mobile WiFi **not showing up, make sure there is no damage on USB cable and no contamination at PC USB connectors. Try to re-plug in USB connectors (both end of USB cable) to E5373s-155 and computer again.",
  "faqTypeId": 318,
  "faqType": "Miscellaneous",
  "useful": 0,
  "unUseful": 1,
  "languageId": 1,
  "languageName": "en",
  "faqCode": "4266",
  "faqTypeCode": "MBB_Device-Others",
  "isTop": "0",
  "moduleCode": "faq",
  "productId": null,
  "productCode": null,
  "postDate": 1403490420000,
  "seriesProductName": "E5373s-155",
  "visitedTimes": 236,
  "isUsefulFlag": null,
  "score": 0,
  "times": 0,
  "imageList": null,
  "displayType": "text",
  "justView": "0",
  "fileName": null,
  "filePath": null,
  "imagePath": null,
  "imageName": null,
  "productIdList": null,
  "curPage": null,
  "pageSize": null,
  "siteCode": null,
  "statusFlag": "Publish",
  "returnCode": 0,
  "totalRows": null,
  "keywords": "E5373s-155",
  "avgScore": 0.0,
  "createDate": null,
  "totalPages": null
}