{
  "type": null,
  "faqId": 13227,
  "title": "E5373s-155’s signal is weak and cannot register to 4G network",
  "answer": " A: \r\n\r\n 1.       Please check local network condition, check whether there is 4G network which provided by telecom operator at the moment. Ensure you are not in some close environment. (You may check the signal strengthen by the icon  displayed on Web UI main page)![](http://consumer.huawei.com/support/servlet/imageServlet?dlType=HtmlAreaImage&imageId=39178) \r\n\r\n 2. Please move E5373s-155 toward to window to get better signal \r\n\r\n 3. If the network condition is good but still cannot register, please try to reset E5373s-155 and try again \r\n\r\n 4. Sometimes E5373s-155 will be rejected by the operator for some reasons. Please reset E5373s-155 and check. If E5373s-155 still cannot camp on the network, please contact with your device provider. \r\n\r\n 5. Login Web UI to check whether E5373s-155 has been set to 3G or 2G only mode. If your E5373s-155 has been set to 2G or 3G only, please select the 4G only option or Auto in the drop down menu.![](http://consumer.huawei.com/support/servlet/imageServlet?dlType=HtmlAreaImage&imageId=39179)",
  "faqTypeId": 313,
  "faqType": "Power-on/Power-off",
  "useful": 2,
  "unUseful": 5,
  "languageId": 1,
  "languageName": "en",
  "faqCode": "4271",
  "faqTypeCode": "MBB_Device-Power-On-Off",
  "isTop": "0",
  "moduleCode": "faq",
  "productId": null,
  "productCode": null,
  "postDate": 1403493419000,
  "seriesProductName": "E5373s-155",
  "visitedTimes": 372,
  "isUsefulFlag": null,
  "score": 0,
  "times": 0,
  "imageList": null,
  "displayType": "text",
  "justView": "0",
  "fileName": null,
  "filePath": null,
  "imagePath": null,
  "imageName": null,
  "productIdList": null,
  "curPage": null,
  "pageSize": null,
  "siteCode": null,
  "statusFlag": "Publish",
  "returnCode": 0,
  "totalRows": null,
  "keywords": "E5373s-155",
  "avgScore": 0.0,
  "createDate": null,
  "totalPages": null
}