{
  "type": null,
  "faqId": 13226,
  "title": "My device connected to E5373s-155’s wireless network, but cannot open Web UI",
  "answer": " A: \r\n\r\n 1. Double ![](http://consumer.huawei.com/support/servlet/imageServlet?dlType=HtmlAreaImage&imageId=39168) to check your wireless network connection on windows start bar. Make sure your device is connected with your E5373s-155 not other Wi-Fi device. \r\n\r\n 2. Open Web Browser from your device (ex. Microsoft Internet Explorer). Go *<u>http://192.168.8.1</u>* to open E5373s-155’s Web UI.![](http://consumer.huawei.com/support/servlet/imageServlet?dlType=HtmlAreaImage&imageId=39169) \r\n\r\n 3. If Web Browser failed to bring you to Web UI, click “Tool” from Browser then select “Internet Options”.![](http://consumer.huawei.com/support/servlet/imageServlet?dlType=HtmlAreaImage&imageId=39170) \r\n\r\n Select “Connections” tab, then click “LAN settings”. \r\n\r\n ![](http://consumer.huawei.com/support/servlet/imageServlet?dlType=HtmlAreaImage&imageId=39172) \r\n\r\n For the “Local Area Network (LAN) Settings” pop-up, uncheck the top three check-boxes. Then click “OK” to apply changes. \r\n\r\n ![](http://consumer.huawei.com/support/servlet/imageServlet?dlType=HtmlAreaImage&imageId=39173) \r\n\r\n Refresh the Web Browser to show E5373s-155 management console page.",
  "faqTypeId": 313,
  "faqType": "Power-on/Power-off",
  "useful": 6,
  "unUseful": 0,
  "languageId": 1,
  "languageName": "en",
  "faqCode": "4270",
  "faqTypeCode": "MBB_Device-Power-On-Off",
  "isTop": "0",
  "moduleCode": "faq",
  "productId": null,
  "productCode": null,
  "postDate": 1403492714000,
  "seriesProductName": "E5373s-155",
  "visitedTimes": 194,
  "isUsefulFlag": null,
  "score": 0,
  "times": 0,
  "imageList": null,
  "displayType": "text",
  "justView": "0",
  "fileName": null,
  "filePath": null,
  "imagePath": null,
  "imageName": null,
  "productIdList": null,
  "curPage": null,
  "pageSize": null,
  "siteCode": null,
  "statusFlag": "Publish",
  "returnCode": 0,
  "totalRows": null,
  "keywords": "E5373s-155",
  "avgScore": 0.0,
  "createDate": null,
  "totalPages": null
}