{
  "type": null,
  "faqId": 13223,
  "title": "Check whether E5373s-155 has been successfully installed",
  "answer": "    1. Click![](http://consumer.huawei.com/support/servlet/imageServlet?dlType=HtmlAreaImage&imageId=39154)  and find “My Computer” as![](http://consumer.huawei.com/support/servlet/imageServlet?dlType=HtmlAreaImage&imageId=39155) . Right click “My Computer” select “Manage” to open the “Computer Management” Click “![](http://consumer.huawei.com/support/servlet/imageServlet?dlType=HtmlAreaImage&imageId=39156)”. If E5373s-155 has been installed successfully, You would see one new “com port” and “HUAWEI Mobil Connect – Network Adapter” displayed in![](http://consumer.huawei.com/support/servlet/imageServlet?dlType=HtmlAreaImage&imageId=39157).![](http://consumer.huawei.com/support/servlet/imageServlet?dlType=HtmlAreaImage&imageId=39158) \r\n\r\n If “HUAWEI Mobil Connect – Network Adapter” shows![](http://consumer.huawei.com/support/servlet/imageServlet?dlType=HtmlAreaImage&imageId=39159), right click it then select “Uninstall”. Re-load the network driver for E5373s-155 by right click![](http://consumer.huawei.com/support/servlet/imageServlet?dlType=HtmlAreaImage&imageId=39160), then select “Scan for hardware changes”.",
  "faqTypeId": 318,
  "faqType": "Miscellaneous",
  "useful": 2,
  "unUseful": 1,
  "languageId": 1,
  "languageName": "en",
  "faqCode": "4267",
  "faqTypeCode": "MBB_Device-Others",
  "isTop": "0",
  "moduleCode": "faq",
  "productId": null,
  "productCode": null,
  "postDate": 1403491235000,
  "seriesProductName": "E5373s-155",
  "visitedTimes": 543,
  "isUsefulFlag": null,
  "score": 0,
  "times": 0,
  "imageList": null,
  "displayType": "text",
  "justView": "0",
  "fileName": null,
  "filePath": null,
  "imagePath": null,
  "imageName": null,
  "productIdList": null,
  "curPage": null,
  "pageSize": null,
  "siteCode": null,
  "statusFlag": "Publish",
  "returnCode": 0,
  "totalRows": null,
  "keywords": "E5373s-155",
  "avgScore": 0.0,
  "createDate": null,
  "totalPages": null
}