{
  "type": null,
  "faqId": 13221,
  "title": "Keys, Interface of E5373s-155",
  "answer": "![](http://consumer.huawei.com/support/servlet/imageServlet?dlType=HtmlAreaImage&imageId=39136)",
  "faqTypeId": 318,
  "faqType": "Miscellaneous",
  "useful": 1,
  "unUseful": 2,
  "languageId": 1,
  "languageName": "en",
  "faqCode": "4261",
  "faqTypeCode": "MBB_Device-Others",
  "isTop": "0",
  "moduleCode": "faq",
  "productId": null,
  "productCode": null,
  "postDate": 1403488581000,
  "seriesProductName": "E5373s-155",
  "visitedTimes": 153,
  "isUsefulFlag": null,
  "score": 0,
  "times": 0,
  "imageList": null,
  "displayType": "text",
  "justView": "0",
  "fileName": null,
  "filePath": null,
  "imagePath": null,
  "imageName": null,
  "productIdList": null,
  "curPage": null,
  "pageSize": null,
  "siteCode": null,
  "statusFlag": "Publish",
  "returnCode": 0,
  "totalRows": null,
  "keywords": null,
  "avgScore": 0.0,
  "createDate": null,
  "totalPages": null
}