{
  "type": null,
  "faqId": 13234,
  "title": "Duration statistics of the Internet connection are not accurate.",
  "answer": " A: This is a bug in earlier versions. You can click Clear History to delete all current wrong statistics. \r\n\n![](http://consumer.huawei.com/support/servlet/imageServlet?dlType=HtmlAreaImage&imageId=39185)",
  "faqTypeId": 318,
  "faqType": "Miscellaneous",
  "useful": 0,
  "unUseful": 0,
  "languageId": 1,
  "languageName": "en",
  "faqCode": "4278",
  "faqTypeCode": "MBB_Device-Others",
  "isTop": "0",
  "moduleCode": "faq",
  "productId": null,
  "productCode": null,
  "postDate": 1403495047000,
  "seriesProductName": "E5373s-155",
  "visitedTimes": 63,
  "isUsefulFlag": null,
  "score": 0,
  "times": 0,
  "imageList": null,
  "displayType": "text",
  "justView": "0",
  "fileName": null,
  "filePath": null,
  "imagePath": null,
  "imageName": null,
  "productIdList": null,
  "curPage": null,
  "pageSize": null,
  "siteCode": null,
  "statusFlag": "Publish",
  "returnCode": 0,
  "totalRows": null,
  "keywords": "E5373s-155",
  "avgScore": 0.0,
  "createDate": null,
  "totalPages": null
}