{
  "type": null,
  "faqId": 13230,
  "title": "I forget my Wi-Fi key and Web login password I can’t login my E5373s-155",
  "answer": " A: If you forget your Web login password, you needn’t to worry. Try to restore your E5373s-155 as following step \r\n\r\n Press and hold the RESET button until OLED screen is off then E5373s-155 will restart, after E5373s-155 has boot up all the password will be restored to default. \r\n\r\n **Notice: After restored E5373s-155 all the user settings will be restored to default settings. ** \r\n\r\n If you only forget your WiFi Key, try to set the new WiFi key in the “WLAN Basic Setting” page, input new WIFI key directly in WPA Pre Shared Key bar or select show password option the view the password. \r\n\r\n  ![](http://consumer.huawei.com/support/servlet/imageServlet?dlType=HtmlAreaImage&imageId=39180) \r\n\r\n **In addition, ****view the current SSID and wireless network encryption key on the screen.**",
  "faqTypeId": 310,
  "faqType": "Installation and Settings",
  "useful": 2,
  "unUseful": 1,
  "languageId": 1,
  "languageName": "en",
  "faqCode": "4274",
  "faqTypeCode": "MBB_Device-Installing-Settings",
  "isTop": "0",
  "moduleCode": "faq",
  "productId": null,
  "productCode": null,
  "postDate": 1403494169000,
  "seriesProductName": "E5373s-155",
  "visitedTimes": 331,
  "isUsefulFlag": null,
  "score": 0,
  "times": 0,
  "imageList": null,
  "displayType": "text",
  "justView": "0",
  "fileName": null,
  "filePath": null,
  "imagePath": null,
  "imageName": null,
  "productIdList": null,
  "curPage": null,
  "pageSize": null,
  "siteCode": null,
  "statusFlag": "Publish",
  "returnCode": 0,
  "totalRows": null,
  "keywords": "E5373s-155",
  "avgScore": 0.0,
  "createDate": null,
  "totalPages": null
}