{
  "type": null,
  "faqId": 13235,
  "title": "Will the Mobile WiFi connect to the Internet automatically if I roam to a different network?",
  "answer": " A: \r\n\r\n  Please check the connection mode of your Mobile WiFi firstly. \r\n\r\n ![](http://consumer.huawei.com/support/servlet/imageServlet?dlType=HtmlAreaImage&imageId=39186) \r\n\r\n l  **Auto** mode: \r\n\r\n n    **Automatically connect even when roaming** is selected by default. If you roam to a different network with the Mobile WiFi, it will automatically disconnect an established network connection. If you need to access the Internet from the new network, you must re-establish a network connection. \r\n\r\n n    If **Automatically connect even when roaming** is not selected, the established network connection will not be effected by roaming state of the network",
  "faqTypeId": 309,
  "faqType": "Connection and Data",
  "useful": 6,
  "unUseful": 1,
  "languageId": 1,
  "languageName": "en",
  "faqCode": "4279",
  "faqTypeCode": "MBB_Device-Connection-Data",
  "isTop": "0",
  "moduleCode": "faq",
  "productId": null,
  "productCode": null,
  "postDate": 1403495169000,
  "seriesProductName": "E5373s-155",
  "visitedTimes": 317,
  "isUsefulFlag": null,
  "score": 0,
  "times": 0,
  "imageList": null,
  "displayType": "text",
  "justView": "0",
  "fileName": null,
  "filePath": null,
  "imagePath": null,
  "imageName": null,
  "productIdList": null,
  "curPage": null,
  "pageSize": null,
  "siteCode": null,
  "statusFlag": "Publish",
  "returnCode": 0,
  "totalRows": null,
  "keywords": "E5373s-155",
  "avgScore": 0.0,
  "createDate": null,
  "totalPages": null
}