{
  "type": null,
  "faqId": 13232,
  "title": "I feel my E5373s-155 getting hot after long hours usage. Is there safety concern?",
  "answer": " A: \r\n\r\n Like most other electronic devices, E5373s-155 get hotter during charge or big data transfer. It is a quite normal phenomenon if working in regular office environment. Even if it works in hot environment, E5373s-155 will automatically safety protections if its temperature too high, please rest assured that the use of device.  (Please don’t use E5373s-155 in close environment; it will cause poor signal and high heat of your E5373s-155)",
  "faqTypeId": 318,
  "faqType": "Miscellaneous",
  "useful": 2,
  "unUseful": 1,
  "languageId": 1,
  "languageName": "en",
  "faqCode": "4276",
  "faqTypeCode": "MBB_Device-Others",
  "isTop": "0",
  "moduleCode": "faq",
  "productId": null,
  "productCode": null,
  "postDate": 1403494472000,
  "seriesProductName": "E5373s-155",
  "visitedTimes": 78,
  "isUsefulFlag": null,
  "score": 0,
  "times": 0,
  "imageList": null,
  "displayType": "text",
  "justView": "0",
  "fileName": null,
  "filePath": null,
  "imagePath": null,
  "imageName": null,
  "productIdList": null,
  "curPage": null,
  "pageSize": null,
  "siteCode": null,
  "statusFlag": "Publish",
  "returnCode": 0,
  "totalRows": null,
  "keywords": "E5373s-155",
  "avgScore": 0.0,
  "createDate": null,
  "totalPages": null
}