{
  "type": null,
  "faqId": 13231,
  "title": "How long it may take to fully charge E5373s-155 and how long E5373s-155 can work by using the fully charged battery?",
  "answer": " A: \r\n\r\n 1. Time to full charge E5373s-155 battery \r\n\r\n Device off charged by AC charger:** about 3h** \r\n\r\n 2. Maximum working time(Attention：It’s depend on the network status and environment temperature): \r\n\r\n Using battery and WI-FI enabled (with data transmission):about 6hours. \r\n\r\n Using battery and WI-FI disabled (standby mode):about 300h \r\n\r\n Some improper uses will influent the life of battery, for example: used under high/low temperature and humid environment, leaving battery unused for long time, the battery be charged and discharged for too many times \r\n\r\n    The operating temperature required by the battery is 0℃to+35℃,the storage temperature is -20℃to +60℃  ( the ideal value is 35℃)，the relative humidity is 5℃-95℃（the ideal value is 55℃）.",
  "faqTypeId": 318,
  "faqType": "Miscellaneous",
  "useful": 1,
  "unUseful": 0,
  "languageId": 1,
  "languageName": "en",
  "faqCode": "4275",
  "faqTypeCode": "MBB_Device-Others",
  "isTop": "0",
  "moduleCode": "faq",
  "productId": null,
  "productCode": null,
  "postDate": 1403494322000,
  "seriesProductName": "E5373s-155",
  "visitedTimes": 141,
  "isUsefulFlag": null,
  "score": 0,
  "times": 0,
  "imageList": null,
  "displayType": "text",
  "justView": "0",
  "fileName": null,
  "filePath": null,
  "imagePath": null,
  "imageName": null,
  "productIdList": null,
  "curPage": null,
  "pageSize": null,
  "siteCode": null,
  "statusFlag": "Publish",
  "returnCode": 0,
  "totalRows": null,
  "keywords": "E5373s-155",
  "avgScore": 0.0,
  "createDate": null,
  "totalPages": null
}