{
  "type": null,
  "faqId": 13242,
  "title": "What information displayed on E5377Bs-508’s OLED screen?",
  "answer": " **A: **Information you can read from the OLED screen of E5377Bs-508 showed below: \r\n\r\n ![](http://consumer.huawei.com/support/servlet/imageServlet?dlType=HtmlAreaImage&imageId=39244) \r\n\r\n ![](http://consumer.huawei.com/support/servlet/imageServlet?dlType=HtmlAreaImage&imageId=39246)![](http://consumer.huawei.com/support/servlet/imageServlet?dlType=HtmlAreaImage&imageId=39247)![](http://consumer.huawei.com/support/servlet/imageServlet?dlType=HtmlAreaImage&imageId=39245)",
  "faqTypeId": 318,
  "faqType": "Miscellaneous",
  "useful": 0,
  "unUseful": 2,
  "languageId": 1,
  "languageName": "en",
  "faqCode": "4283",
  "faqTypeCode": "MBB_Device-Others",
  "isTop": "0",
  "moduleCode": "faq",
  "productId": null,
  "productCode": null,
  "postDate": 1403518687000,
  "seriesProductName": "E5377Bs-508",
  "visitedTimes": 72,
  "isUsefulFlag": null,
  "score": 0,
  "times": 0,
  "imageList": null,
  "displayType": "text",
  "justView": "0",
  "fileName": null,
  "filePath": null,
  "imagePath": null,
  "imageName": null,
  "productIdList": null,
  "curPage": null,
  "pageSize": null,
  "siteCode": null,
  "statusFlag": "Publish",
  "returnCode": 0,
  "totalRows": null,
  "keywords": "E5377Bs-508",
  "avgScore": 0.0,
  "createDate": null,
  "totalPages": null
}