{
  "type": null,
  "faqId": 13261,
  "title": "My device connected to E5377Bs-508’s wireless network, but cannot open Web UI",
  "answer": " A: \r\n\r\n 1. Double  to check![](http://consumer.huawei.com/support/servlet/imageServlet?dlType=HtmlAreaImage&imageId=39254) your wireless network connection on windows start bar. Make sure your device is connected with your E5377Bs-508 not other Wi-Fi device. \r\n\r\n 2. Open Web Browser from your device (ex. Microsoft Internet Explorer). Go *<u>http://192.168.8.1</u>* to open E5377Bs-508’s Web UI. \r\n\n![](http://consumer.huawei.com/support/servlet/imageServlet?dlType=HtmlAreaImage&imageId=39255)![](http://consumer.huawei.com/support/servlet/imageServlet?dlType=HtmlAreaImage&imageId=39256)",
  "faqTypeId": 313,
  "faqType": "Power-on/Power-off",
  "useful": 6,
  "unUseful": 0,
  "languageId": 1,
  "languageName": "en",
  "faqCode": "4285",
  "faqTypeCode": "MBB_Device-Power-On-Off",
  "isTop": "0",
  "moduleCode": "faq",
  "productId": null,
  "productCode": null,
  "postDate": 1403519378000,
  "seriesProductName": "E5377Bs-508",
  "visitedTimes": 267,
  "isUsefulFlag": null,
  "score": 0,
  "times": 0,
  "imageList": null,
  "displayType": "text",
  "justView": "0",
  "fileName": null,
  "filePath": null,
  "imagePath": null,
  "imageName": null,
  "productIdList": null,
  "curPage": null,
  "pageSize": null,
  "siteCode": null,
  "statusFlag": "Publish",
  "returnCode": 0,
  "totalRows": null,
  "keywords": "E5377Bs-508",
  "avgScore": 0.0,
  "createDate": null,
  "totalPages": null
}