{
  "type": null,
  "faqId": 13262,
  "title": "E5377Bs-508’s signal is weak and cannot register to 4G network",
  "answer": "![](http://consumer.huawei.com/support/servlet/imageServlet?dlType=HtmlAreaImage&imageId=39257)![](http://consumer.huawei.com/support/servlet/imageServlet?dlType=HtmlAreaImage&imageId=39258)",
  "faqTypeId": 313,
  "faqType": "Power-on/Power-off",
  "useful": 0,
  "unUseful": 1,
  "languageId": 1,
  "languageName": "en",
  "faqCode": "4286",
  "faqTypeCode": "MBB_Device-Power-On-Off",
  "isTop": "0",
  "moduleCode": "faq",
  "productId": null,
  "productCode": null,
  "postDate": 1403519487000,
  "seriesProductName": "E5377Bs-508",
  "visitedTimes": 113,
  "isUsefulFlag": null,
  "score": 0,
  "times": 0,
  "imageList": null,
  "displayType": "text",
  "justView": "0",
  "fileName": null,
  "filePath": null,
  "imagePath": null,
  "imageName": null,
  "productIdList": null,
  "curPage": null,
  "pageSize": null,
  "siteCode": null,
  "statusFlag": "Publish",
  "returnCode": 0,
  "totalRows": null,
  "keywords": "E5377Bs-508",
  "avgScore": 0.0,
  "createDate": null,
  "totalPages": null
}