{
  "type": null,
  "faqId": 13282,
  "title": "How can I get version information of my E5377s-32？",
  "answer": "![](http://consumer.huawei.com/support/servlet/imageServlet?dlType=HtmlAreaImage&imageId=39323)",
  "faqTypeId": 318,
  "faqType": "Miscellaneous",
  "useful": 35,
  "unUseful": 27,
  "languageId": 1,
  "languageName": "en",
  "faqCode": "4324",
  "faqTypeCode": "MBB_Device-Others",
  "isTop": "0",
  "moduleCode": "faq",
  "productId": null,
  "productCode": null,
  "postDate": 1403595304000,
  "seriesProductName": "E5377s-32",
  "visitedTimes": 3336,
  "isUsefulFlag": null,
  "score": 0,
  "times": 0,
  "imageList": null,
  "displayType": "text",
  "justView": "0",
  "fileName": null,
  "filePath": null,
  "imagePath": null,
  "imageName": null,
  "productIdList": null,
  "curPage": null,
  "pageSize": null,
  "siteCode": null,
  "statusFlag": "Publish",
  "returnCode": 0,
  "totalRows": null,
  "keywords": "E5377s-32",
  "avgScore": 0.0,
  "createDate": null,
  "totalPages": null
}