{
  "type": null,
  "faqId": 13285,
  "title": "Keys, Interface of E5377Ts-32",
  "answer": "![](http://consumer.huawei.com/support/servlet/imageServlet?dlType=HtmlAreaImage&imageId=39343)",
  "faqTypeId": 318,
  "faqType": "Miscellaneous",
  "useful": 10,
  "unUseful": 7,
  "languageId": 1,
  "languageName": "en",
  "faqCode": "4326",
  "faqTypeCode": "MBB_Device-Others",
  "isTop": "0",
  "moduleCode": "faq",
  "productId": null,
  "productCode": null,
  "postDate": 1403598743000,
  "seriesProductName": "E5377Ts-32",
  "visitedTimes": 1141,
  "isUsefulFlag": null,
  "score": 0,
  "times": 0,
  "imageList": null,
  "displayType": "text",
  "justView": "0",
  "fileName": null,
  "filePath": null,
  "imagePath": null,
  "imageName": null,
  "productIdList": null,
  "curPage": null,
  "pageSize": null,
  "siteCode": null,
  "statusFlag": "Publish",
  "returnCode": 0,
  "totalRows": null,
  "keywords": "E5377Ts-32",
  "avgScore": 0.0,
  "createDate": null,
  "totalPages": null
}