{
  "type": null,
  "faqId": 13289,
  "title": "E5377Ts-32’s signal is weak and cannot register to 4G network",
  "answer": "![](http://consumer.huawei.com/support/servlet/imageServlet?dlType=HtmlAreaImage&imageId=39351)![](http://consumer.huawei.com/support/servlet/imageServlet?dlType=HtmlAreaImage&imageId=39352)",
  "faqTypeId": 309,
  "faqType": "Connection and Data",
  "useful": 178,
  "unUseful": 9,
  "languageId": 1,
  "languageName": "en",
  "faqCode": "4310",
  "faqTypeCode": "MBB_Device-Connection-Data",
  "isTop": "0",
  "moduleCode": "faq",
  "productId": null,
  "productCode": null,
  "postDate": 1403599617000,
  "seriesProductName": "E5377Ts-32",
  "visitedTimes": 1987,
  "isUsefulFlag": null,
  "score": 0,
  "times": 0,
  "imageList": null,
  "displayType": "text",
  "justView": "0",
  "fileName": null,
  "filePath": null,
  "imagePath": null,
  "imageName": null,
  "productIdList": null,
  "curPage": null,
  "pageSize": null,
  "siteCode": null,
  "statusFlag": "Publish",
  "returnCode": 0,
  "totalRows": null,
  "keywords": "E5377Ts-32",
  "avgScore": 0.0,
  "createDate": null,
  "totalPages": null
}