{
  "type": null,
  "faqId": 13287,
  "title": "What information displayed on E5377Ts-32’s OLED screen?",
  "answer": "![](http://consumer.huawei.com/support/servlet/imageServlet?dlType=HtmlAreaImage&imageId=39347)![](http://consumer.huawei.com/support/servlet/imageServlet?dlType=HtmlAreaImage&imageId=39348)",
  "faqTypeId": 263,
  "faqType": "Hardware and Appearance",
  "useful": 10,
  "unUseful": 5,
  "languageId": 1,
  "languageName": "en",
  "faqCode": "4327",
  "faqTypeCode": "Handsets-Hardware-Appearance",
  "isTop": "0",
  "moduleCode": "faq",
  "productId": null,
  "productCode": null,
  "postDate": 1403599183000,
  "seriesProductName": "E5377Ts-32",
  "visitedTimes": 715,
  "isUsefulFlag": null,
  "score": 0,
  "times": 0,
  "imageList": null,
  "displayType": "text",
  "justView": "0",
  "fileName": null,
  "filePath": null,
  "imagePath": null,
  "imageName": null,
  "productIdList": null,
  "curPage": null,
  "pageSize": null,
  "siteCode": null,
  "statusFlag": "Publish",
  "returnCode": 0,
  "totalRows": null,
  "keywords": "E5377Ts-32",
  "avgScore": 0.0,
  "createDate": null,
  "totalPages": null
}