{
  "type": null,
  "faqId": 13281,
  "title": "What information displayed on E5377Bs-605’s OLED screen?",
  "answer": " **A: **Information you can read from the OLED screen of E5377Bs-605 showed below:![](http://consumer.huawei.com/support/servlet/imageServlet?dlType=HtmlAreaImage&imageId=39317)",
  "faqTypeId": 318,
  "faqType": "Miscellaneous",
  "useful": 1,
  "unUseful": 0,
  "languageId": 1,
  "languageName": "en",
  "faqCode": "4305",
  "faqTypeCode": "MBB_Device-Others",
  "isTop": "0",
  "moduleCode": "faq",
  "productId": null,
  "productCode": null,
  "postDate": 1403590978000,
  "seriesProductName": "E5377Bs-605",
  "visitedTimes": 88,
  "isUsefulFlag": null,
  "score": 0,
  "times": 0,
  "imageList": null,
  "displayType": "text",
  "justView": "0",
  "fileName": null,
  "filePath": null,
  "imagePath": null,
  "imageName": null,
  "productIdList": null,
  "curPage": null,
  "pageSize": null,
  "siteCode": null,
  "statusFlag": "Publish",
  "returnCode": 0,
  "totalRows": null,
  "keywords": "E5377Bs-605",
  "avgScore": 0.0,
  "createDate": null,
  "totalPages": null
}