{
  "type": null,
  "faqId": 13284,
  "title": "My E5377Ts-32 cann't be charged?",
  "answer": " A: \r\n\r\n  1.Check whether the adpter is standard.If not,please use the standard adapter to charge.The power supplied by the adpter is more reliable than the one supplied by the computer with USB cable. \r\n\r\n 2.The case temperature will get high after a long time using.You'd better pause using and charge your E5.Security risk exists when E5 is being charged with a high temperature. \r\n\r\n Third,if the battery is over-discharge,the charging tips will occur after 5min charging. \r\n\r\n 3.If the battery is over-discharge, plug in the charger when it is not shown, you need to wait 5min trickle charge after charging to display \r\n\r\n 4.Ff the battery voltage is  high, we make some designs to extend battery life such as consider temporarily out of battery life without recharging .So there may not be charging tips when it is be pluged in the adapter .",
  "faqTypeId": 318,
  "faqType": "Miscellaneous",
  "useful": 5,
  "unUseful": 5,
  "languageId": 1,
  "languageName": "en",
  "faqCode": "4308",
  "faqTypeCode": "MBB_Device-Others",
  "isTop": "0",
  "moduleCode": "faq",
  "productId": null,
  "productCode": null,
  "postDate": 1403598628000,
  "seriesProductName": "E5377Ts-32",
  "visitedTimes": 815,
  "isUsefulFlag": null,
  "score": 0,
  "times": 0,
  "imageList": null,
  "displayType": "text",
  "justView": "0",
  "fileName": null,
  "filePath": null,
  "imagePath": null,
  "imageName": null,
  "productIdList": null,
  "curPage": null,
  "pageSize": null,
  "siteCode": null,
  "statusFlag": "Publish",
  "returnCode": 0,
  "totalRows": null,
  "keywords": "E5377Ts-32",
  "avgScore": 0.0,
  "createDate": null,
  "totalPages": null
}