{
  "type": null,
  "faqId": 13288,
  "title": "My device connected to E5377Ts-32’s wireless network, but cannot open Web UI",
  "answer": "![](http://consumer.huawei.com/support/servlet/imageServlet?dlType=HtmlAreaImage&imageId=39349)![](http://consumer.huawei.com/support/servlet/imageServlet?dlType=HtmlAreaImage&imageId=39350)",
  "faqTypeId": 309,
  "faqType": "Connection and Data",
  "useful": 6,
  "unUseful": 10,
  "languageId": 1,
  "languageName": "en",
  "faqCode": "4328",
  "faqTypeCode": "MBB_Device-Connection-Data",
  "isTop": "0",
  "moduleCode": "faq",
  "productId": null,
  "productCode": null,
  "postDate": 1403599513000,
  "seriesProductName": "E5377Ts-32",
  "visitedTimes": 1596,
  "isUsefulFlag": null,
  "score": 0,
  "times": 0,
  "imageList": null,
  "displayType": "text",
  "justView": "0",
  "fileName": null,
  "filePath": null,
  "imagePath": null,
  "imageName": null,
  "productIdList": null,
  "curPage": null,
  "pageSize": null,
  "siteCode": null,
  "statusFlag": "Publish",
  "returnCode": 0,
  "totalRows": null,
  "keywords": "E5377Ts-32",
  "avgScore": 0.0,
  "createDate": null,
  "totalPages": null
}