{
  "type": null,
  "faqId": 13304,
  "title": "The AutoPlay dialog box does not appear when connect E5377Bs-605 to PC with USB cable",
  "answer": " A: \r\n\r\n 1. Please check if the computer OS meets one of the following:  \r\n\r\n (1)     Windows XP(32 bit) / Windows Vista / Windows 7/ Windows 8 \r\n\r\n (2)     MAC OS X 10.5, MAC OS X 10.6, MAC OS X 10.7/MAC OS X 10.8 \r\n\r\n 2. Make sure E5377Bs-605 is turned on (OLED screen has lighten up and have WiFi icon has displayed information as Q4). To turn on E5377Bs-605, hold and press “Power Key![](http://consumer.huawei.com/support/servlet/imageServlet?dlType=HtmlAreaImage&imageId=39321)” for 3 second. If E5377Bs-605 is out of battery power, please charge it by USB cable or power adaptor. \r\n\n![](http://consumer.huawei.com/support/servlet/imageServlet?dlType=HtmlAreaImage&imageId=39322)",
  "faqTypeId": 318,
  "faqType": "Miscellaneous",
  "useful": 3,
  "unUseful": 3,
  "languageId": 1,
  "languageName": "en",
  "faqCode": "4323",
  "faqTypeCode": "MBB_Device-Others",
  "isTop": "0",
  "moduleCode": "faq",
  "productId": null,
  "productCode": null,
  "postDate": 1403594740000,
  "seriesProductName": "E5377Bs-605",
  "visitedTimes": 335,
  "isUsefulFlag": null,
  "score": 0,
  "times": 0,
  "imageList": null,
  "displayType": "text",
  "justView": "0",
  "fileName": null,
  "filePath": null,
  "imagePath": null,
  "imageName": null,
  "productIdList": null,
  "curPage": null,
  "pageSize": null,
  "siteCode": null,
  "statusFlag": "Publish",
  "returnCode": 0,
  "totalRows": null,
  "keywords": "E5377Bs-605",
  "avgScore": 0.0,
  "createDate": null,
  "totalPages": null
}