{
  "type": null,
  "faqId": 13302,
  "title": "I forget my Wi-Fi key and Web login password I can’t login my E5377Bs-605",
  "answer": "![](http://consumer.huawei.com/support/servlet/imageServlet?dlType=HtmlAreaImage&imageId=39318)",
  "faqTypeId": 309,
  "faqType": "Connection and Data",
  "useful": 1,
  "unUseful": 0,
  "languageId": 1,
  "languageName": "en",
  "faqCode": "4306",
  "faqTypeCode": "MBB_Device-Connection-Data",
  "isTop": "0",
  "moduleCode": "faq",
  "productId": null,
  "productCode": null,
  "postDate": 1403591984000,
  "seriesProductName": "E5377Bs-605",
  "visitedTimes": 419,
  "isUsefulFlag": null,
  "score": 0,
  "times": 0,
  "imageList": null,
  "displayType": "text",
  "justView": "0",
  "fileName": null,
  "filePath": null,
  "imagePath": null,
  "imageName": null,
  "productIdList": null,
  "curPage": null,
  "pageSize": null,
  "siteCode": null,
  "statusFlag": "Publish",
  "returnCode": 0,
  "totalRows": null,
  "keywords": "E5377Bs-605",
  "avgScore": 0.0,
  "createDate": null,
  "totalPages": null
}