{
  "type": null,
  "faqId": 13534,
  "title": "G510 How do I save battery power?",
  "answer": "To save battery power, touch Power saving mode in Settings, or perform the following  \r\n\noperations as required:  \r\n\nWhen you are not using the phone, press the Power key to turn off the screen.  \r\n\nTouch Settings > All > Display > Sleep to set the timeout period to a small value.  \r\n\nTouch Settings > All > Display > Brightness to set the brightness to a small value.  \r\n\nTouch Settings > All and turn off Wi-Fi and Bluetooth. You can also turn off Wi-Fi and  \r\n\nBluetooth from the notification panel.  \r\n\nDrag the status bar down to display the notification panel. Turn off data synchronization.  \r\n\nTouch Settings > All > Mobile networks and clear Data enabled to disable the data  \r\n\nservice. You can also turn off the data service from the notification panel.  \r\n\nTouch Settings > All > Location services and clear GPS satellites to disable the GPS  \r\n\nfunction. You can also turn off the GPS function from the notification panel.",
  "faqTypeId": null,
  "faqType": null,
  "useful": 0,
  "unUseful": 0,
  "languageId": 1,
  "languageName": "en",
  "faqCode": "4712",
  "faqTypeCode": null,
  "isTop": "0",
  "moduleCode": "faq",
  "productId": null,
  "productCode": null,
  "postDate": 1404919595000,
  "seriesProductName": "G510-0100",
  "visitedTimes": 336,
  "isUsefulFlag": null,
  "score": 0,
  "times": 0,
  "imageList": null,
  "displayType": "text",
  "justView": "0",
  "fileName": null,
  "filePath": null,
  "imagePath": null,
  "imageName": null,
  "productIdList": null,
  "curPage": null,
  "pageSize": null,
  "siteCode": null,
  "statusFlag": "Publish",
  "returnCode": 0,
  "totalRows": null,
  "keywords": null,
  "avgScore": 0.0,
  "createDate": null,
  "totalPages": null
}