{
  "type": null,
  "faqId": 13535,
  "title": "G510 How do I use USB tethering if I connect my phone to a computer running Windows Vista or Windows 7?",
  "answer": "Use a USB cable to connect your phone to the computer. The computer automatically installs  \r\n\nthe driver for your phone.  \r\n\nConnect your phone (with a SIM or USIM card installed) to the computer and touch  \r\n\nSettings > All > More > Tethering & portable hotspot and select USB tethering.",
  "faqTypeId": null,
  "faqType": null,
  "useful": 13,
  "unUseful": 17,
  "languageId": 1,
  "languageName": "en",
  "faqCode": "4721",
  "faqTypeCode": null,
  "isTop": "0",
  "moduleCode": "faq",
  "productId": null,
  "productCode": null,
  "postDate": 1404920101000,
  "seriesProductName": "G510-0100",
  "visitedTimes": 1127,
  "isUsefulFlag": null,
  "score": 0,
  "times": 0,
  "imageList": null,
  "displayType": "text",
  "justView": "0",
  "fileName": null,
  "filePath": null,
  "imagePath": null,
  "imageName": null,
  "productIdList": null,
  "curPage": null,
  "pageSize": null,
  "siteCode": null,
  "statusFlag": "Publish",
  "returnCode": 0,
  "totalRows": null,
  "keywords": null,
  "avgScore": 0.0,
  "createDate": null,
  "totalPages": null
}