{
  "type": null,
  "faqId": 13533,
  "title": "G510 How do I save data traffic?",
  "answer": " Disable the data service when you are not using it. \r\n\r\n When Wi-Fi is available, connect your phone to a Wi-Fi network and disable the data \r\n\r\n service. \r\n\r\n Access Wireless Access Protocol (WAP) sites instead of World Wide Web \r\n\r\n (WWW) websites. \r\n\r\n Drag the status bar down to display the notification panel. Turn off data synchronization.",
  "faqTypeId": null,
  "faqType": null,
  "useful": 0,
  "unUseful": 0,
  "languageId": 1,
  "languageName": "en",
  "faqCode": "4679",
  "faqTypeCode": null,
  "isTop": "0",
  "moduleCode": "faq",
  "productId": null,
  "productCode": null,
  "postDate": 1404919434000,
  "seriesProductName": "G510-0100",
  "visitedTimes": 59,
  "isUsefulFlag": null,
  "score": 0,
  "times": 0,
  "imageList": null,
  "displayType": "text",
  "justView": "0",
  "fileName": null,
  "filePath": null,
  "imagePath": null,
  "imageName": null,
  "productIdList": null,
  "curPage": null,
  "pageSize": null,
  "siteCode": null,
  "statusFlag": "Publish",
  "returnCode": 0,
  "totalRows": null,
  "keywords": null,
  "avgScore": 0.0,
  "createDate": null,
  "totalPages": null
}