{
  "type": null,
  "faqId": 13541,
  "title": "P6 How do I import contacts to or export contacts from the SIM",
  "answer": "  Importing contacts to the SIM card  \r\n 1. Touch Contacts > > Manage contacts > Copy contacts > Phone.  \r\n 2. Select the desired contacts, and touch Copy > SIM > OK. \r\n\r\n ![](http://consumer.huawei.com/support/servlet/imageServlet?dlType=HtmlAreaImage&imageId=41188) \r\n\r\n Exporting contacts from a SIM card  \r\n 1. Touch Contacts > > Manage contacts > Copy contacts > SIM.  \r\n 2. Select the desired contacts, and touch Copy > Phone > OK.",
  "faqTypeId": null,
  "faqType": null,
  "useful": 0,
  "unUseful": 0,
  "languageId": 1,
  "languageName": "en",
  "faqCode": "4701",
  "faqTypeCode": null,
  "isTop": "0",
  "moduleCode": "faq",
  "productId": null,
  "productCode": null,
  "postDate": 1404910771000,
  "seriesProductName": "",
  "visitedTimes": 9,
  "isUsefulFlag": null,
  "score": 0,
  "times": 0,
  "imageList": null,
  "displayType": "text",
  "justView": "0",
  "fileName": null,
  "filePath": null,
  "imagePath": null,
  "imageName": null,
  "productIdList": null,
  "curPage": null,
  "pageSize": null,
  "siteCode": null,
  "statusFlag": "Publish",
  "returnCode": 0,
  "totalRows": null,
  "keywords": null,
  "avgScore": 0.0,
  "createDate": null,
  "totalPages": null
}