{
  "type": null,
  "faqId": 13559,
  "title": "G510 How do I enable or disable my phone's mobile data",
  "answer": "To enable your phone's mobile data connection, touch the Menu key then Settings > All >  \r\n\nMobile networks, and select Data enabled. To disable the connection, clear Data enabled.",
  "faqTypeId": null,
  "faqType": null,
  "useful": 3,
  "unUseful": 4,
  "languageId": 1,
  "languageName": "en",
  "faqCode": "4715",
  "faqTypeCode": null,
  "isTop": "0",
  "moduleCode": "faq",
  "productId": null,
  "productCode": null,
  "postDate": 1404920344000,
  "seriesProductName": "G510-0100",
  "visitedTimes": 202,
  "isUsefulFlag": null,
  "score": 0,
  "times": 0,
  "imageList": null,
  "displayType": "text",
  "justView": "0",
  "fileName": null,
  "filePath": null,
  "imagePath": null,
  "imageName": null,
  "productIdList": null,
  "curPage": null,
  "pageSize": null,
  "siteCode": null,
  "statusFlag": "Publish",
  "returnCode": 0,
  "totalRows": null,
  "keywords": null,
  "avgScore": 0.0,
  "createDate": null,
  "totalPages": null
}