{
  "type": null,
  "faqId": 13557,
  "title": "G510 How do I back up contacts to a microSD card?",
  "answer": "Touch Settings > All > Storage > Default storage location and select the microSD card.  \r\n\nTouch People. Touch the Menu key then Manage contacts > Export to storage. In the  \r\n\ndisplayed dialog box, touch OK. All contacts in your phone are then saved to the microSD  \r\n\ncard's root directory as a .vcf file.![](http://consumer.huawei.com/support/servlet/imageServlet?dlType=HtmlAreaImage&imageId=41222)",
  "faqTypeId": null,
  "faqType": null,
  "useful": 1,
  "unUseful": 0,
  "languageId": 1,
  "languageName": "en",
  "faqCode": "4680",
  "faqTypeCode": null,
  "isTop": "0",
  "moduleCode": "faq",
  "productId": null,
  "productCode": null,
  "postDate": 1404919927000,
  "seriesProductName": "G510-0100",
  "visitedTimes": 261,
  "isUsefulFlag": null,
  "score": 0,
  "times": 0,
  "imageList": null,
  "displayType": "text",
  "justView": "0",
  "fileName": null,
  "filePath": null,
  "imagePath": null,
  "imageName": null,
  "productIdList": null,
  "curPage": null,
  "pageSize": null,
  "siteCode": null,
  "statusFlag": "Publish",
  "returnCode": 0,
  "totalRows": null,
  "keywords": null,
  "avgScore": 0.0,
  "createDate": null,
  "totalPages": null
}