{
  "type": null,
  "faqId": 13558,
  "title": "G510 How do I lock and unlock the screen?",
  "answer": " If the screen is on, press the Power button to lock the screen. If idle for a specified period, the  \r\n phone automatically locks the screen.  \r\n To unlock the screen, press the Power button to light up the screen and drag down.![](http://consumer.huawei.com/support/servlet/imageServlet?dlType=HtmlAreaImage&imageId=41223) \r\n\r\n\nYour phone also supports facial recognition technology. To enable the face unlock function,  \r\n\ntouch Settings > All > Security > Screen lock > Face Unlock.",
  "faqTypeId": null,
  "faqType": null,
  "useful": 6,
  "unUseful": 1,
  "languageId": 1,
  "languageName": "en",
  "faqCode": "4714",
  "faqTypeCode": null,
  "isTop": "0",
  "moduleCode": "faq",
  "productId": null,
  "productCode": null,
  "postDate": 1404920266000,
  "seriesProductName": "G510-0100",
  "visitedTimes": 178,
  "isUsefulFlag": null,
  "score": 0,
  "times": 0,
  "imageList": null,
  "displayType": "text",
  "justView": "0",
  "fileName": null,
  "filePath": null,
  "imagePath": null,
  "imageName": null,
  "productIdList": null,
  "curPage": null,
  "pageSize": null,
  "siteCode": null,
  "statusFlag": "Publish",
  "returnCode": 0,
  "totalRows": null,
  "keywords": null,
  "avgScore": 0.0,
  "createDate": null,
  "totalPages": null
}