{
  "type": null,
  "faqId": 13553,
  "title": "G510 How do I use my phone as a USB mass storage device?",
  "answer": " Connect your phone to a computer. Drag the status bar down to open the notification panel. \r\n\r\n Touch \r\n\r\n **Connect as an installer **then **USB mass storage**. \r\n\r\n\n **\n\r\n\r\n  ![](http://consumer.huawei.com/support/servlet/imageServlet?dlType=HtmlAreaImage&imageId=41221) \r\n\n**",
  "faqTypeId": null,
  "faqType": null,
  "useful": 0,
  "unUseful": 0,
  "languageId": 1,
  "languageName": "en",
  "faqCode": "4677",
  "faqTypeCode": null,
  "isTop": "0",
  "moduleCode": "faq",
  "productId": null,
  "productCode": null,
  "postDate": 1404919076000,
  "seriesProductName": "G510-0100",
  "visitedTimes": 33,
  "isUsefulFlag": null,
  "score": 0,
  "times": 0,
  "imageList": null,
  "displayType": "text",
  "justView": "0",
  "fileName": null,
  "filePath": null,
  "imagePath": null,
  "imageName": null,
  "productIdList": null,
  "curPage": null,
  "pageSize": null,
  "siteCode": null,
  "statusFlag": "Publish",
  "returnCode": 0,
  "totalRows": null,
  "keywords": null,
  "avgScore": 0.0,
  "createDate": null,
  "totalPages": null
}