{
  "type": null,
  "faqId": 13555,
  "title": "G510 My phone runs slowly. What can I do?",
  "answer": " Close some running third-party applications. \r\n\r\n Uninstall some applications. \r\n\r\n Restart your phone. \r\n\r\n Restore your phone to its factory settings.",
  "faqTypeId": null,
  "faqType": null,
  "useful": 2,
  "unUseful": 9,
  "languageId": 1,
  "languageName": "en",
  "faqCode": "4678",
  "faqTypeCode": null,
  "isTop": "0",
  "moduleCode": "faq",
  "productId": null,
  "productCode": null,
  "postDate": 1404919300000,
  "seriesProductName": "G510-0100",
  "visitedTimes": 263,
  "isUsefulFlag": null,
  "score": 0,
  "times": 0,
  "imageList": null,
  "displayType": "text",
  "justView": "0",
  "fileName": null,
  "filePath": null,
  "imagePath": null,
  "imageName": null,
  "productIdList": null,
  "curPage": null,
  "pageSize": null,
  "siteCode": null,
  "statusFlag": "Publish",
  "returnCode": 0,
  "totalRows": null,
  "keywords": null,
  "avgScore": 0.0,
  "createDate": null,
  "totalPages": null
}