{
  "type": null,
  "faqId": 13551,
  "title": "G510 How do I assign a picture to a contact?",
  "answer": " Method 1: Touch \r\n\r\n **People**. Create a contact, select the account to which the contact is added, and touch the photo area to assign a picture to the contact. \r\n\r\n ![](http://consumer.huawei.com/support/servlet/imageServlet?dlType=HtmlAreaImage&imageId=41220) \r\n\r\n Method 2: Touch \r\n\r\n **Gallery **or **File Manager**. Select a picture, touch the Menu key then **Set** \r\n\r\n ** ****picture as** \r\n\r\n > **Contact photo**, select the contact to whom you want to assign the picture.",
  "faqTypeId": null,
  "faqType": null,
  "useful": 2,
  "unUseful": 0,
  "languageId": 1,
  "languageName": "en",
  "faqCode": "4676",
  "faqTypeCode": null,
  "isTop": "0",
  "moduleCode": "faq",
  "productId": null,
  "productCode": null,
  "postDate": 1404917269000,
  "seriesProductName": "G510-0100",
  "visitedTimes": 11,
  "isUsefulFlag": null,
  "score": 0,
  "times": 0,
  "imageList": null,
  "displayType": "text",
  "justView": "0",
  "fileName": null,
  "filePath": null,
  "imagePath": null,
  "imageName": null,
  "productIdList": null,
  "curPage": null,
  "pageSize": null,
  "siteCode": null,
  "statusFlag": "Publish",
  "returnCode": 0,
  "totalRows": null,
  "keywords": null,
  "avgScore": 0.0,
  "createDate": null,
  "totalPages": null
}