{
  "type": null,
  "faqId": 13554,
  "title": "G510-If I restore my phone to its factory settings, what data will be",
  "answer": " If you restore your phone to its factory settings, all data on your phone's internal storage will \r\n\r\n be erased, such as your customized settings, call log, and messages. If you do not select the \r\n\r\n option to format the microSD card, data in the built-in microSD card will not be erased.",
  "faqTypeId": null,
  "faqType": null,
  "useful": 1,
  "unUseful": 4,
  "languageId": 1,
  "languageName": "en",
  "faqCode": "4711",
  "faqTypeCode": null,
  "isTop": "0",
  "moduleCode": "faq",
  "productId": null,
  "productCode": null,
  "postDate": 1404919176000,
  "seriesProductName": "G510-0100",
  "visitedTimes": 74,
  "isUsefulFlag": null,
  "score": 0,
  "times": 0,
  "imageList": null,
  "displayType": "text",
  "justView": "0",
  "fileName": null,
  "filePath": null,
  "imagePath": null,
  "imageName": null,
  "productIdList": null,
  "curPage": null,
  "pageSize": null,
  "siteCode": null,
  "statusFlag": "Publish",
  "returnCode": 0,
  "totalRows": null,
  "keywords": null,
  "avgScore": 0.0,
  "createDate": null,
  "totalPages": null
}