{
  "type": null,
  "faqId": 13556,
  "title": "G510 How do I customize the home screens?",
  "answer": "To add a widget to a home screen, touch the Menu key then Widgets and drag the  \r\n\ndesired widget to the home screen.  \r\n\nTo move an item on a home screen, touch and hold the item, drag it to the desired area,  \r\n\nand release your finger.  \r\n\nTo uninstall (remove) an application from a home screen, touch and hold the application,  \r\n\ndrag it to the trash can in the upper section, and release your finger.  \r\n\nTo change the screen transition effect, touch the Menu key then Transitions and select  \r\n\nthe desired effect.  \r\n\nTo change the wallpaper, touch the Menu key then Wallpapers and select Wallpapers,  \r\n\nLive Wallpaper, or Gallery.",
  "faqTypeId": null,
  "faqType": null,
  "useful": 0,
  "unUseful": 2,
  "languageId": 1,
  "languageName": "en",
  "faqCode": "4713",
  "faqTypeCode": null,
  "isTop": "0",
  "moduleCode": "faq",
  "productId": null,
  "productCode": null,
  "postDate": 1404919749000,
  "seriesProductName": "G510-0100",
  "visitedTimes": 188,
  "isUsefulFlag": null,
  "score": 0,
  "times": 0,
  "imageList": null,
  "displayType": "text",
  "justView": "0",
  "fileName": null,
  "filePath": null,
  "imagePath": null,
  "imageName": null,
  "productIdList": null,
  "curPage": null,
  "pageSize": null,
  "siteCode": null,
  "statusFlag": "Publish",
  "returnCode": 0,
  "totalRows": null,
  "keywords": null,
  "avgScore": 0.0,
  "createDate": null,
  "totalPages": null
}