{
  "type": null,
  "faqId": 13552,
  "title": "P6 My phone cannot open some photos or videos. Why?",
  "answer": "The phone does not support the file format.  \r\n\n The phone's RAM is insufficient.  \r\n\n The file is corrupted.  \r\n\n The file is copyright-protected.  \r\n\n The phone's CPU usage is high. Close some running third-party applications and try again.  \r\n\n Unknown errors occurred in the phone's OS or applications. Restart the phone and try again.",
  "faqTypeId": null,
  "faqType": null,
  "useful": 0,
  "unUseful": 0,
  "languageId": 1,
  "languageName": "en",
  "faqCode": "4709",
  "faqTypeCode": null,
  "isTop": "0",
  "moduleCode": "faq",
  "productId": null,
  "productCode": null,
  "postDate": 1404917285000,
  "seriesProductName": "",
  "visitedTimes": 12,
  "isUsefulFlag": null,
  "score": 0,
  "times": 0,
  "imageList": null,
  "displayType": "text",
  "justView": "0",
  "fileName": null,
  "filePath": null,
  "imagePath": null,
  "imageName": null,
  "productIdList": null,
  "curPage": null,
  "pageSize": null,
  "siteCode": null,
  "statusFlag": "Publish",
  "returnCode": 0,
  "totalRows": null,
  "keywords": null,
  "avgScore": 0.0,
  "createDate": null,
  "totalPages": null
}