{
  "type": null,
  "faqId": 13560,
  "title": "G510-How do I use my phone as a Wi-Fi hotspot and access the",
  "answer": "You can use your phone as a portable Wi-Fi hotspot and share your phone's mobile data  \r\n\nconnection with another device, allowing you to access the Internet from it.  \r\n\nTo use your phone as a hotspot, touch Settings > All > More > Tethering & portable  \r\n\nhotspot > Portable Wi-Fi hotspot. Touch Configure Wi-Fi hotspot to name the Wi-Fi  \r\n\nhotspot, set a password, and select an authentication mode.  \r\n\nAfter the device finds your phone using Wi-Fi, you can access the Internet from the device  \r\n\nusing your phone's mobile data connection.![](http://consumer.huawei.com/support/servlet/imageServlet?dlType=HtmlAreaImage&imageId=41224)![](http://consumer.huawei.com/support/servlet/imageServlet?dlType=HtmlAreaImage&imageId=41225)",
  "faqTypeId": null,
  "faqType": null,
  "useful": 6,
  "unUseful": 0,
  "languageId": 1,
  "languageName": "en",
  "faqCode": "4722",
  "faqTypeCode": null,
  "isTop": "0",
  "moduleCode": "faq",
  "productId": null,
  "productCode": null,
  "postDate": 1404920542000,
  "seriesProductName": "G510-0100",
  "visitedTimes": 138,
  "isUsefulFlag": null,
  "score": 0,
  "times": 0,
  "imageList": null,
  "displayType": "text",
  "justView": "0",
  "fileName": null,
  "filePath": null,
  "imagePath": null,
  "imageName": null,
  "productIdList": null,
  "curPage": null,
  "pageSize": null,
  "siteCode": null,
  "statusFlag": "Publish",
  "returnCode": 0,
  "totalRows": null,
  "keywords": null,
  "avgScore": 0.0,
  "createDate": null,
  "totalPages": null
}