{
  "type": null,
  "faqId": 14269,
  "title": "Why does my HUAWEI MediaPad X1 7.0 constantly crash?",
  "answer": " If you install applications that have not passed the Google compatibility test on your HUAWEI MediaPad X1 7.0, the system may be unstable or even crash. \r\n\r\n It is recommended that you download applications only from the Play Store. \r\n\r\n If your HUAWEI MediaPad X1 7.0 is experiencing frequent crashes, perform a hard restart by pressing and holding the power button for about 13 seconds.",
  "faqTypeId": null,
  "faqType": null,
  "useful": 1,
  "unUseful": 0,
  "languageId": 1,
  "languageName": "en",
  "faqCode": "6109",
  "faqTypeCode": null,
  "isTop": "0",
  "moduleCode": "faq",
  "productId": null,
  "productCode": null,
  "postDate": 1407833627000,
  "seriesProductName": "7D-501u",
  "visitedTimes": 23,
  "isUsefulFlag": null,
  "score": 0,
  "times": 0,
  "imageList": null,
  "displayType": "text",
  "justView": "0",
  "fileName": null,
  "filePath": null,
  "imagePath": null,
  "imageName": null,
  "productIdList": null,
  "curPage": null,
  "pageSize": null,
  "siteCode": null,
  "statusFlag": "Publish",
  "returnCode": 0,
  "totalRows": null,
  "keywords": null,
  "avgScore": 0.0,
  "createDate": null,
  "totalPages": null
}