{
  "type": null,
  "faqId": 14262,
  "title": "I forgot the screen lock password. What can I do?",
  "answer": " Forcibly unlock the phone, which will erase all user information. After the phone is powered off, press and hold the power and volume up keys. When the startup screen is displayed, wait for 3s, and then release the power key. After the recovery screen (shown in Figure 9-1) is displayed, release the volume up key. Press the volume up key to scroll to **wipe data/factory reset **and press the power key for confirmation. Then scroll to **Yes-delete all user data **and press the power key. \n\r\n\r\n **NOTE: ** \r\n\r\n Selecting **Yes-delete all user data **will delete all customer information.\n",
  "faqTypeId": null,
  "faqType": null,
  "useful": 0,
  "unUseful": 0,
  "languageId": 1,
  "languageName": "en",
  "faqCode": "6102",
  "faqTypeCode": null,
  "isTop": "0",
  "moduleCode": "faq",
  "productId": null,
  "productCode": null,
  "postDate": 1407818814000,
  "seriesProductName": "Sophia-L10",
  "visitedTimes": 38,
  "isUsefulFlag": null,
  "score": 0,
  "times": 0,
  "imageList": null,
  "displayType": "text",
  "justView": "0",
  "fileName": null,
  "filePath": null,
  "imagePath": null,
  "imageName": null,
  "productIdList": null,
  "curPage": null,
  "pageSize": null,
  "siteCode": null,
  "statusFlag": "Publish",
  "returnCode": 0,
  "totalRows": null,
  "keywords": null,
  "avgScore": 0.0,
  "createDate": null,
  "totalPages": null
}