{
  "type": null,
  "faqId": 14263,
  "title": "My phone responds slowly after it runs for a period of time. What can I do?",
  "answer": "Restore the phone to its factory settings.\n\r\n\r\n To restore the phone to its factory settings, \r\n\r\n choose **Settings **> **Backup & reset **> **Factory data reset **> **Reset phone**.\n",
  "faqTypeId": null,
  "faqType": null,
  "useful": 1,
  "unUseful": 0,
  "languageId": 1,
  "languageName": "en",
  "faqCode": "6103",
  "faqTypeCode": null,
  "isTop": "0",
  "moduleCode": "faq",
  "productId": null,
  "productCode": null,
  "postDate": 1407819008000,
  "seriesProductName": "Sophia-L10",
  "visitedTimes": 38,
  "isUsefulFlag": null,
  "score": 0,
  "times": 0,
  "imageList": null,
  "displayType": "text",
  "justView": "0",
  "fileName": null,
  "filePath": null,
  "imagePath": null,
  "imageName": null,
  "productIdList": null,
  "curPage": null,
  "pageSize": null,
  "siteCode": null,
  "statusFlag": "Publish",
  "returnCode": 0,
  "totalRows": null,
  "keywords": "Hanging/Slow system lagging.",
  "avgScore": 0.0,
  "createDate": null,
  "totalPages": null
}