{
  "type": null,
  "faqId": 14266,
  "title": "What headsets are compatible with my HUAWEI MediaPad M1 8.0 ?",
  "answer": " Your HUAWEI MediaPad M1 8.0 provides a 3.5-mm headset jack, which is compatible with TRRS headsets with left and right audio outputs and microphone audio input, namely non-OMTP headsets.\n\r\n\r\n NOTE: \r\n\r\n It is recommended that you use a Huawei headset to ensure the audio quality of your music and phone calls is stable. Headsets from other brands may not work properly with your HUAWEI MediaPad M1 8.0.\n",
  "faqTypeId": null,
  "faqType": null,
  "useful": 0,
  "unUseful": 0,
  "languageId": 1,
  "languageName": "en",
  "faqCode": "6123",
  "faqTypeCode": null,
  "isTop": "0",
  "moduleCode": "faq",
  "productId": null,
  "productCode": null,
  "postDate": 1407824425000,
  "seriesProductName": "S8-301L",
  "visitedTimes": 4,
  "isUsefulFlag": null,
  "score": 0,
  "times": 0,
  "imageList": null,
  "displayType": "text",
  "justView": "0",
  "fileName": null,
  "filePath": null,
  "imagePath": null,
  "imageName": null,
  "productIdList": null,
  "curPage": null,
  "pageSize": null,
  "siteCode": null,
  "statusFlag": "Publish",
  "returnCode": 0,
  "totalRows": null,
  "keywords": null,
  "avgScore": 0.0,
  "createDate": null,
  "totalPages": null
}