{
  "type": null,
  "faqId": 14302,
  "title": "What accessories are included with my HUAWEI MediaPad X1 7.0?",
  "answer": " Standard in-box accessories are the power adapter, data/charging cable, OTG cable, and card eject tool.\n\r\n\r\n Optional accessories are the slip cover, protective cover, protective film, and portable support stand. \r\n\nYour HUAWEI MediaPad X1 7.0 is also compatible with in-car chargers, power banks, Bluetooth speakers, microSD cards, and Bluetooth headsets",
  "faqTypeId": null,
  "faqType": null,
  "useful": 0,
  "unUseful": 0,
  "languageId": 1,
  "languageName": "en",
  "faqCode": "6108",
  "faqTypeCode": null,
  "isTop": "0",
  "moduleCode": "faq",
  "productId": null,
  "productCode": null,
  "postDate": 1407833521000,
  "seriesProductName": "7D-501u",
  "visitedTimes": 12,
  "isUsefulFlag": null,
  "score": 0,
  "times": 0,
  "imageList": null,
  "displayType": "text",
  "justView": "0",
  "fileName": null,
  "filePath": null,
  "imagePath": null,
  "imageName": null,
  "productIdList": null,
  "curPage": null,
  "pageSize": null,
  "siteCode": null,
  "statusFlag": "Publish",
  "returnCode": 0,
  "totalRows": null,
  "keywords": null,
  "avgScore": 0.0,
  "createDate": null,
  "totalPages": null
}