{
  "type": null,
  "faqId": 14365,
  "title": "What models of phones can my B1 be paired with?",
  "answer": "You can check the phone models in the following website: \r\n\r\n[http://consumer.huawei.com/en/accessories/tech-specs/talkband-b1.htm](http://consumer.huawei.com/en/accessories/tech-specs/talkband-b1.htm)",
  "faqTypeId": 339,
  "faqType": "Miscellaneous",
  "useful": 2,
  "unUseful": 8,
  "languageId": 1,
  "languageName": "en",
  "faqCode": "6308",
  "faqTypeCode": "Wearable_Device-Others",
  "isTop": "0",
  "moduleCode": "faq",
  "productId": null,
  "productCode": null,
  "postDate": 1408438196000,
  "seriesProductName": "B1",
  "visitedTimes": 1103,
  "isUsefulFlag": null,
  "score": 0,
  "times": 0,
  "imageList": null,
  "displayType": "text",
  "justView": "0",
  "fileName": null,
  "filePath": null,
  "imagePath": null,
  "imageName": null,
  "productIdList": null,
  "curPage": null,
  "pageSize": null,
  "siteCode": null,
  "statusFlag": "Publish",
  "returnCode": 0,
  "totalRows": null,
  "keywords": null,
  "avgScore": 0.0,
  "createDate": null,
  "totalPages": null
}