{
  "type": null,
  "faqId": 14367,
  "title": "Why can't my B1 automatically reconnect to my phone after the Bluetooth connection is terminated?",
  "answer": " Your B1 may disconnect from your phone if they are too far away from each other. If you bring your B1 back within the range of your phone Bluetooth coverage within 3 minutes, it will automatically reconnect to your phone if Bluetooth on both devices are still on. \r\n\r\n However, if the disconnection lasts for more than 3 minutes, to minimize the energy consumption, your B1 will automatically turn off Bluetooth and the Bluetooth icon is off. Therefore, after your B1 enters the range of your phone Bluetooth coverage, you need to press the side button to turn it on, and then your B1 will automatically reconnect to your phone.",
  "faqTypeId": 325,
  "faqType": "Connection and Pairing",
  "useful": 11,
  "unUseful": 3,
  "languageId": 1,
  "languageName": "en",
  "faqCode": "6329",
  "faqTypeCode": "Wearable_Device-Connection-Paring",
  "isTop": "0",
  "moduleCode": "faq",
  "productId": null,
  "productCode": null,
  "postDate": 1408438382000,
  "seriesProductName": "B1",
  "visitedTimes": 577,
  "isUsefulFlag": null,
  "score": 0,
  "times": 0,
  "imageList": null,
  "displayType": "text",
  "justView": "0",
  "fileName": null,
  "filePath": null,
  "imagePath": null,
  "imageName": null,
  "productIdList": null,
  "curPage": null,
  "pageSize": null,
  "siteCode": null,
  "statusFlag": "Publish",
  "returnCode": 0,
  "totalRows": null,
  "keywords": null,
  "avgScore": 0.0,
  "createDate": null,
  "totalPages": null
}