{
  "type": null,
  "faqId": 14368,
  "title": "How do I connect my B1 to another phone?",
  "answer": " Because your B1 always automatically reconnects the device it has connected to before, you need to perform the following steps if you want to connect your B1 to another phone: \r\n\r\n 1. Turn off Bluetooth in the nearby phones that once connected to your B1, or delete the B1 Bluetooth information on the phones. \r\n\r\n 2. Press and hold the side button for 5 seconds to turn off your B1. Press and hold the button again for 3 seconds to turn it back on. Then the Bluetooth icon starts to blink, indicating that Bluetooth is available now. \r\n\r\n 3. Turn on Bluetooth on the phone you want your B1 to be connected to. The phone will search for and display the nearby Bluetooth devices. Touch **Huawei B1** to connect your B1 to the phone. \r\n\r\n ![](http://consumer.huawei.com/support/servlet/imageServlet?dlType=HtmlAreaImage&imageId=47351)",
  "faqTypeId": 325,
  "faqType": "Connection and Pairing",
  "useful": 4,
  "unUseful": 2,
  "languageId": 1,
  "languageName": "en",
  "faqCode": "6310",
  "faqTypeCode": "Wearable_Device-Connection-Paring",
  "isTop": "0",
  "moduleCode": "faq",
  "productId": null,
  "productCode": null,
  "postDate": 1408438796000,
  "seriesProductName": "B1",
  "visitedTimes": 859,
  "isUsefulFlag": null,
  "score": 0,
  "times": 0,
  "imageList": null,
  "displayType": "text",
  "justView": "0",
  "fileName": null,
  "filePath": null,
  "imagePath": null,
  "imageName": null,
  "productIdList": null,
  "curPage": null,
  "pageSize": null,
  "siteCode": null,
  "statusFlag": "Publish",
  "returnCode": 0,
  "totalRows": null,
  "keywords": null,
  "avgScore": 0.0,
  "createDate": null,
  "totalPages": null
}