{
  "type": null,
  "faqId": 14366,
  "title": "How do I enable the NFC on my B1? (for Android)",
  "answer": " Ensure that the NFC function is available on your phone. \r\n\r\n Turn on the NFC on your phone, attach your NFC tag to your B1, and then connect the NFC to your B1 over Bluetooth as prompted.",
  "faqTypeId": 332,
  "faqType": "Third-party Applications",
  "useful": 8,
  "unUseful": 9,
  "languageId": 1,
  "languageName": "en",
  "faqCode": "6328",
  "faqTypeCode": "Wearable_Device-Other-APPs",
  "isTop": "0",
  "moduleCode": "faq",
  "productId": null,
  "productCode": null,
  "postDate": 1408438344000,
  "seriesProductName": "B1",
  "visitedTimes": 1002,
  "isUsefulFlag": null,
  "score": 0,
  "times": 0,
  "imageList": null,
  "displayType": "text",
  "justView": "0",
  "fileName": null,
  "filePath": null,
  "imagePath": null,
  "imageName": null,
  "productIdList": null,
  "curPage": null,
  "pageSize": null,
  "siteCode": null,
  "statusFlag": "Publish",
  "returnCode": 0,
  "totalRows": null,
  "keywords": null,
  "avgScore": 0.0,
  "createDate": null,
  "totalPages": null
}