{
  "type": null,
  "faqId": 14373,
  "title": "How does my B1 monitor my waking and sleeping status?",
  "answer": " Your B1 will automatically monitor your waking and sleeping status as long as you are wearing it. If you put it on a desk, it will stop recording any sleeping or excise data.\n",
  "faqTypeId": 328,
  "faqType": "Fitness and Health Monitoring",
  "useful": 5,
  "unUseful": 7,
  "languageId": 1,
  "languageName": "en",
  "faqCode": "6335",
  "faqTypeCode": "Wearable_Device-Sports-Health-Monitoring",
  "isTop": "0",
  "moduleCode": "faq",
  "productId": null,
  "productCode": null,
  "postDate": 1408439571000,
  "seriesProductName": "B1",
  "visitedTimes": 945,
  "isUsefulFlag": null,
  "score": 0,
  "times": 0,
  "imageList": null,
  "displayType": "text",
  "justView": "0",
  "fileName": null,
  "filePath": null,
  "imagePath": null,
  "imageName": null,
  "productIdList": null,
  "curPage": null,
  "pageSize": null,
  "siteCode": null,
  "statusFlag": "Publish",
  "returnCode": 0,
  "totalRows": null,
  "keywords": null,
  "avgScore": 0.0,
  "createDate": null,
  "totalPages": null
}