{
  "type": null,
  "faqId": 14378,
  "title": "How to monitoring data usage?",
  "answer": "![](http://consumer.huawei.com/support/servlet/imageServlet?dlType=HtmlAreaImage&imageId=47387)",
  "faqTypeId": 309,
  "faqType": "Connection and Data",
  "useful": 45,
  "unUseful": 56,
  "languageId": 1,
  "languageName": "en",
  "faqCode": "6361",
  "faqTypeCode": "MBB_Device-Connection-Data",
  "isTop": "0",
  "moduleCode": "faq",
  "productId": null,
  "productCode": null,
  "postDate": 1408443559000,
  "seriesProductName": "E5878s-32",
  "visitedTimes": 3727,
  "isUsefulFlag": null,
  "score": 0,
  "times": 0,
  "imageList": null,
  "displayType": "text",
  "justView": "0",
  "fileName": null,
  "filePath": null,
  "imagePath": null,
  "imageName": null,
  "productIdList": null,
  "curPage": null,
  "pageSize": null,
  "siteCode": null,
  "statusFlag": "Publish",
  "returnCode": 0,
  "totalRows": null,
  "keywords": "monitoring data,E5878s-32",
  "avgScore": 0.0,
  "createDate": null,
  "totalPages": null
}