{
  "type": null,
  "faqId": 14375,
  "title": "Do my B1's alarm clock and event notification still work after my phone is powered off or the Bluetooth connection is terminated?",
  "answer": " Yes. All configuration information has been set in your B1 after you set the smart clock in the Huawei TalkBand app.",
  "faqTypeId": 339,
  "faqType": "Miscellaneous",
  "useful": 9,
  "unUseful": 2,
  "languageId": 1,
  "languageName": "en",
  "faqCode": "6316",
  "faqTypeCode": "Wearable_Device-Others",
  "isTop": "0",
  "moduleCode": "faq",
  "productId": null,
  "productCode": null,
  "postDate": 1408439727000,
  "seriesProductName": "B1",
  "visitedTimes": 1074,
  "isUsefulFlag": null,
  "score": 0,
  "times": 0,
  "imageList": null,
  "displayType": "text",
  "justView": "0",
  "fileName": null,
  "filePath": null,
  "imagePath": null,
  "imageName": null,
  "productIdList": null,
  "curPage": null,
  "pageSize": null,
  "siteCode": null,
  "statusFlag": "Publish",
  "returnCode": 0,
  "totalRows": null,
  "keywords": null,
  "avgScore": 0.0,
  "createDate": null,
  "totalPages": null
}