{
  "type": null,
  "faqId": 14371,
  "title": "How do I check my B1's battery level?",
  "answer": " Method 1: Press the side button to turn on the B1 screen. Go to the time screen, and you can check the battery level indicator on the right of the screen. \r\n\r\n Method 2: If your B1 is properly connected to your phone, check the battery level indicator in the upper right corner of your Huawei TalkBand app's settings screen. \r\n\r\n ![](http://consumer.huawei.com/support/servlet/imageServlet?dlType=HtmlAreaImage&imageId=47361)",
  "faqTypeId": 333,
  "faqType": "Battery, Charging, and Power Consumption",
  "useful": 3,
  "unUseful": 2,
  "languageId": 1,
  "languageName": "en",
  "faqCode": "6333",
  "faqTypeCode": "Wearable_Device-Battery-Charging-Consumption",
  "isTop": "0",
  "moduleCode": "faq",
  "productId": null,
  "productCode": null,
  "postDate": 1408439481000,
  "seriesProductName": "B1",
  "visitedTimes": 495,
  "isUsefulFlag": null,
  "score": 0,
  "times": 0,
  "imageList": null,
  "displayType": "text",
  "justView": "0",
  "fileName": null,
  "filePath": null,
  "imagePath": null,
  "imageName": null,
  "productIdList": null,
  "curPage": null,
  "pageSize": null,
  "siteCode": null,
  "statusFlag": "Publish",
  "returnCode": 0,
  "totalRows": null,
  "keywords": null,
  "avgScore": 0.0,
  "createDate": null,
  "totalPages": null
}