{
  "type": null,
  "faqId": 14372,
  "title": "Are there any special requirements for charging my B1 or the charger?",
  "answer": " Huawei TalkBand does not have special requirements on its charger. Common mobile phone USB chargers can charge your B1, which are compatible with a vehicle-mounted USB port and a portable power bank USB port. The charging voltage and current can be 5 V/1 A, 5 V/1.5 A, 5 V/2 A, and 5 V/500 mA.",
  "faqTypeId": 333,
  "faqType": "Battery, Charging, and Power Consumption",
  "useful": 9,
  "unUseful": 8,
  "languageId": 1,
  "languageName": "en",
  "faqCode": "6334",
  "faqTypeCode": "Wearable_Device-Battery-Charging-Consumption",
  "isTop": "0",
  "moduleCode": "faq",
  "productId": null,
  "productCode": null,
  "postDate": 1408439511000,
  "seriesProductName": "B1",
  "visitedTimes": 765,
  "isUsefulFlag": null,
  "score": 0,
  "times": 0,
  "imageList": null,
  "displayType": "text",
  "justView": "0",
  "fileName": null,
  "filePath": null,
  "imagePath": null,
  "imageName": null,
  "productIdList": null,
  "curPage": null,
  "pageSize": null,
  "siteCode": null,
  "statusFlag": "Publish",
  "returnCode": 0,
  "totalRows": null,
  "keywords": null,
  "avgScore": 0.0,
  "createDate": null,
  "totalPages": null
}