{
  "type": null,
  "faqId": 14377,
  "title": "How to connect to the E5878S-32？",
  "answer": "  • Check your computer or other device has Wi-Fi enabled and search for wireless networks. Refer to your Wi-Fi enabled device manual for further details on searching for wireless networks. \r\n\r\n • The Wi-Fi name displayed on the Keep Me Card. \r\n\r\n • Enter the Wi-Fi Password exactly as shown on the Keep Me Card. Note your Password is case sensitive.",
  "faqTypeId": 318,
  "faqType": "Miscellaneous",
  "useful": 65,
  "unUseful": 41,
  "languageId": 1,
  "languageName": "en",
  "faqCode": "6341",
  "faqTypeCode": "MBB_Device-Others",
  "isTop": "0",
  "moduleCode": "faq",
  "productId": null,
  "productCode": null,
  "postDate": 1408443027000,
  "seriesProductName": "E5878s-32",
  "visitedTimes": 3375,
  "isUsefulFlag": null,
  "score": 0,
  "times": 0,
  "imageList": null,
  "displayType": "text",
  "justView": "0",
  "fileName": null,
  "filePath": null,
  "imagePath": null,
  "imageName": null,
  "productIdList": null,
  "curPage": null,
  "pageSize": null,
  "siteCode": null,
  "statusFlag": "Publish",
  "returnCode": 0,
  "totalRows": null,
  "keywords": "E5878S-32, connect",
  "avgScore": 0.0,
  "createDate": null,
  "totalPages": null
}