{
  "type": null,
  "faqId": 14376,
  "title": "How is the waterproof and dustproof performance of my B1?",
  "answer": " Your B1 has an IP57 waterproof and dustproof level, preventing dusts from entering your B1 and allowing it to stay in water less than 1 m deep for half an hour. You do not need to take it off when you are washing hands, cooking, or taking a shower. However, you are advised to take it off when you are swimming or diving. \r\n\r\n Found some water drops in your B1? Don't worry. Your B1 remains functional as long as you clean up any water drops found.",
  "faqTypeId": 337,
  "faqType": "Appearance and Accessories",
  "useful": 15,
  "unUseful": 1,
  "languageId": 1,
  "languageName": "en",
  "faqCode": "6338",
  "faqTypeCode": "Wearable_Device-Appearance-Shell-Accessories",
  "isTop": "0",
  "moduleCode": "faq",
  "productId": null,
  "productCode": null,
  "postDate": 1408439917000,
  "seriesProductName": "B1",
  "visitedTimes": 1555,
  "isUsefulFlag": null,
  "score": 0,
  "times": 0,
  "imageList": null,
  "displayType": "text",
  "justView": "0",
  "fileName": null,
  "filePath": null,
  "imagePath": null,
  "imageName": null,
  "productIdList": null,
  "curPage": null,
  "pageSize": null,
  "siteCode": null,
  "statusFlag": "Publish",
  "returnCode": 0,
  "totalRows": null,
  "keywords": null,
  "avgScore": 0.0,
  "createDate": null,
  "totalPages": null
}