{
  "type": null,
  "faqId": 14374,
  "title": "How is my sleeping quality evaluated?",
  "answer": " Your sleeping quality is evaluated by your time of deep sleep, which is calculated by the Huawei TalkBand app: \r\n\r\n l Deep sleep time < 1 hour: poor sleeping quality \r\n\r\n l 1 hour ≤ Deep sleep time ≤ 3 hours: average sleeping quality \r\n\r\n l Deep sleep time > 3 hours: good sleeping quality",
  "faqTypeId": 328,
  "faqType": "Fitness and Health Monitoring",
  "useful": 3,
  "unUseful": 1,
  "languageId": 1,
  "languageName": "en",
  "faqCode": "6336",
  "faqTypeCode": "Wearable_Device-Sports-Health-Monitoring",
  "isTop": "0",
  "moduleCode": "faq",
  "productId": null,
  "productCode": null,
  "postDate": 1408439616000,
  "seriesProductName": "",
  "visitedTimes": 1068,
  "isUsefulFlag": null,
  "score": 0,
  "times": 0,
  "imageList": null,
  "displayType": "text",
  "justView": "0",
  "fileName": null,
  "filePath": null,
  "imagePath": null,
  "imageName": null,
  "productIdList": null,
  "curPage": null,
  "pageSize": null,
  "siteCode": null,
  "statusFlag": "Publish",
  "returnCode": 0,
  "totalRows": null,
  "keywords": null,
  "avgScore": 0.0,
  "createDate": null,
  "totalPages": null
}