{
  "type": null,
  "faqId": 14383,
  "title": "How do I get my B1 started?",
  "answer": " 1.Go to Google Play or App Store, search for **Huawei** **TalkBand**, and download it** **to your phone. \r\n\r\n 2.Turn on your B1 and check that the Bluetooth icon is blinking and the time is 00:00. You can then pair up your B1 and your phone. \r\n\r\n 3.Turn on Bluetooth on your phone to search for and display the nearby Bluetooth devices. Touch **Huawei B1 **to pair it with your phone. \r\n\r\n 4.After your B1 is paired with your phone, run the TalkBand app, flick left on the wizard screen to go to the home screen, and swipe down on the screen to synchronize the data to your B1 for the first time. After the time and information are initialized, you can start to use your B1.",
  "faqTypeId": 332,
  "faqType": "Third-party Applications",
  "useful": 10,
  "unUseful": 4,
  "languageId": 1,
  "languageName": "en",
  "faqCode": "6327",
  "faqTypeCode": "Wearable_Device-Other-APPs",
  "isTop": "0",
  "moduleCode": "faq",
  "productId": null,
  "productCode": null,
  "postDate": 1408438258000,
  "seriesProductName": "B1",
  "visitedTimes": 684,
  "isUsefulFlag": null,
  "score": 0,
  "times": 0,
  "imageList": null,
  "displayType": "text",
  "justView": "0",
  "fileName": null,
  "filePath": null,
  "imagePath": null,
  "imageName": null,
  "productIdList": null,
  "curPage": null,
  "pageSize": null,
  "siteCode": null,
  "statusFlag": "Publish",
  "returnCode": 0,
  "totalRows": null,
  "keywords": null,
  "avgScore": 0.0,
  "createDate": null,
  "totalPages": null
}