{
  "type": null,
  "faqId": 14389,
  "title": "How do I use the smart alarm clock of my B1?",
  "answer": " The smart alarm clock allows you to set a reminder time ahead of your alarm time. During the period between your reminder time and alarm time, if you are in light sleep, your B1 will remind you at the reminder time. If you are in deep sleep, your B1 will wake you up at the alarm time.",
  "faqTypeId": 339,
  "faqType": "Miscellaneous",
  "useful": 7,
  "unUseful": 3,
  "languageId": 1,
  "languageName": "en",
  "faqCode": "6315",
  "faqTypeCode": "Wearable_Device-Others",
  "isTop": "0",
  "moduleCode": "faq",
  "productId": null,
  "productCode": null,
  "postDate": 1408439650000,
  "seriesProductName": "B1",
  "visitedTimes": 904,
  "isUsefulFlag": null,
  "score": 0,
  "times": 0,
  "imageList": null,
  "displayType": "text",
  "justView": "0",
  "fileName": null,
  "filePath": null,
  "imagePath": null,
  "imageName": null,
  "productIdList": null,
  "curPage": null,
  "pageSize": null,
  "siteCode": null,
  "statusFlag": "Publish",
  "returnCode": 0,
  "totalRows": null,
  "keywords": null,
  "avgScore": 0.0,
  "createDate": null,
  "totalPages": null
}