{
  "type": null,
  "faqId": 14385,
  "title": "Why can't my B1 count my steps accurately?",
  "answer": " Huawei TalkBand uses advanced algorithm to count your steps. The R&D team has compared Huawei TalkBand with other wearables. In terms of counting steps of normal walking and running, Huawei TalkBand has the best performance among similar products and meets your step counting requirements. \r\n\r\n For counting your steps, each kind of wearables has requirements on your walking gestures. Not all walking steps can be counted. No wearable can count your steps 100% correct. Even you yourself can count your steps wrong. Even though Huawei TalkBand has achieved a very satisfactory performance in counting steps, the R&D team is still making every effort to optimize this product.",
  "faqTypeId": 328,
  "faqType": "Fitness and Health Monitoring",
  "useful": 4,
  "unUseful": 3,
  "languageId": 1,
  "languageName": "en",
  "faqCode": "6331",
  "faqTypeCode": "Wearable_Device-Sports-Health-Monitoring",
  "isTop": "0",
  "moduleCode": "faq",
  "productId": null,
  "productCode": null,
  "postDate": 1408438908000,
  "seriesProductName": "B1",
  "visitedTimes": 648,
  "isUsefulFlag": null,
  "score": 0,
  "times": 0,
  "imageList": null,
  "displayType": "text",
  "justView": "0",
  "fileName": null,
  "filePath": null,
  "imagePath": null,
  "imageName": null,
  "productIdList": null,
  "curPage": null,
  "pageSize": null,
  "siteCode": null,
  "statusFlag": "Publish",
  "returnCode": 0,
  "totalRows": null,
  "keywords": null,
  "avgScore": 0.0,
  "createDate": null,
  "totalPages": null
}