{
  "type": null,
  "faqId": 14386,
  "title": "How do I push contacts on my phone to my B1 in case of coming calls?",
  "answer": " Before you push your contacts to your B1, ensure that the following: \r\n\r\n 1. Your B1 is properly connected to your phone over Bluetooth. \r\n\r\n 2. The Huawei TalkBand app is running properly in the background on your phone.  \r\n Note that most Android phones automatically clear up all background processes. If the Huawei TalkBand app is cleared from the background, your contacts cannot be displayed in your B1 in case of coming calls. It is strongly recommended that you add the Huawei TalkBand background process to the white list in your process clearing tool. \r\n\r\n Some phone operating systems will automatically turn off apps that are running in the background. For Huawei EMUI, to enable the Huawei TalkBand app to run in the background, you need to perform the following steps: choose **Settings** >** Power saving **> **Protected apps**, and then check the **Huawei TalkBand**. \r\n\n![](http://consumer.huawei.com/support/servlet/imageServlet?dlType=HtmlAreaImage&imageId=47353)\n\r\n\r\n For some Android systems, you need to enable the function of accessing contacts for the Huawei TalkBand app in the **Permission manager**. \r\n\n![](http://consumer.huawei.com/support/servlet/imageServlet?dlType=HtmlAreaImage&imageId=47355)\n\r\n\r\n If you are using iPhone, your B1 cannot display your contacts due to the restrictions of the iOS system.",
  "faqTypeId": 339,
  "faqType": "Miscellaneous",
  "useful": 11,
  "unUseful": 10,
  "languageId": 1,
  "languageName": "en",
  "faqCode": "6311",
  "faqTypeCode": "Wearable_Device-Others",
  "isTop": "0",
  "moduleCode": "faq",
  "productId": null,
  "productCode": null,
  "postDate": 1408439128000,
  "seriesProductName": "B1",
  "visitedTimes": 1421,
  "isUsefulFlag": null,
  "score": 0,
  "times": 0,
  "imageList": null,
  "displayType": "text",
  "justView": "0",
  "fileName": null,
  "filePath": null,
  "imagePath": null,
  "imageName": null,
  "productIdList": null,
  "curPage": null,
  "pageSize": null,
  "siteCode": null,
  "statusFlag": "Publish",
  "returnCode": 0,
  "totalRows": null,
  "keywords": null,
  "avgScore": 0.0,
  "createDate": null,
  "totalPages": null
}