{
  "type": null,
  "faqId": 14384,
  "title": "How do I synchronize my B1 data to the Huawei TalkBand app?",
  "answer": " Before you start, ensure the following: \r\n\r\n 1. Your B1 is properly connected to your phone over Bluetooth. \r\n\r\n 2. Your phone has been installed with the latest Huawei TalkBand app that runs properly. \r\n\r\n 3. Your phone and your B1 both have sufficient power. \r\n\r\n After you run the Huawei TalkBand app, it will automatically synchronize data with your B1. \r\n\r\n If you want to manually synchronize the data, go back to the home screen of the app, swipe down the screen from any point of the screen, and synchronize the data will be synchronized.",
  "faqTypeId": 332,
  "faqType": "Third-party Applications",
  "useful": 12,
  "unUseful": 10,
  "languageId": 1,
  "languageName": "en",
  "faqCode": "6330",
  "faqTypeCode": "Wearable_Device-Other-APPs",
  "isTop": "0",
  "moduleCode": "faq",
  "productId": null,
  "productCode": null,
  "postDate": 1408438868000,
  "seriesProductName": "B1",
  "visitedTimes": 845,
  "isUsefulFlag": null,
  "score": 0,
  "times": 0,
  "imageList": null,
  "displayType": "text",
  "justView": "0",
  "fileName": null,
  "filePath": null,
  "imagePath": null,
  "imageName": null,
  "productIdList": null,
  "curPage": null,
  "pageSize": null,
  "siteCode": null,
  "statusFlag": "Publish",
  "returnCode": 0,
  "totalRows": null,
  "keywords": null,
  "avgScore": 0.0,
  "createDate": null,
  "totalPages": null
}