{
  "type": null,
  "faqId": 14387,
  "title": "How do I use my B1 Bluetooth headset to answer or decline calls?",
  "answer": " When your phone is connected to your B1, your B1 will vibrate in case of coming calls and display the caller's name or phone number. \r\n\r\n If the Bluetooth headset is on the B1, it is assumed by default that you will answer the call on your phone. If you want to answer the call on your B1, take the Bluetooth headset off from the B1 and press the side button to answer the call. To decline the call, press and hold the side button for 3 seconds.",
  "faqTypeId": 339,
  "faqType": "Miscellaneous",
  "useful": 6,
  "unUseful": 0,
  "languageId": 1,
  "languageName": "en",
  "faqCode": "6312",
  "faqTypeCode": "Wearable_Device-Others",
  "isTop": "0",
  "moduleCode": "faq",
  "productId": null,
  "productCode": null,
  "postDate": 1408439173000,
  "seriesProductName": "B1",
  "visitedTimes": 734,
  "isUsefulFlag": null,
  "score": 0,
  "times": 0,
  "imageList": null,
  "displayType": "text",
  "justView": "0",
  "fileName": null,
  "filePath": null,
  "imagePath": null,
  "imageName": null,
  "productIdList": null,
  "curPage": null,
  "pageSize": null,
  "siteCode": null,
  "statusFlag": "Publish",
  "returnCode": 0,
  "totalRows": null,
  "keywords": null,
  "avgScore": 0.0,
  "createDate": null,
  "totalPages": null
}