{
  "type": null,
  "faqId": 14388,
  "title": "What can I do if the Bluetooth headset does not fit my ears?",
  "answer": " We have provided you with three headset covers. You can choose one based on your own ear size. Put on your headset and rotate headset to adjust it to the position where the headset can properly fit your ears. Generally, the microphone should face toward your mouth. \r\n\n![](http://consumer.huawei.com/support/servlet/imageServlet?dlType=HtmlAreaImage&imageId=47358)",
  "faqTypeId": 339,
  "faqType": "Miscellaneous",
  "useful": 4,
  "unUseful": 2,
  "languageId": 1,
  "languageName": "en",
  "faqCode": "6313",
  "faqTypeCode": "Wearable_Device-Others",
  "isTop": "0",
  "moduleCode": "faq",
  "productId": null,
  "productCode": null,
  "postDate": 1408439249000,
  "seriesProductName": "",
  "visitedTimes": 652,
  "isUsefulFlag": null,
  "score": 0,
  "times": 0,
  "imageList": null,
  "displayType": "text",
  "justView": "0",
  "fileName": null,
  "filePath": null,
  "imagePath": null,
  "imageName": null,
  "productIdList": null,
  "curPage": null,
  "pageSize": null,
  "siteCode": null,
  "statusFlag": "Publish",
  "returnCode": 0,
  "totalRows": null,
  "keywords": null,
  "avgScore": 0.0,
  "createDate": null,
  "totalPages": null
}