{
  "type": null,
  "faqId": 14394,
  "title": "How do I update my B1's firmware and app versions?",
  "answer": " Your B1 supports OTA updates. To update your B1's firmware and app, perform the following steps: \r\n\r\n 1.   Ensure that your B1 is connected to your phone properly over Bluetooth. \r\n\r\n 2.   Run **Huawei TalkBand o**n your phone and choose **Settings**>**About**. \r\n\n![](http://consumer.huawei.com/support/servlet/imageServlet?dlType=HtmlAreaImage&imageId=47365)\n\r\n\r\n 3.  Touch **Update** **TalkBand** to update your B1's firmware. \r\n\r\n ![](http://consumer.huawei.com/support/servlet/imageServlet?dlType=HtmlAreaImage&imageId=47366) \r\n\r\n 4.  Touch **Update TalkBand app** to update your Huawei TalkBand app. \r\n\r\n ![](http://consumer.huawei.com/support/servlet/imageServlet?dlType=HtmlAreaImage&imageId=47367)",
  "faqTypeId": 332,
  "faqType": "Third-party Applications",
  "useful": 38,
  "unUseful": 24,
  "languageId": 1,
  "languageName": "en",
  "faqCode": "6319",
  "faqTypeCode": "Wearable_Device-Other-APPs",
  "isTop": "0",
  "moduleCode": "faq",
  "productId": null,
  "productCode": null,
  "postDate": 1408440339000,
  "seriesProductName": "B1",
  "visitedTimes": 5837,
  "isUsefulFlag": null,
  "score": 0,
  "times": 0,
  "imageList": null,
  "displayType": "text",
  "justView": "0",
  "fileName": null,
  "filePath": null,
  "imagePath": null,
  "imageName": null,
  "productIdList": null,
  "curPage": null,
  "pageSize": null,
  "siteCode": null,
  "statusFlag": "Publish",
  "returnCode": 0,
  "totalRows": null,
  "keywords": null,
  "avgScore": 0.0,
  "createDate": null,
  "totalPages": null
}