{
  "type": null,
  "faqId": 14395,
  "title": "How to Insert SIM  card?",
  "answer": " ![](http://consumer.huawei.com/support/servlet/imageServlet?dlType=HtmlAreaImage&imageId=47386)",
  "faqTypeId": 312,
  "faqType": "SIM Card and Standard",
  "useful": 40,
  "unUseful": 27,
  "languageId": 1,
  "languageName": "en",
  "faqCode": "6342",
  "faqTypeCode": "MBB_Device-SIM-Card-Standard",
  "isTop": "0",
  "moduleCode": "faq",
  "productId": null,
  "productCode": null,
  "postDate": 1408443343000,
  "seriesProductName": "E5878s-32",
  "visitedTimes": 3228,
  "isUsefulFlag": null,
  "score": 0,
  "times": 0,
  "imageList": null,
  "displayType": "text",
  "justView": "0",
  "fileName": null,
  "filePath": null,
  "imagePath": null,
  "imageName": null,
  "productIdList": null,
  "curPage": null,
  "pageSize": null,
  "siteCode": null,
  "statusFlag": "Publish",
  "returnCode": 0,
  "totalRows": null,
  "keywords": "E5878s-32,SIM",
  "avgScore": 0.0,
  "createDate": null,
  "totalPages": null
}