{
  "type": null,
  "faqId": 14393,
  "title": "How do I clear up all data of my B1 and restore it to factory settings?",
  "answer": " To restore your B1 to factory settings, press and hold the side button for 20s to 25s. \r\n\r\n However, the fitting data, sleeping data, and time data in your B1 cannot be cleared up. This will be optimized in later versions.",
  "faqTypeId": 338,
  "faqType": "SW&Restore Factory&Upgrade",
  "useful": 72,
  "unUseful": 57,
  "languageId": 1,
  "languageName": "en",
  "faqCode": "6318",
  "faqTypeCode": "Wearable_Device-SW-Restore-Upgrade",
  "isTop": "0",
  "moduleCode": "faq",
  "productId": null,
  "productCode": null,
  "postDate": 1408440035000,
  "seriesProductName": "B1",
  "visitedTimes": 2592,
  "isUsefulFlag": null,
  "score": 0,
  "times": 0,
  "imageList": null,
  "displayType": "text",
  "justView": "0",
  "fileName": null,
  "filePath": null,
  "imagePath": null,
  "imageName": null,
  "productIdList": null,
  "curPage": null,
  "pageSize": null,
  "siteCode": null,
  "statusFlag": "Publish",
  "returnCode": 0,
  "totalRows": null,
  "keywords": null,
  "avgScore": 0.0,
  "createDate": null,
  "totalPages": null
}