{
  "type": null,
  "faqId": 14390,
  "title": "How do I use the activity reminder function of my B1?",
  "answer": " Set the following in your Huawei TalkBand app: **Interval**, **Start**, **End**, and **Repeat**. After you set an activity reminder, your B1 will monitor your excise load during the set period. If you do not excise enough, your B1 will vibrate to remind you of taking care of yourself.",
  "faqTypeId": 336,
  "faqType": "Alarms, Notifications, Alerts, and Push Messages",
  "useful": 14,
  "unUseful": 1,
  "languageId": 1,
  "languageName": "en",
  "faqCode": "6337",
  "faqTypeCode": "Wearable_Device-Alarm-Reminder-Notification",
  "isTop": "0",
  "moduleCode": "faq",
  "productId": null,
  "productCode": null,
  "postDate": 1408439693000,
  "seriesProductName": "B1",
  "visitedTimes": 705,
  "isUsefulFlag": null,
  "score": 0,
  "times": 0,
  "imageList": null,
  "displayType": "text",
  "justView": "0",
  "fileName": null,
  "filePath": null,
  "imagePath": null,
  "imageName": null,
  "productIdList": null,
  "curPage": null,
  "pageSize": null,
  "siteCode": null,
  "statusFlag": "Publish",
  "returnCode": 0,
  "totalRows": null,
  "keywords": null,
  "avgScore": 0.0,
  "createDate": null,
  "totalPages": null
}