{
  "type": null,
  "faqId": 14391,
  "title": "How do I clean my B1?",
  "answer": " You can use damp tissues or cloth to clean your B1 and then use dry cloth or tissues to dry it up. \r\n\r\n Note the following when cleaning your B1: \r\n\r\n l Do not use any chemical cleaning agents. \r\n\r\n l Clean your headset and wrist band separately. Avoid immersing your B1 for a long time. \r\n\r\n l Residual water on the microphone or earphone may affect your call quality. Use tissues to absorb the water.",
  "faqTypeId": 339,
  "faqType": "Miscellaneous",
  "useful": 18,
  "unUseful": 3,
  "languageId": 1,
  "languageName": "en",
  "faqCode": "6339",
  "faqTypeCode": "Wearable_Device-Others",
  "isTop": "0",
  "moduleCode": "faq",
  "productId": null,
  "productCode": null,
  "postDate": 1408439956000,
  "seriesProductName": "B1",
  "visitedTimes": 1430,
  "isUsefulFlag": null,
  "score": 0,
  "times": 0,
  "imageList": null,
  "displayType": "text",
  "justView": "0",
  "fileName": null,
  "filePath": null,
  "imagePath": null,
  "imageName": null,
  "productIdList": null,
  "curPage": null,
  "pageSize": null,
  "siteCode": null,
  "statusFlag": "Publish",
  "returnCode": 0,
  "totalRows": null,
  "keywords": null,
  "avgScore": 0.0,
  "createDate": null,
  "totalPages": null
}