{
  "type": null,
  "faqId": 14392,
  "title": "Why does my B1 vibrate from time to time without any warnings on the screen?",
  "answer": " The metal contacts in your B1 may be short-circuited. Check the following three positions. If any foreign matter is found, clean it up. \r\n\r\n 1.  The five metal contacts in the rear of the headset. Check whether they are damp or there is any water or foreign matter on them. \r\n\r\n 2.  The five metal terminals in the headset slot on the wrist band. Check whether they are in the same height. Press each terminal to see whether they will bounce back to the normal height. Check whether there is any foreign matter, water drops, or other agents that may cause short circuits. \r\n\r\n 3.  USB charger contact. Check whether there is any foreign matter, water drops, or other agents that may cause short circuits.",
  "faqTypeId": 334,
  "faqType": "Screen Display",
  "useful": 14,
  "unUseful": 3,
  "languageId": 1,
  "languageName": "en",
  "faqCode": "6317",
  "faqTypeCode": "Wearable_Device-Screen-Display",
  "isTop": "0",
  "moduleCode": "faq",
  "productId": null,
  "productCode": null,
  "postDate": 1408440001000,
  "seriesProductName": "B1",
  "visitedTimes": 1400,
  "isUsefulFlag": null,
  "score": 0,
  "times": 0,
  "imageList": null,
  "displayType": "text",
  "justView": "0",
  "fileName": null,
  "filePath": null,
  "imagePath": null,
  "imageName": null,
  "productIdList": null,
  "curPage": null,
  "pageSize": null,
  "siteCode": null,
  "statusFlag": "Publish",
  "returnCode": 0,
  "totalRows": null,
  "keywords": null,
  "avgScore": 0.0,
  "createDate": null,
  "totalPages": null
}