{
  "type": null,
  "faqId": 14437,
  "title": "Is a multimedia message limited by its file size, format, or resolution?",
  "answer": "A video or audio file exceeds a size limit (generally 300 KB) cannot be attached to a  \r\n\nmultimedia message. The resolution of an oversized image is automatically lowered so that it  \r\n\ncan be attached. As a result, the recipient will receive a low resolution image.",
  "faqTypeId": null,
  "faqType": null,
  "useful": 0,
  "unUseful": 0,
  "languageId": 1,
  "languageName": "en",
  "faqCode": "6447",
  "faqTypeCode": null,
  "isTop": "0",
  "moduleCode": "faq",
  "productId": null,
  "productCode": null,
  "postDate": 1408530427000,
  "seriesProductName": "G6-U10",
  "visitedTimes": 6,
  "isUsefulFlag": null,
  "score": 0,
  "times": 0,
  "imageList": null,
  "displayType": "text",
  "justView": "0",
  "fileName": null,
  "filePath": null,
  "imagePath": null,
  "imageName": null,
  "productIdList": null,
  "curPage": null,
  "pageSize": null,
  "siteCode": null,
  "statusFlag": "Publish",
  "returnCode": 0,
  "totalRows": null,
  "keywords": null,
  "avgScore": 0.0,
  "createDate": null,
  "totalPages": null
}