{
  "type": null,
  "faqId": 14462,
  "title": "What are the selling points of the G6?",
  "answer": " Huawei Emotion UI 2.0 Lite (compatible with Android 4.3)  \r\n\n 4.5-inch qHD LCD touchscreen  \r\n\n 1.2 GHz quad-core CPU  \r\n\n Front camera: 800MP AF  \r\n\n Connectivity: Wi-Fi and portable Wi-Fi hotspot  \r\n\n Simple UI",
  "faqTypeId": null,
  "faqType": null,
  "useful": 0,
  "unUseful": 0,
  "languageId": 1,
  "languageName": "en",
  "faqCode": "6439",
  "faqTypeCode": null,
  "isTop": "0",
  "moduleCode": "faq",
  "productId": null,
  "productCode": null,
  "postDate": 1408527425000,
  "seriesProductName": "G6-U10",
  "visitedTimes": 28,
  "isUsefulFlag": null,
  "score": 0,
  "times": 0,
  "imageList": null,
  "displayType": "text",
  "justView": "0",
  "fileName": null,
  "filePath": null,
  "imagePath": null,
  "imageName": null,
  "productIdList": null,
  "curPage": null,
  "pageSize": null,
  "siteCode": null,
  "statusFlag": "Publish",
  "returnCode": 0,
  "totalRows": null,
  "keywords": null,
  "avgScore": 0.0,
  "createDate": null,
  "totalPages": null
}