{
  "type": null,
  "faqId": 14465,
  "title": "How do I manage (copy/back up) contacts?",
  "answer": "**Backing up contacts to an SD card:**  \r\n\n1. Touch Settings > DEVICE > Storage > Default Storage Location. Select the SD card.  \r\n\n2. On the Contacts screen, touch > Manage contacts > Export to storage and then  \r\n\ntouch OK. You can open File Manager and check the VCF file in the root directory of  \r\n\r\n the SD card. \r\n\r\n **Recovering contacts from the SD card** \r\n\r\n 3. Touch File Manager and SD card.  \r\n 4. Select the backup VCF file and touch OK. Contacts on your phone are automatically  \r\n recovered from the SD card.",
  "faqTypeId": null,
  "faqType": null,
  "useful": 0,
  "unUseful": 0,
  "languageId": 1,
  "languageName": "en",
  "faqCode": "6442",
  "faqTypeCode": null,
  "isTop": "0",
  "moduleCode": "faq",
  "productId": null,
  "productCode": null,
  "postDate": 1408528424000,
  "seriesProductName": "G6-U10",
  "visitedTimes": 18,
  "isUsefulFlag": null,
  "score": 0,
  "times": 0,
  "imageList": null,
  "displayType": "text",
  "justView": "0",
  "fileName": null,
  "filePath": null,
  "imagePath": null,
  "imageName": null,
  "productIdList": null,
  "curPage": null,
  "pageSize": null,
  "siteCode": null,
  "statusFlag": "Publish",
  "returnCode": 0,
  "totalRows": null,
  "keywords": null,
  "avgScore": 0.0,
  "createDate": null,
  "totalPages": null
}