{
  "type": null,
  "faqId": 14467,
  "title": "How do I forward a message or send a mass message?",
  "answer": "Forwarding messages:  \r\n\nOpen a conversation thread with a contact, touch and hold a message you want to forward and  \r\n\r\n choose Forward. \r\n\r\n Sending mass messages:  \r\n Create a message and click . Select multiple contacts and touch SELECT. The message is  \r\n sent to all selected contacts.",
  "faqTypeId": null,
  "faqType": null,
  "useful": 0,
  "unUseful": 0,
  "languageId": 1,
  "languageName": "en",
  "faqCode": "6444",
  "faqTypeCode": null,
  "isTop": "0",
  "moduleCode": "faq",
  "productId": null,
  "productCode": null,
  "postDate": 1408529062000,
  "seriesProductName": "G6-U10",
  "visitedTimes": 3,
  "isUsefulFlag": null,
  "score": 0,
  "times": 0,
  "imageList": null,
  "displayType": "text",
  "justView": "0",
  "fileName": null,
  "filePath": null,
  "imagePath": null,
  "imageName": null,
  "productIdList": null,
  "curPage": null,
  "pageSize": null,
  "siteCode": null,
  "statusFlag": "Publish",
  "returnCode": 0,
  "totalRows": null,
  "keywords": null,
  "avgScore": 0.0,
  "createDate": null,
  "totalPages": null
}