{
  "type": null,
  "faqId": 14463,
  "title": "How do I add a widget to a home screen?",
  "answer": "1. On a home screen, touch and hold a blank area. The Set home screen window is  \r\n\ndisplayed.  \r\n\n2. Touch Widgets.  \r\n\n3. Select a widget in the list and drag it to a desired home screen.  \r\n\n4. Touch to return to the home screen.  \r\n\nIf the blank area in the home screen is insufficient to receive widgets, a new home screen is  \r\n\nautomatically created on the right side of the home screen and the widgets will be placed in the new  \r\n\nhome screen.",
  "faqTypeId": null,
  "faqType": null,
  "useful": 1,
  "unUseful": 0,
  "languageId": 1,
  "languageName": "en",
  "faqCode": "6440",
  "faqTypeCode": null,
  "isTop": "0",
  "moduleCode": "faq",
  "productId": null,
  "productCode": null,
  "postDate": 1408527551000,
  "seriesProductName": "G6-U10",
  "visitedTimes": 10,
  "isUsefulFlag": null,
  "score": 0,
  "times": 0,
  "imageList": null,
  "displayType": "text",
  "justView": "0",
  "fileName": null,
  "filePath": null,
  "imagePath": null,
  "imageName": null,
  "productIdList": null,
  "curPage": null,
  "pageSize": null,
  "siteCode": null,
  "statusFlag": "Publish",
  "returnCode": 0,
  "totalRows": null,
  "keywords": null,
  "avgScore": 0.0,
  "createDate": null,
  "totalPages": null
}