{"type":null,"faqId":14472,"title":"Can I mute the shutter sound?","answer":"No","faqTypeId":null,"faqType":null,"useful":0,"unUseful":0,"languageId":1,"languageName":"en","faqCode":"6450","faqTypeCode":null,"isTop":"0","moduleCode":"faq","productId":null,"productCode":null,"postDate":1408530779000,"seriesProductName":"G6-U10","visitedTimes":11,"isUsefulFlag":null,"score":0,"times":0,"imageList":null,"displayType":"text","justView":"0","fileName":null,"filePath":null,"imagePath":null,"imageName":null,"productIdList":null,"curPage":null,"pageSize":null,"siteCode":null,"statusFlag":"Publish","returnCode":0,"totalRows":null,"keywords":null,"avgScore":0.0,"createDate":null,"totalPages":null}