{
  "type": null,
  "faqId": 14470,
  "title": "Where is the attachment of a multimedia message stored?",
  "answer": "The attachment of a multimedia message you received is stored in the /data folder, which is  \r\n\ninvisible to you.  \r\n\nYou can find the attachments you have saved by the following paths:  \r\n\n In your phone: File Manager > Internal > Download  \r\n\n In your SD card: File Manager > SD card > Download",
  "faqTypeId": null,
  "faqType": null,
  "useful": 0,
  "unUseful": 0,
  "languageId": 1,
  "languageName": "en",
  "faqCode": "6448",
  "faqTypeCode": null,
  "isTop": "0",
  "moduleCode": "faq",
  "productId": null,
  "productCode": null,
  "postDate": 1408530509000,
  "seriesProductName": "G6-U10",
  "visitedTimes": 6,
  "isUsefulFlag": null,
  "score": 0,
  "times": 0,
  "imageList": null,
  "displayType": "text",
  "justView": "0",
  "fileName": null,
  "filePath": null,
  "imagePath": null,
  "imageName": null,
  "productIdList": null,
  "curPage": null,
  "pageSize": null,
  "siteCode": null,
  "statusFlag": "Publish",
  "returnCode": 0,
  "totalRows": null,
  "keywords": null,
  "avgScore": 0.0,
  "createDate": null,
  "totalPages": null
}