{
  "type": null,
  "faqId": 14483,
  "title": "How many text messages can be saved on my phone?",
  "answer": "A conversation can contain a maximum of 500 text messages or 50 multimedia messages by  \r\n\ndefault. You can set the maximum numbers from Settings.  \r\n\nHow many messages can be saved to your phone depends on your phone's available storage  \r\n\nspace.",
  "faqTypeId": null,
  "faqType": null,
  "useful": 1,
  "unUseful": 0,
  "languageId": 1,
  "languageName": "en",
  "faqCode": "6464",
  "faqTypeCode": null,
  "isTop": "0",
  "moduleCode": "faq",
  "productId": null,
  "productCode": null,
  "postDate": 1408634541000,
  "seriesProductName": "Sophia-L10",
  "visitedTimes": 10,
  "isUsefulFlag": null,
  "score": 0,
  "times": 0,
  "imageList": null,
  "displayType": "text",
  "justView": "0",
  "fileName": null,
  "filePath": null,
  "imagePath": null,
  "imageName": null,
  "productIdList": null,
  "curPage": null,
  "pageSize": null,
  "siteCode": null,
  "statusFlag": "Publish",
  "returnCode": 0,
  "totalRows": null,
  "keywords": null,
  "avgScore": 0.0,
  "createDate": null,
  "totalPages": null
}