{
  "type": null,
  "faqId": 14489,
  "title": "Can my computer use my phone's data connection through Bluetooth? Can I play games with other devices using Bluetooth?",
  "answer": "Yes. You can set up connection between your computer and phone using Bluetooth. The  \r\n\ncomputer can then use your phone's data connection to access the Internet. You can also  \r\n\nconnect your phone to other Bluetooth-capable devices and play games together.  \r\n\nYour phone supports the Personal Area Network (PAN) Profile. Other devices can share your  \r\n\nphone's data connection.  \r\n\nTo share your phone's data connection using Bluetooth, touch Settings > More... > Tethering  \r\n\r\n & portable hotspot, and select Bluetooth tethering. \r\n\r\n Your phone supports Bluetooth games. The method of using this function varies with the  \r\n third-party game. General steps are as follows:  \r\n 1. Search for other Bluetooth devices.  \r\n 2. Pair your phone with another device.  \r\n 3. Start the game.",
  "faqTypeId": null,
  "faqType": null,
  "useful": 2,
  "unUseful": 1,
  "languageId": 1,
  "languageName": "en",
  "faqCode": "6471",
  "faqTypeCode": null,
  "isTop": "0",
  "moduleCode": "faq",
  "productId": null,
  "productCode": null,
  "postDate": 1408635821000,
  "seriesProductName": "Sophia-L10",
  "visitedTimes": 140,
  "isUsefulFlag": null,
  "score": 0,
  "times": 0,
  "imageList": null,
  "displayType": "text",
  "justView": "0",
  "fileName": null,
  "filePath": null,
  "imagePath": null,
  "imageName": null,
  "productIdList": null,
  "curPage": null,
  "pageSize": null,
  "siteCode": null,
  "statusFlag": "Publish",
  "returnCode": 0,
  "totalRows": null,
  "keywords": null,
  "avgScore": 0.0,
  "createDate": null,
  "totalPages": null
}