{
  "type": null,
  "faqId": 14487,
  "title": "What play modes does my phone support?",
  "answer": "Play in order (by default): play all audio clips in a playlist in sequence and stop playing  \r\n\nafter all the files have been played.  \r\n\n Shuffle: play all audio clips in the playlist in a random order and stop playing after all  \r\n\nthe files have been played.  \r\n\n Repeat all songs: play all audio clips in a playlist in sequence and repeat the playlist after  \r\n\nall the files have been played.  \r\n\n Repeat current song: Play the current audio clip repeatedly.  \r\n\n Shuffle is on+Repeat all songs: Play all audio files in the playlist in a random order and  \r\n\nrepeat the playlist in a random order after all the files have been played.",
  "faqTypeId": null,
  "faqType": null,
  "useful": 2,
  "unUseful": 0,
  "languageId": 1,
  "languageName": "en",
  "faqCode": "6468",
  "faqTypeCode": null,
  "isTop": "0",
  "moduleCode": "faq",
  "productId": null,
  "productCode": null,
  "postDate": 1408635369000,
  "seriesProductName": "Sophia-L10",
  "visitedTimes": 64,
  "isUsefulFlag": null,
  "score": 0,
  "times": 0,
  "imageList": null,
  "displayType": "text",
  "justView": "0",
  "fileName": null,
  "filePath": null,
  "imagePath": null,
  "imageName": null,
  "productIdList": null,
  "curPage": null,
  "pageSize": null,
  "siteCode": null,
  "statusFlag": "Publish",
  "returnCode": 0,
  "totalRows": null,
  "keywords": null,
  "avgScore": 0.0,
  "createDate": null,
  "totalPages": null
}