{
  "type": null,
  "faqId": 14488,
  "title": "What is the Bluetooth working range?",
  "answer": "The working range is 10 meters.",
  "faqTypeId": null,
  "faqType": null,
  "useful": 3,
  "unUseful": 0,
  "languageId": 1,
  "languageName": "en",
  "faqCode": "6469",
  "faqTypeCode": null,
  "isTop": "0",
  "moduleCode": "faq",
  "productId": null,
  "productCode": null,
  "postDate": 1408635694000,
  "seriesProductName": "Sophia-L10",
  "visitedTimes": 106,
  "isUsefulFlag": null,
  "score": 0,
  "times": 0,
  "imageList": null,
  "displayType": "text",
  "justView": "0",
  "fileName": null,
  "filePath": null,
  "imagePath": null,
  "imageName": null,
  "productIdList": null,
  "curPage": null,
  "pageSize": null,
  "siteCode": null,
  "statusFlag": "Publish",
  "returnCode": 0,
  "totalRows": null,
  "keywords": null,
  "avgScore": 0.0,
  "createDate": null,
  "totalPages": null
}