{"type":null,"faqId":14484,"title":"Can I record a call?","answer":"No","faqTypeId":null,"faqType":null,"useful":2,"unUseful":0,"languageId":1,"languageName":"en","faqCode":"6465","faqTypeCode":null,"isTop":"0","moduleCode":"faq","productId":null,"productCode":null,"postDate":1408634872000,"seriesProductName":"Sophia-L10","visitedTimes":39,"isUsefulFlag":null,"score":0,"times":0,"imageList":null,"displayType":"text","justView":"0","fileName":null,"filePath":null,"imagePath":null,"imageName":null,"productIdList":null,"curPage":null,"pageSize":null,"siteCode":null,"statusFlag":"Publish","returnCode":0,"totalRows":null,"keywords":null,"avgScore":0.0,"createDate":null,"totalPages":null}