{
  "type": null,
  "faqId": 14485,
  "title": "How do I have a conference call?",
  "answer": "Your phone supports three-way calling, which is a new service based on call waiting. A  \r\n\nmaximum of five parties can participate in a conference call.  \r\n\nTo start a conference call, merge the ongoing calls.  \r\n\nTo use this function, make sure your SIM card supports the three-party call service. Contact  \r\n\nyour service provider to enable call waiting.",
  "faqTypeId": null,
  "faqType": null,
  "useful": 1,
  "unUseful": 0,
  "languageId": 1,
  "languageName": "en",
  "faqCode": "6466",
  "faqTypeCode": null,
  "isTop": "0",
  "moduleCode": "faq",
  "productId": null,
  "productCode": null,
  "postDate": 1408634939000,
  "seriesProductName": "Sophia-L10",
  "visitedTimes": 47,
  "isUsefulFlag": null,
  "score": 0,
  "times": 0,
  "imageList": null,
  "displayType": "text",
  "justView": "0",
  "fileName": null,
  "filePath": null,
  "imagePath": null,
  "imageName": null,
  "productIdList": null,
  "curPage": null,
  "pageSize": null,
  "siteCode": null,
  "statusFlag": "Publish",
  "returnCode": 0,
  "totalRows": null,
  "keywords": null,
  "avgScore": 0.0,
  "createDate": null,
  "totalPages": null
}