{
  "type": null,
  "faqId": 14490,
  "title": "Does my phone support flash playback? If not, can I install a third-party flash player for flash playback?",
  "answer": "Your phone is not preinstalled with any flash players.  \r\n\nYes, you can install a third-party flash player to your phone.",
  "faqTypeId": null,
  "faqType": null,
  "useful": 4,
  "unUseful": 2,
  "languageId": 1,
  "languageName": "en",
  "faqCode": "6473",
  "faqTypeCode": null,
  "isTop": "0",
  "moduleCode": "faq",
  "productId": null,
  "productCode": null,
  "postDate": 1408636157000,
  "seriesProductName": "Sophia-L10",
  "visitedTimes": 156,
  "isUsefulFlag": null,
  "score": 0,
  "times": 0,
  "imageList": null,
  "displayType": "text",
  "justView": "0",
  "fileName": null,
  "filePath": null,
  "imagePath": null,
  "imageName": null,
  "productIdList": null,
  "curPage": null,
  "pageSize": null,
  "siteCode": null,
  "statusFlag": "Publish",
  "returnCode": 0,
  "totalRows": null,
  "keywords": null,
  "avgScore": 0.0,
  "createDate": null,
  "totalPages": null
}