{
  "type": null,
  "faqId": 14491,
  "title": "Why can't I install an application?",
  "answer": "The application is corrupted.  \r\n\n The application has already been installed.  \r\n\n Your phone has insufficient available storage.",
  "faqTypeId": null,
  "faqType": null,
  "useful": 7,
  "unUseful": 1,
  "languageId": 1,
  "languageName": "en",
  "faqCode": "6474",
  "faqTypeCode": null,
  "isTop": "0",
  "moduleCode": "faq",
  "productId": null,
  "productCode": null,
  "postDate": 1408636688000,
  "seriesProductName": "Sophia-L10",
  "visitedTimes": 187,
  "isUsefulFlag": null,
  "score": 0,
  "times": 0,
  "imageList": null,
  "displayType": "text",
  "justView": "0",
  "fileName": null,
  "filePath": null,
  "imagePath": null,
  "imageName": null,
  "productIdList": null,
  "curPage": null,
  "pageSize": null,
  "siteCode": null,
  "statusFlag": "Publish",
  "returnCode": 0,
  "totalRows": null,
  "keywords": null,
  "avgScore": 0.0,
  "createDate": null,
  "totalPages": null
}