{
  "type": null,
  "faqId": 14506,
  "title": "Why can't I pair my phone with other Bluetooth devices?",
  "answer": "Your phone supports various profiles, such as A2DP, HSP, HFP, PAN, HIDH, OPP, and PBAP.  \r\n\nIf the pairing device also supports these profiles but fails to be paired with, see the following  \r\n\nsolutions:  \r\n\n Your phone cannot find other phones.  \r\n\nSolution: Check that the Bluetooth on that phone is turned on and the phone is set to be  \r\n\nvisible.  \r\n\n Your phone cannot find a Bluetooth headset.  \r\n\nSolution: Check that the headset is set to be visible. For details about how to configure  \r\n\nthe headset, see the headset's user guide.  \r\n\n Your phone cannot send files to another phone.  \r\n\nSolution: Check that the phone to be connected to is able to receive files and supports the  \r\n\nformats of the files you want to send.",
  "faqTypeId": null,
  "faqType": null,
  "useful": 7,
  "unUseful": 66,
  "languageId": 1,
  "languageName": "en",
  "faqCode": "6470",
  "faqTypeCode": null,
  "isTop": "0",
  "moduleCode": "faq",
  "productId": null,
  "productCode": null,
  "postDate": 1408635746000,
  "seriesProductName": "Sophia-L10",
  "visitedTimes": 1162,
  "isUsefulFlag": null,
  "score": 0,
  "times": 0,
  "imageList": null,
  "displayType": "text",
  "justView": "0",
  "fileName": null,
  "filePath": null,
  "imagePath": null,
  "imageName": null,
  "productIdList": null,
  "curPage": null,
  "pageSize": null,
  "siteCode": null,
  "statusFlag": "Publish",
  "returnCode": 0,
  "totalRows": null,
  "keywords": null,
  "avgScore": 0.0,
  "createDate": null,
  "totalPages": null
}