{
  "type": null,
  "faqId": 14504,
  "title": "Where are my photos and videos saved?",
  "answer": "By default, photos and videos captured by your phone are saved to the phone's internal  \r\n\nstorage.  \r\n\nTo view your photos and videos, on the home screen, touch File Manager > Local >  \r\n\nInternal > DCIM.",
  "faqTypeId": null,
  "faqType": null,
  "useful": 5,
  "unUseful": 8,
  "languageId": 1,
  "languageName": "en",
  "faqCode": "6483",
  "faqTypeCode": null,
  "isTop": "0",
  "moduleCode": "faq",
  "productId": null,
  "productCode": null,
  "postDate": 1408635481000,
  "seriesProductName": "Sophia-L10",
  "visitedTimes": 570,
  "isUsefulFlag": null,
  "score": 0,
  "times": 0,
  "imageList": null,
  "displayType": "text",
  "justView": "0",
  "fileName": null,
  "filePath": null,
  "imagePath": null,
  "imageName": null,
  "productIdList": null,
  "curPage": null,
  "pageSize": null,
  "siteCode": null,
  "statusFlag": "Publish",
  "returnCode": 0,
  "totalRows": null,
  "keywords": null,
  "avgScore": 0.0,
  "createDate": null,
  "totalPages": null
}