{
  "type": null,
  "faqId": 14502,
  "title": "How do I delete a message from a message thread? How do I delete a message thread?",
  "answer": " Go to Messaging and touch a conversation to display all messages in the conversation.  \r\n\nTouch and hold the message you want to delete. From the displayed option menu, choose  \r\n\nDelete.  \r\n\n To delete a message thread from a conversation, touch and hold it. From the displayed  \r\n\noption menu, choose Delete conversation.",
  "faqTypeId": null,
  "faqType": null,
  "useful": 0,
  "unUseful": 0,
  "languageId": 1,
  "languageName": "en",
  "faqCode": "6463",
  "faqTypeCode": null,
  "isTop": "0",
  "moduleCode": "faq",
  "productId": null,
  "productCode": null,
  "postDate": 1408634440000,
  "seriesProductName": "Sophia-L10",
  "visitedTimes": 7,
  "isUsefulFlag": null,
  "score": 0,
  "times": 0,
  "imageList": null,
  "displayType": "text",
  "justView": "0",
  "fileName": null,
  "filePath": null,
  "imagePath": null,
  "imageName": null,
  "productIdList": null,
  "curPage": null,
  "pageSize": null,
  "siteCode": null,
  "statusFlag": "Publish",
  "returnCode": 0,
  "totalRows": null,
  "keywords": null,
  "avgScore": 0.0,
  "createDate": null,
  "totalPages": null
}