{
  "type": null,
  "faqId": 14528,
  "title": "How long does the backup battery last?",
  "answer": " Talk time is about 2 hours and standby time is about 36 hours, but the actual values vary with the network environment.",
  "faqTypeId": null,
  "faqType": null,
  "useful": 4,
  "unUseful": 0,
  "languageId": 1,
  "languageName": "en",
  "faqCode": "6508",
  "faqTypeCode": null,
  "isTop": "0",
  "moduleCode": "faq",
  "productId": null,
  "productCode": null,
  "postDate": 1408742617000,
  "seriesProductName": "",
  "visitedTimes": 37,
  "isUsefulFlag": null,
  "score": 0,
  "times": 0,
  "imageList": null,
  "displayType": "text",
  "justView": "0",
  "fileName": null,
  "filePath": null,
  "imagePath": null,
  "imageName": null,
  "productIdList": null,
  "curPage": null,
  "pageSize": null,
  "siteCode": null,
  "statusFlag": "Publish",
  "returnCode": 0,
  "totalRows": null,
  "keywords": null,
  "avgScore": 0.0,
  "createDate": null,
  "totalPages": null
}