{
  "type": null,
  "faqId": 14522,
  "title": "KeyBord using:",
  "answer": " ![](http://consumer.huawei.com/support/servlet/imageServlet?dlType=HtmlAreaImage&imageId=47724)  \r\n <table border=\"1\" cellspacing=\"0\" cellpadding=\"0\" style=\"border:none;\"> <tbody> <tr> <td width=\"137\" style=\"border:solid windowtext 1.0pt;\"> \r\n\r\n Number \r\n </td> <td width=\"480\" style=\"border:solid windowtext 1.0pt;\"> \r\n\r\n Description \r\n </td> </tr> <tr> <td width=\"137\" style=\"border:solid windowtext 1.0pt;\"> \r\n\r\n 1 \r\n </td> <td width=\"480\" style=\"border:solid windowtext 1.0pt;\"> \r\n\r\n Up navigation key \r\n </td> </tr> <tr> <td width=\"137\" style=\"border:solid windowtext 1.0pt;\"> \r\n\r\n 2 \r\n </td> <td width=\"480\" style=\"border:solid windowtext 1.0pt;\"> \r\n\r\n Left function key \r\n </td> </tr> <tr> <td width=\"137\" style=\"border:solid windowtext 1.0pt;\"> \r\n\r\n 3 \r\n </td> <td width=\"480\" style=\"border:solid windowtext 1.0pt;\"> \r\n\r\n Right function key \r\n </td> </tr> <tr> <td width=\"137\" style=\"border:solid windowtext 1.0pt;\"> \r\n\r\n 4 \r\n </td> <td width=\"480\" style=\"border:solid windowtext 1.0pt;\"> \r\n\r\n Down navigation key \r\n </td> </tr> <tr> <td width=\"137\" style=\"border:solid windowtext 1.0pt;\"> \r\n\r\n 5 \r\n </td> <td width=\"480\" style=\"border:solid windowtext 1.0pt;\"> \r\n\r\n Power button \r\n </td> </tr> <tr> <td width=\"137\" style=\"border:solid windowtext 1.0pt;\"> \r\n\r\n 6 \r\n </td> <td width=\"480\" style=\"border:solid windowtext 1.0pt;\"> \r\n\r\n DC 5V power port \r\n </td> </tr> <tr> <td width=\"137\" style=\"border:solid windowtext 1.0pt;\"> \r\n\r\n 7 \r\n </td> <td width=\"480\" style=\"border:solid windowtext 1.0pt;\"> \r\n\r\n Telephone port 1 \r\n </td> </tr> <tr> <td width=\"137\" style=\"border:solid windowtext 1.0pt;\"> \r\n\r\n 8 \r\n </td> <td width=\"480\" style=\"border:solid windowtext 1.0pt;\"> \r\n\r\n Telephone port 2 \r\n </td> </tr> <tr> <td width=\"137\" style=\"border:solid windowtext 1.0pt;\"> \r\n\r\n 9 \r\n </td> <td width=\"480\" style=\"border:solid windowtext 1.0pt;\"> \r\n\r\n USB port* (see Important note) \r\n </td> </tr> <tr> <td width=\"137\" style=\"border:solid windowtext 1.0pt;\"> \r\n\r\n 10 \r\n </td> <td width=\"480\" style=\"border:solid windowtext 1.0pt;\"> \r\n\r\n Antenna port \r\n </td> </tr> </tbody> </table>   \r\n\r\n Important: Never place a USB-based device into the USB port of the Sprint Phone Connect 3 under any circumstances. Doing so may damage the device and negate its warranty. The port was designed for diagnostic purposes only; it is not intended for customer use.",
  "faqTypeId": null,
  "faqType": null,
  "useful": 0,
  "unUseful": 0,
  "languageId": 1,
  "languageName": "en",
  "faqCode": "6502",
  "faqTypeCode": null,
  "isTop": "0",
  "moduleCode": "faq",
  "productId": null,
  "productCode": null,
  "postDate": 1408742253000,
  "seriesProductName": "",
  "visitedTimes": 28,
  "isUsefulFlag": null,
  "score": 0,
  "times": 0,
  "imageList": null,
  "displayType": "text",
  "justView": "0",
  "fileName": null,
  "filePath": null,
  "imagePath": null,
  "imageName": null,
  "productIdList": null,
  "curPage": null,
  "pageSize": null,
  "siteCode": null,
  "statusFlag": "Publish",
  "returnCode": 0,
  "totalRows": null,
  "keywords": null,
  "avgScore": 0.0,
  "createDate": null,
  "totalPages": null
}