{
  "type": null,
  "faqId": 14537,
  "title": "How to pair Bluetooth Device",
  "answer": " The Bluetooth pairing process allows you to establish trusted connections between your Sprint Phone Connect 3 to other Bluetooth devices.<o:p></o:p> \r\n\r\n 1. Press Menu > Bluetooth > Pair Device.<o:p></o:p> \r\n\r\n 2. Place mobile phone close to Sprint Phone Connect 3, and then search for Sprint Phone Connect<o:p></o:p> \r\n\r\n 3. Enter PIN code (0000) and confirm to connect on your mobile phone. Skip this step if you do not<o:p></o:p> \r\n\r\n need enter PIN code.<o:p></o:p>",
  "faqTypeId": null,
  "faqType": null,
  "useful": 7,
  "unUseful": 3,
  "languageId": 1,
  "languageName": "en",
  "faqCode": "6517",
  "faqTypeCode": null,
  "isTop": "0",
  "moduleCode": "faq",
  "productId": null,
  "productCode": null,
  "postDate": 1408743242000,
  "seriesProductName": "",
  "visitedTimes": 120,
  "isUsefulFlag": null,
  "score": 0,
  "times": 0,
  "imageList": null,
  "displayType": "text",
  "justView": "0",
  "fileName": null,
  "filePath": null,
  "imagePath": null,
  "imageName": null,
  "productIdList": null,
  "curPage": null,
  "pageSize": null,
  "siteCode": null,
  "statusFlag": "Publish",
  "returnCode": 0,
  "totalRows": null,
  "keywords": null,
  "avgScore": 0.0,
  "createDate": null,
  "totalPages": null
}