{
  "type": null,
  "faqId": 14532,
  "title": "Can I use my telephone answering device instead of voice mail?",
  "answer": " Yes. Set the answering device to fewer rings in order to pickup the call before Sprint voice mail. Alternatively, turn off your home answering machine or increase the number of rings if you would like to use the Sprint voice mail service. Please refer to the user material provided by the Home Answering Machine manufacturer for instructions.",
  "faqTypeId": null,
  "faqType": null,
  "useful": 1,
  "unUseful": 3,
  "languageId": 1,
  "languageName": "en",
  "faqCode": "6512",
  "faqTypeCode": null,
  "isTop": "0",
  "moduleCode": "faq",
  "productId": null,
  "productCode": null,
  "postDate": 1408742900000,
  "seriesProductName": "",
  "visitedTimes": 32,
  "isUsefulFlag": null,
  "score": 0,
  "times": 0,
  "imageList": null,
  "displayType": "text",
  "justView": "0",
  "fileName": null,
  "filePath": null,
  "imagePath": null,
  "imageName": null,
  "productIdList": null,
  "curPage": null,
  "pageSize": null,
  "siteCode": null,
  "statusFlag": "Publish",
  "returnCode": 0,
  "totalRows": null,
  "keywords": null,
  "avgScore": 0.0,
  "createDate": null,
  "totalPages": null
}