{
  "type": null,
  "faqId": 14535,
  "title": "How to set the TTY mode?",
  "answer": " Enter the “Menu->Settings->TTY” to set the TTY mode. \r\n\r\n TTY Off mode: The standard voice speaking mode and the listening mode. This is the default setting. \r\n\r\n TTY Full mode: Transmit and receive the TTY characters. \r\n\r\n HCO (hearing carry over) mode: Transmit TTY characters but receive by listening to the \r\n\r\n receiver. \r\n\r\n VCO (voice carry over) mode: Receive TTY characters but transmit by speaking into the \r\n\r\n Speaker.",
  "faqTypeId": null,
  "faqType": null,
  "useful": 0,
  "unUseful": 0,
  "languageId": 1,
  "languageName": "en",
  "faqCode": "6515",
  "faqTypeCode": null,
  "isTop": "0",
  "moduleCode": "faq",
  "productId": null,
  "productCode": null,
  "postDate": 1408743123000,
  "seriesProductName": "",
  "visitedTimes": 50,
  "isUsefulFlag": null,
  "score": 0,
  "times": 0,
  "imageList": null,
  "displayType": "text",
  "justView": "0",
  "fileName": null,
  "filePath": null,
  "imagePath": null,
  "imageName": null,
  "productIdList": null,
  "curPage": null,
  "pageSize": null,
  "siteCode": null,
  "statusFlag": "Publish",
  "returnCode": 0,
  "totalRows": null,
  "keywords": null,
  "avgScore": 0.0,
  "createDate": null,
  "totalPages": null
}