{
  "type": null,
  "faqId": 14536,
  "title": "How to update Device",
  "answer": " To update your device, press Menu > Update Device",
  "faqTypeId": null,
  "faqType": null,
  "useful": 17,
  "unUseful": 29,
  "languageId": 1,
  "languageName": "en",
  "faqCode": "6516",
  "faqTypeCode": null,
  "isTop": "0",
  "moduleCode": "faq",
  "productId": null,
  "productCode": null,
  "postDate": 1408743187000,
  "seriesProductName": "",
  "visitedTimes": 417,
  "isUsefulFlag": null,
  "score": 0,
  "times": 0,
  "imageList": null,
  "displayType": "text",
  "justView": "0",
  "fileName": null,
  "filePath": null,
  "imagePath": null,
  "imageName": null,
  "productIdList": null,
  "curPage": null,
  "pageSize": null,
  "siteCode": null,
  "statusFlag": "Publish",
  "returnCode": 0,
  "totalRows": null,
  "keywords": null,
  "avgScore": 0.0,
  "createDate": null,
  "totalPages": null
}