{
  "type": null,
  "faqId": 14531,
  "title": "How do I check my voice messages?",
  "answer": " Press View > Listen or dial *86 to access your voicemail.",
  "faqTypeId": null,
  "faqType": null,
  "useful": 3,
  "unUseful": 14,
  "languageId": 1,
  "languageName": "en",
  "faqCode": "6511",
  "faqTypeCode": null,
  "isTop": "0",
  "moduleCode": "faq",
  "productId": null,
  "productCode": null,
  "postDate": 1408742853000,
  "seriesProductName": "",
  "visitedTimes": 170,
  "isUsefulFlag": null,
  "score": 0,
  "times": 0,
  "imageList": null,
  "displayType": "text",
  "justView": "0",
  "fileName": null,
  "filePath": null,
  "imagePath": null,
  "imageName": null,
  "productIdList": null,
  "curPage": null,
  "pageSize": null,
  "siteCode": null,
  "statusFlag": "Publish",
  "returnCode": 0,
  "totalRows": null,
  "keywords": null,
  "avgScore": 0.0,
  "createDate": null,
  "totalPages": null
}