{"type":null,"faqId":15005,"title":"What applications can be managed?","answer":"You can manage downloaded, running, or all applications.","faqTypeId":null,"faqType":null,"useful":0,"unUseful":0,"languageId":1,"languageName":"en","faqCode":"7242","faqTypeCode":null,"isTop":"0","moduleCode":"faq","productId":null,"productCode":null,"postDate":1411443555000,"seriesProductName":"G750-U10","visitedTimes":6,"isUsefulFlag":null,"score":0,"times":0,"imageList":null,"displayType":"text","justView":"0","fileName":null,"filePath":null,"imagePath":null,"imageName":null,"productIdList":null,"curPage":null,"pageSize":null,"siteCode":null,"statusFlag":"Publish","returnCode":0,"totalRows":null,"keywords":null,"avgScore":0.0,"createDate":null,"totalPages":null}