{
  "type": null,
  "faqId": 15007,
  "title": "How Do I Lock and Unlock the Screen?",
  "answer": "If the phone is active, press  to lock the screen. If idle for a specified period, the phone automatically locks the screen. \r  \r\n\r\n\nIf the screen is off, press  to turn it on. Tap and hold to the unlock icon drag up to complete the unlock.",
  "faqTypeId": null,
  "faqType": null,
  "useful": 0,
  "unUseful": 0,
  "languageId": 1,
  "languageName": "en",
  "faqCode": "7244",
  "faqTypeCode": null,
  "isTop": "0",
  "moduleCode": "faq",
  "productId": null,
  "productCode": null,
  "postDate": 1411443832000,
  "seriesProductName": "Y300-0151",
  "visitedTimes": 26,
  "isUsefulFlag": null,
  "score": 0,
  "times": 0,
  "imageList": null,
  "displayType": "text",
  "justView": "0",
  "fileName": null,
  "filePath": null,
  "imagePath": null,
  "imageName": null,
  "productIdList": null,
  "curPage": null,
  "pageSize": null,
  "siteCode": null,
  "statusFlag": "Publish",
  "returnCode": 0,
  "totalRows": null,
  "keywords": null,
  "avgScore": 0.0,
  "createDate": null,
  "totalPages": null
}