{
  "type": null,
  "faqId": 15008,
  "title": "What Can I Do If My Phone Runs Slowly?",
  "answer": "l​ Close some running third-party applications. \r  \r\n\r\n\nl​ Uninstall some applications. \r  \r\n\r\n\nl​ Restart your phone. \r  \r\n\r\n\nl​ Restore your phone to factory settings.",
  "faqTypeId": null,
  "faqType": null,
  "useful": 0,
  "unUseful": 0,
  "languageId": 1,
  "languageName": "en",
  "faqCode": "7245",
  "faqTypeCode": null,
  "isTop": "0",
  "moduleCode": "faq",
  "productId": null,
  "productCode": null,
  "postDate": 1411443904000,
  "seriesProductName": "Y300-0151",
  "visitedTimes": 38,
  "isUsefulFlag": null,
  "score": 0,
  "times": 0,
  "imageList": null,
  "displayType": "text",
  "justView": "0",
  "fileName": null,
  "filePath": null,
  "imagePath": null,
  "imageName": null,
  "productIdList": null,
  "curPage": null,
  "pageSize": null,
  "siteCode": null,
  "statusFlag": "Publish",
  "returnCode": 0,
  "totalRows": null,
  "keywords": null,
  "avgScore": 0.0,
  "createDate": null,
  "totalPages": null
}