{"type":null,"faqId":15002,"title":"Can I use my phone to access the Internet during a call?","answer":"Yes if your phone is connected to a 3G network, but no if your phone is connected to a 2G network.","faqTypeId":null,"faqType":null,"useful":2,"unUseful":0,"languageId":1,"languageName":"en","faqCode":"7228","faqTypeCode":null,"isTop":"0","moduleCode":"faq","productId":null,"productCode":null,"postDate":1411443373000,"seriesProductName":"G700-U10","visitedTimes":16,"isUsefulFlag":null,"score":0,"times":0,"imageList":null,"displayType":"text","justView":"0","fileName":null,"filePath":null,"imagePath":null,"imageName":null,"productIdList":null,"curPage":null,"pageSize":null,"siteCode":null,"statusFlag":"Publish","returnCode":0,"totalRows":null,"keywords":null,"avgScore":0.0,"createDate":null,"totalPages":null}