{
  "type": null,
  "faqId": 15003,
  "title": "How many times can I try the screen unlock pattern before my phone becomes permanently locked? Can I unlock the phone by sending an email from my Gmail?",
  "answer": "No. Your phone will stop responding for 30 seconds if you incorrectly draw the unlock pattern for five consecutive times. However, the phone is not permanently locked and you can try again after 30 seconds\r  \r\n\r\n\n\"if you forget your unlock pattern, please send your phone to the local customer service center. Your phone cannot be unlocked using an email from Gmail. \"",
  "faqTypeId": null,
  "faqType": null,
  "useful": 0,
  "unUseful": 0,
  "languageId": 1,
  "languageName": "en",
  "faqCode": "7229",
  "faqTypeCode": null,
  "isTop": "0",
  "moduleCode": "faq",
  "productId": null,
  "productCode": null,
  "postDate": 1411443437000,
  "seriesProductName": "G700-U10",
  "visitedTimes": 30,
  "isUsefulFlag": null,
  "score": 0,
  "times": 0,
  "imageList": null,
  "displayType": "text",
  "justView": "0",
  "fileName": null,
  "filePath": null,
  "imagePath": null,
  "imageName": null,
  "productIdList": null,
  "curPage": null,
  "pageSize": null,
  "siteCode": null,
  "statusFlag": "Publish",
  "returnCode": 0,
  "totalRows": null,
  "keywords": null,
  "avgScore": 0.0,
  "createDate": null,
  "totalPages": null
}