{"type":null,"faqId":15004,"title":"How do I download third-party applications?","answer":"You can download third-party app software through the built-in app center of the phone.","faqTypeId":null,"faqType":null,"useful":0,"unUseful":0,"languageId":1,"languageName":"en","faqCode":"7230","faqTypeCode":null,"isTop":"0","moduleCode":"faq","productId":null,"productCode":null,"postDate":1411443488000,"seriesProductName":"G750-U10","visitedTimes":10,"isUsefulFlag":null,"score":0,"times":0,"imageList":null,"displayType":"text","justView":"0","fileName":null,"filePath":null,"imagePath":null,"imageName":null,"productIdList":null,"curPage":null,"pageSize":null,"siteCode":null,"statusFlag":"Publish","returnCode":0,"totalRows":null,"keywords":null,"avgScore":0.0,"createDate":null,"totalPages":null}