{
  "type": null,
  "faqId": 15006,
  "title": "How do I check the available space on the phone's internal memory and microSD card?",
  "answer": "Touch  → Settings → Storage settings\r  \r\n\nTwo types of storage are available in your phone: \r  \r\n\r\n\n1.​ Internal storage: 2.02 GB. Used to store application data. \r  \r\n\r\n\n2.​ microSD card: Used to store data, such as photos, audio and video files, and third-party applications.",
  "faqTypeId": null,
  "faqType": null,
  "useful": 0,
  "unUseful": 0,
  "languageId": 1,
  "languageName": "en",
  "faqCode": "7231",
  "faqTypeCode": null,
  "isTop": "0",
  "moduleCode": "faq",
  "productId": null,
  "productCode": null,
  "postDate": 1411443676000,
  "seriesProductName": "U9202L",
  "visitedTimes": 4,
  "isUsefulFlag": null,
  "score": 0,
  "times": 0,
  "imageList": null,
  "displayType": "text",
  "justView": "0",
  "fileName": null,
  "filePath": null,
  "imagePath": null,
  "imageName": null,
  "productIdList": null,
  "curPage": null,
  "pageSize": null,
  "siteCode": null,
  "statusFlag": "Publish",
  "returnCode": 0,
  "totalRows": null,
  "keywords": null,
  "avgScore": 0.0,
  "createDate": null,
  "totalPages": null
}