{
  "type": null,
  "faqId": 15021,
  "title": "I cannot install an application. Why? What can I do?",
  "answer": "Possible causes are as follows:\r  \r\n\r\n\n1.​ The Android application package (APK) is corrupted. To solve this problem, contact the APK provider.\r  \r\n\r\n\n2.​ The application has already been installed. To solve this problem, uninstall and reinstall the application.\r  \r\n\r\n\n3.​ The phone's available storage space is insufficient. To solve this problem, delete unnecessary files or uninstall some applications.",
  "faqTypeId": null,
  "faqType": null,
  "useful": 1,
  "unUseful": 0,
  "languageId": 1,
  "languageName": "en",
  "faqCode": "7243",
  "faqTypeCode": null,
  "isTop": "0",
  "moduleCode": "faq",
  "productId": null,
  "productCode": null,
  "postDate": 1411443634000,
  "seriesProductName": "U9202L",
  "visitedTimes": 7,
  "isUsefulFlag": null,
  "score": 0,
  "times": 0,
  "imageList": null,
  "displayType": "text",
  "justView": "0",
  "fileName": null,
  "filePath": null,
  "imagePath": null,
  "imageName": null,
  "productIdList": null,
  "curPage": null,
  "pageSize": null,
  "siteCode": null,
  "statusFlag": "Publish",
  "returnCode": 0,
  "totalRows": null,
  "keywords": null,
  "avgScore": 0.0,
  "createDate": null,
  "totalPages": null
}