{
  "type": null,
  "faqId": 15042,
  "title": "How to Access the Network Through Dial-Up",
  "answer": "A: To solve the problem, do as follows:\r  \r\n\n             Step 1      Check whether the data card-related software is installed on the PC.\r  \r\n\n             Step 2      Insert the data card.\r  \r\n\n             Step 3      Start the Mobile Partner. \r  \r\n\n             Step 4      Check whether the correct profile is set. For details, see section 3.2 \"How to set the profile?.\r  \r\n\n             Step 5      Wait till the signal and network identifier is identified on the Mobile Partner and click Connect.",
  "faqTypeId": null,
  "faqType": null,
  "useful": 0,
  "unUseful": 0,
  "languageId": 1,
  "languageName": "en",
  "faqCode": "7234",
  "faqTypeCode": null,
  "isTop": "0",
  "moduleCode": "faq",
  "productId": null,
  "productCode": null,
  "postDate": 1411455919000,
  "seriesProductName": "E3251s-2",
  "visitedTimes": 8,
  "isUsefulFlag": null,
  "score": 0,
  "times": 0,
  "imageList": null,
  "displayType": "text",
  "justView": "0",
  "fileName": null,
  "filePath": null,
  "imagePath": null,
  "imageName": null,
  "productIdList": null,
  "curPage": null,
  "pageSize": null,
  "siteCode": null,
  "statusFlag": "Publish",
  "returnCode": 0,
  "totalRows": null,
  "keywords": null,
  "avgScore": 0.0,
  "createDate": null,
  "totalPages": null
}