{
  "type": null,
  "faqId": 15044,
  "title": "How Can I Install the Data Card?",
  "answer": "A:To install the data card, do as follows:\r\n\r\n**             Step 1      **Insert the data card into the PC directly or through a USB extension cable.\r\n\r\n**             Step 2      **Wait about one minute. The related software drive is identified. \r\n\r\n![](http://consumer.huawei.com/support/servlet/imageServlet?dlType=SupportImage&imagePath=/20140923150926660001.jpg)\r\n\r\nThe drive displayed on the screen varies with the software version. \r\n\r\nIn this document, the software working with the data cards is Mobile Partner. If your data card works with software of your operator instead of Mobile Partner, the release note associated with the software prevails.\r\n\r\n**Figure 1-1 **Mobile Partner identified\r\n\r\n![](http://consumer.huawei.com/support/servlet/imageServlet?dlType=SupportImage&imagePath=/20140923150926107002.gif)\r\n\r\n**             Step 3      **The operating system (OS) automatically runs the setup program and installs the Mobile Partner step by step. \r\n\r\n**Figure 1-2 **Installer Language\r\n\r\n![](http://consumer.huawei.com/support/servlet/imageServlet?dlType=SupportImage&imagePath=/20140923150926644003.jpg)\r\n\r\n**             Step 4      **After the Mobile Partner is installed, click **Finish, **and then wait until the data card is restarted.\r\n\r\n**Figure 1-3 **Completing the Mobile Partner Setup Wizard\r\n\r\n![](http://consumer.huawei.com/support/servlet/imageServlet?dlType=SupportImage&imagePath=/20140923150926211004.jpg)\r\n\r\n**             Step 5      **Load the drive. After the drive is normally loaded, the following devices are displayed in the device manager, as shown in Figure 1-4.\r\n\r\n**Figure 1-4 **Loading the data card drive\r\n\r\n![](http://consumer.huawei.com/support/servlet/imageServlet?dlType=SupportImage&imagePath=/20140923150927289005.gif)\r\n\r\n**             Step 6      **Make sure that the installation takes effect, and then **restart the PC**. In this case, you can use the data card.\r\n\r\n----End",
  "faqTypeId": null,
  "faqType": null,
  "useful": 0,
  "unUseful": 0,
  "languageId": 1,
  "languageName": "en",
  "faqCode": "7236",
  "faqTypeCode": null,
  "isTop": "0",
  "moduleCode": "faq",
  "productId": null,
  "productCode": null,
  "postDate": 1411456307000,
  "seriesProductName": "E3251s-2",
  "visitedTimes": 7,
  "isUsefulFlag": null,
  "score": 0,
  "times": 0,
  "imageList": null,
  "displayType": "text",
  "justView": "0",
  "fileName": null,
  "filePath": null,
  "imagePath": null,
  "imageName": null,
  "productIdList": null,
  "curPage": null,
  "pageSize": null,
  "siteCode": null,
  "statusFlag": "Publish",
  "returnCode": 0,
  "totalRows": null,
  "keywords": null,
  "avgScore": 0.0,
  "createDate": null,
  "totalPages": null
}