{
  "type": null,
  "faqId": 15043,
  "title": "How to Set the Profile",
  "answer": "A: Incorrect settings of the profile may lead to a dial-up failure. For a customized version, the profile is preset and additional settings are unnecessary. For the general version, you need to add the file manually. Here takes the general version as an example.\r\n\r\n**             Step 1      **Check whether the correct profile is set for the Mobile Partner of the data card. If yes, go to Step 2.\r\n\r\n**Figure 1-1 **Tools menu\r\n\r\n![](http://consumer.huawei.com/support/servlet/imageServlet?dlType=SupportImage&imagePath=/20140923150628470001.gif)\r\n\r\n**             Step 2      **Choose **Tools** > **Options** > **Profile Management**. Select **New** to create a profile. Then, set the profile according to the following figure. After the setting is completed, click **Save**. Here takes China Unicom as an example. Consult the local operator for specific settings.\r\n\r\n**Figure 1-2 **Profile Management window\r\n\r\n![](http://consumer.huawei.com/support/servlet/imageServlet?dlType=SupportImage&imagePath=/20140923150628836002.gif)\r\n\r\n**             Step 3      **Click **OK** to close the page. Then, select the profile that is set right now and click **Connect**.\r\n\r\n----End",
  "faqTypeId": null,
  "faqType": null,
  "useful": 0,
  "unUseful": 0,
  "languageId": 1,
  "languageName": "en",
  "faqCode": "7235",
  "faqTypeCode": null,
  "isTop": "0",
  "moduleCode": "faq",
  "productId": null,
  "productCode": null,
  "postDate": 1411456000000,
  "seriesProductName": "E3251s-2",
  "visitedTimes": 3,
  "isUsefulFlag": null,
  "score": 0,
  "times": 0,
  "imageList": null,
  "displayType": "text",
  "justView": "0",
  "fileName": null,
  "filePath": null,
  "imagePath": null,
  "imageName": null,
  "productIdList": null,
  "curPage": null,
  "pageSize": null,
  "siteCode": null,
  "statusFlag": "Publish",
  "returnCode": 0,
  "totalRows": null,
  "keywords": null,
  "avgScore": 0.0,
  "createDate": null,
  "totalPages": null
}