{
  "type": null,
  "faqId": 15041,
  "title": "Why i cant Find the Corresponding Device in Device Manager After Inserting the Data Card?",
  "answer": "A: To solve the problem, do as follows:\r  \r\n\nStep 1\tTry another USB port of the PC. \r  \r\n\nThis problem may be caused by hardware because the data card cannot be closely connected to the USB port of the PC.\r  \r\n\nStep 2\tRight-click My Computer and choose Manager from the shortcut menu.\r  \r\n\r\n\nStep 3\tClick Device Manager, \r  \r\n\nStep 4\tIn Device Manager, disable and start all universal serial bus controllers and then enable them; or uninstall all universal serial bus controllers and then scan the device.\r  \r\n\nStep 5\tRestart the PC.\r  \r\n\r\n\nNormally, after the data card is connected to the USB port, USB Composite Device is displayed under Universal Serial Bus Controller,",
  "faqTypeId": null,
  "faqType": null,
  "useful": 0,
  "unUseful": 0,
  "languageId": 1,
  "languageName": "en",
  "faqCode": "7233",
  "faqTypeCode": null,
  "isTop": "0",
  "moduleCode": "faq",
  "productId": null,
  "productCode": null,
  "postDate": 1411455852000,
  "seriesProductName": "E3251s-2",
  "visitedTimes": 3,
  "isUsefulFlag": null,
  "score": 0,
  "times": 0,
  "imageList": null,
  "displayType": "text",
  "justView": "0",
  "fileName": null,
  "filePath": null,
  "imagePath": null,
  "imageName": null,
  "productIdList": null,
  "curPage": null,
  "pageSize": null,
  "siteCode": null,
  "statusFlag": "Publish",
  "returnCode": 0,
  "totalRows": null,
  "keywords": null,
  "avgScore": 0.0,
  "createDate": null,
  "totalPages": null
}