{
  "type": null,
  "faqId": 15062,
  "title": "Main Features of E5336Bs-2&Bs-6:",
  "answer": "A:\r\n\r\nThe E5336Bs-2&Bs-6 mainly supports the following features:\r\n\r\nl  HSPA+ (DL) data service of up to 21.6 Mbit/s\r\n\r\nl  HSPA+ (UL) data service of up to 5.76 Mbit/s\r\n\r\nl  HSDPA (DL) data service of up to 14.4 Mbit/s\r\n\r\nl  HSUPA (UL) data service of up to 5.76 Mbit/s\r\n\r\nl  UMTS data service of up to 384 kbit/s\r\n\r\nl  EDGE data service of up to 236.8 kbit/s\r\n\r\nl  GPRS data service of up to 85.6 kbit/s\r\n\r\nl  PS domain data service based on UMTS/GSM\r\n\r\nl  SMS based on UMTS and GSM\r\n\r\nl  Built-in UMTS and WLAN high gain antenna\r\n\r\nl  Micro Secure Digital Memory (microSD) Card\r\n\r\nl  SIM lock\r\n\r\nl  Wi-Fi \r\n\r\nl  Menu-style LCD UI\r\n\r\nl  Five-second fast boot\r\n\r\nl  3G/Wi-Fi auto offload\r\n\r\nl  Support for HUAWEI Mobile WiFi App\r\n\r\nl  Press and Play\r\n\r\nl  IPv6/IPv4 dual stack (optional)\r\n\r\nl  Built-in DHCP Server, DNS RELAY and NAT\r\n\r\nl  Online software upgrade\r\n\r\nl  Traffic statistic\r\n\r\nl  WPS\r\n\r\nl  Standard Micro USB interface\r\n\r\nl  HiLink features (Driverless, Zero installation)\r\n\r\nl  TFT-LCD screen\r\n\r\nl  2D Barcode easy connection\r\n\r\nl  Windows XP SP3, Windows Vista SP1/SP2, Windows 7, Windows 8, Windows 8.1 (does not support Windows RT), MAC OS X 10.7, 10.8 and 10.9 with latest upgrades",
  "faqTypeId": null,
  "faqType": null,
  "useful": 0,
  "unUseful": 0,
  "languageId": 1,
  "languageName": "en",
  "faqCode": "7312",
  "faqTypeCode": null,
  "isTop": "0",
  "moduleCode": "faq",
  "productId": null,
  "productCode": null,
  "postDate": 1411522060000,
  "seriesProductName": "",
  "visitedTimes": 15,
  "isUsefulFlag": null,
  "score": 0,
  "times": 0,
  "imageList": null,
  "displayType": "text",
  "justView": "0",
  "fileName": null,
  "filePath": null,
  "imagePath": null,
  "imageName": null,
  "productIdList": null,
  "curPage": null,
  "pageSize": null,
  "siteCode": null,
  "statusFlag": "Publish",
  "returnCode": 0,
  "totalRows": null,
  "keywords": null,
  "avgScore": 0.0,
  "createDate": null,
  "totalPages": null
}