{
  "type": null,
  "faqId": 15065,
  "title": "E5377Bs-605’s signal is weak and cannot register to 4G network",
  "answer": "A:\r\n\r\n1.       Please check local network condition, check whether there is 4G network which provided by telecom operator at the moment. Ensure you are not in some close environment. (You may check the signal strengthen by the icon ![](http://consumer.huawei.com/support/servlet/imageServlet?dlType=SupportImage&imagePath=/20140924094203226001.jpg) displayed on Web UI main page)\r\n\r\n![](http://consumer.huawei.com/support/servlet/imageServlet?dlType=SupportImage&imagePath=/20140924094204190002.jpg)\r\n\r\n2. Please move E5377Bs-605 toward to window to get better signal\r\n\r\n3. If the network condition is good but still cannot register, please try to reset E5377Bs-605 and try again\r\n\r\n4. Sometimes E5377Bs-605 will be rejected by the operator for some reasons. Please reset E5377Bs-605 and check. If E5377Bs-605 still cannot camp on the network, please contact with your device provider.\r\n\r\n5. Login Web UI to check whether E5377Bs-605 has been set to 3G or 2G only mode. If your E5377Bs-605 has been set to 2G or 3G only, please select the 4G only option or Auto in the drop down menu.\r\n\r\n![](http://consumer.huawei.com/support/servlet/imageServlet?dlType=SupportImage&imagePath=/20140924094204614003.gif)![](http://consumer.huawei.com/support/servlet/imageServlet?dlType=SupportImage&imagePath=/20140924094204418004.jpg)",
  "faqTypeId": null,
  "faqType": null,
  "useful": 0,
  "unUseful": 0,
  "languageId": 1,
  "languageName": "en",
  "faqCode": "7324",
  "faqTypeCode": null,
  "isTop": "0",
  "moduleCode": "faq",
  "productId": null,
  "productCode": null,
  "postDate": 1411522940000,
  "seriesProductName": "E5377Bs-605",
  "visitedTimes": 10,
  "isUsefulFlag": null,
  "score": 0,
  "times": 0,
  "imageList": null,
  "displayType": "text",
  "justView": "0",
  "fileName": null,
  "filePath": null,
  "imagePath": null,
  "imageName": null,
  "productIdList": null,
  "curPage": null,
  "pageSize": null,
  "siteCode": null,
  "statusFlag": "Publish",
  "returnCode": 0,
  "totalRows": null,
  "keywords": null,
  "avgScore": 0.0,
  "createDate": null,
  "totalPages": null
}