{
  "type": null,
  "faqId": 15067,
  "title": "What data can be backed up on my phone?",
  "answer": "You can back up your contacts, messages, calendar, call log, system settings, alarms,   \r\n\nbookmarks, notes, HiSpace, weather clock, music playlists, email accounts, and applications.   \r\n\nBefore restoring your phone to its factory settings, you can back up your contacts, messages,   \r\n\ncalendar, call log, system settings, alarms, bookmarks, notes, HiSpace, weather clock, music   \r\n\nplaylists, and email accounts.",
  "faqTypeId": null,
  "faqType": null,
  "useful": 0,
  "unUseful": 0,
  "languageId": 1,
  "languageName": "en",
  "faqCode": "7326",
  "faqTypeCode": null,
  "isTop": "0",
  "moduleCode": "faq",
  "productId": null,
  "productCode": null,
  "postDate": 1411526838000,
  "seriesProductName": "G510-0200",
  "visitedTimes": 26,
  "isUsefulFlag": null,
  "score": 0,
  "times": 0,
  "imageList": null,
  "displayType": "text",
  "justView": "0",
  "fileName": null,
  "filePath": null,
  "imagePath": null,
  "imageName": null,
  "productIdList": null,
  "curPage": null,
  "pageSize": null,
  "siteCode": null,
  "statusFlag": "Publish",
  "returnCode": 0,
  "totalRows": null,
  "keywords": null,
  "avgScore": 0.0,
  "createDate": null,
  "totalPages": null
}