{
  "type": null,
  "faqId": 15068,
  "title": "How do I back up contacts to a microSD card?",
  "answer": "Touch Settings > All > Storage > Default storage location and select the microSD card.   \r\n Touch People. Touch the Menu key then Manage contacts > Export to storage. In the   \r\n displayed dialog box, touch OK. All contacts in your phone are then saved to the microSD   \r\n card's root directory as a .vcf file.",
  "faqTypeId": null,
  "faqType": null,
  "useful": 1,
  "unUseful": 0,
  "languageId": 1,
  "languageName": "en",
  "faqCode": "7327",
  "faqTypeCode": null,
  "isTop": "0",
  "moduleCode": "faq",
  "productId": null,
  "productCode": null,
  "postDate": 1411526958000,
  "seriesProductName": "G510-0200",
  "visitedTimes": 38,
  "isUsefulFlag": null,
  "score": 0,
  "times": 0,
  "imageList": null,
  "displayType": "text",
  "justView": "0",
  "fileName": null,
  "filePath": null,
  "imagePath": null,
  "imageName": null,
  "productIdList": null,
  "curPage": null,
  "pageSize": null,
  "siteCode": null,
  "statusFlag": "Publish",
  "returnCode": 0,
  "totalRows": null,
  "keywords": null,
  "avgScore": 0.0,
  "createDate": null,
  "totalPages": null
}