{
  "type": null,
  "faqId": 15066,
  "title": "How do I reduce the power consumption of third-party",
  "answer": "Third-party applications downloaded from application stores may be incompatible with your   \r\n\nphone. Once installed, they may consume a great deal of power and shorten your phone's   \r\n\nstandby time.   \r\n\nTo solve this problem, stop these applications directly or using a third-party task management   \r\n\napplication.",
  "faqTypeId": null,
  "faqType": null,
  "useful": 0,
  "unUseful": 0,
  "languageId": 1,
  "languageName": "en",
  "faqCode": "7325",
  "faqTypeCode": null,
  "isTop": "0",
  "moduleCode": "faq",
  "productId": null,
  "productCode": null,
  "postDate": 1411526781000,
  "seriesProductName": "G510-0200",
  "visitedTimes": 21,
  "isUsefulFlag": null,
  "score": 0,
  "times": 0,
  "imageList": null,
  "displayType": "text",
  "justView": "0",
  "fileName": null,
  "filePath": null,
  "imagePath": null,
  "imageName": null,
  "productIdList": null,
  "curPage": null,
  "pageSize": null,
  "siteCode": null,
  "statusFlag": "Publish",
  "returnCode": 0,
  "totalRows": null,
  "keywords": null,
  "avgScore": 0.0,
  "createDate": null,
  "totalPages": null
}