{
  "type": null,
  "faqId": 15063,
  "title": "E5336Bs-2&Bs-6’s signal is weak and cannot register to 3G network",
  "answer": "A:\r\n\r\n1.      Please check local network condition, check whether there is 3G network which provided by telecom operator at the moment. Ensure you are not in some close environment. (You may check the signal strengthen by the icon ![](http://consumer.huawei.com/support/servlet/imageServlet?dlType=SupportImage&imagePath=/20140924092930142001.jpg) displayed on Web UI main page)\r\n\r\n![](http://consumer.huawei.com/support/servlet/imageServlet?dlType=SupportImage&imagePath=/20140924092930421002.gif)![](http://consumer.huawei.com/support/servlet/imageServlet?dlType=SupportImage&imagePath=/20140924092930873003.jpg)\r\n\r\n2. Please move E5336Bs-2&Bs-6 toward to window to get better signal\r\n\r\n3. If the network condition is good but still cannot register, please try to reset E5336Bs-2&Bs-6 and try again\r\n\r\n4. Sometimes E5336Bs-2&Bs-6 will be rejected by the operator for some reasons. Please reset E5336Bs-2&Bs-6 and check. If E5336Bs-2&Bs-6 still cannot camp on the network, please contact with your device provider.\r\n\r\n5. Login Web UI to check whether E5336Bs-2&Bs-6 has been set to 2G only mode. If your E5336Bs-2&Bs-6 has been set to 2G only, please select the 3G only option in the drop down menu.\r\n\n![](http://consumer.huawei.com/support/servlet/imageServlet?dlType=SupportImage&imagePath=/20140924092930850004.gif)![](http://consumer.huawei.com/support/servlet/imageServlet?dlType=SupportImage&imagePath=/20140924092930189005.gif)![](http://consumer.huawei.com/support/servlet/imageServlet?dlType=SupportImage&imagePath=/20140924092930189005.gif)![](http://consumer.huawei.com/support/servlet/imageServlet?dlType=SupportImage&imagePath=/20140924092930695006.gif)![](http://consumer.huawei.com/support/servlet/imageServlet?dlType=SupportImage&imagePath=/20140924092930175007.jpg)",
  "faqTypeId": null,
  "faqType": null,
  "useful": 1,
  "unUseful": 0,
  "languageId": 1,
  "languageName": "en",
  "faqCode": "7313",
  "faqTypeCode": null,
  "isTop": "0",
  "moduleCode": "faq",
  "productId": null,
  "productCode": null,
  "postDate": 1411522186000,
  "seriesProductName": "E5336Bs-2,E5336Bs-6",
  "visitedTimes": 10,
  "isUsefulFlag": null,
  "score": 0,
  "times": 0,
  "imageList": null,
  "displayType": "text",
  "justView": "0",
  "fileName": null,
  "filePath": null,
  "imagePath": null,
  "imageName": null,
  "productIdList": null,
  "curPage": null,
  "pageSize": null,
  "siteCode": null,
  "statusFlag": "Publish",
  "returnCode": 0,
  "totalRows": null,
  "keywords": null,
  "avgScore": 0.0,
  "createDate": null,
  "totalPages": null
}