{
  "type": null,
  "faqId": 15069,
  "title": "How do I cut or copy files or folders from the phone's",
  "answer": "Single File or Folder   \r\n Touch File Manager. In the displayed list, touch and hold the file or folder you want to cut or   \r\n copy. In the Folder options menu, touch Cut or Copy. Touch SD card then Paste.   \r\n Multiple Files or Folders   \r\n Touch File Manager then or , select the files or folders you want to cut or copy, and touch Cut or Copy. Touch SD card then Paste.\r\n\r\n .![](http://consumer.huawei.com/support/servlet/imageServlet?dlType=SupportImage&imagePath=/20140924105002519001.png)",
  "faqTypeId": null,
  "faqType": null,
  "useful": 0,
  "unUseful": 0,
  "languageId": 1,
  "languageName": "en",
  "faqCode": "7328",
  "faqTypeCode": null,
  "isTop": "0",
  "moduleCode": "faq",
  "productId": null,
  "productCode": null,
  "postDate": 1411527045000,
  "seriesProductName": "G510-0200",
  "visitedTimes": 116,
  "isUsefulFlag": null,
  "score": 0,
  "times": 0,
  "imageList": null,
  "displayType": "text",
  "justView": "0",
  "fileName": null,
  "filePath": null,
  "imagePath": null,
  "imageName": null,
  "productIdList": null,
  "curPage": null,
  "pageSize": null,
  "siteCode": null,
  "statusFlag": "Publish",
  "returnCode": 0,
  "totalRows": null,
  "keywords": null,
  "avgScore": 0.0,
  "createDate": null,
  "totalPages": null
}