{
  "type": null,
  "faqId": 15070,
  "title": "How do I customize the home screens?",
  "answer": ">To add a widget to a home screen, touch the Menu key then Widgets and drag the   \r\n desired widget to the home screen.   \r\n\r\n> To move an item on a home screen, touch and hold the item, drag it to the desired area,   \r\n and release your finger.   \r\n\r\n> To uninstall (remove) an application from a home screen, touch and hold the application,   \r\n\r\n> To change the screen transition effect, touch the Menu key then Transitions and select   \r\n the desired effect.",
  "faqTypeId": null,
  "faqType": null,
  "useful": 0,
  "unUseful": 0,
  "languageId": 1,
  "languageName": "en",
  "faqCode": "7329",
  "faqTypeCode": null,
  "isTop": "0",
  "moduleCode": "faq",
  "productId": null,
  "productCode": null,
  "postDate": 1411527143000,
  "seriesProductName": "G510-0200",
  "visitedTimes": 32,
  "isUsefulFlag": null,
  "score": 0,
  "times": 0,
  "imageList": null,
  "displayType": "text",
  "justView": "0",
  "fileName": null,
  "filePath": null,
  "imagePath": null,
  "imageName": null,
  "productIdList": null,
  "curPage": null,
  "pageSize": null,
  "siteCode": null,
  "statusFlag": "Publish",
  "returnCode": 0,
  "totalRows": null,
  "keywords": null,
  "avgScore": 0.0,
  "createDate": null,
  "totalPages": null
}