{
  "type": null,
  "faqId": 15082,
  "title": "Why Cannot I Find the Corresponding Device in Device Manager After Inserting the Data Card?",
  "answer": "**Figure 1-1 **Device not found in Device Manager\r\n\r\n![](http://consumer.huawei.com/support/servlet/imageServlet?dlType=SupportImage&imagePath=/20140924091130991001.gif)\r\n\r\nA: To solve the problem, do as follows:\r\n\r\n**             Step 1      **Try another USB port of the PC. \r\n\r\nThis problem may be caused by hardware because the data card cannot be closely connected to the USB port of the PC.\r\n\r\n**             Step 2      **Right-click **My Computer** and choose **Manager** from the shortcut menu.\r\n\r\n**Figure 1-2 **Device Manager\r\n\r\n![](http://consumer.huawei.com/support/servlet/imageServlet?dlType=SupportImage&imagePath=/20140924091130660002.gif)\r\n\r\n**             Step 3      **Click **Device Manager**, as shown in Figure 2-2.\r\n\r\n**             Step 4      **In Device Manager, disable and start all universal serial bus controllers and then enable them; or uninstall all universal serial bus controllers and then scan the device.\r\n\r\n**             Step 5      **Restart the PC.\r\n\r\n![](http://consumer.huawei.com/support/servlet/imageServlet?dlType=SupportImage&imagePath=/20140924091130450003.jpg)\r\n\r\n**Normally, after the data card is connected to the USB port, USB Composite Device is displayed under Universal Serial Bus Controller, as shown in ****Figure 2-3****.**\r\n\r\n**Figure 1-3 **Data card normally identified\r\n\r\n![](http://consumer.huawei.com/support/servlet/imageServlet?dlType=SupportImage&imagePath=/20140924091131568004.gif)\r\n\r\n----End",
  "faqTypeId": null,
  "faqType": null,
  "useful": 0,
  "unUseful": 0,
  "languageId": 1,
  "languageName": "en",
  "faqCode": "7303",
  "faqTypeCode": null,
  "isTop": "0",
  "moduleCode": "faq",
  "productId": null,
  "productCode": null,
  "postDate": 1411521095000,
  "seriesProductName": "E3531s-2",
  "visitedTimes": 7,
  "isUsefulFlag": null,
  "score": 0,
  "times": 0,
  "imageList": null,
  "displayType": "text",
  "justView": "0",
  "fileName": null,
  "filePath": null,
  "imagePath": null,
  "imageName": null,
  "productIdList": null,
  "curPage": null,
  "pageSize": null,
  "siteCode": null,
  "statusFlag": "Publish",
  "returnCode": 0,
  "totalRows": null,
  "keywords": null,
  "avgScore": 0.0,
  "createDate": null,
  "totalPages": null
}