{
  "type": null,
  "faqId": 15081,
  "title": "How Can I Uninstall the Data Card?",
  "answer": "A: As the data card-related software is the Mobile Partner, do as follows:\r\n\r\n**             Step 1      **Check whether the Mobile Partner is running. If the Mobile Partner is running, stop it.\r\n\r\n**             Step 2      **Choose **Start **> **Control Panel **> **Add or Remove Programs**.\r\n\r\n**             Step 3      **Select the Mobile Partner, and then click **Remove**.\r\n\r\n**             Step 4      **Remove Mobile Partner.\r\n\r\n**             Step 5      **Restart the PC.\r\n\r\n----End",
  "faqTypeId": null,
  "faqType": null,
  "useful": 0,
  "unUseful": 0,
  "languageId": 1,
  "languageName": "en",
  "faqCode": "7302",
  "faqTypeCode": null,
  "isTop": "0",
  "moduleCode": "faq",
  "productId": null,
  "productCode": null,
  "postDate": 1411521032000,
  "seriesProductName": "E3531s-2",
  "visitedTimes": 6,
  "isUsefulFlag": null,
  "score": 0,
  "times": 0,
  "imageList": null,
  "displayType": "text",
  "justView": "0",
  "fileName": null,
  "filePath": null,
  "imagePath": null,
  "imageName": null,
  "productIdList": null,
  "curPage": null,
  "pageSize": null,
  "siteCode": null,
  "statusFlag": "Publish",
  "returnCode": 0,
  "totalRows": null,
  "keywords": null,
  "avgScore": 0.0,
  "createDate": null,
  "totalPages": null
}