{
  "type": null,
  "faqId": 15085,
  "title": "Check whether E5220 has been successfully installed",
  "answer": "A:\r\n\r\n1. Click ![](http://consumer.huawei.com/support/servlet/imageServlet?dlType=SupportImage&imagePath=/20140924091726787001.jpg) and find “My Computer” as ![](http://consumer.huawei.com/support/servlet/imageServlet?dlType=SupportImage&imagePath=/20140924091726895002.jpg). Right click “My Computer” select “Manage” to open the “Computer Management” Click “![](http://consumer.huawei.com/support/servlet/imageServlet?dlType=SupportImage&imagePath=/20140924091726789003.jpg)”. If E5220 has been installed successfully, You would see two new “com port”, “USB Mass Storage Device” , “USB Composite Device” and “HUAWEI Mobil Connect– 3G Network Card ” displayed in![](http://consumer.huawei.com/support/servlet/imageServlet?dlType=SupportImage&imagePath=/20140924091726789003.jpg) .\r\n\r\n![](http://consumer.huawei.com/support/servlet/imageServlet?dlType=SupportImage&imagePath=/20140924091726449004.jpg)\r\n\r\nIf “HUAWEI Mobil Connect – 3G Network Card” shows![](http://consumer.huawei.com/support/servlet/imageServlet?dlType=SupportImage&imagePath=/20140924091726331005.jpg), right click it then select “Uninstall”. Re-load the network driver for E5220 by right click![](http://consumer.huawei.com/support/servlet/imageServlet?dlType=SupportImage&imagePath=/20140924091726258006.jpg), then select “Scan for hardware changes”.",
  "faqTypeId": null,
  "faqType": null,
  "useful": 0,
  "unUseful": 1,
  "languageId": 1,
  "languageName": "en",
  "faqCode": "7306",
  "faqTypeCode": null,
  "isTop": "0",
  "moduleCode": "faq",
  "productId": null,
  "productCode": null,
  "postDate": 1411521449000,
  "seriesProductName": "E5220",
  "visitedTimes": 276,
  "isUsefulFlag": null,
  "score": 0,
  "times": 0,
  "imageList": null,
  "displayType": "text",
  "justView": "0",
  "fileName": null,
  "filePath": null,
  "imagePath": null,
  "imageName": null,
  "productIdList": null,
  "curPage": null,
  "pageSize": null,
  "siteCode": null,
  "statusFlag": "Publish",
  "returnCode": 0,
  "totalRows": null,
  "keywords": null,
  "avgScore": 0.0,
  "createDate": null,
  "totalPages": null
}