{
  "type": null,
  "faqId": 15087,
  "title": "Main Features of E5330Bs-6",
  "answer": "A:\r\n\r\nThe E5330Bs-6 mainly supports the following features:\r\n\r\nl  HSPA+ (DL) data service of up to 21.6 Mbit/s\r\n\r\nl  HSDPA (DL) data service of up to 14.4 Mbit/s\r\n\r\nl  HSUPA (UL) data service of up to 5.76 Mbit/s\r\n\r\nl  UMTS data service of up to 384 kbit/s\r\n\r\nl  EDGE data service of up to 236.8 kbit/s\r\n\r\nl  GPRS data service of up to 85.6 kbit/s\r\n\r\nl  PS domain data service based on UMTS and GSM\r\n\r\nl  SMS based on CS/PS domain of GSM and UMTS\r\n\r\nl  Wi-Fi\r\n\r\nl  Five-second fast boot\r\n\r\nl  Support for HUAWEI Mobile WiFi App\r\n\r\nl  Press and Play \r\n\r\nl  3G/Wi-Fi auto offload\r\n\r\nl  IPv6 /IPv4 dual stack (optional)\r\n\r\nl  Built-in DHCP Server, DNS RELAY and NAT\r\n\r\nl  Online software upgrade\r\n\r\nl  Traffic statistic\r\n\r\nl  Standard Micro USB interface\r\n\r\nl  HiLink features (Driverless, Zero installation)\r\n\r\nl  LED indicators\r\n\r\nl  Built-in UMTS and WLAN high gain antenna \r\n\r\nl  Windows XP SP3, Windows Vista SP1/SP2, Windows 7, Windows 8 (does not support Windows RT), MAC OS X 10.6, 10.7 and 10.8 with latest upgrades",
  "faqTypeId": null,
  "faqType": null,
  "useful": 0,
  "unUseful": 0,
  "languageId": 1,
  "languageName": "en",
  "faqCode": "7308",
  "faqTypeCode": null,
  "isTop": "0",
  "moduleCode": "faq",
  "productId": null,
  "productCode": null,
  "postDate": 1411521608000,
  "seriesProductName": "E5330Bs-6",
  "visitedTimes": 21,
  "isUsefulFlag": null,
  "score": 0,
  "times": 0,
  "imageList": null,
  "displayType": "text",
  "justView": "0",
  "fileName": null,
  "filePath": null,
  "imagePath": null,
  "imageName": null,
  "productIdList": null,
  "curPage": null,
  "pageSize": null,
  "siteCode": null,
  "statusFlag": "Publish",
  "returnCode": 0,
  "totalRows": null,
  "keywords": null,
  "avgScore": 0.0,
  "createDate": null,
  "totalPages": null
}