{
  "type": null,
  "faqId": 15094,
  "title": "E5377Bs-605’s Wi-Fi signal is always weak",
  "answer": "A: \r\n\r\n1.       When E5377Bs-605 using it’s battery power, in order to save energy for longer run-time E5377Bs-605 will lower down its transmit power ,so Wi-Fi signal is weaker compare with powered by USB or power adapter.  Connect E5377Bs-605 to power adapter or with USB cable to a running computer’s USB port will enhance E5377Bs-605’s Wi-Fi signal strength.\r\n\r\n2.       Keep E5377Bs-605 at least 3 to 6 feet away from other electrical devices which may create RF signal and cause interference (for example, microwave oven, TVs, cordless/cellular phones, baby monitors or wireless speakers).  If you needn’t using any of those devices when you want to connect Internet, please turn it off.\r\n\r\n3.       In actual use Wi-Fi covered range maybe different from idea square area, it decided by the environment you use. The closer to E5377Bs-605, the stronger Wi-Fi signal you get. And every obstacle (walls, ceilings, furniture) between your device and E5377Bs-605 may decrease Wi-Fi signal strength. Move your device closer to E5377Bs-605 can avoid obstacles and improve Wi-Fi signal.",
  "faqTypeId": null,
  "faqType": null,
  "useful": 0,
  "unUseful": 0,
  "languageId": 1,
  "languageName": "en",
  "faqCode": "7315",
  "faqTypeCode": null,
  "isTop": "0",
  "moduleCode": "faq",
  "productId": null,
  "productCode": null,
  "postDate": 1411522995000,
  "seriesProductName": "E5377Bs-605",
  "visitedTimes": 8,
  "isUsefulFlag": null,
  "score": 0,
  "times": 0,
  "imageList": null,
  "displayType": "text",
  "justView": "0",
  "fileName": null,
  "filePath": null,
  "imagePath": null,
  "imageName": null,
  "productIdList": null,
  "curPage": null,
  "pageSize": null,
  "siteCode": null,
  "statusFlag": "Publish",
  "returnCode": 0,
  "totalRows": null,
  "keywords": null,
  "avgScore": 0.0,
  "createDate": null,
  "totalPages": null
}