{
  "type": null,
  "faqId": 15093,
  "title": "My device connected to E5377Bs-605’s wireless network, but cannot open Web UI",
  "answer": "A:\r\n\r\n1. Double ![](http://consumer.huawei.com/support/servlet/imageServlet?dlType=SupportImage&imagePath=/20140924093433567001.jpg) to check your wireless network connection on windows start bar. Make sure your device is connected with your E5377Bs-605 not other Wi-Fi device.\r\n\r\n2. Open Web Browser from your device (ex. Microsoft Internet Explorer). Go *<u>http://192.168.8.1</u>* to open E5377Bs-605’s Web UI.\r\n\r\n![](http://consumer.huawei.com/support/servlet/imageServlet?dlType=SupportImage&imagePath=/20140924093434990002.jpg)\r\n\r\n3. If Web Browser failed to bring you to Web UI, click “Tool” from Browser then select “Internet Options”.\r\n\r\n![](http://consumer.huawei.com/support/servlet/imageServlet?dlType=SupportImage&imagePath=/20140924093434664003.jpg)\r\n\r\nSelect “Connections” tab, then click “LAN settings”.\r\n\r\n![](http://consumer.huawei.com/support/servlet/imageServlet?dlType=SupportImage&imagePath=/20140924093434643004.jpg)\r\n\r\nFor the “Local Area Network (LAN) Settings” pop-up, uncheck the top three check-boxes. Then click “OK” to apply changes.\r\n\r\n![](http://consumer.huawei.com/support/servlet/imageServlet?dlType=SupportImage&imagePath=/20140924093434550005.jpg)\r\n\r\nRefresh the Web Browser to show E5377Bs-605 management console page.",
  "faqTypeId": null,
  "faqType": null,
  "useful": 0,
  "unUseful": 0,
  "languageId": 1,
  "languageName": "en",
  "faqCode": "7314",
  "faqTypeCode": null,
  "isTop": "0",
  "moduleCode": "faq",
  "productId": null,
  "productCode": null,
  "postDate": 1411522490000,
  "seriesProductName": "E5377Bs-605",
  "visitedTimes": 4,
  "isUsefulFlag": null,
  "score": 0,
  "times": 0,
  "imageList": null,
  "displayType": "text",
  "justView": "0",
  "fileName": null,
  "filePath": null,
  "imagePath": null,
  "imageName": null,
  "productIdList": null,
  "curPage": null,
  "pageSize": null,
  "siteCode": null,
  "statusFlag": "Publish",
  "returnCode": 0,
  "totalRows": null,
  "keywords": null,
  "avgScore": 0.0,
  "createDate": null,
  "totalPages": null
}