{
  "type": null,
  "faqId": 15101,
  "title": "How do I update my phone?",
  "answer": "![](http://consumer.huawei.com/support/servlet/imageServlet?dlType=SupportImage&imagePath=/20140924111349520001.gif)\r\n\r\nBack up important data, such as your contacts, messages, and call log before updating.\r\n\r\nl   Online update: Before the update, make sure your phone has Internet access.\r\n\r\nGo to the **Settings** screen, touch **About phone** > **System update** > **Online update**, and follow the onscreen instructions.\r\n\r\n**Figure 1-1 **\r\n\r\n![](http://consumer.huawei.com/support/servlet/imageServlet?dlType=SupportImage&imagePath=/20140924111349240002.gif)![](http://consumer.huawei.com/support/servlet/imageServlet?dlType=SupportImage&imagePath=/20140924111349554003.gif)![](http://consumer.huawei.com/support/servlet/imageServlet?dlType=SupportImage&imagePath=/20140924111349505004.gif)![](http://consumer.huawei.com/support/servlet/imageServlet?dlType=SupportImage&imagePath=/20140924111349554003.gif)![](http://consumer.huawei.com/support/servlet/imageServlet?dlType=SupportImage&imagePath=/20140924111350280005.gif)\r\n\r\nl   Local update: Download the update package from http://consumer.huawei.com, insert a microSD card into your phone, and copy the **dload** folder of the update package to the microSD card's root directory.\r\n\r\nGo to the **Settings** screen, touch **About phone** > **System update** > **Local update**, and follow the onscreen instructions. For details, see the update guide for the update package.\r\n\r\n**Figure 1-2 **\r\n\r\n![](http://consumer.huawei.com/support/servlet/imageServlet?dlType=SupportImage&imagePath=/20140924111350213006.gif)![](http://consumer.huawei.com/support/servlet/imageServlet?dlType=SupportImage&imagePath=/20140924111349554003.gif)![](http://consumer.huawei.com/support/servlet/imageServlet?dlType=SupportImage&imagePath=/20140924111350718007.gif)![](http://consumer.huawei.com/support/servlet/imageServlet?dlType=SupportImage&imagePath=/20140924111349554003.gif)![](http://consumer.huawei.com/support/servlet/imageServlet?dlType=SupportImage&imagePath=/20140924111350893008.gif)\r\n\r\nNote: The figures are for your reference only. Actual screens may vary slightly.",
  "faqTypeId": null,
  "faqType": null,
  "useful": 4,
  "unUseful": 6,
  "languageId": 1,
  "languageName": "en",
  "faqCode": "7340",
  "faqTypeCode": null,
  "isTop": "0",
  "moduleCode": "faq",
  "productId": null,
  "productCode": null,
  "postDate": 1411528435000,
  "seriesProductName": "G630-U00,G630-U10,G630-U20,G630-U251",
  "visitedTimes": 108,
  "isUsefulFlag": null,
  "score": 0,
  "times": 0,
  "imageList": null,
  "displayType": "text",
  "justView": "0",
  "fileName": null,
  "filePath": null,
  "imagePath": null,
  "imageName": null,
  "productIdList": null,
  "curPage": null,
  "pageSize": null,
  "siteCode": null,
  "statusFlag": "Publish",
  "returnCode": 0,
  "totalRows": null,
  "keywords": null,
  "avgScore": 0.0,
  "createDate": null,
  "totalPages": null
}