{
  "type": null,
  "faqId": 15102,
  "title": "What can I do if my phone runs slowly?",
  "answer": "Try using **Phone Manager** to optimize your phone:\r\n\r\nl   On the home screen, touch **Optimization**.\r\n\r\n**Figure 1-1 **\r\n\r\n![](http://consumer.huawei.com/support/servlet/imageServlet?dlType=SupportImage&imagePath=/20140924111450839001.gif)\r\n\r\nl   On the **Phone Manager** screen, touch **Scan**, and follow the onscreen instructions to optimize your phone.\r\n\r\n**Figure 1-2 **\r\n\r\n![](http://consumer.huawei.com/support/servlet/imageServlet?dlType=SupportImage&imagePath=/20140924111450299002.gif)![](http://consumer.huawei.com/support/servlet/imageServlet?dlType=SupportImage&imagePath=/20140924111450830003.gif)![](http://consumer.huawei.com/support/servlet/imageServlet?dlType=SupportImage&imagePath=/20140924111450106004.gif)\r\n\r\nl   On the **Phone Manager** screen, touch **Phone accelerator**, and follow the onscreen instructions to close applications not in use.\r\n\r\n**Figure 1-3 **\r\n\r\n![](http://consumer.huawei.com/support/servlet/imageServlet?dlType=SupportImage&imagePath=/20140924111450556005.gif)![](http://consumer.huawei.com/support/servlet/imageServlet?dlType=SupportImage&imagePath=/20140924111450830003.gif)![](http://consumer.huawei.com/support/servlet/imageServlet?dlType=SupportImage&imagePath=/20140924111450475006.gif)\r\n\r\nl   On the **Phone Manager** screen, touch **Storage cleaner** > **Smart scan**, and touch **Clean** after the scan.\r\n\r\n**Figure 1-4 **\r\n\r\n![](http://consumer.huawei.com/support/servlet/imageServlet?dlType=SupportImage&imagePath=/20140924111450126007.gif)![](http://consumer.huawei.com/support/servlet/imageServlet?dlType=SupportImage&imagePath=/20140924111450902008.gif)![](http://consumer.huawei.com/support/servlet/imageServlet?dlType=SupportImage&imagePath=/20140924111451210009.gif)![](http://consumer.huawei.com/support/servlet/imageServlet?dlType=SupportImage&imagePath=/20140924111450902008.gif)![](http://consumer.huawei.com/support/servlet/imageServlet?dlType=SupportImage&imagePath=/20140924111451370010.gif)\r\n\r\nYou can also use the following methods to clear up your phone memory:\r\n\r\nl   Close applications not in use.\r\n\r\nGo to the **Settings** screen, and touch **Manage apps**. Under **Running**, select the applications you want to close, touch **Stop**, and follow the onscreen instructions.\r\n\r\n**Figure 1-5 **\r\n\r\n![](http://consumer.huawei.com/support/servlet/imageServlet?dlType=SupportImage&imagePath=/20140924111451304011.gif)![](http://consumer.huawei.com/support/servlet/imageServlet?dlType=SupportImage&imagePath=/20140924111450902008.gif)![](http://consumer.huawei.com/support/servlet/imageServlet?dlType=SupportImage&imagePath=/20140924111451577012.gif)![](http://consumer.huawei.com/support/servlet/imageServlet?dlType=SupportImage&imagePath=/20140924111450902008.gif)![](http://consumer.huawei.com/support/servlet/imageServlet?dlType=SupportImage&imagePath=/20140924111451762013.gif)\r\n\r\nl   Clear the application cache.\r\n\r\nGo to the **Settings** screen, and touch **Manage apps**. Under **All**, touch **Clear cache**.\r\n\r\n**Figure 1-6 **\r\n\r\n![](http://consumer.huawei.com/support/servlet/imageServlet?dlType=SupportImage&imagePath=/20140924111451541014.gif)![](http://consumer.huawei.com/support/servlet/imageServlet?dlType=SupportImage&imagePath=/20140924111450830003.gif)![](http://consumer.huawei.com/support/servlet/imageServlet?dlType=SupportImage&imagePath=/20140924111451736015.gif)\r\n\r\nl   Clear the browser cache and history.\r\n\r\nGo to the **Browser** screen, touch ![](http://consumer.huawei.com/support/servlet/imageServlet?dlType=SupportImage&imagePath=/20140924111451626016.gif)> **Settings** > **Privacy & security**. Then touch **Clear cache** and **Clear history**.\r\n\r\n**Figure 1-7 **\r\n\r\n![](http://consumer.huawei.com/support/servlet/imageServlet?dlType=SupportImage&imagePath=/20140924111451962017.gif)![](http://consumer.huawei.com/support/servlet/imageServlet?dlType=SupportImage&imagePath=/20140924111450902008.gif)![](http://consumer.huawei.com/support/servlet/imageServlet?dlType=SupportImage&imagePath=/20140924111452129018.gif)![](http://consumer.huawei.com/support/servlet/imageServlet?dlType=SupportImage&imagePath=/20140924111450902008.gif)![](http://consumer.huawei.com/support/servlet/imageServlet?dlType=SupportImage&imagePath=/20140924111452272019.gif)\r\n\r\nl   Restart your phone.\r\n\r\nIf the problem persists, back up important data and restore your phone to its factory settings.\r\n\r\nNote: The figures are for your reference only. Actual screens may vary slightly.",
  "faqTypeId": null,
  "faqType": null,
  "useful": 0,
  "unUseful": 0,
  "languageId": 1,
  "languageName": "en",
  "faqCode": "7341",
  "faqTypeCode": null,
  "isTop": "0",
  "moduleCode": "faq",
  "productId": null,
  "productCode": null,
  "postDate": 1411528513000,
  "seriesProductName": "G630-U00,G630-U10,G630-U20,G630-U251",
  "visitedTimes": 3,
  "isUsefulFlag": null,
  "score": 0,
  "times": 0,
  "imageList": null,
  "displayType": "text",
  "justView": "0",
  "fileName": null,
  "filePath": null,
  "imagePath": null,
  "imageName": null,
  "productIdList": null,
  "curPage": null,
  "pageSize": null,
  "siteCode": null,
  "statusFlag": "Publish",
  "returnCode": 0,
  "totalRows": null,
  "keywords": null,
  "avgScore": 0.0,
  "createDate": null,
  "totalPages": null
}