{
  "type": null,
  "faqId": 15104,
  "title": "What can I do if I can't access the Internet after my mobile network is turned on?",
  "answer": "l   Make sure your SIM card is properly inserted. For details, see your phone's Quick Start Guide.\r\n\r\nl   Make sure your phone supports the SIM card mode. For details, contact your service provider.\r\n\r\nl   Make sure you have subscribed to a data plan for your SIM card. For details, contact your service provider.\r\n\r\nl   Make sure your SIM card has sufficient balance. Your service provider may stop providing Internet access to SIM cards that have a negative balance.\r\n\r\nl   Go to the **Settings** screen, and touch **More...** > **Data usage** to check whether you have set a limit for data usage. If so, you will not be able to use data services when the limit is met. Remove the limit or set a greater value.\r\n\r\n**Figure 1-1 **\r\n\r\n![](http://consumer.huawei.com/support/servlet/imageServlet?dlType=SupportImage&imagePath=/20140924111755800001.gif)![](http://consumer.huawei.com/support/servlet/imageServlet?dlType=SupportImage&imagePath=/20140924111755653002.gif)![](http://consumer.huawei.com/support/servlet/imageServlet?dlType=SupportImage&imagePath=/20140924111755733003.gif)\r\n\r\nl   Restore the APN settings to their default values.\r\n\r\nGo to the **Settings** screen, touch **Mobile networks** > **Access Point Names**, touch ![](http://consumer.huawei.com/support/servlet/imageServlet?dlType=SupportImage&imagePath=/20140924111756574004.gif) > **Reset to default**, and then try again.\r\n\r\n**Figure 1-2 **\r\n\r\n![](http://consumer.huawei.com/support/servlet/imageServlet?dlType=SupportImage&imagePath=/20140924111756417005.gif)![](http://consumer.huawei.com/support/servlet/imageServlet?dlType=SupportImage&imagePath=/20140924111756967006.gif)![](http://consumer.huawei.com/support/servlet/imageServlet?dlType=SupportImage&imagePath=/20140924111756691007.gif)![](http://consumer.huawei.com/support/servlet/imageServlet?dlType=SupportImage&imagePath=/20140924111756967006.gif)![](http://consumer.huawei.com/support/servlet/imageServlet?dlType=SupportImage&imagePath=/20140924111756739008.gif)\r\n\r\nNote: The figures are for your reference only. Actual screens may vary slightly.",
  "faqTypeId": null,
  "faqType": null,
  "useful": 0,
  "unUseful": 0,
  "languageId": 1,
  "languageName": "en",
  "faqCode": "7343",
  "faqTypeCode": null,
  "isTop": "0",
  "moduleCode": "faq",
  "productId": null,
  "productCode": null,
  "postDate": 1411528688000,
  "seriesProductName": "G630-U00,G630-U10,G630-U20,G630-U251",
  "visitedTimes": 5,
  "isUsefulFlag": null,
  "score": 0,
  "times": 0,
  "imageList": null,
  "displayType": "text",
  "justView": "0",
  "fileName": null,
  "filePath": null,
  "imagePath": null,
  "imageName": null,
  "productIdList": null,
  "curPage": null,
  "pageSize": null,
  "siteCode": null,
  "statusFlag": "Publish",
  "returnCode": 0,
  "totalRows": null,
  "keywords": null,
  "avgScore": 0.0,
  "createDate": null,
  "totalPages": null
}