{
  "type": null,
  "faqId": 15116,
  "title": "How Do I Create a New Contact or a Fullscreen Caller?",
  "answer": "1.Creating a contact   \r\n Open People > Add a contact, and select the storage directory. Enter the contact editing interface, enter the contact information, and touch DONE.\r\n\r\n![](http://consumer.huawei.com/support/servlet/imageServlet?dlType=SupportImage&imagePath=/20140924115258614001.png)  ![](http://consumer.huawei.com/support/servlet/imageServlet?dlType=SupportImage&imagePath=/20140924115311790001.png)  ![](http://consumer.huawei.com/support/servlet/imageServlet?dlType=SupportImage&imagePath=/20140924115325202001.png)  \r\n\r\n2. Creating a fullscreen caller (FScaller)\r\n\r\nNOTE   \r\n FScaller is not supported for contacts stored in the SIM card, but is supported for contacts stored in the   \r\n phone.   \r\n Method 1: Open People. Click the profile picture of the contact and choose a picture   \r\n from the gallery or take a photo for the contact.\r\n\r\n![](http://consumer.huawei.com/support/servlet/imageServlet?dlType=SupportImage&imagePath=/20140924115355721001.png)\r\n\r\nMethod 2: Open the profile of a contact and click the modify button. Click the profile   \r\n picture of the contact and take a photo or choose a photo from the gallery as the FScaller   \r\n for the contact.\r\n\r\n![](http://consumer.huawei.com/support/servlet/imageServlet?dlType=SupportImage&imagePath=/20140924115413740001.png)  ![](http://consumer.huawei.com/support/servlet/imageServlet?dlType=SupportImage&imagePath=/20140924115426363001.png)",
  "faqTypeId": null,
  "faqType": null,
  "useful": 0,
  "unUseful": 0,
  "languageId": 1,
  "languageName": "en",
  "faqCode": "7355",
  "faqTypeCode": null,
  "isTop": "0",
  "moduleCode": "faq",
  "productId": null,
  "productCode": null,
  "postDate": 1411530886000,
  "seriesProductName": "P2-6070",
  "visitedTimes": 6,
  "isUsefulFlag": null,
  "score": 0,
  "times": 0,
  "imageList": null,
  "displayType": "text",
  "justView": "0",
  "fileName": null,
  "filePath": null,
  "imagePath": null,
  "imageName": null,
  "productIdList": null,
  "curPage": null,
  "pageSize": null,
  "siteCode": null,
  "statusFlag": "Publish",
  "returnCode": 0,
  "totalRows": null,
  "keywords": null,
  "avgScore": 0.0,
  "createDate": null,
  "totalPages": null
}