{"type":null,"faqId":15111,"title":"How Do I Open the Battery Cover?","answer":"No need to","faqTypeId":null,"faqType":null,"useful":0,"unUseful":0,"languageId":1,"languageName":"en","faqCode":"7350","faqTypeCode":null,"isTop":"0","moduleCode":"faq","productId":null,"productCode":null,"postDate":1411530427000,"seriesProductName":"P2-6070","visitedTimes":17,"isUsefulFlag":null,"score":0,"times":0,"imageList":null,"displayType":"text","justView":"0","fileName":null,"filePath":null,"imagePath":null,"imageName":null,"productIdList":null,"curPage":null,"pageSize":null,"siteCode":null,"statusFlag":"Publish","returnCode":0,"totalRows":null,"keywords":null,"avgScore":0.0,"createDate":null,"totalPages":null}