{
  "type": null,
  "faqId": 15126,
  "title": "How do I discern my phone status from status indicator?",
  "answer": "ƒÜ When the indicator blinks red, the battery level is low.   \r\n\nƒÜ When the indicator blinks green, you have a new message or missed call.   \r\n\nƒÜ When your phone is charging:   \r\n\n. Steady red: The battery level is low.   \r\n\n. Steady yellow: The battery level is medium.   \r\n\n. Steady green: The battery level is higher than 90%.",
  "faqTypeId": null,
  "faqType": null,
  "useful": 0,
  "unUseful": 0,
  "languageId": 1,
  "languageName": "en",
  "faqCode": "7363",
  "faqTypeCode": null,
  "isTop": "0",
  "moduleCode": "faq",
  "productId": null,
  "productCode": null,
  "postDate": 1411545691000,
  "seriesProductName": "EDGE-U00",
  "visitedTimes": 15,
  "isUsefulFlag": null,
  "score": 0,
  "times": 0,
  "imageList": null,
  "displayType": "text",
  "justView": "0",
  "fileName": null,
  "filePath": null,
  "imagePath": null,
  "imageName": null,
  "productIdList": null,
  "curPage": null,
  "pageSize": null,
  "siteCode": null,
  "statusFlag": "Publish",
  "returnCode": 0,
  "totalRows": null,
  "keywords": null,
  "avgScore": 0.0,
  "createDate": null,
  "totalPages": null
}