{
  "type": null,
  "faqId": 15122,
  "title": "I cannot send or receive multimedia messages. Why? How can I solve this problem?",
  "answer": "Your P6 may fail to send or receive multimedia messages due to any of the following reasons:   \r\n\n> The network is busy, or the reception is not weak.   \r\n\n> Solution: Try again later.   \r\n\n> The message is denied by the network (MMS center).   \r\n\n. Cause 1: The recipient number is invalid.   \r\n\nSolution: Check that the recipient number is correct and try again.   \r\n\n. Cause 2: The multimedia message exceeds 300 KB.   \r\n\nSolution: Delete some content from the multimedia message to make sure that it is   \r\n\nwithin 300 KB, and try again.   \r\n\n> The balance is insufficient.   \r\n\n> Solution: Top up your account and try again.   \r\n\n> Your phone's available storage is insufficient.   \r\n\n> Solution: Delete some files from your phone to free up at least 300 KB storage.",
  "faqTypeId": null,
  "faqType": null,
  "useful": 0,
  "unUseful": 0,
  "languageId": 1,
  "languageName": "en",
  "faqCode": "7358",
  "faqTypeCode": null,
  "isTop": "0",
  "moduleCode": "faq",
  "productId": null,
  "productCode": null,
  "postDate": 1411545254000,
  "seriesProductName": "EDGE-U00",
  "visitedTimes": 6,
  "isUsefulFlag": null,
  "score": 0,
  "times": 0,
  "imageList": null,
  "displayType": "text",
  "justView": "0",
  "fileName": null,
  "filePath": null,
  "imagePath": null,
  "imageName": null,
  "productIdList": null,
  "curPage": null,
  "pageSize": null,
  "siteCode": null,
  "statusFlag": "Publish",
  "returnCode": 0,
  "totalRows": null,
  "keywords": null,
  "avgScore": 0.0,
  "createDate": null,
  "totalPages": null
}