{
  "type": null,
  "faqId": 15125,
  "title": "How do I enter and exit safe mode?",
  "answer": "To enter safe mode, when the startup animation disappears, press the volume down key until   \r\n\nSafe mode is displayed in the lower left corner of the screen.   \r\n\nTo exit safe mode, restart your phone",
  "faqTypeId": null,
  "faqType": null,
  "useful": 0,
  "unUseful": 0,
  "languageId": 1,
  "languageName": "en",
  "faqCode": "7362",
  "faqTypeCode": null,
  "isTop": "0",
  "moduleCode": "faq",
  "productId": null,
  "productCode": null,
  "postDate": 1411545653000,
  "seriesProductName": "EDGE-U00",
  "visitedTimes": 17,
  "isUsefulFlag": null,
  "score": 0,
  "times": 0,
  "imageList": null,
  "displayType": "text",
  "justView": "0",
  "fileName": null,
  "filePath": null,
  "imagePath": null,
  "imageName": null,
  "productIdList": null,
  "curPage": null,
  "pageSize": null,
  "siteCode": null,
  "statusFlag": "Publish",
  "returnCode": 0,
  "totalRows": null,
  "keywords": null,
  "avgScore": 0.0,
  "createDate": null,
  "totalPages": null
}