{
  "type": null,
  "faqId": 15123,
  "title": "How do I make a three-party call, and how do I switch between calls?",
  "answer": "Your P6 support three-party calls, which are a new service based on call waiting. When there   \r\n\nare two calls on your phone and another call is coming in, you need to group the current two   \r\n\ncalls as a conference to answer the third call. A maximum of five parties can call you at the   \r\n\nsame time.   \r\n\nTo use this function, make sure your SIM supports the three-party call service. Check with   \r\n\nyour operator for whether the call waiting function is enabled.",
  "faqTypeId": null,
  "faqType": null,
  "useful": 0,
  "unUseful": 0,
  "languageId": 1,
  "languageName": "en",
  "faqCode": "7360",
  "faqTypeCode": null,
  "isTop": "0",
  "moduleCode": "faq",
  "productId": null,
  "productCode": null,
  "postDate": 1411545399000,
  "seriesProductName": "EDGE-U00",
  "visitedTimes": 19,
  "isUsefulFlag": null,
  "score": 0,
  "times": 0,
  "imageList": null,
  "displayType": "text",
  "justView": "0",
  "fileName": null,
  "filePath": null,
  "imagePath": null,
  "imageName": null,
  "productIdList": null,
  "curPage": null,
  "pageSize": null,
  "siteCode": null,
  "statusFlag": "Publish",
  "returnCode": 0,
  "totalRows": null,
  "keywords": null,
  "avgScore": 0.0,
  "createDate": null,
  "totalPages": null
}