{
  "type": null,
  "faqId": 15127,
  "title": "How do I save battery power?",
  "answer": "When you are not using the phone, press the power key to turn off the screen.   \r\n\nƒÜ Set the screen timeout period to a small value under Settings > Display > Sleep.   \r\n\nƒÜ Lower the screen brightness under Settings > Display > Brightness.   \r\n\nƒÜ Turn off Wi-Fi and Bluetooth when you do not need to use them under Settings >   \r\n\nWIRELESS & NETWORKS.   \r\n\nƒÜ Turn off data sync by turn off Accounts & sync for your account under Settings >   \r\n\nAccount.   \r\n\nƒÜ Turn off data services by deselecting Data enabled under Settings > Mobile networks.   \r\n\nƒÜ Turn off GPS by deselecting GPS satellites under Settings > Location access.",
  "faqTypeId": null,
  "faqType": null,
  "useful": 2,
  "unUseful": 0,
  "languageId": 1,
  "languageName": "en",
  "faqCode": "7364",
  "faqTypeCode": null,
  "isTop": "0",
  "moduleCode": "faq",
  "productId": null,
  "productCode": null,
  "postDate": 1411545726000,
  "seriesProductName": "EDGE-U00",
  "visitedTimes": 18,
  "isUsefulFlag": null,
  "score": 0,
  "times": 0,
  "imageList": null,
  "displayType": "text",
  "justView": "0",
  "fileName": null,
  "filePath": null,
  "imagePath": null,
  "imageName": null,
  "productIdList": null,
  "curPage": null,
  "pageSize": null,
  "siteCode": null,
  "statusFlag": "Publish",
  "returnCode": 0,
  "totalRows": null,
  "keywords": null,
  "avgScore": 0.0,
  "createDate": null,
  "totalPages": null
}