{
  "type": null,
  "faqId": 15130,
  "title": "How to use the positioning function?",
  "answer": "Your mobile HID supports positioning through the wireless network (subject to the network) and positioning through GPS. Positioning through the wireless network may generate traffic charges but features high speed. Positioning through GPS features high accuracy but consumes more power energy. Select your desired positioning method by choosing Setting > Security & Location.",
  "faqTypeId": null,
  "faqType": null,
  "useful": 0,
  "unUseful": 0,
  "languageId": 1,
  "languageName": "en",
  "faqCode": "7367",
  "faqTypeCode": null,
  "isTop": "0",
  "moduleCode": "faq",
  "productId": null,
  "productCode": null,
  "postDate": 1411545874000,
  "seriesProductName": "",
  "visitedTimes": 4,
  "isUsefulFlag": null,
  "score": 0,
  "times": 0,
  "imageList": null,
  "displayType": "text",
  "justView": "0",
  "fileName": null,
  "filePath": null,
  "imagePath": null,
  "imageName": null,
  "productIdList": null,
  "curPage": null,
  "pageSize": null,
  "siteCode": null,
  "statusFlag": "Publish",
  "returnCode": 0,
  "totalRows": null,
  "keywords": null,
  "avgScore": 0.0,
  "createDate": null,
  "totalPages": null
}