{
  "type": null,
  "faqId": 15133,
  "title": "How to increase your battery life?",
  "answer": "Remember that it only takes 1 hour to fully charge your battery.   \r\n\nThe following are suggestions to increase your battery life and give more time to enjoy your S7 on the move.   \r\n\n. Use only 2G network --- >SettingFSettings->Wireless & networks->mobile network->Use only 2G network (enable)   \r\n\n. Disable Data service --> SettingFSettings->Wireless & networks->mobile network->Data service (disable)   \r\n\n. Adjust the brightness of Screen (<1/3) --> SettingFSettings->sound & display->Auto-Brightness(disabled)   \r\n\n. Brightness --> Set your screen to automatically turn off (adjustable 30s-60s)   \r\n\n. Disable Bluetooth   \r\n\n. Disable WLAN   \r\n\n. Disable GPS Satellites   \r\n\n. Decrease the media volume . Turn off applications when they are on idle status",
  "faqTypeId": null,
  "faqType": null,
  "useful": 0,
  "unUseful": 0,
  "languageId": 1,
  "languageName": "en",
  "faqCode": "7370",
  "faqTypeCode": null,
  "isTop": "0",
  "moduleCode": "faq",
  "productId": null,
  "productCode": null,
  "postDate": 1411546007000,
  "seriesProductName": "",
  "visitedTimes": 16,
  "isUsefulFlag": null,
  "score": 0,
  "times": 0,
  "imageList": null,
  "displayType": "text",
  "justView": "0",
  "fileName": null,
  "filePath": null,
  "imagePath": null,
  "imageName": null,
  "productIdList": null,
  "curPage": null,
  "pageSize": null,
  "siteCode": null,
  "statusFlag": "Publish",
  "returnCode": 0,
  "totalRows": null,
  "keywords": null,
  "avgScore": 0.0,
  "createDate": null,
  "totalPages": null
}