{
  "type": null,
  "faqId": 15142,
  "title": "What Causes a Failure to Send or Receive a Multimedia Message? How Can I Solve the Problem?",
  "answer": "Multimedia messages cannot be received if your phone's available storage space is   \r\n insufficient.   \r\n To solve the problem, delete unnecessary files to increase your phone's storage space.\r\n\r\n![](http://consumer.huawei.com/support/servlet/imageServlet?dlType=SupportImage&imagePath=/20140925095334517001.png)\r\n\r\nMultimedia messages cannot be sent or received if data services are disabled.   \r\n To solve the problem, touch > Settings > Wireless & networks > Mobile   \r\n networks, and select Data enabled.\r\n\r\n![](http://consumer.huawei.com/support/servlet/imageServlet?dlType=SupportImage&imagePath=/20140925095353994001.png)",
  "faqTypeId": null,
  "faqType": null,
  "useful": 0,
  "unUseful": 0,
  "languageId": 1,
  "languageName": "en",
  "faqCode": "7376",
  "faqTypeCode": null,
  "isTop": "0",
  "moduleCode": "faq",
  "productId": null,
  "productCode": null,
  "postDate": 1411610039000,
  "seriesProductName": "",
  "visitedTimes": 2,
  "isUsefulFlag": null,
  "score": 0,
  "times": 0,
  "imageList": null,
  "displayType": "text",
  "justView": "0",
  "fileName": null,
  "filePath": null,
  "imagePath": null,
  "imageName": null,
  "productIdList": null,
  "curPage": null,
  "pageSize": null,
  "siteCode": null,
  "statusFlag": "Publish",
  "returnCode": 0,
  "totalRows": null,
  "keywords": null,
  "avgScore": 0.0,
  "createDate": null,
  "totalPages": null
}