{
  "type": null,
  "faqId": 15145,
  "title": "How Can I Use Wireless Networks or GPS Satellites for Maps to Implement Location and Navigation Functions?",
  "answer": ">To use wireless networks for Maps to implement location and navigation functions,   \r\n\ntouch > Settings > Location & security, and select Use wireless networks.   \r\n\r\n\n>To use Global Positioning System (GPS) satellites for Maps to implement location and   \r\n\nnavigation functions, touch > Settings > Location & security, and select Use GPS   \r\n\nsatellites.",
  "faqTypeId": null,
  "faqType": null,
  "useful": 0,
  "unUseful": 0,
  "languageId": 1,
  "languageName": "en",
  "faqCode": "7386",
  "faqTypeCode": null,
  "isTop": "0",
  "moduleCode": "faq",
  "productId": null,
  "productCode": null,
  "postDate": 1411612185000,
  "seriesProductName": "",
  "visitedTimes": 27,
  "isUsefulFlag": null,
  "score": 0,
  "times": 0,
  "imageList": null,
  "displayType": "text",
  "justView": "0",
  "fileName": null,
  "filePath": null,
  "imagePath": null,
  "imageName": null,
  "productIdList": null,
  "curPage": null,
  "pageSize": null,
  "siteCode": null,
  "statusFlag": "Publish",
  "returnCode": 0,
  "totalRows": null,
  "keywords": null,
  "avgScore": 0.0,
  "createDate": null,
  "totalPages": null
}