{
  "type": null,
  "faqId": 15144,
  "title": "How Many Playing Modes Does Music Support?",
  "answer": "Music supports five playing modes:   \r\n ƒÜ Shuffle is off (by default): play all audio files in a playlist in order and stop when all the   \r\n files have been played.\r\n\r\n![](http://consumer.huawei.com/support/servlet/imageServlet?dlType=SupportImage&imagePath=/20140925095538482001.png)  \r\n\r\nShuffle is on: play all audio files in a playlist in a random order and stop when all the   \r\n files have been played.\r\n\r\n![](http://consumer.huawei.com/support/servlet/imageServlet?dlType=SupportImage&imagePath=/20140925095552536001.png)  \r\n\r\nRepeating all songs: play all audio files in a playlist in order, and repeat the playlist in   \r\n order after the last file is played.\r\n\r\n![](http://consumer.huawei.com/support/servlet/imageServlet?dlType=SupportImage&imagePath=/20140925095648252001.png)  \r\n\r\nRepeating current song: play the current audio file repeatedly.\r\n\r\n![](http://consumer.huawei.com/support/servlet/imageServlet?dlType=SupportImage&imagePath=/20140925095704807001.png)  \r\n\r\nShuffle is on + Repeating all songs: play all audio files in a playlist in a random order,   \r\n and repeat the playlist in a random order after the last file is played.\r\n\r\n![](http://consumer.huawei.com/support/servlet/imageServlet?dlType=SupportImage&imagePath=/20140925095735245001.png)",
  "faqTypeId": null,
  "faqType": null,
  "useful": 0,
  "unUseful": 0,
  "languageId": 1,
  "languageName": "en",
  "faqCode": "7385",
  "faqTypeCode": null,
  "isTop": "0",
  "moduleCode": "faq",
  "productId": null,
  "productCode": null,
  "postDate": 1411610262000,
  "seriesProductName": "",
  "visitedTimes": 2,
  "isUsefulFlag": null,
  "score": 0,
  "times": 0,
  "imageList": null,
  "displayType": "text",
  "justView": "0",
  "fileName": null,
  "filePath": null,
  "imagePath": null,
  "imageName": null,
  "productIdList": null,
  "curPage": null,
  "pageSize": null,
  "siteCode": null,
  "statusFlag": "Publish",
  "returnCode": 0,
  "totalRows": null,
  "keywords": null,
  "avgScore": 0.0,
  "createDate": null,
  "totalPages": null
}