{
  "type": null,
  "faqId": 15157,
  "title": "How many text messages can be stored on my phone?",
  "answer": "It depends on your phone's storage capacity.   \r\n To check your phone's storage capacity, touch > System settings > Storage.   \r\n Your phone's storage status is displayed under INTERNAL STORAGE.\r\n\r\n![](http://consumer.huawei.com/support/servlet/imageServlet?dlType=SupportImage&imagePath=/20140925112133281001.png)\r\n\r\nBy default, a thread can contain a maximum of 200 text messages.   \r\n To set the number of messages that can be contained in a message thread, touch Messaging > > Settings > Text message limit, and set the message limit.\r\n\r\n![](http://consumer.huawei.com/support/servlet/imageServlet?dlType=SupportImage&imagePath=/20140925112155882001.png)",
  "faqTypeId": null,
  "faqType": null,
  "useful": 4,
  "unUseful": 1,
  "languageId": 1,
  "languageName": "en",
  "faqCode": "7423",
  "faqTypeCode": null,
  "isTop": "0",
  "moduleCode": "faq",
  "productId": null,
  "productCode": null,
  "postDate": 1411615323000,
  "seriesProductName": "",
  "visitedTimes": 444,
  "isUsefulFlag": null,
  "score": 0,
  "times": 0,
  "imageList": null,
  "displayType": "text",
  "justView": "0",
  "fileName": null,
  "filePath": null,
  "imagePath": null,
  "imageName": null,
  "productIdList": null,
  "curPage": null,
  "pageSize": null,
  "siteCode": null,
  "statusFlag": "Publish",
  "returnCode": 0,
  "totalRows": null,
  "keywords": null,
  "avgScore": 0.0,
  "createDate": null,
  "totalPages": null
}