{
  "type": null,
  "faqId": 15151,
  "title": "How do I create a playlist?",
  "answer": "Open Music+. Touch and hold the audio file to be added to a playlist, and touch Add to   \r\n playlist > New playlist. Then enter a name in Playlist name, and touch Save.\r\n\r\n![](http://consumer.huawei.com/support/servlet/imageServlet?dlType=SupportImage&imagePath=/20140925110729659001.png)  ![](http://consumer.huawei.com/support/servlet/imageServlet?dlType=SupportImage&imagePath=/20140925110743742001.png)\r\n\r\n![](http://consumer.huawei.com/support/servlet/imageServlet?dlType=SupportImage&imagePath=/20140925110807294001.png)   ![](http://consumer.huawei.com/support/servlet/imageServlet?dlType=SupportImage&imagePath=/20140925110930335001.png)  \r\n\r\n ![](http://consumer.huawei.com/support/servlet/imageServlet?dlType=SupportImage&imagePath=/20140925111010863001.png)  ![](http://consumer.huawei.com/support/servlet/imageServlet?dlType=SupportImage&imagePath=/20140925111023267001.png)",
  "faqTypeId": null,
  "faqType": null,
  "useful": 0,
  "unUseful": 0,
  "languageId": 1,
  "languageName": "en",
  "faqCode": "7396",
  "faqTypeCode": null,
  "isTop": "0",
  "moduleCode": "faq",
  "productId": null,
  "productCode": null,
  "postDate": 1411614643000,
  "seriesProductName": "",
  "visitedTimes": 3,
  "isUsefulFlag": null,
  "score": 0,
  "times": 0,
  "imageList": null,
  "displayType": "text",
  "justView": "0",
  "fileName": null,
  "filePath": null,
  "imagePath": null,
  "imageName": null,
  "productIdList": null,
  "curPage": null,
  "pageSize": null,
  "siteCode": null,
  "statusFlag": "Publish",
  "returnCode": 0,
  "totalRows": null,
  "keywords": null,
  "avgScore": 0.0,
  "createDate": null,
  "totalPages": null
}