{
  "type": null,
  "faqId": 15154,
  "title": "What is the difference between text messages in an Android OS and those in a traditional OS? What is the advantage of text messages in the Android OS?",
  "answer": "Difference   \r\n\n>In a traditional operating system (OS), text messages are stored in your inbox and sent box. In an Android OS, text messages to or from a contact are stored in a thread. Only one draft can be saved for each thread.   \r\n\n>Advantage Messaging in an Android OS is similar to instant messaging services such as MSN, which helps you to follow the conversation more easily.",
  "faqTypeId": null,
  "faqType": null,
  "useful": 0,
  "unUseful": 0,
  "languageId": 1,
  "languageName": "en",
  "faqCode": "7400",
  "faqTypeCode": null,
  "isTop": "0",
  "moduleCode": "faq",
  "productId": null,
  "productCode": null,
  "postDate": 1411615118000,
  "seriesProductName": "",
  "visitedTimes": 5,
  "isUsefulFlag": null,
  "score": 0,
  "times": 0,
  "imageList": null,
  "displayType": "text",
  "justView": "0",
  "fileName": null,
  "filePath": null,
  "imagePath": null,
  "imageName": null,
  "productIdList": null,
  "curPage": null,
  "pageSize": null,
  "siteCode": null,
  "statusFlag": "Publish",
  "returnCode": 0,
  "totalRows": null,
  "keywords": null,
  "avgScore": 0.0,
  "createDate": null,
  "totalPages": null
}