{
  "type": null,
  "faqId": 15158,
  "title": "Are there any restrictions on the size, format, or resolution of a file to be attached to a multimedia message?",
  "answer": ">If an audio or video file exceeds the size limit (generally 300 KB), it cannot be attached to a message   \r\n\r\n>If a picture is too large, it will be automatically compressed before being attached to the message. As a result, the resolution of the picture attached to the message decreases.\r\n\r\n>Video files in 3GP and AVI formats are supported. When you are recording a video clip to be attached to a multimedia message, the video clip resolution will be decreased to increase the video duration.",
  "faqTypeId": null,
  "faqType": null,
  "useful": 0,
  "unUseful": 0,
  "languageId": 1,
  "languageName": "en",
  "faqCode": "7424",
  "faqTypeCode": null,
  "isTop": "0",
  "moduleCode": "faq",
  "productId": null,
  "productCode": null,
  "postDate": 1411616350000,
  "seriesProductName": "",
  "visitedTimes": 14,
  "isUsefulFlag": null,
  "score": 0,
  "times": 0,
  "imageList": null,
  "displayType": "text",
  "justView": "0",
  "fileName": null,
  "filePath": null,
  "imagePath": null,
  "imageName": null,
  "productIdList": null,
  "curPage": null,
  "pageSize": null,
  "siteCode": null,
  "statusFlag": "Publish",
  "returnCode": 0,
  "totalRows": null,
  "keywords": null,
  "avgScore": 0.0,
  "createDate": null,
  "totalPages": null
}