{
  "type": null,
  "faqId": 15159,
  "title": "My phone failed to send or receive a multimedia message. Why? What can I do?",
  "answer": ">Multimedia messages cannot be received if you do not have sufficient storage available on your phone. To solve this problem, delete unnecessary files to increase your phone's available storage space.   \r\n\r\n>Multimedia messages cannot be sent or received if data services are disabled. To solve this problem, touch > System settings > More¡K > Mobile networks, and select Data enabled.\r\n\r\n![](http://consumer.huawei.com/support/servlet/imageServlet?dlType=SupportImage&imagePath=/20140925114106939001.png)",
  "faqTypeId": null,
  "faqType": null,
  "useful": 0,
  "unUseful": 0,
  "languageId": 1,
  "languageName": "en",
  "faqCode": "7425",
  "faqTypeCode": null,
  "isTop": "0",
  "moduleCode": "faq",
  "productId": null,
  "productCode": null,
  "postDate": 1411616449000,
  "seriesProductName": "",
  "visitedTimes": 135,
  "isUsefulFlag": null,
  "score": 0,
  "times": 0,
  "imageList": null,
  "displayType": "text",
  "justView": "0",
  "fileName": null,
  "filePath": null,
  "imagePath": null,
  "imageName": null,
  "productIdList": null,
  "curPage": null,
  "pageSize": null,
  "siteCode": null,
  "statusFlag": "Publish",
  "returnCode": 0,
  "totalRows": null,
  "keywords": null,
  "avgScore": 0.0,
  "createDate": null,
  "totalPages": null
}