{
  "type": null,
  "faqId": 15152,
  "title": "What Are the Default Paths for Saving Pictures and Videos? Can I Change the Paths?",
  "answer": "When the preferred saving location is set to the phone's internal memory, the photos and   \r\n videos are saved in the Camera folder under ![](http://consumer.huawei.com/support/servlet/imageServlet?dlType=SupportImage&imagePath=/20140925111204674001.png) > File Manager > Internal > DCIM.   \r\n When the preferred saving location is the microSD card, the photos and videos are saved in   \r\n the Camera folder under ![](http://consumer.huawei.com/support/servlet/imageServlet?dlType=SupportImage&imagePath=/20140925111204674001.png) > File Manager > SD card > DCIM.\r\n\r\n![](http://consumer.huawei.com/support/servlet/imageServlet?dlType=SupportImage&imagePath=/20140925111225369001.png)  ![](http://consumer.huawei.com/support/servlet/imageServlet?dlType=SupportImage&imagePath=/20140925111236260001.png)  \r\n\r\nThe preferred saving locations for photos and videos are both the phone memory. To set   \r\n the preferred saving location, open Camera, touch Settings > Preferred save location,   \r\n and select Memory card or Internal storage. If there is no available storage space in   \r\n the default saving location, photos and videos will be saved under the non-default path,   \r\n as shown in the following figure.\r\n\r\n![](http://consumer.huawei.com/support/servlet/imageServlet?dlType=SupportImage&imagePath=/20140925111258669001.png)",
  "faqTypeId": null,
  "faqType": null,
  "useful": 0,
  "unUseful": 0,
  "languageId": 1,
  "languageName": "en",
  "faqCode": "7397",
  "faqTypeCode": null,
  "isTop": "0",
  "moduleCode": "faq",
  "productId": null,
  "productCode": null,
  "postDate": 1411614780000,
  "seriesProductName": "U8950",
  "visitedTimes": 6,
  "isUsefulFlag": null,
  "score": 0,
  "times": 0,
  "imageList": null,
  "displayType": "text",
  "justView": "0",
  "fileName": null,
  "filePath": null,
  "imagePath": null,
  "imageName": null,
  "productIdList": null,
  "curPage": null,
  "pageSize": null,
  "siteCode": null,
  "statusFlag": "Publish",
  "returnCode": 0,
  "totalRows": null,
  "keywords": null,
  "avgScore": 0.0,
  "createDate": null,
  "totalPages": null
}