{
  "type": null,
  "faqId": 15168,
  "title": "How Do I Edit the Application List?",
  "answer": "In non-editing mode, only applications with icons are displayed in the list. The number of applications   \r\n displayed in the list is not the actual number of applications on the phone.\r\n\r\n![](http://consumer.huawei.com/support/servlet/imageServlet?dlType=SupportImage&imagePath=/20140925110058983001.png)\r\n\r\nIn the top of application list, touch ![](http://consumer.huawei.com/support/servlet/imageServlet?dlType=SupportImage&imagePath=/20140925110125286001.png)  \r\n  .   \r\n The screen shown in the following figure is displayed.   \r\n 1. Touch and hold the icon, and drag it to any blank area of the current screen or to another   \r\n screen. If dragged to a blank area, the icon is moved to the new position, as shown in the   \r\n following figure.\r\n\r\n![](http://consumer.huawei.com/support/servlet/imageServlet?dlType=SupportImage&imagePath=/20140925110137753001.png)  \r\n\r\n2. If dragged onto another icon, the two icons will exchange positions, as shown in the following   \r\n figure.\r\n\r\n![](http://consumer.huawei.com/support/servlet/imageServlet?dlType=SupportImage&imagePath=/20140925110151836001.png)\r\n\r\nTouch ![](http://consumer.huawei.com/support/servlet/imageServlet?dlType=SupportImage&imagePath=/20140925110215994001.png) to save the changes.\r\n\r\nNOTE: \r\n\r\nIn editing mode, the number of displayed applications in the list is the actual number of applications on   \r\n the phone. When an icon is moved, the icons in the application list are automatically aligned from left to   \r\n right and from top to bottom.",
  "faqTypeId": null,
  "faqType": null,
  "useful": 0,
  "unUseful": 0,
  "languageId": 1,
  "languageName": "en",
  "faqCode": "7394",
  "faqTypeCode": null,
  "isTop": "0",
  "moduleCode": "faq",
  "productId": null,
  "productCode": null,
  "postDate": 1411614228000,
  "seriesProductName": "U8950",
  "visitedTimes": 2,
  "isUsefulFlag": null,
  "score": 0,
  "times": 0,
  "imageList": null,
  "displayType": "text",
  "justView": "0",
  "fileName": null,
  "filePath": null,
  "imagePath": null,
  "imageName": null,
  "productIdList": null,
  "curPage": null,
  "pageSize": null,
  "siteCode": null,
  "statusFlag": "Publish",
  "returnCode": 0,
  "totalRows": null,
  "keywords": null,
  "avgScore": 0.0,
  "createDate": null,
  "totalPages": null
}