{
  "type": null,
  "faqId": 15160,
  "title": "Can I copy multiple contacts from the phone to the USIM card at a time? If yes, after I doing so, the number of contacts saved to the USIM card is less than that copied from the phone. Why?",
  "answer": "Yes, you can copy multiple contacts from the phone to the USIM card at a time.   \r\n\r\nIf the USIM card contains contacts with the same names as those copied from the phone, the contacts will be merged. In this case, the number of contacts saved to the USIM card is less than that copied from the phone.",
  "faqTypeId": null,
  "faqType": null,
  "useful": 0,
  "unUseful": 0,
  "languageId": 1,
  "languageName": "en",
  "faqCode": "7426",
  "faqTypeCode": null,
  "isTop": "0",
  "moduleCode": "faq",
  "productId": null,
  "productCode": null,
  "postDate": 1411616523000,
  "seriesProductName": "",
  "visitedTimes": 184,
  "isUsefulFlag": null,
  "score": 0,
  "times": 0,
  "imageList": null,
  "displayType": "text",
  "justView": "0",
  "fileName": null,
  "filePath": null,
  "imagePath": null,
  "imageName": null,
  "productIdList": null,
  "curPage": null,
  "pageSize": null,
  "siteCode": null,
  "statusFlag": "Publish",
  "returnCode": 0,
  "totalRows": null,
  "keywords": null,
  "avgScore": 0.0,
  "createDate": null,
  "totalPages": null
}