{
  "type": null,
  "faqId": 15171,
  "title": "Where are my photos and video clips saved? Can I change the path?",
  "answer": "When a microSD card is available, photos and videos are saved on the microSD card.   \r\n >To set the default saving location, touch ![](http://consumer.huawei.com/support/servlet/imageServlet?dlType=SupportImage&imagePath=/20140925114711366001.png) > Preferred save location > Memory card/Phone.\r\n\r\n![](http://consumer.huawei.com/support/servlet/imageServlet?dlType=SupportImage&imagePath=/20140925115208522001.png)\r\n\r\nSee the following table for reference.\r\n\r\n![](http://consumer.huawei.com/support/servlet/imageServlet?dlType=SupportImage&imagePath=/20140925115323368001.png)  \r\n\r\n >To view photos or video clips:   \r\n . If the photos or video clips are saved in the phone memory, touch File Manager > Local files > Internal > DCIM > Camera.   \r\n . If the photos or video clips are saved in the microSD card, touch File Manager > Local files > SD card > DCIM > Camera.",
  "faqTypeId": null,
  "faqType": null,
  "useful": 0,
  "unUseful": 3,
  "languageId": 1,
  "languageName": "en",
  "faqCode": "7428",
  "faqTypeCode": null,
  "isTop": "0",
  "moduleCode": "faq",
  "productId": null,
  "productCode": null,
  "postDate": 1411617207000,
  "seriesProductName": "",
  "visitedTimes": 559,
  "isUsefulFlag": null,
  "score": 0,
  "times": 0,
  "imageList": null,
  "displayType": "text",
  "justView": "0",
  "fileName": null,
  "filePath": null,
  "imagePath": null,
  "imageName": null,
  "productIdList": null,
  "curPage": null,
  "pageSize": null,
  "siteCode": null,
  "statusFlag": "Publish",
  "returnCode": 0,
  "totalRows": null,
  "keywords": null,
  "avgScore": 0.0,
  "createDate": null,
  "totalPages": null
}