{"type":null,"faqId":15170,"title":"If an audio file on my microSD Card is set as my ringtone, does the phone use the file as my ringtone after I remove the microSD Card?","answer":"No. When the microSD card is removed, the phone uses the default ringtone.","faqTypeId":null,"faqType":null,"useful":0,"unUseful":0,"languageId":1,"languageName":"en","faqCode":"7395","faqTypeCode":null,"isTop":"0","moduleCode":"faq","productId":null,"productCode":null,"postDate":1411614410000,"seriesProductName":"U8950","visitedTimes":3,"isUsefulFlag":null,"score":0,"times":0,"imageList":null,"displayType":"text","justView":"0","fileName":null,"filePath":null,"imagePath":null,"imageName":null,"productIdList":null,"curPage":null,"pageSize":null,"siteCode":null,"statusFlag":"Publish","returnCode":0,"totalRows":null,"keywords":null,"avgScore":0.0,"createDate":null,"totalPages":null}