{
  "type": null,
  "faqId": 15182,
  "title": "How many playing modes does Music+ support? What are they?",
  "answer": ">Shuffle is off (by default): play all audio files in a playlist in sequence and stop playing after all the files have been played.   \r\n\r\n> Shuffle is on: play all audio files in the playlist in a random order and stop playing after all the files have been played.   \r\n\r\n> Repeat all songs: play all audio files in a playlist in sequence and repeat the playlist in sequence after all the files have been played.   \r\n\r\n> Repeat the current song: play the current audio file repeatedly.   \r\n\r\n>  Shuffle is on + Repeat all songs: play all audio files in the playlist in a random order and repeat the playlist in a random order after all the files have been played.",
  "faqTypeId": null,
  "faqType": null,
  "useful": 0,
  "unUseful": 0,
  "languageId": 1,
  "languageName": "en",
  "faqCode": "7402",
  "faqTypeCode": null,
  "isTop": "0",
  "moduleCode": "faq",
  "productId": null,
  "productCode": null,
  "postDate": 1411616686000,
  "seriesProductName": "",
  "visitedTimes": 74,
  "isUsefulFlag": null,
  "score": 0,
  "times": 0,
  "imageList": null,
  "displayType": "text",
  "justView": "0",
  "fileName": null,
  "filePath": null,
  "imagePath": null,
  "imageName": null,
  "productIdList": null,
  "curPage": null,
  "pageSize": null,
  "siteCode": null,
  "statusFlag": "Publish",
  "returnCode": 0,
  "totalRows": null,
  "keywords": null,
  "avgScore": 0.0,
  "createDate": null,
  "totalPages": null
}