{
  "type": null,
  "faqId": 15244,
  "title": "How many message can be stored in phone？",
  "answer": "1. The captivity of message up to the phone memory space, the more space, and the more messages can be support. We can check the phone memory in the below way: \r\n\r\n Main menu-„³setting„³storage Setting--„³Available space \r\n\r\n ![](http://consumer.huawei.com/support/servlet/imageServlet?dlType=SupportImage&imagePath=/20140926085138444001.png)\r\n\r\n 2. Every thread can support 999 messages; Phone memory can store 200 by default   \r\n Setting method¡GMenu„³Setting„³General\r\n\r\n![](http://consumer.huawei.com/support/servlet/imageServlet?dlType=SupportImage&imagePath=/20140926085214557001.png)",
  "faqTypeId": null,
  "faqType": null,
  "useful": 0,
  "unUseful": 0,
  "languageId": 1,
  "languageName": "en",
  "faqCode": "7484",
  "faqTypeCode": null,
  "isTop": "0",
  "moduleCode": "faq",
  "productId": null,
  "productCode": null,
  "postDate": 1411692753000,
  "seriesProductName": "Y221-U22",
  "visitedTimes": 4,
  "isUsefulFlag": null,
  "score": 0,
  "times": 0,
  "imageList": null,
  "displayType": "text",
  "justView": "0",
  "fileName": null,
  "filePath": null,
  "imagePath": null,
  "imageName": null,
  "productIdList": null,
  "curPage": null,
  "pageSize": null,
  "siteCode": null,
  "statusFlag": "Publish",
  "returnCode": 0,
  "totalRows": null,
  "keywords": null,
  "avgScore": 0.0,
  "createDate": null,
  "totalPages": null
}