{
  "type": null,
  "faqId": 15248,
  "title": "import& output the contacts via SIM card-",
  "answer": "1. import the SIM card’s contacts to phone   \r\n Contacts> Menu>import/output >choose” China Unicom”(if the SIM card is\r\n\r\nChina Unicom)>phone>choose the contacts to copy of the SIM card>press   \r\n “OK”icon   \r\n 2. Output the SIMcard’s contacts to phone   \r\n Contacts> Menu>import/output >phone >choose” China Unicom”(if the SIM card is   \r\n China Unicom) >choose the contacts to copy of the phone>press “OK”icon\r\n\r\n![](http://consumer.huawei.com/support/servlet/imageServlet?dlType=SupportImage&imagePath=/20140926091042208001.png)  ![](http://consumer.huawei.com/support/servlet/imageServlet?dlType=SupportImage&imagePath=/20140926091103363001.png)",
  "faqTypeId": null,
  "faqType": null,
  "useful": 0,
  "unUseful": 0,
  "languageId": 1,
  "languageName": "en",
  "faqCode": "7488",
  "faqTypeCode": null,
  "isTop": "0",
  "moduleCode": "faq",
  "productId": null,
  "productCode": null,
  "postDate": 1411693941000,
  "seriesProductName": "Y511-U251",
  "visitedTimes": 3,
  "isUsefulFlag": null,
  "score": 0,
  "times": 0,
  "imageList": null,
  "displayType": "text",
  "justView": "0",
  "fileName": null,
  "filePath": null,
  "imagePath": null,
  "imageName": null,
  "productIdList": null,
  "curPage": null,
  "pageSize": null,
  "siteCode": null,
  "statusFlag": "Publish",
  "returnCode": 0,
  "totalRows": null,
  "keywords": null,
  "avgScore": 0.0,
  "createDate": null,
  "totalPages": null
}