{
  "type": null,
  "faqId": 15249,
  "title": "Reasons of less effective of playing streaming media online",
  "answer": "Less effective of source file   \r\n\nBad network   \r\n\nThe mobile phone hardware problems, such as the display is damaged, in contrast to the   \r\n\nlocal video   \r\n\nInner storage space is not enough   \r\n\nThe over use of phone CPU   \r\n\nToo many applications operating",
  "faqTypeId": null,
  "faqType": null,
  "useful": 0,
  "unUseful": 0,
  "languageId": 1,
  "languageName": "en",
  "faqCode": "7505",
  "faqTypeCode": null,
  "isTop": "0",
  "moduleCode": "faq",
  "productId": null,
  "productCode": null,
  "postDate": 1411694543000,
  "seriesProductName": "Y511-U00,Y511-U251",
  "visitedTimes": 3,
  "isUsefulFlag": null,
  "score": 0,
  "times": 0,
  "imageList": null,
  "displayType": "text",
  "justView": "0",
  "fileName": null,
  "filePath": null,
  "imagePath": null,
  "imageName": null,
  "productIdList": null,
  "curPage": null,
  "pageSize": null,
  "siteCode": null,
  "statusFlag": "Publish",
  "returnCode": 0,
  "totalRows": null,
  "keywords": null,
  "avgScore": 0.0,
  "createDate": null,
  "totalPages": null
}