{
  "type": null,
  "faqId": 15257,
  "title": "Edit/delete/view/send Mail？",
  "answer": "Main menu->Email->input user ID and password.\r\n\r\nAccount setting:\r\n\r\n1. Manual：\r\n\r\nInput ID and password->POP3àInter the server setting interfaceàedit the POP3 serverà Next à setting the send SMTP server à nextàsetting the frequency of sync mailànext->setting the mail as prompt.\r\n\r\n2. Auto\r\n\r\nInput ID and password->Next->Mail setting->finish.\r\n\r\n![](http://consumer.huawei.com/support/servlet/imageServlet?dlType=SupportImage&imagePath=/20140926100048779001.png)\r\n\r\nDelete the account:\r\n\r\n**Email **->Menu->settings, press the account you want to editàRemove account.\r\n\r\n![](http://consumer.huawei.com/support/servlet/imageServlet?dlType=SupportImage&imagePath=/20140926100048150002.png)",
  "faqTypeId": null,
  "faqType": null,
  "useful": 0,
  "unUseful": 0,
  "languageId": 1,
  "languageName": "en",
  "faqCode": "7499",
  "faqTypeCode": null,
  "isTop": "0",
  "moduleCode": "faq",
  "productId": null,
  "productCode": null,
  "postDate": 1411696852000,
  "seriesProductName": "Y600-U20",
  "visitedTimes": 23,
  "isUsefulFlag": null,
  "score": 0,
  "times": 0,
  "imageList": null,
  "displayType": "text",
  "justView": "0",
  "fileName": null,
  "filePath": null,
  "imagePath": null,
  "imageName": null,
  "productIdList": null,
  "curPage": null,
  "pageSize": null,
  "siteCode": null,
  "statusFlag": "Publish",
  "returnCode": 0,
  "totalRows": null,
  "keywords": null,
  "avgScore": 0.0,
  "createDate": null,
  "totalPages": null
}