{
  "type": null,
  "faqId": 15250,
  "title": "The possible causes not connecting to other Bluetooth",
  "answer": "Phone support the profile A2DP,HSP,HFP,PAN,HIDH,OPP,PBAP etc; if make sure the   \r\n\nconnecting equipment support these profile but cannot be connected either, please refer to   \r\n\nthe following cases:   \r\n\nNot searching the other phone   \r\n\nMethod: if the other phone Bluetooth is open, and under the searchable state   \r\n\nNot searching the other Bluetooth earphone   \r\n\nMethod: be sure earphone is under searchable state, related settings refer to the manual of   \r\n\nearphone   \r\n\nNot connecting to the other phone while sending files   \r\n\nMethod: be sure whether the other phone support receiving files or receiving this kind of files",
  "faqTypeId": null,
  "faqType": null,
  "useful": 0,
  "unUseful": 0,
  "languageId": 1,
  "languageName": "en",
  "faqCode": "7491",
  "faqTypeCode": null,
  "isTop": "0",
  "moduleCode": "faq",
  "productId": null,
  "productCode": null,
  "postDate": 1411694580000,
  "seriesProductName": "Y511-U00,Y511-U251",
  "visitedTimes": 5,
  "isUsefulFlag": null,
  "score": 0,
  "times": 0,
  "imageList": null,
  "displayType": "text",
  "justView": "0",
  "fileName": null,
  "filePath": null,
  "imagePath": null,
  "imageName": null,
  "productIdList": null,
  "curPage": null,
  "pageSize": null,
  "siteCode": null,
  "statusFlag": "Publish",
  "returnCode": 0,
  "totalRows": null,
  "keywords": null,
  "avgScore": 0.0,
  "createDate": null,
  "totalPages": null
}