{
  "type": null,
  "faqId": 15256,
  "title": "Why Bluetooth device cannot pair to phone",
  "answer": "1. Cannot find the phone in Bluetooth device.\r\n\r\nMake sure the Bluetooth is active and visible.\r\n\r\n![](http://consumer.huawei.com/support/servlet/imageServlet?dlType=SupportImage&imagePath=/20140926095219955001.png)\r\n\r\n2. Cannot pair with Bluetooth earphone.\r\n\r\nMake sure the earphone is in connecting mode (different device should operate as manual)\r\n\r\n3. Cannot send file to other device.\r\n\r\nBoth devices is agree to share file and distance is not out of range.",
  "faqTypeId": null,
  "faqType": null,
  "useful": 0,
  "unUseful": 0,
  "languageId": 1,
  "languageName": "en",
  "faqCode": "7498",
  "faqTypeCode": null,
  "isTop": "0",
  "moduleCode": "faq",
  "productId": null,
  "productCode": null,
  "postDate": 1411696354000,
  "seriesProductName": "Y600-U20",
  "visitedTimes": 33,
  "isUsefulFlag": null,
  "score": 0,
  "times": 0,
  "imageList": null,
  "displayType": "text",
  "justView": "0",
  "fileName": null,
  "filePath": null,
  "imagePath": null,
  "imageName": null,
  "productIdList": null,
  "curPage": null,
  "pageSize": null,
  "siteCode": null,
  "statusFlag": "Publish",
  "returnCode": 0,
  "totalRows": null,
  "keywords": null,
  "avgScore": 0.0,
  "createDate": null,
  "totalPages": null
}