{"type":null,"faqId":15265,"title":"Double cards& double pass/double cards& single pass cell, when one card is on the conversation, what is the  sign if the other card receives a income?","answer":"Sorry, You dial telephone temporarily unable to put through","faqTypeId":null,"faqType":null,"useful":0,"unUseful":0,"languageId":1,"languageName":"en","faqCode":"7490","faqTypeCode":null,"isTop":"0","moduleCode":"faq","productId":null,"productCode":null,"postDate":1411694193000,"seriesProductName":"Y511-U00,Y511-U251","visitedTimes":3,"isUsefulFlag":null,"score":0,"times":0,"imageList":null,"displayType":"text","justView":"0","fileName":null,"filePath":null,"imagePath":null,"imageName":null,"productIdList":null,"curPage":null,"pageSize":null,"siteCode":null,"statusFlag":"Publish","returnCode":0,"totalRows":null,"keywords":null,"avgScore":0.0,"createDate":null,"totalPages":null}