{
  "type": null,
  "faqId": 15263,
  "title": "Adding a contact, adding a income photo",
  "answer": "1. Adding a contact   \r\n Open the contact>adding a contact icon on the downright corner > select the store type,   \r\n enter into contact adding screen> input the contact information> back/complete\r\n\r\n![](http://consumer.huawei.com/support/servlet/imageServlet?dlType=SupportImage&imagePath=/20140926090041566001.png)  ![](http://consumer.huawei.com/support/servlet/imageServlet?dlType=SupportImage&imagePath=/20140926090050859001.png)   ![](http://consumer.huawei.com/support/servlet/imageServlet?dlType=SupportImage&imagePath=/20140926090146966001.png)![](http://consumer.huawei.com/support/servlet/imageServlet?dlType=SupportImage&imagePath=/20140926090657440001.png)\r\n\r\n![](http://consumer.huawei.com/support/servlet/imageServlet?dlType=SupportImage&imagePath=/20140926090728516001.png)  \r\n\r\n2AAdding a income photo   \r\n Note: not supporting SIM contacts to add income photo   \r\n Method 1: contacts list> open the contact details screen> press the contactfs head sculpture>   \r\n take a photo or select from the gallery;   \r\n Method 2: open the contact details screen> menu> modifying, enter into the edit screen>   \r\n press the contactfs head sculpture> take a photo or select from the gallery;\r\n\r\n![](http://consumer.huawei.com/support/servlet/imageServlet?dlType=SupportImage&imagePath=/20140926090750398001.png)  ![](http://consumer.huawei.com/support/servlet/imageServlet?dlType=SupportImage&imagePath=/20140926090759609001.png)",
  "faqTypeId": null,
  "faqType": null,
  "useful": 0,
  "unUseful": 0,
  "languageId": 1,
  "languageName": "en",
  "faqCode": "7487",
  "faqTypeCode": null,
  "isTop": "0",
  "moduleCode": "faq",
  "productId": null,
  "productCode": null,
  "postDate": 1411693780000,
  "seriesProductName": "Y511-U251",
  "visitedTimes": 2,
  "isUsefulFlag": null,
  "score": 0,
  "times": 0,
  "imageList": null,
  "displayType": "text",
  "justView": "0",
  "fileName": null,
  "filePath": null,
  "imagePath": null,
  "imageName": null,
  "productIdList": null,
  "curPage": null,
  "pageSize": null,
  "siteCode": null,
  "statusFlag": "Publish",
  "returnCode": 0,
  "totalRows": null,
  "keywords": null,
  "avgScore": 0.0,
  "createDate": null,
  "totalPages": null
}