{
  "type": null,
  "faqId": 15266,
  "title": "The reason failing to send/receive multimedia message, the method to solve.",
  "answer": "Popular name: the network state or signal is not good, resulting in multimedia message   \r\n sending failed.   \r\n Method to solve: resending it later   \r\n Refused by the network side, results in failing to send multimedia message.   \r\n Popular name: Because the network side busy and other reasons, cannot send multimedia   \r\n message. Results in transmission failure.   \r\n Method to solve: resending it later   \r\n Refused by the network side, results in failing to send multimedia message.   \r\n Popular name 1:the wrong number information of receiver results sending failed.   \r\n Method 1: check the number of receiver, if wrong, please resend it after modified.   \r\n Popular name 2: the edited multimedia message is more than 300KB, resulting sending   \r\n failed.   \r\n Method 2: delete some content of the multimedia to less than 300KB, and then resend it.   \r\n Whether it is debiting.   \r\n Popular name: debt results sending failed.   \r\n Method: pay the fees and then resend it.   \r\n The phone storage is not enough, cannot receiving multimedia message.   \r\n Popular name: storage is not enough, resulting sending failed.   \r\n Method: release the storage to the rest space more than 300K.",
  "faqTypeId": null,
  "faqType": null,
  "useful": 0,
  "unUseful": 0,
  "languageId": 1,
  "languageName": "en",
  "faqCode": "7504",
  "faqTypeCode": null,
  "isTop": "0",
  "moduleCode": "faq",
  "productId": null,
  "productCode": null,
  "postDate": 1411694355000,
  "seriesProductName": "Y511-U00,Y511-U251",
  "visitedTimes": 3,
  "isUsefulFlag": null,
  "score": 0,
  "times": 0,
  "imageList": null,
  "displayType": "text",
  "justView": "0",
  "fileName": null,
  "filePath": null,
  "imagePath": null,
  "imageName": null,
  "productIdList": null,
  "curPage": null,
  "pageSize": null,
  "siteCode": null,
  "statusFlag": "Publish",
  "returnCode": 0,
  "totalRows": null,
  "keywords": null,
  "avgScore": 0.0,
  "createDate": null,
  "totalPages": null
}