{
  "type": null,
  "faqId": 15306,
  "title": "Hol-U19: Where is my photo and video?",
  "answer": "1. With extra SD：\r\n\r\nPhoto by camera->SD card/DCIM/Camera；\r\n\r\n2. Without SD：\r\n\r\nPhoto by camera->Internal**/DCIM/Camera **\r\n\r\n3.The location is default on android OS can customize.\r\n\r\n![](http://consumer.huawei.com/support/servlet/imageServlet?dlType=SupportImage&imagePath=/20140928171331922001.png)",
  "faqTypeId": 270,
  "faqType": "Managing Apps",
  "useful": 11,
  "unUseful": 18,
  "languageId": 1,
  "languageName": "en",
  "faqCode": "7566",
  "faqTypeCode": "Handsets-Application-Management",
  "isTop": "0",
  "moduleCode": "faq",
  "productId": null,
  "productCode": null,
  "postDate": 1411895615000,
  "seriesProductName": "Holly-U19",
  "visitedTimes": 1073,
  "isUsefulFlag": null,
  "score": 0,
  "times": 0,
  "imageList": null,
  "displayType": "text",
  "justView": "0",
  "fileName": null,
  "filePath": null,
  "imagePath": null,
  "imageName": null,
  "productIdList": null,
  "curPage": null,
  "pageSize": null,
  "siteCode": null,
  "statusFlag": "Publish",
  "returnCode": 0,
  "totalRows": null,
  "keywords": null,
  "avgScore": 0.0,
  "createDate": null,
  "totalPages": null
}