{
  "type": null,
  "faqId": 15303,
  "title": "Hol-U19 To insert a SIM card, the battery and a micro-SD card please perform the steps shown in the following figures",
  "answer": "![](http://consumer.huawei.com/support/servlet/imageServlet?dlType=SupportImage&imagePath=/20140928170219717001.png)",
  "faqTypeId": 261,
  "faqType": "Battery and Charging",
  "useful": 7,
  "unUseful": 12,
  "languageId": 1,
  "languageName": "en",
  "faqCode": "7563",
  "faqTypeCode": "Handsets-Battery-Charging",
  "isTop": "0",
  "moduleCode": "faq",
  "productId": null,
  "productCode": null,
  "postDate": 1411894941000,
  "seriesProductName": "Holly-U19",
  "visitedTimes": 934,
  "isUsefulFlag": null,
  "score": 0,
  "times": 0,
  "imageList": null,
  "displayType": "text",
  "justView": "0",
  "fileName": null,
  "filePath": null,
  "imagePath": null,
  "imageName": null,
  "productIdList": null,
  "curPage": null,
  "pageSize": null,
  "siteCode": null,
  "statusFlag": "Publish",
  "returnCode": 0,
  "totalRows": null,
  "keywords": null,
  "avgScore": 0.0,
  "createDate": null,
  "totalPages": null
}