{
  "type": null,
  "faqId": 15305,
  "title": "Hol-U19: How to store the multimedia in MMS？",
  "answer": "Press and hold the item you want to store in MMS View interface.\r\n\r\n![](http://consumer.huawei.com/support/servlet/imageServlet?dlType=SupportImage&imagePath=/20140928171234649001.png)![](http://consumer.huawei.com/support/servlet/imageServlet?dlType=SupportImage&imagePath=/20140928171234872002.png)![](http://consumer.huawei.com/support/servlet/imageServlet?dlType=SupportImage&imagePath=/20140928171234851003.png)",
  "faqTypeId": 265,
  "faqType": "System Features and Settings",
  "useful": 6,
  "unUseful": 2,
  "languageId": 1,
  "languageName": "en",
  "faqCode": "7565",
  "faqTypeCode": "Handsets-System-Settings",
  "isTop": "0",
  "moduleCode": "faq",
  "productId": null,
  "productCode": null,
  "postDate": 1411895557000,
  "seriesProductName": "Holly-U19",
  "visitedTimes": 564,
  "isUsefulFlag": null,
  "score": 0,
  "times": 0,
  "imageList": null,
  "displayType": "text",
  "justView": "0",
  "fileName": null,
  "filePath": null,
  "imagePath": null,
  "imageName": null,
  "productIdList": null,
  "curPage": null,
  "pageSize": null,
  "siteCode": null,
  "statusFlag": "Publish",
  "returnCode": 0,
  "totalRows": null,
  "keywords": null,
  "avgScore": 0.0,
  "createDate": null,
  "totalPages": null
}