{
  "type": null,
  "faqId": 15302,
  "title": "Home Interface and Notification of Hol-U19",
  "answer": "![](http://consumer.huawei.com/support/servlet/imageServlet?dlType=SupportImage&imagePath=/20140928170122583001.png) ![](http://consumer.huawei.com/support/servlet/imageServlet?dlType=SupportImage&imagePath=/20140928170122488002.png)![](http://consumer.huawei.com/support/servlet/imageServlet?dlType=SupportImage&imagePath=/20140928170123203003.png)",
  "faqTypeId": 274,
  "faqType": "Miscellaneous",
  "useful": 6,
  "unUseful": 2,
  "languageId": 1,
  "languageName": "en",
  "faqCode": "7562",
  "faqTypeCode": "Handsets-Others",
  "isTop": "0",
  "moduleCode": "faq",
  "productId": null,
  "productCode": null,
  "postDate": 1411894886000,
  "seriesProductName": "Holly-U19",
  "visitedTimes": 381,
  "isUsefulFlag": null,
  "score": 0,
  "times": 0,
  "imageList": null,
  "displayType": "text",
  "justView": "0",
  "fileName": null,
  "filePath": null,
  "imagePath": null,
  "imageName": null,
  "productIdList": null,
  "curPage": null,
  "pageSize": null,
  "siteCode": null,
  "statusFlag": "Publish",
  "returnCode": 0,
  "totalRows": null,
  "keywords": null,
  "avgScore": 0.0,
  "createDate": null,
  "totalPages": null
}