{
  "type": null,
  "faqId": 15304,
  "title": "Hol-U19: How to change the font size？",
  "answer": "MenuàSettingsàGeneralàMessage font size",
  "faqTypeId": 265,
  "faqType": "System Features and Settings",
  "useful": 15,
  "unUseful": 12,
  "languageId": 1,
  "languageName": "en",
  "faqCode": "7564",
  "faqTypeCode": "Handsets-System-Settings",
  "isTop": "0",
  "moduleCode": "faq",
  "productId": null,
  "productCode": null,
  "postDate": 1411895491000,
  "seriesProductName": "Holly-U19",
  "visitedTimes": 721,
  "isUsefulFlag": null,
  "score": 0,
  "times": 0,
  "imageList": null,
  "displayType": "text",
  "justView": "0",
  "fileName": null,
  "filePath": null,
  "imagePath": null,
  "imageName": null,
  "productIdList": null,
  "curPage": null,
  "pageSize": null,
  "siteCode": null,
  "statusFlag": "Publish",
  "returnCode": 0,
  "totalRows": null,
  "keywords": null,
  "avgScore": 0.0,
  "createDate": null,
  "totalPages": null
}