{
  "type": null,
  "faqId": 15301,
  "title": "Key Definition of Hol-U19",
  "answer": "![](http://consumer.huawei.com/support/servlet/imageServlet?dlType=SupportImage&imagePath=/20140928170017679001.png)",
  "faqTypeId": 263,
  "faqType": "Hardware and Appearance",
  "useful": 4,
  "unUseful": 0,
  "languageId": 1,
  "languageName": "en",
  "faqCode": "7561",
  "faqTypeCode": "Handsets-Hardware-Appearance",
  "isTop": "0",
  "moduleCode": "faq",
  "productId": null,
  "productCode": null,
  "postDate": 1411894829000,
  "seriesProductName": "Holly-U19",
  "visitedTimes": 492,
  "isUsefulFlag": null,
  "score": 0,
  "times": 0,
  "imageList": null,
  "displayType": "text",
  "justView": "0",
  "fileName": null,
  "filePath": null,
  "imagePath": null,
  "imageName": null,
  "productIdList": null,
  "curPage": null,
  "pageSize": null,
  "siteCode": null,
  "statusFlag": "Publish",
  "returnCode": 0,
  "totalRows": null,
  "keywords": null,
  "avgScore": 0.0,
  "createDate": null,
  "totalPages": null
}