{
  "type": null,
  "faqId": 15308,
  "title": "Hol-U19: Edit/delete/view/send Mail？",
  "answer": "Main menu->Email->input user ID and password.\r\n\r\nAccount setting:\r\n\r\n1. Manual：\r\n\r\nInput ID and password->POP3àInter the server setting interfaceàedit the POP3 serveràNextàsetting the send SMTP serverànextàsetting the frequency of sync mailànext->setting the mail as prompt.\r\n\r\n2. Auto\r\n\r\nInput ID and password->Next->Mail setting->finish.\r\n\r\n![](http://consumer.huawei.com/support/servlet/imageServlet?dlType=SupportImage&imagePath=/20140928171520741001.png)\r\n\r\nDelete the account:\r\n\r\n**Email**-> Menu->settings, press the account you want to editàRemove account.\r\n\r\n![](http://consumer.huawei.com/support/servlet/imageServlet?dlType=SupportImage&imagePath=/20140928171521257002.jpg)",
  "faqTypeId": 265,
  "faqType": "System Features and Settings",
  "useful": 8,
  "unUseful": 5,
  "languageId": 1,
  "languageName": "en",
  "faqCode": "7568",
  "faqTypeCode": "Handsets-System-Settings",
  "isTop": "0",
  "moduleCode": "faq",
  "productId": null,
  "productCode": null,
  "postDate": 1411895778000,
  "seriesProductName": "Holly-U19",
  "visitedTimes": 684,
  "isUsefulFlag": null,
  "score": 0,
  "times": 0,
  "imageList": null,
  "displayType": "text",
  "justView": "0",
  "fileName": null,
  "filePath": null,
  "imagePath": null,
  "imageName": null,
  "productIdList": null,
  "curPage": null,
  "pageSize": null,
  "siteCode": null,
  "statusFlag": "Publish",
  "returnCode": 0,
  "totalRows": null,
  "keywords": null,
  "avgScore": 0.0,
  "createDate": null,
  "totalPages": null
}