{
  "type": null,
  "faqId": 15309,
  "title": "Hol-U19:Pattern Screen lock",
  "answer": "The phone will be locked after 5 times wrong pattern.\r\n\r\nPlease try after 30 seconds.\r\n\r\n![](http://consumer.huawei.com/support/servlet/imageServlet?dlType=SupportImage&imagePath=/20140928171723486001.png)",
  "faqTypeId": 263,
  "faqType": "Hardware and Appearance",
  "useful": 33,
  "unUseful": 61,
  "languageId": 1,
  "languageName": "en",
  "faqCode": "7569",
  "faqTypeCode": "Handsets-Hardware-Appearance",
  "isTop": "0",
  "moduleCode": "faq",
  "productId": null,
  "productCode": null,
  "postDate": 1411895856000,
  "seriesProductName": "Holly-U19",
  "visitedTimes": 1623,
  "isUsefulFlag": null,
  "score": 0,
  "times": 0,
  "imageList": null,
  "displayType": "text",
  "justView": "0",
  "fileName": null,
  "filePath": null,
  "imagePath": null,
  "imageName": null,
  "productIdList": null,
  "curPage": null,
  "pageSize": null,
  "siteCode": null,
  "statusFlag": "Publish",
  "returnCode": 0,
  "totalRows": null,
  "keywords": null,
  "avgScore": 0.0,
  "createDate": null,
  "totalPages": null
}