{
  "type": null,
  "faqId": 15310,
  "title": "Hol-U19: Dose the handset support to use the picture as incoming picture, and how to do?",
  "answer": "1. To do it by add new contacts\r\n\r\nEnter main menu>contacts->press new contacts button->number->add picture in picture location.\r\n\r\n![](http://consumer.huawei.com/support/servlet/imageServlet?dlType=SupportImage&imagePath=/20140928171933671001.png)\r\n\r\n2. Add it in gallery or file\r\n\r\nEnter menu->gallery->check a picture->menu->select “Set picture as “menu->select Contact photo.",
  "faqTypeId": 270,
  "faqType": "Managing Apps",
  "useful": 4,
  "unUseful": 1,
  "languageId": 1,
  "languageName": "en",
  "faqCode": "7571",
  "faqTypeCode": "Handsets-Application-Management",
  "isTop": "0",
  "moduleCode": "faq",
  "productId": null,
  "productCode": null,
  "postDate": 1411895979000,
  "seriesProductName": "Holly-U19",
  "visitedTimes": 777,
  "isUsefulFlag": null,
  "score": 0,
  "times": 0,
  "imageList": null,
  "displayType": "text",
  "justView": "0",
  "fileName": null,
  "filePath": null,
  "imagePath": null,
  "imageName": null,
  "productIdList": null,
  "curPage": null,
  "pageSize": null,
  "siteCode": null,
  "statusFlag": "Publish",
  "returnCode": 0,
  "totalRows": null,
  "keywords": null,
  "avgScore": 0.0,
  "createDate": null,
  "totalPages": null
}