{
  "type": null,
  "faqId": 15323,
  "title": "Hol-U19:How to change input method?",
  "answer": "Slide down notification bar, touch** Choose input method, **the select pop will come.\r\n\r\n![](http://consumer.huawei.com/support/servlet/imageServlet?dlType=SupportImage&imagePath=/20140928170407709001.png) ![](http://consumer.huawei.com/support/servlet/imageServlet?dlType=SupportImage&imagePath=/20140928170407282002.png)",
  "faqTypeId": 274,
  "faqType": "Miscellaneous",
  "useful": 1,
  "unUseful": 3,
  "languageId": 1,
  "languageName": "en",
  "faqCode": "7582",
  "faqTypeCode": "Handsets-Others",
  "isTop": "0",
  "moduleCode": "faq",
  "productId": null,
  "productCode": null,
  "postDate": 1411895070000,
  "seriesProductName": "Holly-U19",
  "visitedTimes": 329,
  "isUsefulFlag": null,
  "score": 0,
  "times": 0,
  "imageList": null,
  "displayType": "text",
  "justView": "0",
  "fileName": null,
  "filePath": null,
  "imagePath": null,
  "imageName": null,
  "productIdList": null,
  "curPage": null,
  "pageSize": null,
  "siteCode": null,
  "statusFlag": "Publish",
  "returnCode": 0,
  "totalRows": null,
  "keywords": null,
  "avgScore": 0.0,
  "createDate": null,
  "totalPages": null
}