{
  "type": null,
  "faqId": 15326,
  "title": "Hol-U19: How do I back up contacts to SD card?",
  "answer": "MenuàContactsàMenuàImport/Exportàphone contactàPhone or SDàSelect allàOKàthe backup file will save to card by the format as Name.vcf.\r\n\r\n![](http://consumer.huawei.com/support/servlet/imageServlet?dlType=SupportImage&imagePath=/20140928171825503001.png)![](http://consumer.huawei.com/support/servlet/imageServlet?dlType=SupportImage&imagePath=/20140928171825259002.png)![](http://consumer.huawei.com/support/servlet/imageServlet?dlType=SupportImage&imagePath=/20140928171825117003.png)",
  "faqTypeId": 272,
  "faqType": "Backup and Restore and Update",
  "useful": 16,
  "unUseful": 11,
  "languageId": 1,
  "languageName": "en",
  "faqCode": "7570",
  "faqTypeCode": "Handsets-Backup-Restore-Update",
  "isTop": "0",
  "moduleCode": "faq",
  "productId": null,
  "productCode": null,
  "postDate": 1411895907000,
  "seriesProductName": "Holly-U19",
  "visitedTimes": 1741,
  "isUsefulFlag": null,
  "score": 0,
  "times": 0,
  "imageList": null,
  "displayType": "text",
  "justView": "0",
  "fileName": null,
  "filePath": null,
  "imagePath": null,
  "imageName": null,
  "productIdList": null,
  "curPage": null,
  "pageSize": null,
  "siteCode": null,
  "statusFlag": "Publish",
  "returnCode": 0,
  "totalRows": null,
  "keywords": null,
  "avgScore": 0.0,
  "createDate": null,
  "totalPages": null
}