{
  "type": null,
  "faqId": 15327,
  "title": "Hol-U19: How can I used the smart phone as U dish.",
  "answer": "After handset connects with computer, select USB mode can open it.\r\n\r\n![](http://consumer.huawei.com/support/servlet/imageServlet?dlType=SupportImage&imagePath=/20140928172015426001.png) ![](http://consumer.huawei.com/support/servlet/imageServlet?dlType=SupportImage&imagePath=/20140928172015489002.png)",
  "faqTypeId": 264,
  "faqType": "Safty and Paying",
  "useful": 32,
  "unUseful": 16,
  "languageId": 1,
  "languageName": "en",
  "faqCode": "7586",
  "faqTypeCode": "Handsets-Safty-Paying",
  "isTop": "0",
  "moduleCode": "faq",
  "productId": null,
  "productCode": null,
  "postDate": 1411896118000,
  "seriesProductName": "Holly-U19",
  "visitedTimes": 2001,
  "isUsefulFlag": null,
  "score": 0,
  "times": 0,
  "imageList": null,
  "displayType": "text",
  "justView": "0",
  "fileName": null,
  "filePath": null,
  "imagePath": null,
  "imageName": null,
  "productIdList": null,
  "curPage": null,
  "pageSize": null,
  "siteCode": null,
  "statusFlag": "Publish",
  "returnCode": 0,
  "totalRows": null,
  "keywords": null,
  "avgScore": 0.0,
  "createDate": null,
  "totalPages": null
}