{
  "type": null,
  "faqId": 15321,
  "title": "Hol-U19: Messaging",
  "answer": "In the message interface, we can send attach and text as we wish.\r\n\r\n![](http://consumer.huawei.com/support/servlet/imageServlet?dlType=SupportImage&imagePath=/20140928170325213001.png)![](http://consumer.huawei.com/support/servlet/imageServlet?dlType=SupportImage&imagePath=/20140928170325483002.png)",
  "faqTypeId": 267,
  "faqType": "Messaging and Email",
  "useful": 3,
  "unUseful": 9,
  "languageId": 1,
  "languageName": "en",
  "faqCode": "7581",
  "faqTypeCode": "Handsets-SMS-Email",
  "isTop": "0",
  "moduleCode": "faq",
  "productId": null,
  "productCode": null,
  "postDate": 1411895009000,
  "seriesProductName": "Holly-U19",
  "visitedTimes": 419,
  "isUsefulFlag": null,
  "score": 0,
  "times": 0,
  "imageList": null,
  "displayType": "text",
  "justView": "0",
  "fileName": null,
  "filePath": null,
  "imagePath": null,
  "imageName": null,
  "productIdList": null,
  "curPage": null,
  "pageSize": null,
  "siteCode": null,
  "statusFlag": "Publish",
  "returnCode": 0,
  "totalRows": null,
  "keywords": null,
  "avgScore": 0.0,
  "createDate": null,
  "totalPages": null
}