{
  "type": null,
  "faqId": 15325,
  "title": "Hol-U19:How to customize the ring tone?",
  "answer": "1.MenuàSettings àNotifications àSound\r\n\r\n![](http://consumer.huawei.com/support/servlet/imageServlet?dlType=SupportImage&imagePath=/20140928170751634001.png)",
  "faqTypeId": 265,
  "faqType": "System Features and Settings",
  "useful": 8,
  "unUseful": 4,
  "languageId": 1,
  "languageName": "en",
  "faqCode": "7584",
  "faqTypeCode": "Handsets-System-Settings",
  "isTop": "0",
  "moduleCode": "faq",
  "productId": null,
  "productCode": null,
  "postDate": 1411895194000,
  "seriesProductName": "Holly-U19",
  "visitedTimes": 521,
  "isUsefulFlag": null,
  "score": 0,
  "times": 0,
  "imageList": null,
  "displayType": "text",
  "justView": "0",
  "fileName": null,
  "filePath": null,
  "imagePath": null,
  "imageName": null,
  "productIdList": null,
  "curPage": null,
  "pageSize": null,
  "siteCode": null,
  "statusFlag": "Publish",
  "returnCode": 0,
  "totalRows": null,
  "keywords": null,
  "avgScore": 0.0,
  "createDate": null,
  "totalPages": null
}