{
  "type": null,
  "faqId": 15501,
  "title": "What can I do if my Y536A1 phone runs out of power quickly?",
  "answer": "l   Turn on power saving mode. Go to **Settings**, touch **Power saving**, and select a power saving mode or close power-intensive applications.\r\n\r\n![](http://consumer.huawei.com/support/servlet/imageServlet?dlType=SupportImage&imagePath=/20141021064742362001.png)![](http://consumer.huawei.com/support/servlet/imageServlet?dlType=SupportImage&imagePath=/20141021064743901002.png)\r\n\r\nl   Turn off the screen when you aren't using your phone.\r\n\r\nl   Reduce the screen timeout period. \r\n\r\nl   Reduce the screen brightness.\r\n\r\nl   Reduce the volume.\r\n\r\n<font face=\"Tahoma\"> l   Turn off your mobile network, Bluetooth, Wi-Fi, or GPS from the notification panel when you aren't using them </font>",
  "faqTypeId": null,
  "faqType": null,
  "useful": 0,
  "unUseful": 2,
  "languageId": 1,
  "languageName": "en",
  "faqCode": "7861",
  "faqTypeCode": null,
  "isTop": "0",
  "moduleCode": "faq",
  "productId": null,
  "productCode": null,
  "postDate": 1413845379000,
  "seriesProductName": "Y536-A1",
  "visitedTimes": 30,
  "isUsefulFlag": null,
  "score": 0,
  "times": 0,
  "imageList": null,
  "displayType": "text",
  "justView": "0",
  "fileName": null,
  "filePath": null,
  "imagePath": null,
  "imageName": null,
  "productIdList": null,
  "curPage": null,
  "pageSize": null,
  "siteCode": null,
  "statusFlag": "Publish",
  "returnCode": 0,
  "totalRows": null,
  "keywords": "Y536A1,power",
  "avgScore": 0.0,
  "createDate": null,
  "totalPages": null
}