{
  "type": null,
  "faqId": 15521,
  "title": "What can I do if my Y336-A1 phone runs slowly?",
  "answer": "You can use the following methods to clear up your phone memory: \r\n\r\nl   Close applications not in use. \r\n\r\nGo to the **Settings** screen, and touch **Manage apps**. Under **Running**, select the application you want to close, touch **Stop**, and follow the onscreen instructions to close the application. \r\n\r\n**Figure 1-1 **\r\n\r\n![](http://consumer.huawei.com/support/servlet/imageServlet?dlType=SupportImage&imagePath=/20141021233754930001.jpg)\r\n\r\nl   Clear the application cache. \r\n\r\nGo to the **Settings** screen, and touch **Manage apps**. Under **All**, touch **Clear cache**. \r\n\r\n**Figure 1-2 **\r\n\r\n![](http://consumer.huawei.com/support/servlet/imageServlet?dlType=SupportImage&imagePath=/20141021233754457002.jpg)\r\n\r\nl   Clear the browser cache and history. \r\n\r\nGo to the **Browser** screen, and touch [ion] > **Settings** > **Privacy & security**. Then touch **Clear cache** and **Clear history**. \r\n\r\n**Figure 1-3 **\r\n\r\n![](http://consumer.huawei.com/support/servlet/imageServlet?dlType=SupportImage&imagePath=/20141021233755448003.jpg)\r\n\r\nl   Restart your phone.\r\n\r\nIf the problem persists, back up important data and restore your phone to its factory settings. \r\n\n                                 Note: The figures are for\nyour reference only. The actual screens may vary.",
  "faqTypeId": null,
  "faqType": null,
  "useful": 0,
  "unUseful": 0,
  "languageId": 1,
  "languageName": "en",
  "faqCode": "7881",
  "faqTypeCode": null,
  "isTop": "0",
  "moduleCode": "faq",
  "productId": null,
  "productCode": null,
  "postDate": 1413905902000,
  "seriesProductName": "Y336-A1",
  "visitedTimes": 37,
  "isUsefulFlag": null,
  "score": 0,
  "times": 0,
  "imageList": null,
  "displayType": "text",
  "justView": "0",
  "fileName": null,
  "filePath": null,
  "imagePath": null,
  "imageName": null,
  "productIdList": null,
  "curPage": null,
  "pageSize": null,
  "siteCode": null,
  "statusFlag": "Publish",
  "returnCode": 0,
  "totalRows": null,
  "keywords": "Y336-A1,runs slowly",
  "avgScore": 0.0,
  "createDate": null,
  "totalPages": null
}