{"type":null,"faqId":15541,"title":"What data will be erased if I restore my Y336-A1 phone to its factory settings?","answer":"Restoringyour phone to its factory settings erases all your personal data from the phonestorage, including your email accounts, system and application settings, andinstalled applications.","faqTypeId":null,"faqType":null,"useful":2,"unUseful":4,"languageId":1,"languageName":"en","faqCode":"7901","faqTypeCode":null,"isTop":"0","moduleCode":"faq","productId":null,"productCode":null,"postDate":1413906127000,"seriesProductName":"Y336-A1","visitedTimes":53,"isUsefulFlag":null,"score":0,"times":0,"imageList":null,"displayType":"text","justView":"0","fileName":null,"filePath":null,"imagePath":null,"imageName":null,"productIdList":null,"curPage":null,"pageSize":null,"siteCode":null,"statusFlag":"Publish","returnCode":0,"totalRows":null,"keywords":"Y336-A1,data erase,factory settings","avgScore":0.0,"createDate":null,"totalPages":null}