{
  "type": null,
  "faqId": 15542,
  "title": "What can I do if I can't access the Internet after my Y336-A1 data service is turned on?",
  "answer": "l   Make sure your SIM card is properly inserted. For details, see the Quick Start Guide that comes with your phone. \r\n\r\nl   Make sure your phone supports the SIM card mode. For details, contact your SIM card vendor. \r\n\r\nl   Make sure you have subscribed to a data plan for your SIM card. For details, contact your service provider. \r\n\r\nl   Make sure your SIM card has sufficient balance. Your service provider may stop providing Internet access to SIM cards that have a negative balance. \r\n\r\nl   Go to the **Settings** screen, and touch **More...** > **Data usage** to check whether you have set a limit for data usage. If so, you will not be able to use data services when the limit is met. Remove the limit or set a larger value. \r\n\r\n**Figure 1-1 **\r\n\r\n![](http://consumer.huawei.com/support/servlet/imageServlet?dlType=SupportImage&imagePath=/20141021234441659001.jpg)\r\n\r\nl   Restore the APN settings to their default values. \r\n\r\nGo to the **Settings** screen, touch **Mobile networks** > **Access Point Names**, touch ![](http://consumer.huawei.com/support/servlet/imageServlet?dlType=SupportImage&imagePath=/20141021234441909002.gif) > **Reset to default**, and then try again. \r\n\r\n**Figure 1-2 **\r\n\r\n![](http://consumer.huawei.com/support/servlet/imageServlet?dlType=SupportImage&imagePath=/20141021234441704003.jpg)\r\n\n                                      Note: The figures are for\nyour reference only. The actual screens may vary.",
  "faqTypeId": null,
  "faqType": null,
  "useful": 1,
  "unUseful": 0,
  "languageId": 1,
  "languageName": "en",
  "faqCode": "7882",
  "faqTypeCode": null,
  "isTop": "0",
  "moduleCode": "faq",
  "productId": null,
  "productCode": null,
  "postDate": 1413906309000,
  "seriesProductName": "Y336-A1",
  "visitedTimes": 56,
  "isUsefulFlag": null,
  "score": 0,
  "times": 0,
  "imageList": null,
  "displayType": "text",
  "justView": "0",
  "fileName": null,
  "filePath": null,
  "imagePath": null,
  "imageName": null,
  "productIdList": null,
  "curPage": null,
  "pageSize": null,
  "siteCode": null,
  "statusFlag": "Publish",
  "returnCode": 0,
  "totalRows": null,
  "keywords": "Y336-A1,internet,data service",
  "avgScore": 0.0,
  "createDate": null,
  "totalPages": null
}