{
  "type": null,
  "faqId": 15567,
  "title": "What can I do if the Y536A1 phone switch shortcuts are hidden?",
  "answer": "Go to **Settings**, touch **Notification panel**, and select the **Notification settings** check box.\r\n\r\n![](http://consumer.huawei.com/support/servlet/imageServlet?dlType=SupportImage&imagePath=/20141023050421340001.png)\r\n\r\n![](http://consumer.huawei.com/support/servlet/imageServlet?dlType=SupportImage&imagePath=/20141023050421790002.png)\r\n\n                                       The figures are for your\nreference only. The actual screens may vary.",
  "faqTypeId": null,
  "faqType": null,
  "useful": 0,
  "unUseful": 0,
  "languageId": 1,
  "languageName": "en",
  "faqCode": "7985",
  "faqTypeCode": null,
  "isTop": "0",
  "moduleCode": "faq",
  "productId": null,
  "productCode": null,
  "postDate": 1414011884000,
  "seriesProductName": "Y536-A1",
  "visitedTimes": 32,
  "isUsefulFlag": null,
  "score": 0,
  "times": 0,
  "imageList": null,
  "displayType": "text",
  "justView": "0",
  "fileName": null,
  "filePath": null,
  "imagePath": null,
  "imageName": null,
  "productIdList": null,
  "curPage": null,
  "pageSize": null,
  "siteCode": null,
  "statusFlag": "Publish",
  "returnCode": 0,
  "totalRows": null,
  "keywords": "Y536A1,switch shortcut",
  "avgScore": 0.0,
  "createDate": null,
  "totalPages": null
}