{
  "type": null,
  "faqId": 15566,
  "title": "What can I do if the Y536A1 phone screen does not rotate automatically?",
  "answer": "l   Turn on the auto-rotate screen function.\r\n\r\nOpen the notification panel and touch ![](http://consumer.huawei.com/support/servlet/imageServlet?dlType=SupportImage&imagePath=/20141023045806700001.png) to turn on the auto-rotate screen function. \r\n\r\nl   If this happens when you are using a third-party application, check whether the application is tilt sensor-based. \r\n\r\n                                    l   Your phone's tilt sensor may fail to work if certain system files are deleted. Back up \r\n\r\n                                        important data and restore your phone to its factory settings or update your phone.",
  "faqTypeId": null,
  "faqType": null,
  "useful": 0,
  "unUseful": 0,
  "languageId": 1,
  "languageName": "en",
  "faqCode": "7965",
  "faqTypeCode": null,
  "isTop": "0",
  "moduleCode": "faq",
  "productId": null,
  "productCode": null,
  "postDate": 1414011543000,
  "seriesProductName": "Y536-A1",
  "visitedTimes": 15,
  "isUsefulFlag": null,
  "score": 0,
  "times": 0,
  "imageList": null,
  "displayType": "text",
  "justView": "0",
  "fileName": null,
  "filePath": null,
  "imagePath": null,
  "imageName": null,
  "productIdList": null,
  "curPage": null,
  "pageSize": null,
  "siteCode": null,
  "statusFlag": "Publish",
  "returnCode": 0,
  "totalRows": null,
  "keywords": "Y536A1,screen,rotate",
  "avgScore": 0.0,
  "createDate": null,
  "totalPages": null
}