{
  "type": null,
  "faqId": 15568,
  "title": "What can I do if I forget the Y536A1 phone screen unlock password or pattern?",
  "answer": "You can solve this problem by factory resetting your phone.\r\n\r\n![](http://consumer.huawei.com/support/servlet/imageServlet?dlType=SupportImage&imagePath=/20141023050841708001.png)\r\n\r\nFactory resetting your phone erases all user data from your phone. \r\n\r\n1.         Press and hold **Volume Up** and **Power** button at the same time until the Android screen shows. \r\n\r\n2.         Use **Volume Down** button to scroll down to “**wipe data/factory reset**”. \r\n\r\n3.         Press **Power** button. \r\n\r\n4.         Use **Volume Down** button to scroll down to “**Yes—delete all user data**”. Then press **Power** button.\r\n\r\n5.         After wiping data is completed, “**reboot system now**” will be highlighted.\r\n\r\n6.         Press **Power** button to finish the factory resetting. \r\n\n                                 Your phone will be restored\nto its factory settings.",
  "faqTypeId": null,
  "faqType": null,
  "useful": 4,
  "unUseful": 1,
  "languageId": 1,
  "languageName": "en",
  "faqCode": "7967",
  "faqTypeCode": null,
  "isTop": "0",
  "moduleCode": "faq",
  "productId": null,
  "productCode": null,
  "postDate": 1414012131000,
  "seriesProductName": "Y536-A1",
  "visitedTimes": 176,
  "isUsefulFlag": null,
  "score": 0,
  "times": 0,
  "imageList": null,
  "displayType": "text",
  "justView": "0",
  "fileName": null,
  "filePath": null,
  "imagePath": null,
  "imageName": null,
  "productIdList": null,
  "curPage": null,
  "pageSize": null,
  "siteCode": null,
  "statusFlag": "Publish",
  "returnCode": 0,
  "totalRows": null,
  "keywords": "Y536A1,screen unlock,pattern lock",
  "avgScore": 0.0,
  "createDate": null,
  "totalPages": null
}