{
  "type": null,
  "faqId": 15565,
  "title": "Why does the Y536A1 phone screen automatically turn off?",
  "answer": "l   If this happens during a call: \r\n\r\nThis is normal. When your ear or other object triggers the proximity sensor, the screen automatically turns off to prevent misoperations. The screen turns back on when the object blocking the proximity sensor is moved away. \r\n\r\nDo not block the area around the earpiece with the phone cover or other objects. \r\n\r\nl   If this happens when a third-party application is running: \r\n\r\nThe application may not be compatible with your phone. Uninstall the application in question. If the problem persists, back up important data and restore your phone to its factory settings.\r\n\r\nl   If this happens when you are running multiple applications simultaneously: \r\n\r\nl   Close background applications not in use. Go to the **Phone Manager** screen, touch **Phone accelerator**, and touch an application then **CLOSE** to close it.\r\n\r\n![](http://consumer.huawei.com/support/servlet/imageServlet?dlType=SupportImage&imagePath=/20141023045534740001.png)\r\n\r\n![](http://consumer.huawei.com/support/servlet/imageServlet?dlType=SupportImage&imagePath=/20141023045534824002.png)\r\n\n                                       The figures are for your\nreference only. The actual screens may vary.",
  "faqTypeId": null,
  "faqType": null,
  "useful": 0,
  "unUseful": 0,
  "languageId": 1,
  "languageName": "en",
  "faqCode": "7964",
  "faqTypeCode": null,
  "isTop": "0",
  "moduleCode": "faq",
  "productId": null,
  "productCode": null,
  "postDate": 1414011360000,
  "seriesProductName": "Y536-A1",
  "visitedTimes": 35,
  "isUsefulFlag": null,
  "score": 0,
  "times": 0,
  "imageList": null,
  "displayType": "text",
  "justView": "0",
  "fileName": null,
  "filePath": null,
  "imagePath": null,
  "imageName": null,
  "productIdList": null,
  "curPage": null,
  "pageSize": null,
  "siteCode": null,
  "statusFlag": "Publish",
  "returnCode": 0,
  "totalRows": null,
  "keywords": "Y536A1,screen,turn off",
  "avgScore": 0.0,
  "createDate": null,
  "totalPages": null
}