{
  "type": null,
  "faqId": 15564,
  "title": "What can I do if my Y536A1 phone fails to be charged?",
  "answer": "l   If the battery power is completely used up:  \r\n Connect your phone to the charger and wait for 5 minutes. \r\n\r\nl   If the battery power is not completely used up:  \r\n Use the original charger provided with your phone. If the charging failure occurs when you use the original charger, replace the USB cable or power socket, or restart your phone.\r\n\r\nl   If your phone is overheating:\r\n\r\nYour phone adopts an over temperature protection design that disables charging if your phone is overheating. \r\n\r\nDo not play games, watch videos, or use other power-intensive applications while charging. \r\n\r\n> \r\n\r\n> \r\n\r\n> > >\r\n> > >  If the problem persists, contact Huawei technical support or take your phone to an authorized Huawei service center.\r\n> > >",
  "faqTypeId": null,
  "faqType": null,
  "useful": 2,
  "unUseful": 1,
  "languageId": 1,
  "languageName": "en",
  "faqCode": "7963",
  "faqTypeCode": null,
  "isTop": "0",
  "moduleCode": "faq",
  "productId": null,
  "productCode": null,
  "postDate": 1414011174000,
  "seriesProductName": "Y536-A1",
  "visitedTimes": 38,
  "isUsefulFlag": null,
  "score": 0,
  "times": 0,
  "imageList": null,
  "displayType": "text",
  "justView": "0",
  "fileName": null,
  "filePath": null,
  "imagePath": null,
  "imageName": null,
  "productIdList": null,
  "curPage": null,
  "pageSize": null,
  "siteCode": null,
  "statusFlag": "Publish",
  "returnCode": 0,
  "totalRows": null,
  "keywords": "Y536A1,charge",
  "avgScore": 0.0,
  "createDate": null,
  "totalPages": null
}