{
  "type": null,
  "faqId": 15563,
  "title": "How do I tell that my Y536A1 phone is fully charged?",
  "answer": "l   If you are charging your phone when it is powered on, press the power button to turn on the screen. If the battery icon on the status bar becomes ![](http://consumer.huawei.com/support/servlet/imageServlet?dlType=SupportImage&imagePath=/20141023044910876001.png), or **Charged** is displayed on the lock screen, your phone is fully charged. \r\n\r\nl   If you are charging your phone when it is powered off, press the power button to turn on the screen. If the charging indicator becomes 100%, your phone is fully charged.",
  "faqTypeId": null,
  "faqType": null,
  "useful": 2,
  "unUseful": 1,
  "languageId": 1,
  "languageName": "en",
  "faqCode": "7983",
  "faqTypeCode": null,
  "isTop": "0",
  "moduleCode": "faq",
  "productId": null,
  "productCode": null,
  "postDate": 1414010977000,
  "seriesProductName": "Y536-A1",
  "visitedTimes": 26,
  "isUsefulFlag": null,
  "score": 0,
  "times": 0,
  "imageList": null,
  "displayType": "text",
  "justView": "0",
  "fileName": null,
  "filePath": null,
  "imagePath": null,
  "imageName": null,
  "productIdList": null,
  "curPage": null,
  "pageSize": null,
  "siteCode": null,
  "statusFlag": "Publish",
  "returnCode": 0,
  "totalRows": null,
  "keywords": "Y536-A1,charge",
  "avgScore": 0.0,
  "createDate": null,
  "totalPages": null
}