{
  "type": null,
  "faqId": 15583,
  "title": "Will my Y536A1 phone become permanently locked if I have drawn an incorrect unlock pattern for a number of consecutive times?",
  "answer": "No. When you incorrectly draw the unlock pattern for fiveconsecutive times, your phone will display the message \"You haveincorrectly drawn your unlock pattern 5 times. Try again in 30 seconds.\"You can unlock your phone using the unlock password.",
  "faqTypeId": null,
  "faqType": null,
  "useful": 5,
  "unUseful": 2,
  "languageId": 1,
  "languageName": "en",
  "faqCode": "7968",
  "faqTypeCode": null,
  "isTop": "0",
  "moduleCode": "faq",
  "productId": null,
  "productCode": null,
  "postDate": 1414012248000,
  "seriesProductName": "Y536-A1",
  "visitedTimes": 134,
  "isUsefulFlag": null,
  "score": 0,
  "times": 0,
  "imageList": null,
  "displayType": "text",
  "justView": "0",
  "fileName": null,
  "filePath": null,
  "imagePath": null,
  "imageName": null,
  "productIdList": null,
  "curPage": null,
  "pageSize": null,
  "siteCode": null,
  "statusFlag": "Publish",
  "returnCode": 0,
  "totalRows": null,
  "keywords": "Y536A1,lock,unlock,pattern",
  "avgScore": 0.0,
  "createDate": null,
  "totalPages": null
}