{
  "type": null,
  "faqId": 15582,
  "title": "How can I change the Y536A1 phone system font size?",
  "answer": "Go to the **Settings** screen, and touch **Display** > **Font size**. Choose a font size from the displayed option menu.\r\n\r\n![](http://consumer.huawei.com/support/servlet/imageServlet?dlType=SupportImage&imagePath=/20141023050631760001.png)\r\n\r\n![](http://consumer.huawei.com/support/servlet/imageServlet?dlType=SupportImage&imagePath=/20141023050632292002.png)\r\n\n                                       The figures are for your\nreference only. The actual screens may vary.",
  "faqTypeId": null,
  "faqType": null,
  "useful": 0,
  "unUseful": 0,
  "languageId": 1,
  "languageName": "en",
  "faqCode": "7966",
  "faqTypeCode": null,
  "isTop": "0",
  "moduleCode": "faq",
  "productId": null,
  "productCode": null,
  "postDate": 1414012004000,
  "seriesProductName": "Y536-A1",
  "visitedTimes": 25,
  "isUsefulFlag": null,
  "score": 0,
  "times": 0,
  "imageList": null,
  "displayType": "text",
  "justView": "0",
  "fileName": null,
  "filePath": null,
  "imagePath": null,
  "imageName": null,
  "productIdList": null,
  "curPage": null,
  "pageSize": null,
  "siteCode": null,
  "statusFlag": "Publish",
  "returnCode": 0,
  "totalRows": null,
  "keywords": "Y536A1,font size",
  "avgScore": 0.0,
  "createDate": null,
  "totalPages": null
}