{
  "type": null,
  "faqId": 15581,
  "title": "How can I set the Y536A1 phone status bar not to display the remaining battery percentage?",
  "answer": "Go to **Settings**, touch **Battery**, and clear the **Remaining battery percentage** check box.\r\n\r\n![](http://consumer.huawei.com/support/servlet/imageServlet?dlType=SupportImage&imagePath=/20141023050140983001.png)\r\n\r\n![](http://consumer.huawei.com/support/servlet/imageServlet?dlType=SupportImage&imagePath=/20141023050140936002.png)\r\n\n                                       The figures are for your\nreference only. The actual screens may vary.",
  "faqTypeId": null,
  "faqType": null,
  "useful": 0,
  "unUseful": 0,
  "languageId": 1,
  "languageName": "en",
  "faqCode": "7984",
  "faqTypeCode": null,
  "isTop": "0",
  "moduleCode": "faq",
  "productId": null,
  "productCode": null,
  "postDate": 1414011721000,
  "seriesProductName": "Y536-A1",
  "visitedTimes": 18,
  "isUsefulFlag": null,
  "score": 0,
  "times": 0,
  "imageList": null,
  "displayType": "text",
  "justView": "0",
  "fileName": null,
  "filePath": null,
  "imagePath": null,
  "imageName": null,
  "productIdList": null,
  "curPage": null,
  "pageSize": null,
  "siteCode": null,
  "statusFlag": "Publish",
  "returnCode": 0,
  "totalRows": null,
  "keywords": "Y536A1,status bar,remaining battery percentage",
  "avgScore": 0.0,
  "createDate": null,
  "totalPages": null
}