{
  "type": null,
  "faqId": 15623,
  "title": "What can I do if my Y536A1 phone automatically powers off or restarts?",
  "answer": "l   The battery may not be properly connected to your phone.\r\n\r\nRemove the battery, use cotton dipped in alcohol to wipe the contacts on the battery and phone, reinstall the battery, and power on your phone again. \r\n\r\nl   Press and hold the power button, and choose **Restart** from the displayed option menu. \r\n\r\nIf no option menu is displayed, reinstall the battery and try again. \r\n\r\nl   Some third-party applications may not be compatible with your phone. \r\n\r\nBack up important data and restore your phone to its factory settings.  \r\n\r\nIf the problem persists, contact Huawei technical support or take your phone to an authorized Huawei service center.",
  "faqTypeId": null,
  "faqType": null,
  "useful": 3,
  "unUseful": 4,
  "languageId": 1,
  "languageName": "en",
  "faqCode": "8043",
  "faqTypeCode": null,
  "isTop": "0",
  "moduleCode": "faq",
  "productId": null,
  "productCode": null,
  "postDate": 1414080370000,
  "seriesProductName": "Y536-A1",
  "visitedTimes": 54,
  "isUsefulFlag": null,
  "score": 0,
  "times": 0,
  "imageList": null,
  "displayType": "text",
  "justView": "0",
  "fileName": null,
  "filePath": null,
  "imagePath": null,
  "imageName": null,
  "productIdList": null,
  "curPage": null,
  "pageSize": null,
  "siteCode": null,
  "statusFlag": "Publish",
  "returnCode": 0,
  "totalRows": null,
  "keywords": "Y536A1,power off automatically,restart",
  "avgScore": 0.0,
  "createDate": null,
  "totalPages": null
}