{
  "type": null,
  "faqId": 15622,
  "title": "What can I do if my Y536A1 phone breaks down?",
  "answer": "l   Press and hold the power button, and choose **Restart** from the displayed option menu. \r\n\r\nIf no option menu is displayed, reinstall the battery and try again. \r\n\r\nl   If your phone breaks down when you are using a third-party application, the application may not be compatible with your phone. \r\n\r\nRestart your phone and uninstall the application. \r\n\r\nl   If the problem persists, back up important data and restore your phone to its factory settings.  \r\n\r\nIf the problem persists, contact Huawei technical support or take your phone to an authorized Huawei service center.",
  "faqTypeId": null,
  "faqType": null,
  "useful": 1,
  "unUseful": 3,
  "languageId": 1,
  "languageName": "en",
  "faqCode": "8042",
  "faqTypeCode": null,
  "isTop": "0",
  "moduleCode": "faq",
  "productId": null,
  "productCode": null,
  "postDate": 1414080272000,
  "seriesProductName": "Y536-A1",
  "visitedTimes": 91,
  "isUsefulFlag": null,
  "score": 0,
  "times": 0,
  "imageList": null,
  "displayType": "text",
  "justView": "0",
  "fileName": null,
  "filePath": null,
  "imagePath": null,
  "imageName": null,
  "productIdList": null,
  "curPage": null,
  "pageSize": null,
  "siteCode": null,
  "statusFlag": "Publish",
  "returnCode": 0,
  "totalRows": null,
  "keywords": "Y536A1,break down",
  "avgScore": 0.0,
  "createDate": null,
  "totalPages": null
}