{
  "type": null,
  "faqId": 15625,
  "title": "What can I do if my Y536A1 phone runs slowly?",
  "answer": "l   On the **Phone Manager** screen, touch **Scan**, and follow the onscreen instructions to optimize your phone.\r\n\r\n![](http://consumer.huawei.com/support/servlet/imageServlet?dlType=SupportImage&imagePath=/20141024001124590001.png)\r\n\r\nl   On the **Phone Manager** screen, touch **Phone accelerator**, and follow the onscreen instructions to close applications not in use.\r\n\r\n![](http://consumer.huawei.com/support/servlet/imageServlet?dlType=SupportImage&imagePath=/20141024001125950002.png)\r\n\r\nl   On the **Phone Manager** screen, touch **Storage cleaner** > **Smart scan**, and follow the onscreen instructions to clean your phone storage.\r\n\r\n![](http://consumer.huawei.com/support/servlet/imageServlet?dlType=SupportImage&imagePath=/20141024001126544003.png)\r\n\r\nl   Restart your phone.\r\n\r\nIf the problem persists, back up important data and restore your phone to its factory settings.\r\n\r\n![](http://consumer.huawei.com/support/servlet/imageServlet?dlType=SupportImage&imagePath=/20141024001126887004.png)\r\n\n                                       The figures are for your\nreference only. The actual screens may vary.",
  "faqTypeId": null,
  "faqType": null,
  "useful": 0,
  "unUseful": 0,
  "languageId": 1,
  "languageName": "en",
  "faqCode": "8045",
  "faqTypeCode": null,
  "isTop": "0",
  "moduleCode": "faq",
  "productId": null,
  "productCode": null,
  "postDate": 1414080702000,
  "seriesProductName": "Y536-A1",
  "visitedTimes": 51,
  "isUsefulFlag": null,
  "score": 0,
  "times": 0,
  "imageList": null,
  "displayType": "text",
  "justView": "0",
  "fileName": null,
  "filePath": null,
  "imagePath": null,
  "imageName": null,
  "productIdList": null,
  "curPage": null,
  "pageSize": null,
  "siteCode": null,
  "statusFlag": "Publish",
  "returnCode": 0,
  "totalRows": null,
  "keywords": "Y536A1,slow",
  "avgScore": 0.0,
  "createDate": null,
  "totalPages": null
}