{
  "type": null,
  "faqId": 15621,
  "title": "What can I do if myY536A1 phone can't properly power on?",
  "answer": "l   If you are using the phone for the first time:\r\n\r\nCharge your phone for about half an hour before powering it on. \r\n\r\nWhen your phone powers on for the first time, the system needs to be initialized, which may take a while. Please wait patiently. \r\n\r\nl   If you just restored your phone to its factory settings or updated it: \r\n\r\nPlease wait patiently because the system needs to be initialized, which may take a while. \r\n\r\nIf the screen freezes, reinstall the battery and try again.\r\n\r\nl   If your phone powers off during normal use and can't power on again:\r\n\r\nThe battery level may be too low. Charge your phone for a while and try again. \r\n\r\nIf the problem persists, contact Huawei technical support or take your phone to an authorized Huawei service center.",
  "faqTypeId": null,
  "faqType": null,
  "useful": 2,
  "unUseful": 0,
  "languageId": 1,
  "languageName": "en",
  "faqCode": "8041",
  "faqTypeCode": null,
  "isTop": "0",
  "moduleCode": "faq",
  "productId": null,
  "productCode": null,
  "postDate": 1414080177000,
  "seriesProductName": "Y536-A1",
  "visitedTimes": 73,
  "isUsefulFlag": null,
  "score": 0,
  "times": 0,
  "imageList": null,
  "displayType": "text",
  "justView": "0",
  "fileName": null,
  "filePath": null,
  "imagePath": null,
  "imageName": null,
  "productIdList": null,
  "curPage": null,
  "pageSize": null,
  "siteCode": null,
  "statusFlag": "Publish",
  "returnCode": 0,
  "totalRows": null,
  "keywords": "Y536A1,power on",
  "avgScore": 0.0,
  "createDate": null,
  "totalPages": null
}