{
  "type": null,
  "faqId": 15624,
  "title": "What can I do if there is no network service after the Y536A1 phone has been powered up?",
  "answer": "1.         Check whether the SIM card is properly placed in your phone.\r\n\r\nRemove the rear cover away to check whether the SIM card is properly seated in the SIM card slot. If not, remove the battery, and then install the SIM card properly.\r\n\r\n2.         Check whether airplane mode is on.\r\n\r\nIf airplane mode is on, an airplane icon will be shown in the status bar in the upper right corner of your phone. Press and hold the power button, and touch **Airplane mode** to toggle it off.\r\n\r\n3.         Restart the phone and check again. \r\n\r\nPress and hold the power button, and choose **Restart** from the displayed option menu. Check again whether network service is available this time after your phone is powered back on.\r\n\r\n                                 4.      Make sure the network service is good on the spot. If not, move your phone to \r\n\r\n                                         another place and check again.",
  "faqTypeId": null,
  "faqType": null,
  "useful": 1,
  "unUseful": 6,
  "languageId": 1,
  "languageName": "en",
  "faqCode": "8044",
  "faqTypeCode": null,
  "isTop": "0",
  "moduleCode": "faq",
  "productId": null,
  "productCode": null,
  "postDate": 1414080555000,
  "seriesProductName": "Y536-A1",
  "visitedTimes": 96,
  "isUsefulFlag": null,
  "score": 0,
  "times": 0,
  "imageList": null,
  "displayType": "text",
  "justView": "0",
  "fileName": null,
  "filePath": null,
  "imagePath": null,
  "imageName": null,
  "productIdList": null,
  "curPage": null,
  "pageSize": null,
  "siteCode": null,
  "statusFlag": "Publish",
  "returnCode": 0,
  "totalRows": null,
  "keywords": "Y536A1,no network service",
  "avgScore": 0.0,
  "createDate": null,
  "totalPages": null
}