{
  "type": null,
  "faqId": 15641,
  "title": "How does my Y536A1 phone exit safe mode?",
  "answer": "To exit safe mode, restart your phone.   \r\n\nYour phone enters safe mode if you press and hold the volumedown key until the phone powers on during its startup.",
  "faqTypeId": null,
  "faqType": null,
  "useful": 2,
  "unUseful": 3,
  "languageId": 1,
  "languageName": "en",
  "faqCode": "8046",
  "faqTypeCode": null,
  "isTop": "0",
  "moduleCode": "faq",
  "productId": null,
  "productCode": null,
  "postDate": 1414080808000,
  "seriesProductName": "Y536-A1",
  "visitedTimes": 97,
  "isUsefulFlag": null,
  "score": 0,
  "times": 0,
  "imageList": null,
  "displayType": "text",
  "justView": "0",
  "fileName": null,
  "filePath": null,
  "imagePath": null,
  "imageName": null,
  "productIdList": null,
  "curPage": null,
  "pageSize": null,
  "siteCode": null,
  "statusFlag": "Publish",
  "returnCode": 0,
  "totalRows": null,
  "keywords": "Y536A1,safe mode",
  "avgScore": 0.0,
  "createDate": null,
  "totalPages": null
}