{
  "type": null,
  "faqId": 15661,
  "title": "How do I disable Y536A1 TalkBack?",
  "answer": "TalkBack is a screen reader service on Android devices for blind and vision-impaired users. After you enable TalkBack, sliding requires two fingers, touching an item selects the item, and double-touching an item enables your phone to perform the corresponding operation. \r\n\r\n1.         Press the power button to turn on the screen. Slide on the screen using two fingers to unlock the screen.\r\n\r\n2.         Use two fingers to swipe from top to bottom to open the notification panel.\r\n\r\n3.         Touch and then double-touch ![](http://consumer.huawei.com/support/servlet/imageServlet?dlType=SupportImage&imagePath=/20141024001926726001.png).\r\n\r\n![](http://consumer.huawei.com/support/servlet/imageServlet?dlType=SupportImage&imagePath=/20141024001928470002.png)\r\n\r\n4.         On the **Settings** screen, touch and then double-touch **Accessibility**.\r\n\r\n![](http://consumer.huawei.com/support/servlet/imageServlet?dlType=SupportImage&imagePath=/20141024001928495003.png)\r\n\r\n5.         Touch and then double-touch **TalkBack**.\r\n\r\n![](http://consumer.huawei.com/support/servlet/imageServlet?dlType=SupportImage&imagePath=/20141024001929370004.png)\r\n\r\n6.         Touch and then double-touch the switch.\r\n\r\n7.         Touch and then double-touch **OK**.\r\n\r\n![](http://consumer.huawei.com/support/servlet/imageServlet?dlType=SupportImage&imagePath=/20141024001929447005.png)\r\n\r\n![](http://consumer.huawei.com/support/servlet/imageServlet?dlType=SupportImage&imagePath=/20141024001930516006.png)\r\n\n                                       The figures are for your reference only. The actual\nscreens may vary.",
  "faqTypeId": null,
  "faqType": null,
  "useful": 1,
  "unUseful": 0,
  "languageId": 1,
  "languageName": "en",
  "faqCode": "8081",
  "faqTypeCode": null,
  "isTop": "0",
  "moduleCode": "faq",
  "productId": null,
  "productCode": null,
  "postDate": 1414081182000,
  "seriesProductName": "Y536-A1",
  "visitedTimes": 68,
  "isUsefulFlag": null,
  "score": 0,
  "times": 0,
  "imageList": null,
  "displayType": "text",
  "justView": "0",
  "fileName": null,
  "filePath": null,
  "imagePath": null,
  "imageName": null,
  "productIdList": null,
  "curPage": null,
  "pageSize": null,
  "siteCode": null,
  "statusFlag": "Publish",
  "returnCode": 0,
  "totalRows": null,
  "keywords": "Y536A1,TalkBack",
  "avgScore": 0.0,
  "createDate": null,
  "totalPages": null
}