{
  "type": null,
  "faqId": 15662,
  "title": "What data will be erased if I restore my Y536A1 phone to its factory settings?",
  "answer": "Restoring your phone to the factory settings erases all yourpersonal data from the phone storage, including information about your email accounts,system and application settings, and installed applications.",
  "faqTypeId": null,
  "faqType": null,
  "useful": 3,
  "unUseful": 4,
  "languageId": 1,
  "languageName": "en",
  "faqCode": "8082",
  "faqTypeCode": null,
  "isTop": "0",
  "moduleCode": "faq",
  "productId": null,
  "productCode": null,
  "postDate": 1414081282000,
  "seriesProductName": "Y536-A1",
  "visitedTimes": 150,
  "isUsefulFlag": null,
  "score": 0,
  "times": 0,
  "imageList": null,
  "displayType": "text",
  "justView": "0",
  "fileName": null,
  "filePath": null,
  "imagePath": null,
  "imageName": null,
  "productIdList": null,
  "curPage": null,
  "pageSize": null,
  "siteCode": null,
  "statusFlag": "Publish",
  "returnCode": 0,
  "totalRows": null,
  "keywords": "Y536A1,factory settings,restore,erase",
  "avgScore": 0.0,
  "createDate": null,
  "totalPages": null
}