{
  "type": null,
  "faqId": 16321,
  "title": "Honor H30-U10 Smartphone FAQ",
  "answer": "Please download FAQ from:\r\n\r\n[http://consumer.huawei.com/nz/support/manuals/detail/index.htm?id=28122](http://consumer.huawei.com/nz/support/manuals/detail/index.htm?id=28122)\r\n\r\nThank you",
  "faqTypeId": null,
  "faqType": null,
  "useful": 15,
  "unUseful": 1,
  "languageId": 1,
  "languageName": "en",
  "faqCode": "8902",
  "faqTypeCode": null,
  "isTop": "0",
  "moduleCode": "faq",
  "productId": null,
  "productCode": null,
  "postDate": 1415851573000,
  "seriesProductName": "",
  "visitedTimes": 151,
  "isUsefulFlag": null,
  "score": 0,
  "times": 0,
  "imageList": null,
  "displayType": "text",
  "justView": "0",
  "fileName": null,
  "filePath": null,
  "imagePath": null,
  "imageName": null,
  "productIdList": null,
  "curPage": null,
  "pageSize": null,
  "siteCode": null,
  "statusFlag": "Publish",
  "returnCode": 0,
  "totalRows": null,
  "keywords": "FAQ",
  "avgScore": 0.0,
  "createDate": null,
  "totalPages": null
}