{
  "type": null,
  "faqId": 16323,
  "title": "Y320U FAQ（EN)_Oversean general version",
  "answer": "Please download from:\r\n\r\n[http://consumer.huawei.com/nz/support/manuals/detail/index.htm?id=25389](http://consumer.huawei.com/nz/support/manuals/detail/index.htm?id=25389)\r\n\r\nThank you",
  "faqTypeId": null,
  "faqType": null,
  "useful": 18,
  "unUseful": 5,
  "languageId": 1,
  "languageName": "en",
  "faqCode": "8922",
  "faqTypeCode": null,
  "isTop": "0",
  "moduleCode": "faq",
  "productId": null,
  "productCode": null,
  "postDate": 1415852178000,
  "seriesProductName": "Y320-U10",
  "visitedTimes": 308,
  "isUsefulFlag": null,
  "score": 0,
  "times": 0,
  "imageList": null,
  "displayType": "text",
  "justView": "0",
  "fileName": null,
  "filePath": null,
  "imagePath": null,
  "imageName": null,
  "productIdList": null,
  "curPage": null,
  "pageSize": null,
  "siteCode": null,
  "statusFlag": "Publish",
  "returnCode": 0,
  "totalRows": null,
  "keywords": "faq",
  "avgScore": 0.0,
  "createDate": null,
  "totalPages": null
}