{
  "type": null,
  "faqId": 16345,
  "title": "HUAWEI Y300 Smartphone FAQs V1.0",
  "answer": "Please download from:\r\n\r\n[http://consumer.huawei.com/nz/support/manuals/detail/index.htm?id=25388](http://consumer.huawei.com/nz/support/manuals/detail/index.htm?id=25388)\r\n\r\nThank you",
  "faqTypeId": null,
  "faqType": null,
  "useful": 6,
  "unUseful": 4,
  "languageId": 1,
  "languageName": "en",
  "faqCode": "8908",
  "faqTypeCode": null,
  "isTop": "0",
  "moduleCode": "faq",
  "productId": null,
  "productCode": null,
  "postDate": 1415852287000,
  "seriesProductName": "Y300-0151",
  "visitedTimes": 194,
  "isUsefulFlag": null,
  "score": 0,
  "times": 0,
  "imageList": null,
  "displayType": "text",
  "justView": "0",
  "fileName": null,
  "filePath": null,
  "imagePath": null,
  "imageName": null,
  "productIdList": null,
  "curPage": null,
  "pageSize": null,
  "siteCode": null,
  "statusFlag": "Publish",
  "returnCode": 0,
  "totalRows": null,
  "keywords": "faq",
  "avgScore": 0.0,
  "createDate": null,
  "totalPages": null
}