{
  "type": null,
  "faqId": 16344,
  "title": "HUAWEI_P6-U06_Smartphone_FAQs_V1.0",
  "answer": "Please download from:\r\n\r\n[http://consumer.huawei.com/nz/support/manuals/detail/index.htm?id=25366](http://consumer.huawei.com/nz/support/manuals/detail/index.htm?id=25366)\r\n\r\nThank you",
  "faqTypeId": null,
  "faqType": null,
  "useful": 5,
  "unUseful": 3,
  "languageId": 1,
  "languageName": "en",
  "faqCode": "8906",
  "faqTypeCode": null,
  "isTop": "0",
  "moduleCode": "faq",
  "productId": null,
  "productCode": null,
  "postDate": 1415852031000,
  "seriesProductName": "EDGE-U00",
  "visitedTimes": 115,
  "isUsefulFlag": null,
  "score": 0,
  "times": 0,
  "imageList": null,
  "displayType": "text",
  "justView": "0",
  "fileName": null,
  "filePath": null,
  "imagePath": null,
  "imageName": null,
  "productIdList": null,
  "curPage": null,
  "pageSize": null,
  "siteCode": null,
  "statusFlag": "Publish",
  "returnCode": 0,
  "totalRows": null,
  "keywords": "faq",
  "avgScore": 0.0,
  "createDate": null,
  "totalPages": null
}