{
  "type": null,
  "faqId": 16348,
  "title": "Huawei_Ascend_P2-6070_FAQ",
  "answer": "Please download from:\r\n\r\n[http://consumer.huawei.com/nz/support/manuals/detail/index.htm?id=25345](http://consumer.huawei.com/nz/support/manuals/detail/index.htm?id=25345)\r\n\r\nThank you",
  "faqTypeId": null,
  "faqType": null,
  "useful": 5,
  "unUseful": 2,
  "languageId": 1,
  "languageName": "en",
  "faqCode": "8911",
  "faqTypeCode": null,
  "isTop": "0",
  "moduleCode": "faq",
  "productId": null,
  "productCode": null,
  "postDate": 1415852680000,
  "seriesProductName": "P2-6070",
  "visitedTimes": 311,
  "isUsefulFlag": null,
  "score": 0,
  "times": 0,
  "imageList": null,
  "displayType": "text",
  "justView": "0",
  "fileName": null,
  "filePath": null,
  "imagePath": null,
  "imageName": null,
  "productIdList": null,
  "curPage": null,
  "pageSize": null,
  "siteCode": null,
  "statusFlag": "Publish",
  "returnCode": 0,
  "totalRows": null,
  "keywords": "faq",
  "avgScore": 0.0,
  "createDate": null,
  "totalPages": null
}