{
  "type": null,
  "faqId": 16347,
  "title": "HUAWEI_G630_Smart_Phone_FAQ",
  "answer": "Please download from:\r\n\r\n[http://consumer.huawei.com/nz/support/manuals/detail/index.htm?id=25345](http://consumer.huawei.com/nz/support/manuals/detail/index.htm?id=25345)\r\n\r\nThank you",
  "faqTypeId": null,
  "faqType": null,
  "useful": 43,
  "unUseful": 14,
  "languageId": 1,
  "languageName": "en",
  "faqCode": "8910",
  "faqTypeCode": null,
  "isTop": "0",
  "moduleCode": "faq",
  "productId": null,
  "productCode": null,
  "postDate": 1415852607000,
  "seriesProductName": "G630-U251",
  "visitedTimes": 575,
  "isUsefulFlag": null,
  "score": 0,
  "times": 0,
  "imageList": null,
  "displayType": "text",
  "justView": "0",
  "fileName": null,
  "filePath": null,
  "imagePath": null,
  "imageName": null,
  "productIdList": null,
  "curPage": null,
  "pageSize": null,
  "siteCode": null,
  "statusFlag": "Publish",
  "returnCode": 0,
  "totalRows": null,
  "keywords": "faq",
  "avgScore": 0.0,
  "createDate": null,
  "totalPages": null
}