{
  "type": null,
  "faqId": 16346,
  "title": "HUAWEI_Y330U_Smartphone_FAQs_V2.0",
  "answer": "Please download from:\r\n\r\n [http://consumer.huawei.com/nz/support/manuals/detail/index.htm?id=25386](http://consumer.huawei.com/nz/support/manuals/detail/index.htm?id=25386)\r\n\r\nThank you",
  "faqTypeId": null,
  "faqType": null,
  "useful": 14,
  "unUseful": 4,
  "languageId": 1,
  "languageName": "en",
  "faqCode": "8909",
  "faqTypeCode": null,
  "isTop": "0",
  "moduleCode": "faq",
  "productId": null,
  "productCode": null,
  "postDate": 1415852382000,
  "seriesProductName": "Y330-U07",
  "visitedTimes": 319,
  "isUsefulFlag": null,
  "score": 0,
  "times": 0,
  "imageList": null,
  "displayType": "text",
  "justView": "0",
  "fileName": null,
  "filePath": null,
  "imagePath": null,
  "imageName": null,
  "productIdList": null,
  "curPage": null,
  "pageSize": null,
  "siteCode": null,
  "statusFlag": "Publish",
  "returnCode": 0,
  "totalRows": null,
  "keywords": "faq",
  "avgScore": 0.0,
  "createDate": null,
  "totalPages": null
}