{
  "type": null,
  "faqId": 16341,
  "title": "HUAWEI_Ascend_P7_FAQ",
  "answer": "Please download from:\r\n\r\n[http://consumer.huawei.com/nz/support/manuals/detail/index.htm?id=28121](http://consumer.huawei.com/nz/support/manuals/detail/index.htm?id=28121)\r\n\r\nThank you",
  "faqTypeId": null,
  "faqType": null,
  "useful": 25,
  "unUseful": 12,
  "languageId": 1,
  "languageName": "en",
  "faqCode": "8903",
  "faqTypeCode": null,
  "isTop": "0",
  "moduleCode": "faq",
  "productId": null,
  "productCode": null,
  "postDate": 1415851680000,
  "seriesProductName": "Sophia-L10",
  "visitedTimes": 948,
  "isUsefulFlag": null,
  "score": 0,
  "times": 0,
  "imageList": null,
  "displayType": "text",
  "justView": "0",
  "fileName": null,
  "filePath": null,
  "imagePath": null,
  "imageName": null,
  "productIdList": null,
  "curPage": null,
  "pageSize": null,
  "siteCode": null,
  "statusFlag": "Publish",
  "returnCode": 0,
  "totalRows": null,
  "keywords": "FAQ",
  "avgScore": 0.0,
  "createDate": null,
  "totalPages": null
}