{
  "type": null,
  "faqId": 16342,
  "title": "HUAWEI_Ascend_G510_Smart_Phone_FAQ",
  "answer": "Please download from:\r\n\r\n[http://consumer.huawei.com/nz/support/manuals/detail/index.htm?id=25369](http://consumer.huawei.com/nz/support/manuals/detail/index.htm?id=25369)\r\n\r\nThank you",
  "faqTypeId": null,
  "faqType": null,
  "useful": 11,
  "unUseful": 2,
  "languageId": 1,
  "languageName": "en",
  "faqCode": "8904",
  "faqTypeCode": null,
  "isTop": "0",
  "moduleCode": "faq",
  "productId": null,
  "productCode": null,
  "postDate": 1415851764000,
  "seriesProductName": "G510-0100",
  "visitedTimes": 97,
  "isUsefulFlag": null,
  "score": 0,
  "times": 0,
  "imageList": null,
  "displayType": "text",
  "justView": "0",
  "fileName": null,
  "filePath": null,
  "imagePath": null,
  "imageName": null,
  "productIdList": null,
  "curPage": null,
  "pageSize": null,
  "siteCode": null,
  "statusFlag": "Publish",
  "returnCode": 0,
  "totalRows": null,
  "keywords": "faq",
  "avgScore": 0.0,
  "createDate": null,
  "totalPages": null
}