{
  "type": null,
  "faqId": 16368,
  "title": "Can I restore deleted messages?",
  "answer": "Unfortunately, you cannot restore deleted SMS/MMS on your phone.",
  "faqTypeId": null,
  "faqType": null,
  "useful": 3,
  "unUseful": 1,
  "languageId": 1,
  "languageName": "en",
  "faqCode": "9007",
  "faqTypeCode": null,
  "isTop": "0",
  "moduleCode": "faq",
  "productId": null,
  "productCode": null,
  "postDate": 1415939022000,
  "seriesProductName": "ALE-L52,CherryPlus-L12,G510-0200,G526-L22,G630-U251,G6-L22,G730-U27,G7-L02,GRA-L03,GRA-L09,Jazz-L09,Jazz-TL10,MT1-U06,P2-6070,RIO-L02,RIO-L12,Sophia-L10,Sophia-L11,Y300-0151,Y320-U10,Y330-U01,Y360-U03,Y511-U251,Y520-U03,Y520-U12,Y520-U33,Y530-U051,Y550-L02,Y600-U151,Y625-U43,Y635-L02",
  "visitedTimes": 373,
  "isUsefulFlag": null,
  "score": 0,
  "times": 0,
  "imageList": null,
  "displayType": "text",
  "justView": "0",
  "fileName": null,
  "filePath": null,
  "imagePath": null,
  "imageName": null,
  "productIdList": null,
  "curPage": null,
  "pageSize": null,
  "siteCode": null,
  "statusFlag": "Publish",
  "returnCode": 0,
  "totalRows": null,
  "keywords": null,
  "avgScore": 0.0,
  "createDate": null,
  "totalPages": null
}