{"type":null,"faqId":16364,"title":"What data will be erased if I restore my phone to its factory settings?","answer":"Restoring your phone to its factory settings erases all your personal data from the internal storage, including your email accounts, system and application settings and any installed applications.","faqTypeId":null,"faqType":null,"useful":20,"unUseful":2,"languageId":1,"languageName":"en","faqCode":"9002","faqTypeCode":null,"isTop":"1","moduleCode":"faq","productId":null,"productCode":null,"postDate":1415936986000,"seriesProductName":"CherryPlus-L12,G510-0200,G630-U251,G6-L22,G730-U27,G7-L02,GRA-L03,GRA-L09,Jazz-L09,Jazz-TL10,MT1-U06,Sophia-L10,Sophia-L11,Y320-U10,Y360-U03,Y511-U251,Y520-U03,Y520-U12,Y520-U33,Y530-U051,Y550-L02,Y600-U151,Y625-U43,Y635-L02","visitedTimes":492,"isUsefulFlag":null,"score":0,"times":0,"imageList":null,"displayType":"text","justView":"0","fileName":null,"filePath":null,"imagePath":null,"imageName":null,"productIdList":null,"curPage":null,"pageSize":null,"siteCode":null,"statusFlag":"Publish","returnCode":0,"totalRows":null,"keywords":"factory reset","avgScore":0.0,"createDate":null,"totalPages":null}