{
  "type": null,
  "faqId": 16365,
  "title": "What can I do if my Wi-Fi connection constantly disconnects?",
  "answer": "*   Make\n  sure you are within the working range of the Wi-Fi hotspot.\r\n*   Go\n  to the Wi-Fi settings screen, touch ![](http://consumer.huawei.com/support/servlet/imageServlet?dlType=SupportImage&imagePath=/20141114115541979001.gif) > **Advanced**, and touch **Keep Wi-Fi on during sleep**. From the\n  displayed option menu, choose **Always**.\n  \r\n\n\n\n![](http://consumer.huawei.com/support/servlet/imageServlet?dlType=SupportImage&imagePath=/20141114115659577001.gif)\n ![](http://consumer.huawei.com/support/servlet/imageServlet?dlType=SupportImage&imagePath=/20141114115628258001.gif)\n![](http://consumer.huawei.com/support/servlet/imageServlet?dlType=SupportImage&imagePath=/20141114115635799001.gif) \nIf the problem persists, restart Wi-Fi on your phone, and/or restart the Wi-Fi hotspot\ndevice.\nNote: The figures are for your reference only. Actual\nscreens may vary slightly.",
  "faqTypeId": null,
  "faqType": null,
  "useful": 0,
  "unUseful": 0,
  "languageId": 1,
  "languageName": "en",
  "faqCode": "9003",
  "faqTypeCode": null,
  "isTop": "1",
  "moduleCode": "faq",
  "productId": null,
  "productCode": null,
  "postDate": 1415937482000,
  "seriesProductName": "G630-U251",
  "visitedTimes": 81,
  "isUsefulFlag": null,
  "score": 0,
  "times": 0,
  "imageList": null,
  "displayType": "text",
  "justView": "0",
  "fileName": null,
  "filePath": null,
  "imagePath": null,
  "imageName": null,
  "productIdList": null,
  "curPage": null,
  "pageSize": null,
  "siteCode": null,
  "statusFlag": "Publish",
  "returnCode": 0,
  "totalRows": null,
  "keywords": "Wifi, g630",
  "avgScore": 0.0,
  "createDate": null,
  "totalPages": null
}