{
  "type": null,
  "faqId": 16367,
  "title": "Is there any restriction on the multimedia message attachment size?",
  "answer": "Attachments to a multimedia message cannot exceed 300KB. If an image is too large, it will be automatically compressed before being attached to the message, as a result of which the image resolution might decrease. Videos or audio clips larger than 300KB cannot be sent through multimedia messages.  ",
  "faqTypeId": null,
  "faqType": null,
  "useful": 1,
  "unUseful": 0,
  "languageId": 1,
  "languageName": "en",
  "faqCode": "9006",
  "faqTypeCode": null,
  "isTop": "0",
  "moduleCode": "faq",
  "productId": null,
  "productCode": null,
  "postDate": 1415938947000,
  "seriesProductName": "G630-U251",
  "visitedTimes": 10,
  "isUsefulFlag": null,
  "score": 0,
  "times": 0,
  "imageList": null,
  "displayType": "text",
  "justView": "0",
  "fileName": null,
  "filePath": null,
  "imagePath": null,
  "imageName": null,
  "productIdList": null,
  "curPage": null,
  "pageSize": null,
  "siteCode": null,
  "statusFlag": "Publish",
  "returnCode": 0,
  "totalRows": null,
  "keywords": null,
  "avgScore": 0.0,
  "createDate": null,
  "totalPages": null
}