{
  "type": null,
  "faqId": 16363,
  "title": "What can I do if my phone runs slowly?",
  "answer": " * Try using the **Phone Manager** to optimize your phone.  \r\n\r\n * On the **Phone Manager** screen, touch **Scan**, and follow the onscreen instructions to optimize your phone. \r\n\r\n ![](http://consumer.huawei.com/support/servlet/imageServlet?dlType=SupportImage&imagePath=/20141114114622847001.gif)",
  "faqTypeId": null,
  "faqType": null,
  "useful": 0,
  "unUseful": 0,
  "languageId": 1,
  "languageName": "en",
  "faqCode": "9001",
  "faqTypeCode": null,
  "isTop": "1",
  "moduleCode": "faq",
  "productId": null,
  "productCode": null,
  "postDate": 1415936807000,
  "seriesProductName": "G630-U251",
  "visitedTimes": 53,
  "isUsefulFlag": null,
  "score": 0,
  "times": 0,
  "imageList": null,
  "displayType": "text",
  "justView": "0",
  "fileName": null,
  "filePath": null,
  "imagePath": null,
  "imageName": null,
  "productIdList": null,
  "curPage": null,
  "pageSize": null,
  "siteCode": null,
  "statusFlag": "Publish",
  "returnCode": 0,
  "totalRows": null,
  "keywords": "G630, boost, telstra g630",
  "avgScore": 0.0,
  "createDate": null,
  "totalPages": null
}