{
  "type": null,
  "faqId": 16366,
  "title": "How do I install third-party applications to the microSD card?",
  "answer": "By default, third-party applications are installed to your phone's internal storage. The default installation location cannot be changed. However, you can move third-party applications to the microSD card.\r\n\r\nGo to the Settings screen, select Manage apps, touch the application you want to move, and then select Move to SD card.\r\n\r\nSome applications may not be able to be moved to the microSD card.\r\n\r\nAfter you move an application to the microSD card and you uninstall, remove or format the microSD card, the application will no longer be available.\r\n\r\n ![](http://consumer.huawei.com/support/servlet/imageServlet?dlType=SupportImage&imagePath=/20141114121422705001.gif)   \r\n\r\nNote: The figure is for your reference only. Actual screens may vary.",
  "faqTypeId": null,
  "faqType": null,
  "useful": 3,
  "unUseful": 1,
  "languageId": 1,
  "languageName": "en",
  "faqCode": "9005",
  "faqTypeCode": null,
  "isTop": "1",
  "moduleCode": "faq",
  "productId": null,
  "productCode": null,
  "postDate": 1415938529000,
  "seriesProductName": "EDGE-U00,G630-U251,G6-L22,Jazz-TL10,Y320-U10,Y520-U12,Y550-L02",
  "visitedTimes": 564,
  "isUsefulFlag": null,
  "score": 0,
  "times": 0,
  "imageList": null,
  "displayType": "text",
  "justView": "0",
  "fileName": null,
  "filePath": null,
  "imagePath": null,
  "imageName": null,
  "productIdList": null,
  "curPage": null,
  "pageSize": null,
  "siteCode": null,
  "statusFlag": "Publish",
  "returnCode": 0,
  "totalRows": null,
  "keywords": null,
  "avgScore": 0.0,
  "createDate": null,
  "totalPages": null
}