{
  "type": null,
  "faqId": 16372,
  "title": "What is the difference between the black and the gold versions of the Mate7?",
  "answer": "The Mate7 comes in 3 different colors and 2 different configurations. The Obsidian Black and the Silver have the same configuration.\r\n\r\nThe Amber Gold comes with 3GB RAM and 32GB internal storage as opposed to the 2GB RAM and 16GB internal storage for the black and silver models. Also, the Amber Gold Mate7 is a dual-sim handset supporting one Micro-SIM and a Nano-SIM. Whereas the Black and Silver models are single SIM handsets.",
  "faqTypeId": null,
  "faqType": null,
  "useful": 9,
  "unUseful": 0,
  "languageId": 1,
  "languageName": "en",
  "faqCode": "9012",
  "faqTypeCode": null,
  "isTop": "1",
  "moduleCode": "faq",
  "productId": null,
  "productCode": null,
  "postDate": 1415942947000,
  "seriesProductName": "Jazz-TL10",
  "visitedTimes": 471,
  "isUsefulFlag": null,
  "score": 0,
  "times": 0,
  "imageList": null,
  "displayType": "text",
  "justView": "0",
  "fileName": null,
  "filePath": null,
  "imagePath": null,
  "imageName": null,
  "productIdList": null,
  "curPage": null,
  "pageSize": null,
  "siteCode": null,
  "statusFlag": "Publish",
  "returnCode": 0,
  "totalRows": null,
  "keywords": null,
  "avgScore": 0.0,
  "createDate": null,
  "totalPages": null
}