{
  "type": null,
  "faqId": 16370,
  "title": "How do I prevent some third-party applications from running at system startup?",
  "answer": "Go into Settings. Then select Startup manager, and clear the check box next to the application to prevent it from running at system startup.",
  "faqTypeId": null,
  "faqType": null,
  "useful": 1,
  "unUseful": 2,
  "languageId": 1,
  "languageName": "en",
  "faqCode": "9010",
  "faqTypeCode": null,
  "isTop": "1",
  "moduleCode": "faq",
  "productId": null,
  "productCode": null,
  "postDate": 1415940835000,
  "seriesProductName": "S8-306L",
  "visitedTimes": 51,
  "isUsefulFlag": null,
  "score": 0,
  "times": 0,
  "imageList": null,
  "displayType": "text",
  "justView": "0",
  "fileName": null,
  "filePath": null,
  "imagePath": null,
  "imageName": null,
  "productIdList": null,
  "curPage": null,
  "pageSize": null,
  "siteCode": null,
  "statusFlag": "Publish",
  "returnCode": 0,
  "totalRows": null,
  "keywords": "Mediapad, m1",
  "avgScore": 0.0,
  "createDate": null,
  "totalPages": null
}