{
  "type": null,
  "faqId": 16401,
  "title": "How can I use my SD card in the Mate7 Gold, while using two SIM cards?",
  "answer": "You cannot use a SD card, while you are using the Mate7 Gold as a dual-sim handset. The reason being, the SD card slot/tray in the Mate7 Gold doubles as a Nano-SIM tray, only allowing one to be used at a time. The primary SIM-tray (micro SIM) is not affected by this.",
  "faqTypeId": null,
  "faqType": null,
  "useful": 21,
  "unUseful": 0,
  "languageId": 1,
  "languageName": "en",
  "faqCode": "9013",
  "faqTypeCode": null,
  "isTop": "1",
  "moduleCode": "faq",
  "productId": null,
  "productCode": null,
  "postDate": 1415943415000,
  "seriesProductName": "Jazz-TL10",
  "visitedTimes": 915,
  "isUsefulFlag": null,
  "score": 0,
  "times": 0,
  "imageList": null,
  "displayType": "text",
  "justView": "0",
  "fileName": null,
  "filePath": null,
  "imagePath": null,
  "imageName": null,
  "productIdList": null,
  "curPage": null,
  "pageSize": null,
  "siteCode": null,
  "statusFlag": "Publish",
  "returnCode": 0,
  "totalRows": null,
  "keywords": null,
  "avgScore": 0.0,
  "createDate": null,
  "totalPages": null
}