{
  "type": null,
  "faqId": 16525,
  "title": "How do I connect my B1 to another phone?",
  "answer": "Because your B1 always automatically reconnects the deviceit has connected to before, you need to perform the following steps if you wantto connect your B1 to another phone:  \r\n 1.        Turn off Bluetooth in the nearby phones thatonce connected to your B1, or delete the B1 Bluetooth information on thephones.  \r\n 2.        Press and hold the side button for 5 seconds toturn off your B1. Press and hold the button again for 3 seconds to turn it backon. Then the Bluetooth icon starts to blink, indicating that Bluetooth isavailable now.  \r\n Turn on Bluetooth on thephone you want your B1 to be connected to. The phone will search for anddisplay the nearby Bluetooth devices. Touch **Huawei B1** to connect your B1 to the phone.\r\n\r\n                ![](http://consumer.huawei.com/support/servlet/imageServlet?dlType=SupportImage&imagePath=/20141120015112343001.png)",
  "faqTypeId": null,
  "faqType": null,
  "useful": 0,
  "unUseful": 0,
  "languageId": 1,
  "languageName": "en",
  "faqCode": "9125",
  "faqTypeCode": null,
  "isTop": "0",
  "moduleCode": "faq",
  "productId": null,
  "productCode": null,
  "postDate": 1416419482000,
  "seriesProductName": "B1",
  "visitedTimes": 15,
  "isUsefulFlag": null,
  "score": 0,
  "times": 0,
  "imageList": null,
  "displayType": "text",
  "justView": "0",
  "fileName": null,
  "filePath": null,
  "imagePath": null,
  "imageName": null,
  "productIdList": null,
  "curPage": null,
  "pageSize": null,
  "siteCode": null,
  "statusFlag": "Publish",
  "returnCode": 0,
  "totalRows": null,
  "keywords": "Talkband B1,connect,another phone",
  "avgScore": 0.0,
  "createDate": null,
  "totalPages": null
}