{
  "type": null,
  "faqId": 16528,
  "title": "How do I use my B1 Bluetooth headset to answer or decline calls?",
  "answer": "When your phone is connected to your B1, your B1 will vibrate in case of coming calls and display the caller's name or phone number.  \r\n\nIf the Bluetooth headset ison the B1, it is assumed by default that you will answer the call on yourphone. If you want to answer the call on your B1, take the Bluetooth headsetoff from the B1 and press the side button to answer the call. To decline thecall, press and hold the side button for 3 seconds.",
  "faqTypeId": null,
  "faqType": null,
  "useful": 0,
  "unUseful": 2,
  "languageId": 1,
  "languageName": "en",
  "faqCode": "9128",
  "faqTypeCode": null,
  "isTop": "0",
  "moduleCode": "faq",
  "productId": null,
  "productCode": null,
  "postDate": 1416431484000,
  "seriesProductName": "B1",
  "visitedTimes": 29,
  "isUsefulFlag": null,
  "score": 0,
  "times": 0,
  "imageList": null,
  "displayType": "text",
  "justView": "0",
  "fileName": null,
  "filePath": null,
  "imagePath": null,
  "imageName": null,
  "productIdList": null,
  "curPage": null,
  "pageSize": null,
  "siteCode": null,
  "statusFlag": "Publish",
  "returnCode": 0,
  "totalRows": null,
  "keywords": "Talkband B1,bluetooth headset,answer call,decline call",
  "avgScore": 0.0,
  "createDate": null,
  "totalPages": null
}