{
  "type": null,
  "faqId": 16522,
  "title": "How do I get my Talkband B1 started?",
  "answer": "1. Go to Google Play or App Store, search for Huawei TalkBand, and download it toyour phone.  \r\n\n2. Turn on your B1 and check that the Bluetoothicon is blinking and the time is 00:00. You can then pair up your B1 and yourphone.  \r\n\n3. Turn on Bluetooth on your phone to search for and display the nearby Bluetooth devices. Touch Huawei B1 to pair it with your phone.  \r\n\n4.  After your B1 is paired with your phone, run theTalkBand app, flick left on the wizard screen to go to the home screen, andswipe down on the screen to synchronize the data to your B1 for the first time.After the time and information are initialized, you can start to use your B1.",
  "faqTypeId": null,
  "faqType": null,
  "useful": 0,
  "unUseful": 0,
  "languageId": 1,
  "languageName": "en",
  "faqCode": "9122",
  "faqTypeCode": null,
  "isTop": "0",
  "moduleCode": "faq",
  "productId": null,
  "productCode": null,
  "postDate": 1416415611000,
  "seriesProductName": "B1",
  "visitedTimes": 26,
  "isUsefulFlag": null,
  "score": 0,
  "times": 0,
  "imageList": null,
  "displayType": "text",
  "justView": "0",
  "fileName": null,
  "filePath": null,
  "imagePath": null,
  "imageName": null,
  "productIdList": null,
  "curPage": null,
  "pageSize": null,
  "siteCode": null,
  "statusFlag": "Publish",
  "returnCode": 0,
  "totalRows": null,
  "keywords": null,
  "avgScore": 0.0,
  "createDate": null,
  "totalPages": null
}