{
  "type": null,
  "faqId": 16523,
  "title": "How do I enable the NFC on my Talkband B1? (for Android)",
  "answer": "Ensure that the NFC function is available on your phone.  \r\n\nTurn on the NFC on yourphone, attach your NFC tag to your B1, and then connect the NFC to your B1 overBluetooth as prompted.",
  "faqTypeId": null,
  "faqType": null,
  "useful": 4,
  "unUseful": 2,
  "languageId": 1,
  "languageName": "en",
  "faqCode": "9123",
  "faqTypeCode": null,
  "isTop": "0",
  "moduleCode": "faq",
  "productId": null,
  "productCode": null,
  "postDate": 1416415718000,
  "seriesProductName": "B1",
  "visitedTimes": 41,
  "isUsefulFlag": null,
  "score": 0,
  "times": 0,
  "imageList": null,
  "displayType": "text",
  "justView": "0",
  "fileName": null,
  "filePath": null,
  "imagePath": null,
  "imageName": null,
  "productIdList": null,
  "curPage": null,
  "pageSize": null,
  "siteCode": null,
  "statusFlag": "Publish",
  "returnCode": 0,
  "totalRows": null,
  "keywords": "Talkband B1,NFC",
  "avgScore": 0.0,
  "createDate": null,
  "totalPages": null
}