{
  "type": null,
  "faqId": 16529,
  "title": "What can I do if the Talkband B1 Bluetooth headset does not fit my ears?",
  "answer": "Wehave provided you with three headset covers. You can choose one based on yourown ear size. Put on your headset and rotate headset to adjust it to theposition where the headset can properly fit your ears. Generally, themicrophone should face toward your mouth.\r\n\r\n![](http://consumer.huawei.com/support/servlet/imageServlet?dlType=SupportImage&imagePath=/20141120051318362001.png)",
  "faqTypeId": null,
  "faqType": null,
  "useful": 0,
  "unUseful": 0,
  "languageId": 1,
  "languageName": "en",
  "faqCode": "9129",
  "faqTypeCode": null,
  "isTop": "0",
  "moduleCode": "faq",
  "productId": null,
  "productCode": null,
  "postDate": 1416431602000,
  "seriesProductName": "B1",
  "visitedTimes": 15,
  "isUsefulFlag": null,
  "score": 0,
  "times": 0,
  "imageList": null,
  "displayType": "text",
  "justView": "0",
  "fileName": null,
  "filePath": null,
  "imagePath": null,
  "imageName": null,
  "productIdList": null,
  "curPage": null,
  "pageSize": null,
  "siteCode": null,
  "statusFlag": "Publish",
  "returnCode": 0,
  "totalRows": null,
  "keywords": "Talkband B1,Bluetooth headset,fit,ear",
  "avgScore": 0.0,
  "createDate": null,
  "totalPages": null
}