{
  "type": null,
  "faqId": 16526,
  "title": "How do I synchronize my B1 data to the Huawei TalkBand app?",
  "answer": "Before you start, ensure the following:  \r\n\n1.        Your B1 is properly connected to your phone overBluetooth.  \r\n\n2.        Your phone has been installed with the latestHuawei TalkBand app that runs properly.  \r\n\n3.        Your phone and your B1 both have sufficientpower.  \r\n\nAfter you run the Huawei TalkBand app, it will automaticallysynchronize data with your B1.  \r\n\nIf you want to manuallysynchronize the data, go back to the home screen of the app, swipe down thescreen from any point of the screen, and synchronize the data will besynchronized.",
  "faqTypeId": null,
  "faqType": null,
  "useful": 3,
  "unUseful": 0,
  "languageId": 1,
  "languageName": "en",
  "faqCode": "9126",
  "faqTypeCode": null,
  "isTop": "0",
  "moduleCode": "faq",
  "productId": null,
  "productCode": null,
  "postDate": 1416431042000,
  "seriesProductName": "B1",
  "visitedTimes": 40,
  "isUsefulFlag": null,
  "score": 0,
  "times": 0,
  "imageList": null,
  "displayType": "text",
  "justView": "0",
  "fileName": null,
  "filePath": null,
  "imagePath": null,
  "imageName": null,
  "productIdList": null,
  "curPage": null,
  "pageSize": null,
  "siteCode": null,
  "statusFlag": "Publish",
  "returnCode": 0,
  "totalRows": null,
  "keywords": "Talkband B1,synchronize,app",
  "avgScore": 0.0,
  "createDate": null,
  "totalPages": null
}