{
  "type": null,
  "faqId": 16524,
  "title": "Why can't my Talkband B1 automatically reconnect to my phone after the Bluetooth connection is terminated?",
  "answer": "Your B1 may disconnect from your phone if they are too faraway from each other. If you bring your B1 back within the range of your phoneBluetooth coverage within 3 minutes, it will automatically reconnect to yourphone if Bluetooth on both devices are still on.  \r\n\nHowever, if thedisconnection lasts for more than 3 minutes, to minimize the energyconsumption, your B1 will automatically turn off Bluetooth and the Bluetoothicon is off. Therefore, after your B1 enters the range of your phone Bluetoothcoverage, you need to press the side button to turn it on, and then your B1will automatically reconnect to your phone.",
  "faqTypeId": null,
  "faqType": null,
  "useful": 0,
  "unUseful": 0,
  "languageId": 1,
  "languageName": "en",
  "faqCode": "9124",
  "faqTypeCode": null,
  "isTop": "0",
  "moduleCode": "faq",
  "productId": null,
  "productCode": null,
  "postDate": 1416417419000,
  "seriesProductName": "B1",
  "visitedTimes": 16,
  "isUsefulFlag": null,
  "score": 0,
  "times": 0,
  "imageList": null,
  "displayType": "text",
  "justView": "0",
  "fileName": null,
  "filePath": null,
  "imagePath": null,
  "imageName": null,
  "productIdList": null,
  "curPage": null,
  "pageSize": null,
  "siteCode": null,
  "statusFlag": "Publish",
  "returnCode": 0,
  "totalRows": null,
  "keywords": "Talkband B1,automatically,reconnect,bluetooth connection",
  "avgScore": 0.0,
  "createDate": null,
  "totalPages": null
}