{
  "type": null,
  "faqId": 16527,
  "title": "How do I push contacts on my phone to my B1 in case of coming calls?",
  "answer": "Before you push your contacts to your B1, ensure that thefollowing:  \r\n\n1.        Your B1 is properly connected to your phone overBluetooth.  \r\n\n2.        The Huawei TalkBand app is running properly inthe background on your phone.  \r\n\nNote that most Android phones automatically clear up all background processes.If the Huawei TalkBand app is cleared from the background, your contacts cannotbe displayed in your B1 in case of coming calls. It is strongly recommendedthat you add the Huawei TalkBand background process to the white list in yourprocess clearing tool.  \r\n\nSome phone operatingsystems will automatically turn off apps that are running in the background.For Huawei EMUI, to enable the Huawei TalkBand app to run in the background,you need to perform the following steps: choose Settings > Power saving >Protected apps, and then check the Huawei TalkBand.   \r\n\n![](http://consumer.huawei.com/support/servlet/imageServlet?dlType=SupportImage&imagePath=/20141120050824838001.png)![](http://consumer.huawei.com/support/servlet/imageServlet?dlType=SupportImage&imagePath=/20141120050832683001.png)![](http://consumer.huawei.com/support/servlet/imageServlet?dlType=SupportImage&imagePath=/20141120050840856001.png)  \r\n\r\n\nForsome Android systems, you need to enable the function of accessing contacts forthe Huawei TalkBand app in the Permissionmanager.  \r\n\r\n\n![](http://consumer.huawei.com/support/servlet/imageServlet?dlType=SupportImage&imagePath=/20141120050850854001.png)![](http://consumer.huawei.com/support/servlet/imageServlet?dlType=SupportImage&imagePath=/20141120050857992001.png)![](http://consumer.huawei.com/support/servlet/imageServlet?dlType=SupportImage&imagePath=/20141120050904579001.png)  \r\n\r\n\nIf you are using iPhone, your B1 cannot display your contacts due to the restrictions of the iOS system.",
  "faqTypeId": null,
  "faqType": null,
  "useful": 0,
  "unUseful": 0,
  "languageId": 1,
  "languageName": "en",
  "faqCode": "9127",
  "faqTypeCode": null,
  "isTop": "0",
  "moduleCode": "faq",
  "productId": null,
  "productCode": null,
  "postDate": 1416431358000,
  "seriesProductName": "B1",
  "visitedTimes": 28,
  "isUsefulFlag": null,
  "score": 0,
  "times": 0,
  "imageList": null,
  "displayType": "text",
  "justView": "0",
  "fileName": null,
  "filePath": null,
  "imagePath": null,
  "imageName": null,
  "productIdList": null,
  "curPage": null,
  "pageSize": null,
  "siteCode": null,
  "statusFlag": "Publish",
  "returnCode": 0,
  "totalRows": null,
  "keywords": "Talkband B1,contact,coming call",
  "avgScore": 0.0,
  "createDate": null,
  "totalPages": null
}