{
  "type": null,
  "faqId": 16521,
  "title": "What models of phones can my B1 be paired with?",
  "answer": "You can check the phone models in the following website:\r\n\n[http://consumer.huawei.com/en/accessories/tech-specs/talkband-b1.htm](http://consumer.huawei.com/en/accessories/tech-specs/talkband-b1.htm)",
  "faqTypeId": null,
  "faqType": null,
  "useful": 0,
  "unUseful": 0,
  "languageId": 1,
  "languageName": "en",
  "faqCode": "9121",
  "faqTypeCode": null,
  "isTop": "0",
  "moduleCode": "faq",
  "productId": null,
  "productCode": null,
  "postDate": 1416415126000,
  "seriesProductName": "B1",
  "visitedTimes": 29,
  "isUsefulFlag": null,
  "score": 0,
  "times": 0,
  "imageList": null,
  "displayType": "text",
  "justView": "0",
  "fileName": null,
  "filePath": null,
  "imagePath": null,
  "imageName": null,
  "productIdList": null,
  "curPage": null,
  "pageSize": null,
  "siteCode": null,
  "statusFlag": "Publish",
  "returnCode": 0,
  "totalRows": null,
  "keywords": "models,compatible,paired",
  "avgScore": 0.0,
  "createDate": null,
  "totalPages": null
}