{"type":null,"faqId":16533,"title":"How does my Talkband B1 monitor my waking and sleeping status?","answer":"YourB1 will automatically monitor your waking and sleeping status as long as youare wearing it. If you put it on a desk, it will stop recording any sleeping orexcise data.","faqTypeId":null,"faqType":null,"useful":2,"unUseful":0,"languageId":1,"languageName":"en","faqCode":"9133","faqTypeCode":null,"isTop":"0","moduleCode":"faq","productId":null,"productCode":null,"postDate":1416432047000,"seriesProductName":"B1","visitedTimes":59,"isUsefulFlag":null,"score":0,"times":0,"imageList":null,"displayType":"text","justView":"0","fileName":null,"filePath":null,"imagePath":null,"imageName":null,"productIdList":null,"curPage":null,"pageSize":null,"siteCode":null,"statusFlag":"Publish","returnCode":0,"totalRows":null,"keywords":"Talkband B1,monitor,wake,sleep","avgScore":0.0,"createDate":null,"totalPages":null}