{"type":null,"faqId":16535,"title":"How do I use the smart alarm clock of my Talkband B1?","answer":"Thesmart alarm clock allows you to set a reminder time ahead of your alarm time.During the period between your reminder time and alarm time, if you are inlight sleep, your B1 will remind you at the reminder time. If you are in deepsleep, your B1 will wake you up at the alarm time.","faqTypeId":null,"faqType":null,"useful":1,"unUseful":3,"languageId":1,"languageName":"en","faqCode":"9135","faqTypeCode":null,"isTop":"0","moduleCode":"faq","productId":null,"productCode":null,"postDate":1416432261000,"seriesProductName":"B1","visitedTimes":292,"isUsefulFlag":null,"score":0,"times":0,"imageList":null,"displayType":"text","justView":"0","fileName":null,"filePath":null,"imagePath":null,"imageName":null,"productIdList":null,"curPage":null,"pageSize":null,"siteCode":null,"statusFlag":"Publish","returnCode":0,"totalRows":null,"keywords":"Talkband B1,alarm","avgScore":0.0,"createDate":null,"totalPages":null}