{
  "type": null,
  "faqId": 16530,
  "title": "When I listen to music over the Bluetooth headset of my Talkband B1, how is the music processed?",
  "answer": "Huawei TalkBand uses the innovative A2DP function thatsmartly allocates media audio.  \r\n\n1.        When your B1 is connected to your phone overBluetooth and the Bluetooth headset is on your wrist, the music will come outfrom your phone instead of your B1's Bluetooth headset.  \r\n\n2.        During music playback, if you take off yourBluetooth headset from your wrist, the music will come out from your headset.  \r\n\n3.        When the music is coming out from your Bluetoothheadset, if you put it back on your wrist, the music will automatically stop(this function may not be available on some media players).  \r\n\nHuawei has applied patentfor this function.",
  "faqTypeId": null,
  "faqType": null,
  "useful": 0,
  "unUseful": 0,
  "languageId": 1,
  "languageName": "en",
  "faqCode": "9130",
  "faqTypeCode": null,
  "isTop": "0",
  "moduleCode": "faq",
  "productId": null,
  "productCode": null,
  "postDate": 1416431728000,
  "seriesProductName": "B1",
  "visitedTimes": 13,
  "isUsefulFlag": null,
  "score": 0,
  "times": 0,
  "imageList": null,
  "displayType": "text",
  "justView": "0",
  "fileName": null,
  "filePath": null,
  "imagePath": null,
  "imageName": null,
  "productIdList": null,
  "curPage": null,
  "pageSize": null,
  "siteCode": null,
  "statusFlag": "Publish",
  "returnCode": 0,
  "totalRows": null,
  "keywords": "Talkband B1,music,Bluetooth headset,",
  "avgScore": 0.0,
  "createDate": null,
  "totalPages": null
}