{"type":null,"faqId":16537,"title":"Does my Talkband B1's alarm clock and event notification still work after my phone is powered off or the Bluetooth connection is terminated?","answer":"Yes.All configuration information has been set in your B1 after you set the smartclock in the Huawei TalkBand app.","faqTypeId":null,"faqType":null,"useful":1,"unUseful":0,"languageId":1,"languageName":"en","faqCode":"9137","faqTypeCode":null,"isTop":"0","moduleCode":"faq","productId":null,"productCode":null,"postDate":1416432441000,"seriesProductName":"B1","visitedTimes":79,"isUsefulFlag":null,"score":0,"times":0,"imageList":null,"displayType":"text","justView":"0","fileName":null,"filePath":null,"imagePath":null,"imageName":null,"productIdList":null,"curPage":null,"pageSize":null,"siteCode":null,"statusFlag":"Publish","returnCode":0,"totalRows":null,"keywords":"Talkband B1,alarm,notification","avgScore":0.0,"createDate":null,"totalPages":null}