{"type":null,"faqId":16532,"title":"Are there any special requirements for charging my Talkband B1 or the charger?","answer":"HuaweiTalkBand does not have special requirements on its charger. Common mobile phoneUSB chargers can charge your B1, which are compatible with a vehicle-mountedUSB port and a portable power bank USB port. The charging voltage and currentcan be 5 V/1 A, 5 V/1.5 A, 5 V/2 A, and 5 V/500 mA.","faqTypeId":null,"faqType":null,"useful":1,"unUseful":0,"languageId":1,"languageName":"en","faqCode":"9132","faqTypeCode":null,"isTop":"0","moduleCode":"faq","productId":null,"productCode":null,"postDate":1416431956000,"seriesProductName":"B1","visitedTimes":122,"isUsefulFlag":null,"score":0,"times":0,"imageList":null,"displayType":"text","justView":"0","fileName":null,"filePath":null,"imagePath":null,"imageName":null,"productIdList":null,"curPage":null,"pageSize":null,"siteCode":null,"statusFlag":"Publish","returnCode":0,"totalRows":null,"keywords":"Talkband B1,charge,charger","avgScore":0.0,"createDate":null,"totalPages":null}