{
  "type": null,
  "faqId": 16536,
  "title": "How do I use the activity reminder function of my Talkband B1?",
  "answer": "Setthe following in your Huawei TalkBand app: **Interval**,**Start**, **End**, and **Repeat**. Afteryou set an activity reminder, your B1 will monitor your excise load during theset period. If you do not excise enough, your B1 will vibrate to remind you oftaking care of yourself.",
  "faqTypeId": null,
  "faqType": null,
  "useful": 0,
  "unUseful": 0,
  "languageId": 1,
  "languageName": "en",
  "faqCode": "9136",
  "faqTypeCode": null,
  "isTop": "0",
  "moduleCode": "faq",
  "productId": null,
  "productCode": null,
  "postDate": 1416432355000,
  "seriesProductName": "B1",
  "visitedTimes": 154,
  "isUsefulFlag": null,
  "score": 0,
  "times": 0,
  "imageList": null,
  "displayType": "text",
  "justView": "0",
  "fileName": null,
  "filePath": null,
  "imagePath": null,
  "imageName": null,
  "productIdList": null,
  "curPage": null,
  "pageSize": null,
  "siteCode": null,
  "statusFlag": "Publish",
  "returnCode": 0,
  "totalRows": null,
  "keywords": "Talkband B1,reminder",
  "avgScore": 0.0,
  "createDate": null,
  "totalPages": null
}