{
  "type": null,
  "faqId": 16539,
  "title": "Why does my Talkband B1 vibrate from time to time without any warnings on the screen?",
  "answer": "The metal contacts in your B1 may be short-circuited. Checkthe following three positions. If any foreign matter is found, clean it up.  \r\n\n1. The five metal contacts in the rear of theheadset. Check whether they are damp or there is any water or foreign matter onthem.  \r\n\n2. The five metal terminals in the headset slot onthe wrist band. Check whether they are in the same height. Press each terminalto see whether they will bounce back to the normal height. Check whether there isany foreign matter, water drops, or other agents that may cause short circuits.  \r\n\n3. USB charger contact. Checkwhether there is any foreign matter, water drops, or other agents that maycause short circuits.",
  "faqTypeId": null,
  "faqType": null,
  "useful": 4,
  "unUseful": 0,
  "languageId": 1,
  "languageName": "en",
  "faqCode": "9139",
  "faqTypeCode": null,
  "isTop": "0",
  "moduleCode": "faq",
  "productId": null,
  "productCode": null,
  "postDate": 1416432730000,
  "seriesProductName": "B1",
  "visitedTimes": 48,
  "isUsefulFlag": null,
  "score": 0,
  "times": 0,
  "imageList": null,
  "displayType": "text",
  "justView": "0",
  "fileName": null,
  "filePath": null,
  "imagePath": null,
  "imageName": null,
  "productIdList": null,
  "curPage": null,
  "pageSize": null,
  "siteCode": null,
  "statusFlag": "Publish",
  "returnCode": 0,
  "totalRows": null,
  "keywords": "Talkband B1,vibrate,warning",
  "avgScore": 0.0,
  "createDate": null,
  "totalPages": null
}