{
  "type": null,
  "faqId": 16538,
  "title": "How do I clean my Talkband B1?",
  "answer": "You can use damp tissues or cloth to clean your B1 and thenuse dry cloth or tissues to dry it up.   \r\n\r\n Note the following when cleaning your B1:  \r\n\r\n*   Do not use any chemical cleaning agents.\r\n*   Cleanyour headset and wrist band separately. Avoid immersing your B1 for a longtime.\n\r\n\r\n Residual water on themicrophone or earphone may affect your call quality. Use tissues to absorb thewater.",
  "faqTypeId": null,
  "faqType": null,
  "useful": 0,
  "unUseful": 0,
  "languageId": 1,
  "languageName": "en",
  "faqCode": "9138",
  "faqTypeCode": null,
  "isTop": "0",
  "moduleCode": "faq",
  "productId": null,
  "productCode": null,
  "postDate": 1416432634000,
  "seriesProductName": "B1",
  "visitedTimes": 58,
  "isUsefulFlag": null,
  "score": 0,
  "times": 0,
  "imageList": null,
  "displayType": "text",
  "justView": "0",
  "fileName": null,
  "filePath": null,
  "imagePath": null,
  "imageName": null,
  "productIdList": null,
  "curPage": null,
  "pageSize": null,
  "siteCode": null,
  "statusFlag": "Publish",
  "returnCode": 0,
  "totalRows": null,
  "keywords": "Talkband B1,clean",
  "avgScore": 0.0,
  "createDate": null,
  "totalPages": null
}