{
  "type": null,
  "faqId": 16534,
  "title": "How is my sleeping quality evaluated by Talkband B1?",
  "answer": "Your sleeping quality is evaluated by your time of deepsleep, which is calculated by the Huawei TalkBand app:\r\n\r\n*   Deepsleep time < 1 hour: poor sleeping quality\r\n*   1hour ≤ Deep sleep time ≤ 3 hours: average sleeping quality\r\n*   Deep sleep time > 3hours: good sleeping quality",
  "faqTypeId": null,
  "faqType": null,
  "useful": 0,
  "unUseful": 0,
  "languageId": 1,
  "languageName": "en",
  "faqCode": "9134",
  "faqTypeCode": null,
  "isTop": "0",
  "moduleCode": "faq",
  "productId": null,
  "productCode": null,
  "postDate": 1416432193000,
  "seriesProductName": "B1",
  "visitedTimes": 56,
  "isUsefulFlag": null,
  "score": 0,
  "times": 0,
  "imageList": null,
  "displayType": "text",
  "justView": "0",
  "fileName": null,
  "filePath": null,
  "imagePath": null,
  "imageName": null,
  "productIdList": null,
  "curPage": null,
  "pageSize": null,
  "siteCode": null,
  "statusFlag": "Publish",
  "returnCode": 0,
  "totalRows": null,
  "keywords": "Talkband B1,sleep quality",
  "avgScore": 0.0,
  "createDate": null,
  "totalPages": null
}