{
  "type": null,
  "faqId": 16531,
  "title": "How do I check my Talkband B1's battery level?",
  "answer": "Method 1: Press the side button to turn on the B1 screen. Goto the time screen, and you can check the battery level indicator on the rightof the screen.  \r\n\r\n\n![](http://consumer.huawei.com/support/servlet/imageServlet?dlType=SupportImage&imagePath=/20141120051758546001.png)  \r\n\r\n\nMethod 2: If your B1 isproperly connected to your phone, check the battery level indicator in theupper right corner of your Huawei TalkBand app's settings screen.",
  "faqTypeId": null,
  "faqType": null,
  "useful": 0,
  "unUseful": 0,
  "languageId": 1,
  "languageName": "en",
  "faqCode": "9131",
  "faqTypeCode": null,
  "isTop": "0",
  "moduleCode": "faq",
  "productId": null,
  "productCode": null,
  "postDate": 1416431884000,
  "seriesProductName": "B1",
  "visitedTimes": 65,
  "isUsefulFlag": null,
  "score": 0,
  "times": 0,
  "imageList": null,
  "displayType": "text",
  "justView": "0",
  "fileName": null,
  "filePath": null,
  "imagePath": null,
  "imageName": null,
  "productIdList": null,
  "curPage": null,
  "pageSize": null,
  "siteCode": null,
  "statusFlag": "Publish",
  "returnCode": 0,
  "totalRows": null,
  "keywords": "Talkband B1,battery level",
  "avgScore": 0.0,
  "createDate": null,
  "totalPages": null
}