{
  "type": null,
  "faqId": 16540,
  "title": "How do I update my Talkband B1's firmware and app versions?",
  "answer": "Your B1 supports OTA updates. To update your B1's firmwareand app, perform the following steps:  \r\n\r\n\n1. Ensure that your B1 is connected to your phoneproperly over Bluetooth.  \r\n\r\n\n2. Run **Huawei TalkBand** on your phone and choose **Settings**>**About**.  \r\n\n![](http://consumer.huawei.com/support/servlet/imageServlet?dlType=SupportImage&imagePath=/20141120053543667001.png)![](http://consumer.huawei.com/support/servlet/imageServlet?dlType=SupportImage&imagePath=/20141120053551729001.png)![](http://consumer.huawei.com/support/servlet/imageServlet?dlType=SupportImage&imagePath=/20141120053556513001.png)  \r\n\r\n\n3. Touch **Update TalkBand** to update your B1'sfirmware.  \r\n\n![](http://consumer.huawei.com/support/servlet/imageServlet?dlType=SupportImage&imagePath=/20141120053623384001.png)  \r\n\r\n\n4. Touch **Update TalkBand** app to update your Huawei TalkBand app.",
  "faqTypeId": null,
  "faqType": null,
  "useful": 10,
  "unUseful": 3,
  "languageId": 1,
  "languageName": "en",
  "faqCode": "9140",
  "faqTypeCode": null,
  "isTop": "0",
  "moduleCode": "faq",
  "productId": null,
  "productCode": null,
  "postDate": 1416433111000,
  "seriesProductName": "B1",
  "visitedTimes": 771,
  "isUsefulFlag": null,
  "score": 0,
  "times": 0,
  "imageList": null,
  "displayType": "text",
  "justView": "0",
  "fileName": null,
  "filePath": null,
  "imagePath": null,
  "imageName": null,
  "productIdList": null,
  "curPage": null,
  "pageSize": null,
  "siteCode": null,
  "statusFlag": "Publish",
  "returnCode": 0,
  "totalRows": null,
  "keywords": "Talkband B1,software update,firmware,app version",
  "avgScore": 0.0,
  "createDate": null,
  "totalPages": null
}