{
  "type": null,
  "faqId": 16628,
  "title": "How do I view the battery usage status?",
  "answer": "For phones using EMUI 2.3 or below, go to **Settings** and then select **Battery** to view the remaining battery level, the battery usage time and the battery consumption data for system software and hardware.\r\n\r\nFor phones using EMUI 3.0, go to **Settings** and then select **Power saving**. Switch to the **Power saving** tab to view the remaining battery level and the remaining usage time.",
  "faqTypeId": null,
  "faqType": null,
  "useful": 1,
  "unUseful": 0,
  "languageId": 1,
  "languageName": "en",
  "faqCode": "9231",
  "faqTypeCode": null,
  "isTop": "0",
  "moduleCode": "faq",
  "productId": null,
  "productCode": null,
  "postDate": 1416564828000,
  "seriesProductName": "",
  "visitedTimes": 30,
  "isUsefulFlag": null,
  "score": 0,
  "times": 0,
  "imageList": null,
  "displayType": "text",
  "justView": "0",
  "fileName": null,
  "filePath": null,
  "imagePath": null,
  "imageName": null,
  "productIdList": null,
  "curPage": null,
  "pageSize": null,
  "siteCode": null,
  "statusFlag": "Publish",
  "returnCode": 0,
  "totalRows": null,
  "keywords": null,
  "avgScore": 0.0,
  "createDate": null,
  "totalPages": null
}