{
  "type": null,
  "faqId": 16861,
  "title": "What can I do if my phone runs out of power quickly?",
  "answer": "l   Turn on power saving mode. Go to **Settings**, touch **Power saving**, and select **Smart** or **Ultra**, or under **Details**, turn off background power-intensive applications.\r\n\r\n![](http://consumer.huawei.com/support/servlet/imageServlet?dlType=SupportImage&imagePath=/20141202182104431001.jpg)![](http://consumer.huawei.com/support/servlet/imageServlet?dlType=SupportImage&imagePath=/20141202182104546002.jpg)![](http://consumer.huawei.com/support/servlet/imageServlet?dlType=SupportImage&imagePath=/20141202182104540003.jpg)\r\n\r\nl   Close applications not in use.\r\n\r\nl   Turn off the screen when your phone is not in use.\r\n\r\nl   Reduce the screen timeout period.\r\n\r\nl   Reduce the screen brightness.\r\n\r\nl   Reduce the volume.\r\n\r\nl   Turn off your data service, Bluetooth, Wi-Fi, or GPS when you do not need them.\r\n\r\nl   Turn off your 4G network when you do not need it or the network is not available.\r\n\r\nIf your phone's standby time becomes significantly shorter than usual, contact Huawei technical support or take your phone to an authorized Huawei service center.\r\n\r\nHuawei releases updates at its official website from time to time. For better user experience, use the online update feature to update your phone.",
  "faqTypeId": null,
  "faqType": null,
  "useful": 1,
  "unUseful": 0,
  "languageId": 1,
  "languageName": "en",
  "faqCode": "9541",
  "faqTypeCode": null,
  "isTop": "0",
  "moduleCode": "faq",
  "productId": null,
  "productCode": null,
  "postDate": 1417515756000,
  "seriesProductName": "Jazz-L09",
  "visitedTimes": 14,
  "isUsefulFlag": null,
  "score": 0,
  "times": 0,
  "imageList": null,
  "displayType": "text",
  "justView": "0",
  "fileName": null,
  "filePath": null,
  "imagePath": null,
  "imageName": null,
  "productIdList": null,
  "curPage": null,
  "pageSize": null,
  "siteCode": null,
  "statusFlag": "Publish",
  "returnCode": 0,
  "totalRows": null,
  "keywords": "\"Power\" , \"battery\",\"fast\",\"drain\"",
  "avgScore": 0.0,
  "createDate": null,
  "totalPages": null
}