{
  "type": null,
  "faqId": 16863,
  "title": "Why does my wallpaper automatically scroll when I switch between different home screens?",
  "answer": "When you set a picture as the wallpaper, two options are available:\r\n\r\nl   **Scrolling wallpaper:** The wallpaper will scroll along with the home screen.\r\n\r\n**Fixed wallpaper**: The wallpaper will not scroll along with the home screen \r\n\r\n![](http://consumer.huawei.com/support/servlet/imageServlet?dlType=SupportImage&imagePath=/20141202183433789001.jpg)",
  "faqTypeId": null,
  "faqType": null,
  "useful": 0,
  "unUseful": 0,
  "languageId": 1,
  "languageName": "en",
  "faqCode": "9543",
  "faqTypeCode": null,
  "isTop": "0",
  "moduleCode": "faq",
  "productId": null,
  "productCode": null,
  "postDate": 1417516477000,
  "seriesProductName": "Jazz-L09",
  "visitedTimes": 2,
  "isUsefulFlag": null,
  "score": 0,
  "times": 0,
  "imageList": null,
  "displayType": "text",
  "justView": "0",
  "fileName": null,
  "filePath": null,
  "imagePath": null,
  "imageName": null,
  "productIdList": null,
  "curPage": null,
  "pageSize": null,
  "siteCode": null,
  "statusFlag": "Publish",
  "returnCode": 0,
  "totalRows": null,
  "keywords": null,
  "avgScore": 0.0,
  "createDate": null,
  "totalPages": null
}