{
  "type": null,
  "faqId": 16862,
  "title": "What can I do if I forget the screen unlock password or pattern?",
  "answer": "You can solve this problem by reformatting your phone. Reformatting your phone erases all user data from your phone.\r\n\r\nReformatting using a microSD card:\r\n\r\n1.         Download the software package corresponding to your phone model from http://consumer.huawei.com.\r\n\r\n2.         Copy the **dload** folder in the software package to a microSD card's root directory.\r\n\r\n3.         Power off your phone and insert the microSD card into your phone. Then, simultaneously press and hold the power, volume up, and volume down buttons to enter reformatting mode.\r\n\r\nYour phone will be reformatted and restored to its factory settings.\r\n\r\nIf your phone can't be reformatted, contact Huawei technical support or take your phone to an authorized Huawei service center.",
  "faqTypeId": null,
  "faqType": null,
  "useful": 1,
  "unUseful": 1,
  "languageId": 1,
  "languageName": "en",
  "faqCode": "9526",
  "faqTypeCode": null,
  "isTop": "0",
  "moduleCode": "faq",
  "productId": null,
  "productCode": null,
  "postDate": 1417516291000,
  "seriesProductName": "Jazz-L09",
  "visitedTimes": 85,
  "isUsefulFlag": null,
  "score": 0,
  "times": 0,
  "imageList": null,
  "displayType": "text",
  "justView": "0",
  "fileName": null,
  "filePath": null,
  "imagePath": null,
  "imageName": null,
  "productIdList": null,
  "curPage": null,
  "pageSize": null,
  "siteCode": null,
  "statusFlag": "Publish",
  "returnCode": 0,
  "totalRows": null,
  "keywords": null,
  "avgScore": 0.0,
  "createDate": null,
  "totalPages": null
}