{
  "type": null,
  "faqId": 16882,
  "title": "What can I do if my phone can't properly display the battery level?",
  "answer": "Restart your phone or back up important data and restore your phone to its factory settings.\r\n\r\nIf the problem persists, contact Huawei technical support or take your phone to an authorized Huawei service center.",
  "faqTypeId": null,
  "faqType": null,
  "useful": 1,
  "unUseful": 0,
  "languageId": 1,
  "languageName": "en",
  "faqCode": "9542",
  "faqTypeCode": null,
  "isTop": "0",
  "moduleCode": "faq",
  "productId": null,
  "productCode": null,
  "postDate": 1417515983000,
  "seriesProductName": "Jazz-L09",
  "visitedTimes": 8,
  "isUsefulFlag": null,
  "score": 0,
  "times": 0,
  "imageList": null,
  "displayType": "text",
  "justView": "0",
  "fileName": null,
  "filePath": null,
  "imagePath": null,
  "imageName": null,
  "productIdList": null,
  "curPage": null,
  "pageSize": null,
  "siteCode": null,
  "statusFlag": "Publish",
  "returnCode": 0,
  "totalRows": null,
  "keywords": null,
  "avgScore": 0.0,
  "createDate": null,
  "totalPages": null
}