{
  "type": null,
  "faqId": 16884,
  "title": "What can I do if the touchscreen doesn't work?",
  "answer": "l   If this happens when there is water or oil on your hand or the touchscreen:\r\n\r\nUse a dry cloth to wipe your hand and the screen.\r\n\r\nPress the power button consecutively twice to restart the screen to let it automatically calibrate.\r\n\r\nl   If this happens when the phone is charging through an in-car charger or non-standard charger:\r\n\r\nIn-car or non-standard chargers may cause touchscreen failure. Use the charger that comes with your phone for charging.\r\n\r\nIf the problem persists, contact Huawei technical support or take your phone to an authorized Huawei service center.",
  "faqTypeId": null,
  "faqType": null,
  "useful": 1,
  "unUseful": 0,
  "languageId": 1,
  "languageName": "en",
  "faqCode": "9527",
  "faqTypeCode": null,
  "isTop": "0",
  "moduleCode": "faq",
  "productId": null,
  "productCode": null,
  "postDate": 1417516358000,
  "seriesProductName": "Jazz-L09",
  "visitedTimes": 7,
  "isUsefulFlag": null,
  "score": 0,
  "times": 0,
  "imageList": null,
  "displayType": "text",
  "justView": "0",
  "fileName": null,
  "filePath": null,
  "imagePath": null,
  "imageName": null,
  "productIdList": null,
  "curPage": null,
  "pageSize": null,
  "siteCode": null,
  "statusFlag": "Publish",
  "returnCode": 0,
  "totalRows": null,
  "keywords": null,
  "avgScore": 0.0,
  "createDate": null,
  "totalPages": null
}