{
  "type": null,
  "faqId": 16941,
  "title": "What can I do if my phone's tilt sensor fails to work properly?",
  "answer": "l   If this happens when you are using a third-party application, check whether the application is tilt sensor-based.\r\n\r\nl   Your phone's tilt sensor may fail to work if certain system files are deleted.\r\n\r\nBack up important data and restore your phone to its factory settings or update your phone.",
  "faqTypeId": null,
  "faqType": null,
  "useful": 0,
  "unUseful": 0,
  "languageId": 1,
  "languageName": "en",
  "faqCode": "9601",
  "faqTypeCode": null,
  "isTop": "0",
  "moduleCode": "faq",
  "productId": null,
  "productCode": null,
  "postDate": 1417639893000,
  "seriesProductName": "Jazz-L09",
  "visitedTimes": 3,
  "isUsefulFlag": null,
  "score": 0,
  "times": 0,
  "imageList": null,
  "displayType": "text",
  "justView": "0",
  "fileName": null,
  "filePath": null,
  "imagePath": null,
  "imageName": null,
  "productIdList": null,
  "curPage": null,
  "pageSize": null,
  "siteCode": null,
  "statusFlag": "Publish",
  "returnCode": 0,
  "totalRows": null,
  "keywords": null,
  "avgScore": 0.0,
  "createDate": null,
  "totalPages": null
}