{
  "type": null,
  "faqId": 16965,
  "title": "What can I do if my phone update fails?",
  "answer": "l   Download the update package for your phone model from http://consumer.huawei.com and reperform the update. For details, see the update guide for the update package.\r\n\r\nl   It is recommended that you connect your phone to a charger before updating your phone. Insufficient battery power will result in update failure.\r\n\r\nl   If you are updating your phone using a microSD card, do not remove or insert the microSD card during the update.\r\n\r\nl   If the update still fails, restart your phone or back up important data and restore your phone to its factory settings.\r\n\r\nIf the problem persists, contact Huawei technical support or take your phone to an authorized Huawei service center.",
  "faqTypeId": null,
  "faqType": null,
  "useful": 1,
  "unUseful": 0,
  "languageId": 1,
  "languageName": "en",
  "faqCode": "9642",
  "faqTypeCode": null,
  "isTop": "0",
  "moduleCode": "faq",
  "productId": null,
  "productCode": null,
  "postDate": 1417695514000,
  "seriesProductName": "Jazz-L09",
  "visitedTimes": 73,
  "isUsefulFlag": null,
  "score": 0,
  "times": 0,
  "imageList": null,
  "displayType": "text",
  "justView": "0",
  "fileName": null,
  "filePath": null,
  "imagePath": null,
  "imageName": null,
  "productIdList": null,
  "curPage": null,
  "pageSize": null,
  "siteCode": null,
  "statusFlag": "Publish",
  "returnCode": 0,
  "totalRows": null,
  "keywords": null,
  "avgScore": 0.0,
  "createDate": null,
  "totalPages": null
}