{
  "type": null,
  "faqId": 16966,
  "title": "What can I do if my phone runs slowly?",
  "answer": "l   On the **Phone Manager** screen, touch **Scan**, and follow the onscreen instructions to optimize your phone.\r\n\r\n![](http://consumer.huawei.com/support/servlet/imageServlet?dlType=SupportImage&imagePath=/20141204201952902001.jpg)![](http://consumer.huawei.com/support/servlet/imageServlet?dlType=SupportImage&imagePath=/20141204201953274002.jpg)\r\n\r\nl   On the **Phone Manager** screen, touch **Phone accelerator**, and follow the onscreen instructions to close applications not in use.\r\n\r\n![](http://consumer.huawei.com/support/servlet/imageServlet?dlType=SupportImage&imagePath=/20141204201953542003.jpg)![](http://consumer.huawei.com/support/servlet/imageServlet?dlType=SupportImage&imagePath=/20141204201953118004.jpg)\r\n\r\nl   On the **Phone Manager** screen, touch **Phone accelerator** > **Storage cleaner** > **Smart scan**, and follow the onscreen instructions to perform a smart scan, and clear the application cache, system trash files, applications you no longer need and their installation packages, and large files, such as videos and compressed packages.\r\n\r\n![](http://consumer.huawei.com/support/servlet/imageServlet?dlType=SupportImage&imagePath=/20141204201953542003.jpg)![](http://consumer.huawei.com/support/servlet/imageServlet?dlType=SupportImage&imagePath=/20141204201954646005.jpg)\r\n\r\nl   Restart your phone.\r\n\r\nIf the problem persists, back up important data and restore your phone to its factory settings. \r\n\r\n![](http://consumer.huawei.com/support/servlet/imageServlet?dlType=SupportImage&imagePath=/20141204201954699006.png)\r\n\r\nThe figures are for your reference only. The actual screens may vary.",
  "faqTypeId": null,
  "faqType": null,
  "useful": 0,
  "unUseful": 0,
  "languageId": 1,
  "languageName": "en",
  "faqCode": "9628",
  "faqTypeCode": null,
  "isTop": "0",
  "moduleCode": "faq",
  "productId": null,
  "productCode": null,
  "postDate": 1417695611000,
  "seriesProductName": "Jazz-L09",
  "visitedTimes": 8,
  "isUsefulFlag": null,
  "score": 0,
  "times": 0,
  "imageList": null,
  "displayType": "text",
  "justView": "0",
  "fileName": null,
  "filePath": null,
  "imagePath": null,
  "imageName": null,
  "productIdList": null,
  "curPage": null,
  "pageSize": null,
  "siteCode": null,
  "statusFlag": "Publish",
  "returnCode": 0,
  "totalRows": null,
  "keywords": null,
  "avgScore": 0.0,
  "createDate": null,
  "totalPages": null
}