{
  "type": null,
  "faqId": 16967,
  "title": "What data will be erased if I restore my phone to its factory settings?",
  "answer": "Restoring your phone to its factory settings erases all your personal data from the phone storage, including your email accounts, system and application settings, and installed applications.",
  "faqTypeId": null,
  "faqType": null,
  "useful": 0,
  "unUseful": 1,
  "languageId": 1,
  "languageName": "en",
  "faqCode": "9629",
  "faqTypeCode": null,
  "isTop": "0",
  "moduleCode": "faq",
  "productId": null,
  "productCode": null,
  "postDate": 1417695772000,
  "seriesProductName": "Jazz-L09",
  "visitedTimes": 16,
  "isUsefulFlag": null,
  "score": 0,
  "times": 0,
  "imageList": null,
  "displayType": "text",
  "justView": "0",
  "fileName": null,
  "filePath": null,
  "imagePath": null,
  "imageName": null,
  "productIdList": null,
  "curPage": null,
  "pageSize": null,
  "siteCode": null,
  "statusFlag": "Publish",
  "returnCode": 0,
  "totalRows": null,
  "keywords": null,
  "avgScore": 0.0,
  "createDate": null,
  "totalPages": null
}