{
  "type": null,
  "faqId": 16964,
  "title": "How do I update my phone?",
  "answer": "![](http://consumer.huawei.com/support/servlet/imageServlet?dlType=SupportImage&imagePath=/20141204201622511001.png)\r\n\r\nBack up important data, such as your contacts, messages, and call log, before the update.\r\n\r\nl   Online update: Before the update, make sure your phone has Internet access.\r\n\r\nGo to the **Settings** screen, touch **Updater**, and follow the onscreen instructions.\r\n\r\n![](http://consumer.huawei.com/support/servlet/imageServlet?dlType=SupportImage&imagePath=/20141204201623593002.jpg)![](http://consumer.huawei.com/support/servlet/imageServlet?dlType=SupportImage&imagePath=/20141204201623885003.jpg)\r\n\r\nl   Local update: Download the update package from [http://consumer.huawei.com](http://consumer.huawei.com/ \" \") and save the **dload** folder in the update package to the phone storage's root directory.\r\n\r\nGo to the **Settings** screen, touch **Updater** > **Local update**, and follow the onscreen instructions. For details, see the update guide for the update package.\r\n\r\n![](http://consumer.huawei.com/support/servlet/imageServlet?dlType=SupportImage&imagePath=/20141204201623593002.jpg)![](http://consumer.huawei.com/support/servlet/imageServlet?dlType=SupportImage&imagePath=/20141204201624898004.jpg)\r\n\r\n![](http://consumer.huawei.com/support/servlet/imageServlet?dlType=SupportImage&imagePath=/20141204201624757005.png)\r\n\r\nThe figures are for your reference only. The actual screens may vary.",
  "faqTypeId": null,
  "faqType": null,
  "useful": 0,
  "unUseful": 0,
  "languageId": 1,
  "languageName": "en",
  "faqCode": "9627",
  "faqTypeCode": null,
  "isTop": "0",
  "moduleCode": "faq",
  "productId": null,
  "productCode": null,
  "postDate": 1417695415000,
  "seriesProductName": "Jazz-L09",
  "visitedTimes": 111,
  "isUsefulFlag": null,
  "score": 0,
  "times": 0,
  "imageList": null,
  "displayType": "text",
  "justView": "0",
  "fileName": null,
  "filePath": null,
  "imagePath": null,
  "imageName": null,
  "productIdList": null,
  "curPage": null,
  "pageSize": null,
  "siteCode": null,
  "statusFlag": "Publish",
  "returnCode": 0,
  "totalRows": null,
  "keywords": null,
  "avgScore": 0.0,
  "createDate": null,
  "totalPages": null
}