{
  "type": null,
  "faqId": 16975,
  "title": "What can I do if my Wi-Fi connection constantly disconnects?",
  "answer": "l   Make sure you are within the working range of the Wi-Fi hotspot.\r\n\r\nl   Restart Wi-Fi on your phone or your wireless router.\r\n\r\nl   Go to the Wi-Fi settings screen, touch **Advanced settings**, and touch **Keep Wi-Fi on during sleep**. From the displayed option menu, choose **Always**.\r\n\r\nThe figures are for your reference only. The actual screens may vary.",
  "faqTypeId": null,
  "faqType": null,
  "useful": 0,
  "unUseful": 0,
  "languageId": 1,
  "languageName": "en",
  "faqCode": "9645",
  "faqTypeCode": null,
  "isTop": "0",
  "moduleCode": "faq",
  "productId": null,
  "productCode": null,
  "postDate": 1417696668000,
  "seriesProductName": "Jazz-L09",
  "visitedTimes": 7,
  "isUsefulFlag": null,
  "score": 0,
  "times": 0,
  "imageList": null,
  "displayType": "text",
  "justView": "0",
  "fileName": null,
  "filePath": null,
  "imagePath": null,
  "imageName": null,
  "productIdList": null,
  "curPage": null,
  "pageSize": null,
  "siteCode": null,
  "statusFlag": "Publish",
  "returnCode": 0,
  "totalRows": null,
  "keywords": null,
  "avgScore": 0.0,
  "createDate": null,
  "totalPages": null
}