{
  "type": null,
  "faqId": 16976,
  "title": "What can I do if my phone can't find any available Wi-Fi network after I turn on Wi-Fi?",
  "answer": "l   Restart the Wi-Fi hotspot device, such as your wireless router.\r\n\r\nl   Restart Wi-Fi on your phone.\r\n\r\nl   Restart your phone.\r\n\r\nl   If the problem persists, make sure MAC address filtering is not enabled on your wireless router. For details about configuration on the router, see the router User Guide.",
  "faqTypeId": null,
  "faqType": null,
  "useful": 0,
  "unUseful": 0,
  "languageId": 1,
  "languageName": "en",
  "faqCode": "9646",
  "faqTypeCode": null,
  "isTop": "0",
  "moduleCode": "faq",
  "productId": null,
  "productCode": null,
  "postDate": 1417696719000,
  "seriesProductName": "Jazz-L09",
  "visitedTimes": 6,
  "isUsefulFlag": null,
  "score": 0,
  "times": 0,
  "imageList": null,
  "displayType": "text",
  "justView": "0",
  "fileName": null,
  "filePath": null,
  "imagePath": null,
  "imageName": null,
  "productIdList": null,
  "curPage": null,
  "pageSize": null,
  "siteCode": null,
  "statusFlag": "Publish",
  "returnCode": 0,
  "totalRows": null,
  "keywords": null,
  "avgScore": 0.0,
  "createDate": null,
  "totalPages": null
}