{
  "type": null,
  "faqId": 16971,
  "title": "What can I do if I can't access the Internet after my data service is turned on?",
  "answer": "l   Make sure your SIM card is properly inserted. For details, see the Quick Start Guide that comes with your phone.\r\n\r\nl   Make sure your phone supports the SIM card mode. For details, contact your SIM card vendor.\r\n\r\nl   Make sure you have subscribed to a data plan for your SIM card. For details, contact your service provider.\r\n\r\nl   Make sure your SIM card has sufficient balance. Your service provider may stop providing Internet access to SIM cards that have a negative balance.\r\n\r\nl   Restore the APN settings to their default values.\r\n\r\nGo to the **Settings** screen, touch **More** > **Mobile networks** > **Access Point Names** > **Reset to default**, and then try again.\r\n\r\n![](http://consumer.huawei.com/support/servlet/imageServlet?dlType=SupportImage&imagePath=/20141204203234499001.jpg)![](http://consumer.huawei.com/support/servlet/imageServlet?dlType=SupportImage&imagePath=/20141204203234349002.jpg)![](http://consumer.huawei.com/support/servlet/imageServlet?dlType=SupportImage&imagePath=/20141204203234628003.jpg)![](http://consumer.huawei.com/support/servlet/imageServlet?dlType=SupportImage&imagePath=/20141204203235583004.jpg)\r\n\r\n![](http://consumer.huawei.com/support/servlet/imageServlet?dlType=SupportImage&imagePath=/20141204203235929005.png)\r\n\r\nThe figures are for your reference only. The actual screens may vary.",
  "faqTypeId": null,
  "faqType": null,
  "useful": 0,
  "unUseful": 0,
  "languageId": 1,
  "languageName": "en",
  "faqCode": "9634",
  "faqTypeCode": null,
  "isTop": "0",
  "moduleCode": "faq",
  "productId": null,
  "productCode": null,
  "postDate": 1417696365000,
  "seriesProductName": "Jazz-L09",
  "visitedTimes": 6,
  "isUsefulFlag": null,
  "score": 0,
  "times": 0,
  "imageList": null,
  "displayType": "text",
  "justView": "0",
  "fileName": null,
  "filePath": null,
  "imagePath": null,
  "imageName": null,
  "productIdList": null,
  "curPage": null,
  "pageSize": null,
  "siteCode": null,
  "statusFlag": "Publish",
  "returnCode": 0,
  "totalRows": null,
  "keywords": null,
  "avgScore": 0.0,
  "createDate": null,
  "totalPages": null
}