{
  "type": null,
  "faqId": 16978,
  "title": "What can I do if my phone cannot be detected by other Bluetooth devices?",
  "answer": "l   Your phone may not be set to visible.\r\n\r\nAfter you enable Bluetooth, touch **Bluetooth** to display the Bluetooth settings screen. Touch your phone's Bluetooth name to set it to visible.\r\n\r\nl   The Bluetooth visibility may have timed out.\r\n\r\nRe-enable the Bluetooth visibility or change the timeout period. On the Bluetooth settings screen, touch ![](http://consumer.huawei.com/support/servlet/imageServlet?dlType=SupportImage&imagePath=/20141204204029617001.png) > **Visibility timeout** to select a period and enable Bluetooth visibility.\r\n\r\nl   Your phone may not be within the working range of Bluetooth.\r\n\r\nMake sure your phone is within 10 m of other Bluetooth devices.",
  "faqTypeId": null,
  "faqType": null,
  "useful": 0,
  "unUseful": 0,
  "languageId": 1,
  "languageName": "en",
  "faqCode": "9637",
  "faqTypeCode": null,
  "isTop": "0",
  "moduleCode": "faq",
  "productId": null,
  "productCode": null,
  "postDate": 1417696834000,
  "seriesProductName": "Jazz-L09",
  "visitedTimes": 5,
  "isUsefulFlag": null,
  "score": 0,
  "times": 0,
  "imageList": null,
  "displayType": "text",
  "justView": "0",
  "fileName": null,
  "filePath": null,
  "imagePath": null,
  "imageName": null,
  "productIdList": null,
  "curPage": null,
  "pageSize": null,
  "siteCode": null,
  "statusFlag": "Publish",
  "returnCode": 0,
  "totalRows": null,
  "keywords": null,
  "avgScore": 0.0,
  "createDate": null,
  "totalPages": null
}