{
  "type": null,
  "faqId": 16979,
  "title": "Why can't I transfer files to another Bluetooth device that I've already paired with?",
  "answer": "l   The other Bluetooth device did not respond to your file transfer request in time.\r\n\r\nl   The other Bluetooth device does not support the format of the file you are trying to send.\r\n\r\nl   The distance between your phone and the other Bluetooth device is over 10 meters.",
  "faqTypeId": null,
  "faqType": null,
  "useful": 1,
  "unUseful": 2,
  "languageId": 1,
  "languageName": "en",
  "faqCode": "9638",
  "faqTypeCode": null,
  "isTop": "0",
  "moduleCode": "faq",
  "productId": null,
  "productCode": null,
  "postDate": 1417696887000,
  "seriesProductName": "Jazz-L09",
  "visitedTimes": 7,
  "isUsefulFlag": null,
  "score": 0,
  "times": 0,
  "imageList": null,
  "displayType": "text",
  "justView": "0",
  "fileName": null,
  "filePath": null,
  "imagePath": null,
  "imageName": null,
  "productIdList": null,
  "curPage": null,
  "pageSize": null,
  "siteCode": null,
  "statusFlag": "Publish",
  "returnCode": 0,
  "totalRows": null,
  "keywords": null,
  "avgScore": 0.0,
  "createDate": null,
  "totalPages": null
}