{
  "type": null,
  "faqId": 16974,
  "title": "What can I do if I can't connect to a Wi-Fi hotspot?",
  "answer": "l   If the Wi-Fi hotspot is encrypted, check whether the password you entered is correct. Note that the password is case-sensitive.\r\n\r\nl   Check whether the Wi-Fi hotspot name or password has changed. If so, obtain the new information and try again.\r\n\r\nl   The Wi-Fi reception may be poor.\r\n\r\nMake sure you are within the working range of the Wi-Fi hotspot.\r\n\r\nl   The number of connected devices may have reached the Wi-Fi hotspot's limit. \r\n\r\nTry connecting to another available network.\r\n\r\nl   If your phone can't connect to the Wi-Fi hotspot and keeps obtaining an IP address, set a static IP address for it as follows:\r\n\r\nFor an encrypted Wi-Fi hotspot, on the Wi-Fi settings screen, touch the hotspot.\r\n\r\nIn the displayed dialog box, select the **Show advanced options** check box. Under **IP settings**, touch the drop-down list box, and choose **Static**. Then enter the IP address and domain name.\r\n\r\nEnter the password, and touch **Connect**.\r\n\r\n![](http://consumer.huawei.com/support/servlet/imageServlet?dlType=SupportImage&imagePath=/20141204203628387001.jpg)![](http://consumer.huawei.com/support/servlet/imageServlet?dlType=SupportImage&imagePath=/20141204203629320002.jpg)![](http://consumer.huawei.com/support/servlet/imageServlet?dlType=SupportImage&imagePath=/20141204203629137003.jpg) \r\n\r\nFor an open Wi-Fi hotspot, on the Wi-Fi settings screen, touch and hold the hotspot.\r\n\r\nFrom the displayed option menu, choose **Modify network**. In the displayed dialog box, select the **Show advanced options** check box. Under **IP settings**, touch the drop-down list box, and choose **Static**. Then enter the IP address and domain name.\r\n\r\nAfter your phone connects to the Wi-Fi network, a Wi-Fi icon will be displayed on the status bar.\r\n\r\n![](http://consumer.huawei.com/support/servlet/imageServlet?dlType=SupportImage&imagePath=/20141204203630796004.jpg)![](http://consumer.huawei.com/support/servlet/imageServlet?dlType=SupportImage&imagePath=/20141204203630948005.jpg)![](http://consumer.huawei.com/support/servlet/imageServlet?dlType=SupportImage&imagePath=/20141204203630361006.jpg) \r\n\r\n![](http://consumer.huawei.com/support/servlet/imageServlet?dlType=SupportImage&imagePath=/20141204203630738007.png)\r\n\r\nThe figures are for your reference only. The actual screens may vary.",
  "faqTypeId": null,
  "faqType": null,
  "useful": 0,
  "unUseful": 0,
  "languageId": 1,
  "languageName": "en",
  "faqCode": "9644",
  "faqTypeCode": null,
  "isTop": "0",
  "moduleCode": "faq",
  "productId": null,
  "productCode": null,
  "postDate": 1417696605000,
  "seriesProductName": "Jazz-L09",
  "visitedTimes": 14,
  "isUsefulFlag": null,
  "score": 0,
  "times": 0,
  "imageList": null,
  "displayType": "text",
  "justView": "0",
  "fileName": null,
  "filePath": null,
  "imagePath": null,
  "imageName": null,
  "productIdList": null,
  "curPage": null,
  "pageSize": null,
  "siteCode": null,
  "statusFlag": "Publish",
  "returnCode": 0,
  "totalRows": null,
  "keywords": null,
  "avgScore": 0.0,
  "createDate": null,
  "totalPages": null
}