{
  "type": null,
  "faqId": 17001,
  "title": "How do I download third-party applications?",
  "answer": "A rich selection of applications are available from a variety of sources. You can:\r\n\r\nl   Download applications from Google's **Play Store**.\r\n\r\nl   Download applications from web pages using the browser on your phone.\r\n\r\nl   Download applications using a computer, and copy the applications to your phone.\r\n\r\nl   Connect your phone to a computer, and download applications using HiSuite or other third-party applications.",
  "faqTypeId": null,
  "faqType": null,
  "useful": 1,
  "unUseful": 0,
  "languageId": 1,
  "languageName": "en",
  "faqCode": "9640",
  "faqTypeCode": null,
  "isTop": "0",
  "moduleCode": "faq",
  "productId": null,
  "productCode": null,
  "postDate": 1417697260000,
  "seriesProductName": "Jazz-L09",
  "visitedTimes": 14,
  "isUsefulFlag": null,
  "score": 0,
  "times": 0,
  "imageList": null,
  "displayType": "text",
  "justView": "0",
  "fileName": null,
  "filePath": null,
  "imagePath": null,
  "imageName": null,
  "productIdList": null,
  "curPage": null,
  "pageSize": null,
  "siteCode": null,
  "statusFlag": "Publish",
  "returnCode": 0,
  "totalRows": null,
  "keywords": null,
  "avgScore": 0.0,
  "createDate": null,
  "totalPages": null
}