{
  "type": null,
  "faqId": 17002,
  "title": "What can I do if third-party applications close unexpectedly?",
  "answer": "l   You phone memory may be insufficient. To free up your phone memory:\r\n\r\nOn the **Phone Manager** screen, touch **Phone accelerator** > **Storage cleaner** > **Smart scan**, and follow the onscreen instructions to perform a smart scan, and clear the application cache, system trash files, applications you no longer need and their installation packages, and large files, such as videos and compressed packages.\r\n\r\n![](http://consumer.huawei.com/support/servlet/imageServlet?dlType=SupportImage&imagePath=/20141204205715741001.jpg)![](http://consumer.huawei.com/support/servlet/imageServlet?dlType=SupportImage&imagePath=/20141204205715547002.jpg)\r\n\r\nl   Some third-party applications may not be compatible with your phone. You can try replacing them with similar applications.\r\n\r\nIf the problem persists, restart your phone or back up important data and restore your phone to its factory settings.\r\n\r\n![](http://consumer.huawei.com/support/servlet/imageServlet?dlType=SupportImage&imagePath=/20141204205716737003.png)\r\n\r\nThe figures are for your reference only. The actual screens may vary.",
  "faqTypeId": null,
  "faqType": null,
  "useful": 0,
  "unUseful": 0,
  "languageId": 1,
  "languageName": "en",
  "faqCode": "9661",
  "faqTypeCode": null,
  "isTop": "0",
  "moduleCode": "faq",
  "productId": null,
  "productCode": null,
  "postDate": 1417697839000,
  "seriesProductName": "Jazz-L09",
  "visitedTimes": 4,
  "isUsefulFlag": null,
  "score": 0,
  "times": 0,
  "imageList": null,
  "displayType": "text",
  "justView": "0",
  "fileName": null,
  "filePath": null,
  "imagePath": null,
  "imageName": null,
  "productIdList": null,
  "curPage": null,
  "pageSize": null,
  "siteCode": null,
  "statusFlag": "Publish",
  "returnCode": 0,
  "totalRows": null,
  "keywords": null,
  "avgScore": 0.0,
  "createDate": null,
  "totalPages": null
}