{
  "type": null,
  "faqId": 17028,
  "title": "How do I turn on/off my mobile data?",
  "answer": "To turn on/off your mobile data:\n  \r\n\n\n1. Go to Settings > (Mobile) Networks > Data and select data on or off.\n  \r\n\n\n2. This can also be done through the shortcut in the notification menu. ",
  "faqTypeId": null,
  "faqType": null,
  "useful": 3,
  "unUseful": 9,
  "languageId": 1,
  "languageName": "en",
  "faqCode": "9688",
  "faqTypeCode": null,
  "isTop": "0",
  "moduleCode": "faq",
  "productId": null,
  "productCode": null,
  "postDate": 1417755832000,
  "seriesProductName": "G510-0200,G526-L22,G630-U251,G730-U27,MT1-U06,P2-6070,Y300-0151,Y320-U10,Y330-U01,Y511-U251,Y520-U03,Y520-U12,Y530-U051,Y550-L02,Y600-U151",
  "visitedTimes": 754,
  "isUsefulFlag": null,
  "score": 0,
  "times": 0,
  "imageList": null,
  "displayType": "text",
  "justView": "0",
  "fileName": null,
  "filePath": null,
  "imagePath": null,
  "imageName": null,
  "productIdList": null,
  "curPage": null,
  "pageSize": null,
  "siteCode": null,
  "statusFlag": "Publish",
  "returnCode": 0,
  "totalRows": null,
  "keywords": "mobile data",
  "avgScore": 0.0,
  "createDate": null,
  "totalPages": null
}