{
  "type": null,
  "faqId": 17029,
  "title": "Can I save images from the internet on to my phone?",
  "answer": "Yes, you can save images directly from the webpage.\r\n\r\nTo save an image from a webpage - long press the image and select save from the pop-up menu.",
  "faqTypeId": null,
  "faqType": null,
  "useful": 61,
  "unUseful": 61,
  "languageId": 1,
  "languageName": "en",
  "faqCode": "9689",
  "faqTypeCode": null,
  "isTop": "0",
  "moduleCode": "faq",
  "productId": null,
  "productCode": null,
  "postDate": 1417755961000,
  "seriesProductName": "EDGE-U00,G510-0200,G526-L22,G630-U251,G6-L22,G730-U27,Jazz-L09,Jazz-TL10,MT1-U06,P2-6070,Sophia-L10,Sophia-L11,Y300-0151,Y320-U10,Y330-U01,Y511-U251,Y520-U03,Y520-U12,Y530-U051,Y550-L02,Y600-U151",
  "visitedTimes": 3379,
  "isUsefulFlag": null,
  "score": 0,
  "times": 0,
  "imageList": null,
  "displayType": "text",
  "justView": "0",
  "fileName": null,
  "filePath": null,
  "imagePath": null,
  "imageName": null,
  "productIdList": null,
  "curPage": null,
  "pageSize": null,
  "siteCode": null,
  "statusFlag": "Publish",
  "returnCode": 0,
  "totalRows": null,
  "keywords": "y520, images",
  "avgScore": 0.0,
  "createDate": null,
  "totalPages": null
}