{
  "type": null,
  "faqId": 17030,
  "title": "How do I change the font size of the text?",
  "answer": "To change the font size, go to Settings > Display > Font Size and select the font size from the options displayed.",
  "faqTypeId": null,
  "faqType": null,
  "useful": 0,
  "unUseful": 0,
  "languageId": 1,
  "languageName": "en",
  "faqCode": "9706",
  "faqTypeCode": null,
  "isTop": "0",
  "moduleCode": "faq",
  "productId": null,
  "productCode": null,
  "postDate": 1417756252000,
  "seriesProductName": "Y520-U12",
  "visitedTimes": 32,
  "isUsefulFlag": null,
  "score": 0,
  "times": 0,
  "imageList": null,
  "displayType": "text",
  "justView": "0",
  "fileName": null,
  "filePath": null,
  "imagePath": null,
  "imageName": null,
  "productIdList": null,
  "curPage": null,
  "pageSize": null,
  "siteCode": null,
  "statusFlag": "Publish",
  "returnCode": 0,
  "totalRows": null,
  "keywords": "font, y520",
  "avgScore": 0.0,
  "createDate": null,
  "totalPages": null
}