{
  "type": null,
  "faqId": 17045,
  "title": "How do I factory reset my Ascend Y520?",
  "answer": "To factory reset your Y520 to default settings:\n  \r\n\n\nGo to Settings > Backup & Reset > Factory Data Reset > Reset Phone.\n  \r\n\n\nPlease note: This will erase all your personal information and will reset all data and settings.",
  "faqTypeId": null,
  "faqType": null,
  "useful": 9,
  "unUseful": 3,
  "languageId": 1,
  "languageName": "en",
  "faqCode": "9707",
  "faqTypeCode": null,
  "isTop": "0",
  "moduleCode": "faq",
  "productId": null,
  "productCode": null,
  "postDate": 1417757145000,
  "seriesProductName": "Y520-U12",
  "visitedTimes": 366,
  "isUsefulFlag": null,
  "score": 0,
  "times": 0,
  "imageList": null,
  "displayType": "text",
  "justView": "0",
  "fileName": null,
  "filePath": null,
  "imagePath": null,
  "imageName": null,
  "productIdList": null,
  "curPage": null,
  "pageSize": null,
  "siteCode": null,
  "statusFlag": "Publish",
  "returnCode": 0,
  "totalRows": null,
  "keywords": null,
  "avgScore": 0.0,
  "createDate": null,
  "totalPages": null
}