{
  "type": null,
  "faqId": 17083,
  "title": "What can I do if the call volume is small or the call sound is unclear?",
  "answer": "l   During the call, press the volume up button to increase the call volume.\r\n\r\nl   Make calls in quiet places with good reception.\r\n\r\nl   When you are holding the phone, make sure the earpiece is aligned with your ear.\r\n\r\nl   Do not block the microphone with your finger or other object. Speak close to the microphone.\r\n\r\nl   Use the Huawei original headset for calls. Other headsets may not be compatible with your phone.\r\n\r\nl   Restart your phone or back up important data and restore your phone to its factory settings. \r\n\r\nIf the problem persists, contact Huawei technical support or take your phone to an authorized Huawei service center.",
  "faqTypeId": null,
  "faqType": null,
  "useful": 0,
  "unUseful": 0,
  "languageId": 1,
  "languageName": "en",
  "faqCode": "9741",
  "faqTypeCode": null,
  "isTop": "0",
  "moduleCode": "faq",
  "productId": null,
  "productCode": null,
  "postDate": 1418018933000,
  "seriesProductName": "Jazz-L09",
  "visitedTimes": 7,
  "isUsefulFlag": null,
  "score": 0,
  "times": 0,
  "imageList": null,
  "displayType": "text",
  "justView": "0",
  "fileName": null,
  "filePath": null,
  "imagePath": null,
  "imageName": null,
  "productIdList": null,
  "curPage": null,
  "pageSize": null,
  "siteCode": null,
  "statusFlag": "Publish",
  "returnCode": 0,
  "totalRows": null,
  "keywords": null,
  "avgScore": 0.0,
  "createDate": null,
  "totalPages": null
}