{
  "type": null,
  "faqId": 17085,
  "title": "What can I do if my ringtone automatically restores to the default one after I change it?",
  "answer": "l   If the ringtone you set is not a native one, check whether you have deleted the ringtone file. If so, download the file and set the ringtone again.\r\n\r\nl   If the ringtone file you set is saved in the microSD card, the ringtone will restore to the default one when you connect your phone to a computer in USB storage mode. Disconnect your phone from the computer or move the ringtone file to your phone storage.\r\n\r\nl   If the ringtone file you set is saved in a microSD card, check whether you have uninstalled the microSD card. If so, install the microSD card and set the ringtone again.\r\n\r\nl   If the problem persists, back up important data and restore your phone to its factory settings, and set your ringtone again.",
  "faqTypeId": null,
  "faqType": null,
  "useful": 0,
  "unUseful": 0,
  "languageId": 1,
  "languageName": "en",
  "faqCode": "9723",
  "faqTypeCode": null,
  "isTop": "0",
  "moduleCode": "faq",
  "productId": null,
  "productCode": null,
  "postDate": 1418019050000,
  "seriesProductName": "Jazz-L09",
  "visitedTimes": 4,
  "isUsefulFlag": null,
  "score": 0,
  "times": 0,
  "imageList": null,
  "displayType": "text",
  "justView": "0",
  "fileName": null,
  "filePath": null,
  "imagePath": null,
  "imageName": null,
  "productIdList": null,
  "curPage": null,
  "pageSize": null,
  "siteCode": null,
  "statusFlag": "Publish",
  "returnCode": 0,
  "totalRows": null,
  "keywords": null,
  "avgScore": 0.0,
  "createDate": null,
  "totalPages": null
}