{
  "type": null,
  "faqId": 17084,
  "title": "How do I delete call records?",
  "answer": "l   Deleting call records:\r\n\r\nOn the dialer, touch ![](http://consumer.huawei.com/support/servlet/imageServlet?dlType=SupportImage&imagePath=/20141208140948634001.png) **>** **Delete call log**.\r\n\r\n![](http://consumer.huawei.com/support/servlet/imageServlet?dlType=SupportImage&imagePath=/20141208140950792002.jpg)![](http://consumer.huawei.com/support/servlet/imageServlet?dlType=SupportImage&imagePath=/20141208140951105003.jpg) \r\n\r\nl   Deleting one call record:\r\n\r\nTouch and hold the call record you want to delete, and touch **Delete entry**.\r\n\r\n![](http://consumer.huawei.com/support/servlet/imageServlet?dlType=SupportImage&imagePath=/20141208140951936004.jpg)\r\n\r\n![](http://consumer.huawei.com/support/servlet/imageServlet?dlType=SupportImage&imagePath=/20141208140952623005.png)\r\n\r\nThe figures are for your reference only. The actual screens may vary.",
  "faqTypeId": null,
  "faqType": null,
  "useful": 0,
  "unUseful": 0,
  "languageId": 1,
  "languageName": "en",
  "faqCode": "9742",
  "faqTypeCode": null,
  "isTop": "0",
  "moduleCode": "faq",
  "productId": null,
  "productCode": null,
  "postDate": 1418018998000,
  "seriesProductName": "Jazz-L09",
  "visitedTimes": 6,
  "isUsefulFlag": null,
  "score": 0,
  "times": 0,
  "imageList": null,
  "displayType": "text",
  "justView": "0",
  "fileName": null,
  "filePath": null,
  "imagePath": null,
  "imageName": null,
  "productIdList": null,
  "curPage": null,
  "pageSize": null,
  "siteCode": null,
  "statusFlag": "Publish",
  "returnCode": 0,
  "totalRows": null,
  "keywords": null,
  "avgScore": 0.0,
  "createDate": null,
  "totalPages": null
}