{
  "type": null,
  "faqId": 17099,
  "title": "What can I do if my phone's music playback volume is small?",
  "answer": "l   During music playback, press the volume up button to increase the volume.\r\n\r\nl   Make sure the speaker is not blocked by the phone protective cover or other objects.\r\n\r\nl   Play a ringtone (**Huawei Tune** in the ringtone list recommended) with high volume to check whether the problem resides in the music file.\r\n\r\nIf the problem persists, contact Huawei technical support or take your phone to an authorized Huawei service center.",
  "faqTypeId": null,
  "faqType": null,
  "useful": 0,
  "unUseful": 0,
  "languageId": 1,
  "languageName": "en",
  "faqCode": "9738",
  "faqTypeCode": null,
  "isTop": "0",
  "moduleCode": "faq",
  "productId": null,
  "productCode": null,
  "postDate": 1418021434000,
  "seriesProductName": "Jazz-L09",
  "visitedTimes": 17,
  "isUsefulFlag": null,
  "score": 0,
  "times": 0,
  "imageList": null,
  "displayType": "text",
  "justView": "0",
  "fileName": null,
  "filePath": null,
  "imagePath": null,
  "imageName": null,
  "productIdList": null,
  "curPage": null,
  "pageSize": null,
  "siteCode": null,
  "statusFlag": "Publish",
  "returnCode": 0,
  "totalRows": null,
  "keywords": null,
  "avgScore": 0.0,
  "createDate": null,
  "totalPages": null
}