{
  "type": null,
  "faqId": 17091,
  "title": "Is there any restriction on the multimedia message attachment size?",
  "answer": "Attachments to a multimedia message cannot exceed 300 KB. If an image is too large, it will be automatically compressed before being attached to the message, as a result of which, the image resolution will decrease. Videos or audio clips larger than 300 KB can't be sent through multimedia message.",
  "faqTypeId": null,
  "faqType": null,
  "useful": 0,
  "unUseful": 0,
  "languageId": 1,
  "languageName": "en",
  "faqCode": "9729",
  "faqTypeCode": null,
  "isTop": "0",
  "moduleCode": "faq",
  "productId": null,
  "productCode": null,
  "postDate": 1418020800000,
  "seriesProductName": "Jazz-L09",
  "visitedTimes": 3,
  "isUsefulFlag": null,
  "score": 0,
  "times": 0,
  "imageList": null,
  "displayType": "text",
  "justView": "0",
  "fileName": null,
  "filePath": null,
  "imagePath": null,
  "imageName": null,
  "productIdList": null,
  "curPage": null,
  "pageSize": null,
  "siteCode": null,
  "statusFlag": "Publish",
  "returnCode": 0,
  "totalRows": null,
  "keywords": null,
  "avgScore": 0.0,
  "createDate": null,
  "totalPages": null
}