{
  "type": null,
  "faqId": 17096,
  "title": "Why can't my phone open some images, audio clips, or videos?",
  "answer": "l   Your phone may not support the file format.\r\n\r\nSupported image formats include PNG, GIF, JPG, and BMP. Supported video and audio formats include MP3, WAV, OGG, MID, AMR, MPEG-4, and 3GP.\r\n\r\nFor files in other formats, you may need to use third-party applications.\r\n\r\nl   The file may have corrupted.\r\n\r\nDownload another copy of the file and try opening it again.\r\n\r\nl   The file may be copyright-protected.\r\n\r\nObtain a non copyright-protected version of the file.\r\n\r\nl   The battery level may be low.\r\n\r\nConnect your phone to a charger and try again.\r\n\r\nl   Unknown error may have occurred.\r\n\r\nRestart the applications in question or your phone.",
  "faqTypeId": null,
  "faqType": null,
  "useful": 0,
  "unUseful": 0,
  "languageId": 1,
  "languageName": "en",
  "faqCode": "9735",
  "faqTypeCode": null,
  "isTop": "0",
  "moduleCode": "faq",
  "productId": null,
  "productCode": null,
  "postDate": 1418021247000,
  "seriesProductName": "Jazz-L09",
  "visitedTimes": 6,
  "isUsefulFlag": null,
  "score": 0,
  "times": 0,
  "imageList": null,
  "displayType": "text",
  "justView": "0",
  "fileName": null,
  "filePath": null,
  "imagePath": null,
  "imageName": null,
  "productIdList": null,
  "curPage": null,
  "pageSize": null,
  "siteCode": null,
  "statusFlag": "Publish",
  "returnCode": 0,
  "totalRows": null,
  "keywords": null,
  "avgScore": 0.0,
  "createDate": null,
  "totalPages": null
}