{
  "type": null,
  "faqId": 17090,
  "title": "What can I do if I can't receive or send messages?",
  "answer": "l   Your phone reception may be poor. Take your phone to a place with good reception and try again.\r\n\r\nl   Your phone power may be low. Charge your phone until it has a reasonable amount of power before trying again.\r\n\r\nl   Your may be experiencing a network rush. Wait for a while and try again.\r\n\r\nl   Make sure the recipient's phone number is correct.\r\n\r\nl   Multimedia messages cannot be sent or received if your data service is disabled. Make sure your data service is enabled.\r\n\r\nl   Attachments larger than 300 KB can't be sent through multimedia message. Try splitting your attachment into multiple multimedia messages or sending it in other ways.",
  "faqTypeId": null,
  "faqType": null,
  "useful": 0,
  "unUseful": 0,
  "languageId": 1,
  "languageName": "en",
  "faqCode": "9728",
  "faqTypeCode": null,
  "isTop": "0",
  "moduleCode": "faq",
  "productId": null,
  "productCode": null,
  "postDate": 1418020742000,
  "seriesProductName": "Jazz-L09",
  "visitedTimes": 4,
  "isUsefulFlag": null,
  "score": 0,
  "times": 0,
  "imageList": null,
  "displayType": "text",
  "justView": "0",
  "fileName": null,
  "filePath": null,
  "imagePath": null,
  "imageName": null,
  "productIdList": null,
  "curPage": null,
  "pageSize": null,
  "siteCode": null,
  "statusFlag": "Publish",
  "returnCode": 0,
  "totalRows": null,
  "keywords": null,
  "avgScore": 0.0,
  "createDate": null,
  "totalPages": null
}