{
  "type": null,
  "faqId": 17094,
  "title": "How do I set the microSD card as my default save location for photos and videos?",
  "answer": "Photos and videos will be saved in your microSD card by default.\r\n\r\nGo to the **File Manager** screen, under **SD card**, touch **DCIM** > **Camera** to view your photos and videos.",
  "faqTypeId": null,
  "faqType": null,
  "useful": 0,
  "unUseful": 0,
  "languageId": 1,
  "languageName": "en",
  "faqCode": "9734",
  "faqTypeCode": null,
  "isTop": "0",
  "moduleCode": "faq",
  "productId": null,
  "productCode": null,
  "postDate": 1418021127000,
  "seriesProductName": "Jazz-L09",
  "visitedTimes": 10,
  "isUsefulFlag": null,
  "score": 0,
  "times": 0,
  "imageList": null,
  "displayType": "text",
  "justView": "0",
  "fileName": null,
  "filePath": null,
  "imagePath": null,
  "imageName": null,
  "productIdList": null,
  "curPage": null,
  "pageSize": null,
  "siteCode": null,
  "statusFlag": "Publish",
  "returnCode": 0,
  "totalRows": null,
  "keywords": null,
  "avgScore": 0.0,
  "createDate": null,
  "totalPages": null
}