{
  "type": null,
  "faqId": 17095,
  "title": "What can I do if I can't use the flash?",
  "answer": "l   Set the flash mode to mandatory ![](http://consumer.huawei.com/support/servlet/imageServlet?dlType=SupportImage&imagePath=/20141208144624719001.jpg). The flash will always turn on when you are taking a photo or shooting a video.\r\n\r\nl   If the flash mode is set to auto ![](http://consumer.huawei.com/support/servlet/imageServlet?dlType=SupportImage&imagePath=/20141208144624576002.jpg), the camera will turn on or off the flash based on the ambient light. If you want to turn on the flash in a bright environment, enable mandatory flash mode.\r\n\r\nl   If the flash can't turn on in mandatory mode, check whether your phone has sufficient battery.\r\n\r\nYour phone automatically disables power-intensive functions, such as flash, when the battery level is low.\r\n\r\nCharge your phone if necessary.\r\n\r\nl   The flash may not turn on if your phone is overheated or the flash is too frequently used. Wait for a while and try again.",
  "faqTypeId": null,
  "faqType": null,
  "useful": 0,
  "unUseful": 0,
  "languageId": 1,
  "languageName": "en",
  "faqCode": "9745",
  "faqTypeCode": null,
  "isTop": "0",
  "moduleCode": "faq",
  "productId": null,
  "productCode": null,
  "postDate": 1418021189000,
  "seriesProductName": "Jazz-L09",
  "visitedTimes": 14,
  "isUsefulFlag": null,
  "score": 0,
  "times": 0,
  "imageList": null,
  "displayType": "text",
  "justView": "0",
  "fileName": null,
  "filePath": null,
  "imagePath": null,
  "imageName": null,
  "productIdList": null,
  "curPage": null,
  "pageSize": null,
  "siteCode": null,
  "statusFlag": "Publish",
  "returnCode": 0,
  "totalRows": null,
  "keywords": null,
  "avgScore": 0.0,
  "createDate": null,
  "totalPages": null
}