{
  "type": null,
  "faqId": 17098,
  "title": "What can I do if my phone experiences lags when playing online music or videos?",
  "answer": "l   The Wi-Fi network connection may be unstable.\r\n\r\nIf you are connected to a Wi-Fi network, check whether you are within the coverage of the Wi-Fi hotspot device, or contact your Wi-Fi service provider.\r\n\r\nl   The mobile data reception may be poor.\r\n\r\nIf you are using a mobile data connection, move your phone to a place with good reception and try again.\r\n\r\nl   Your phone may not have sufficient storage.\r\n\r\nOn the **Phone Manager** screen, touch **Phone accelerator** > **Storage cleaner** > **Smart scan**, and follow the onscreen instructions to perform a smart scan, and clear the application cache, system trash files, applications you no longer need and their installation packages, and large files, such as videos and compressed packages.\r\n\r\n![](http://consumer.huawei.com/support/servlet/imageServlet?dlType=SupportImage&imagePath=/20141208144924381001.jpg)![](http://consumer.huawei.com/support/servlet/imageServlet?dlType=SupportImage&imagePath=/20141208144924443002.jpg)\r\n\r\n![](http://consumer.huawei.com/support/servlet/imageServlet?dlType=SupportImage&imagePath=/20141208144925572003.png)\r\n\r\nThe figures are for your reference only. The actual screens may vary.",
  "faqTypeId": null,
  "faqType": null,
  "useful": 0,
  "unUseful": 0,
  "languageId": 1,
  "languageName": "en",
  "faqCode": "9737",
  "faqTypeCode": null,
  "isTop": "0",
  "moduleCode": "faq",
  "productId": null,
  "productCode": null,
  "postDate": 1418021371000,
  "seriesProductName": "Jazz-L09",
  "visitedTimes": 5,
  "isUsefulFlag": null,
  "score": 0,
  "times": 0,
  "imageList": null,
  "displayType": "text",
  "justView": "0",
  "fileName": null,
  "filePath": null,
  "imagePath": null,
  "imageName": null,
  "productIdList": null,
  "curPage": null,
  "pageSize": null,
  "siteCode": null,
  "statusFlag": "Publish",
  "returnCode": 0,
  "totalRows": null,
  "keywords": null,
  "avgScore": 0.0,
  "createDate": null,
  "totalPages": null
}