{
  "type": null,
  "faqId": 17100,
  "title": "How do I view the lyrics of a song when the song is playing?",
  "answer": "Download the lyrics file in .lrc format. Place the lyrics file and song in the same folder and make sure their names are consistent.\r\n\r\nWhen you play the song using the native music player, flick right on the playback screen to view the lyrics.",
  "faqTypeId": null,
  "faqType": null,
  "useful": 33,
  "unUseful": 18,
  "languageId": 1,
  "languageName": "en",
  "faqCode": "9739",
  "faqTypeCode": null,
  "isTop": "0",
  "moduleCode": "faq",
  "productId": null,
  "productCode": null,
  "postDate": 1418021493000,
  "seriesProductName": "Jazz-L09",
  "visitedTimes": 1572,
  "isUsefulFlag": null,
  "score": 0,
  "times": 0,
  "imageList": null,
  "displayType": "text",
  "justView": "0",
  "fileName": null,
  "filePath": null,
  "imagePath": null,
  "imageName": null,
  "productIdList": null,
  "curPage": null,
  "pageSize": null,
  "siteCode": null,
  "statusFlag": "Publish",
  "returnCode": 0,
  "totalRows": null,
  "keywords": null,
  "avgScore": 0.0,
  "createDate": null,
  "totalPages": null
}