{
  "type": null,
  "faqId": 17104,
  "title": "How do I disable the vibration on keypress for the Huawei input method?",
  "answer": "1.         Go to the **Settings** screen, and touch **Language & input**.\r\n\r\n2.         Touch **Swype for Huawei**.\r\n\r\n3.         Touch **Settings**.\r\n\r\n4.         Clear the **Vibrate on keypress** check box.\r\n\r\n![](http://consumer.huawei.com/support/servlet/imageServlet?dlType=SupportImage&imagePath=/20141208144323143001.jpg)![](http://consumer.huawei.com/support/servlet/imageServlet?dlType=SupportImage&imagePath=/20141208144324554002.jpg)\r\n\r\n![](http://consumer.huawei.com/support/servlet/imageServlet?dlType=SupportImage&imagePath=/20141208144325264003.jpg)![](http://consumer.huawei.com/support/servlet/imageServlet?dlType=SupportImage&imagePath=/20141208144326404004.jpg)\r\n\r\n![](http://consumer.huawei.com/support/servlet/imageServlet?dlType=SupportImage&imagePath=/20141208144326143005.png)\r\n\r\nThe figures are for your reference only. The actual screens may vary.",
  "faqTypeId": null,
  "faqType": null,
  "useful": 1,
  "unUseful": 0,
  "languageId": 1,
  "languageName": "en",
  "faqCode": "9732",
  "faqTypeCode": null,
  "isTop": "0",
  "moduleCode": "faq",
  "productId": null,
  "productCode": null,
  "postDate": 1418021017000,
  "seriesProductName": "Jazz-L09",
  "visitedTimes": 22,
  "isUsefulFlag": null,
  "score": 0,
  "times": 0,
  "imageList": null,
  "displayType": "text",
  "justView": "0",
  "fileName": null,
  "filePath": null,
  "imagePath": null,
  "imageName": null,
  "productIdList": null,
  "curPage": null,
  "pageSize": null,
  "siteCode": null,
  "statusFlag": "Publish",
  "returnCode": 0,
  "totalRows": null,
  "keywords": null,
  "avgScore": 0.0,
  "createDate": null,
  "totalPages": null
}