{
  "type": null,
  "faqId": 17126,
  "title": "Will it result in any charges if I use my navigation application?",
  "answer": "The navigation application itself is free. However, Internet access is required when you browse through the map or plan a route, which may incur data usage fees.\r\n\nFor details about data usage fees, contact your Internet service provider",
  "faqTypeId": null,
  "faqType": null,
  "useful": 0,
  "unUseful": 0,
  "languageId": 1,
  "languageName": "en",
  "faqCode": "9766",
  "faqTypeCode": null,
  "isTop": "0",
  "moduleCode": "faq",
  "productId": null,
  "productCode": null,
  "postDate": 1418021907000,
  "seriesProductName": "Jazz-L09",
  "visitedTimes": 67,
  "isUsefulFlag": null,
  "score": 0,
  "times": 0,
  "imageList": null,
  "displayType": "text",
  "justView": "0",
  "fileName": null,
  "filePath": null,
  "imagePath": null,
  "imageName": null,
  "productIdList": null,
  "curPage": null,
  "pageSize": null,
  "siteCode": null,
  "statusFlag": "Publish",
  "returnCode": 0,
  "totalRows": null,
  "keywords": null,
  "avgScore": 0.0,
  "createDate": null,
  "totalPages": null
}