{
  "type": null,
  "faqId": 17123,
  "title": "Where are my files saved by default?",
  "answer": "l   Files received through Bluetooth are saved to the **bluetooth** folder in **File Manager**.\r\n\r\nl   Photos and videos are saved to the **DCIM** folder in **File Manager**.\r\n\r\nl   Screenshots are saved to the **Pictures** folder in **File Manager**.\r\n\r\nl   Recordings are saved to the **Recordings** folder in **File Manager**.",
  "faqTypeId": null,
  "faqType": null,
  "useful": 4,
  "unUseful": 5,
  "languageId": 1,
  "languageName": "en",
  "faqCode": "9762",
  "faqTypeCode": null,
  "isTop": "0",
  "moduleCode": "faq",
  "productId": null,
  "productCode": null,
  "postDate": 1418021661000,
  "seriesProductName": "Jazz-L09",
  "visitedTimes": 363,
  "isUsefulFlag": null,
  "score": 0,
  "times": 0,
  "imageList": null,
  "displayType": "text",
  "justView": "0",
  "fileName": null,
  "filePath": null,
  "imagePath": null,
  "imageName": null,
  "productIdList": null,
  "curPage": null,
  "pageSize": null,
  "siteCode": null,
  "statusFlag": "Publish",
  "returnCode": 0,
  "totalRows": null,
  "keywords": null,
  "avgScore": 0.0,
  "createDate": null,
  "totalPages": null
}