{
  "type": null,
  "faqId": 17124,
  "title": "What can I do if my phone can't detect the inserted microSD card?",
  "answer": "l   Make sure the microSD card is properly inserted. For details, see the Quick Start Guide that comes with your phone.\r\n\r\nl   Make sure your phone supports the microSD card. Your phone supports microSD cards of 32 GB at most.\r\n\r\nl   Make sure the microSD card is not damaged. You can check whether a microSD card is damaged by connecting it to a computer through a card reader, or inserting it to another phone.\r\n\nIf the problem persists, back up important data and restore your phone to its factory settings, or contact an authorized Huawei service center",
  "faqTypeId": null,
  "faqType": null,
  "useful": 0,
  "unUseful": 0,
  "languageId": 1,
  "languageName": "en",
  "faqCode": "9763",
  "faqTypeCode": null,
  "isTop": "0",
  "moduleCode": "faq",
  "productId": null,
  "productCode": null,
  "postDate": 1418021719000,
  "seriesProductName": "Jazz-L09",
  "visitedTimes": 102,
  "isUsefulFlag": null,
  "score": 0,
  "times": 0,
  "imageList": null,
  "displayType": "text",
  "justView": "0",
  "fileName": null,
  "filePath": null,
  "imagePath": null,
  "imageName": null,
  "productIdList": null,
  "curPage": null,
  "pageSize": null,
  "siteCode": null,
  "statusFlag": "Publish",
  "returnCode": 0,
  "totalRows": null,
  "keywords": null,
  "avgScore": 0.0,
  "createDate": null,
  "totalPages": null
}