{
  "type": null,
  "faqId": 17122,
  "title": "What can I do if my phone does not have sufficient storage?",
  "answer": "l   If you have inserted a microSD card into your phone, move your photos, songs, videos, and other files to the microSD card.\r\n\r\n![](http://consumer.huawei.com/support/servlet/imageServlet?dlType=SupportImage&imagePath=/20141208145320998001.jpg)![](http://consumer.huawei.com/support/servlet/imageServlet?dlType=SupportImage&imagePath=/20141208145321754002.jpg)![](http://consumer.huawei.com/support/servlet/imageServlet?dlType=SupportImage&imagePath=/20141208145321293003.jpg)  \r\n\r\nl   Clean your phone storage: On the **Phone Manager** screen, touch **Phone accelerator** > **Storage cleaner** > **Smart scan**, and follow the onscreen instructions to perform a smart scan, and clear the application cache, system trash files, applications you no longer need and their installation packages, and large files, such as videos and compressed packages.\r\n\r\n![](http://consumer.huawei.com/support/servlet/imageServlet?dlType=SupportImage&imagePath=/20141208145322354004.jpg)![](http://consumer.huawei.com/support/servlet/imageServlet?dlType=SupportImage&imagePath=/20141208145322264005.jpg)\r\n\r\nIf the problem persists, back up important data and restore your phone to its factory settings.\r\n\r\n![](http://consumer.huawei.com/support/servlet/imageServlet?dlType=SupportImage&imagePath=/20141208145323490006.png)\r\n\r\nThe figures are for your reference only. The actual screens may vary.",
  "faqTypeId": null,
  "faqType": null,
  "useful": 0,
  "unUseful": 0,
  "languageId": 1,
  "languageName": "en",
  "faqCode": "9761",
  "faqTypeCode": null,
  "isTop": "0",
  "moduleCode": "faq",
  "productId": null,
  "productCode": null,
  "postDate": 1418021607000,
  "seriesProductName": "Jazz-L09",
  "visitedTimes": 121,
  "isUsefulFlag": null,
  "score": 0,
  "times": 0,
  "imageList": null,
  "displayType": "text",
  "justView": "0",
  "fileName": null,
  "filePath": null,
  "imagePath": null,
  "imageName": null,
  "productIdList": null,
  "curPage": null,
  "pageSize": null,
  "siteCode": null,
  "statusFlag": "Publish",
  "returnCode": 0,
  "totalRows": null,
  "keywords": null,
  "avgScore": 0.0,
  "createDate": null,
  "totalPages": null
}