{
  "type": null,
  "faqId": 17128,
  "title": "What can I do if the positioning and navigation information displayed on my phone is inaccurate?",
  "answer": "l   The positioning accuracy depends on the GPS satellites and map accuracy. Bring your phone to an outdoor location with good reception. The GPS signals are weak indoors, which may cause inaccurate positioning results.\r\n\r\nl   Turn on Wi-Fi for better positioning accuracy. Go to the **Settings** screen, touch **Location access**, and select the **Access my location** check box.\r\n\r\n![](http://consumer.huawei.com/support/servlet/imageServlet?dlType=SupportImage&imagePath=/20141208150009142001.jpg)![](http://consumer.huawei.com/support/servlet/imageServlet?dlType=SupportImage&imagePath=/20141208150009807002.jpg)  \r\n\r\nYou can also try another map application.\r\n\r\nIf the problem persists, contact Huawei technical support or take your phone to an authorized Huawei service center.\r\n\r\n![](http://consumer.huawei.com/support/servlet/imageServlet?dlType=SupportImage&imagePath=/20141208150010844003.png)\r\n\r\nThe figures are for your reference only. The actual screens may vary.",
  "faqTypeId": null,
  "faqType": null,
  "useful": 6,
  "unUseful": 0,
  "languageId": 1,
  "languageName": "en",
  "faqCode": "9768",
  "faqTypeCode": null,
  "isTop": "0",
  "moduleCode": "faq",
  "productId": null,
  "productCode": null,
  "postDate": 1418022031000,
  "seriesProductName": "Jazz-L09",
  "visitedTimes": 244,
  "isUsefulFlag": null,
  "score": 0,
  "times": 0,
  "imageList": null,
  "displayType": "text",
  "justView": "0",
  "fileName": null,
  "filePath": null,
  "imagePath": null,
  "imageName": null,
  "productIdList": null,
  "curPage": null,
  "pageSize": null,
  "siteCode": null,
  "statusFlag": "Publish",
  "returnCode": 0,
  "totalRows": null,
  "keywords": null,
  "avgScore": 0.0,
  "createDate": null,
  "totalPages": null
}