{
  "type": null,
  "faqId": 17127,
  "title": "What can I do if my navigation application is slow in positioning or experience positioning failure?",
  "answer": "l   Some navigation applications may need a network connection. Connect to a Wi-Fi network or turn on the data service and try again.\r\n\r\nl   GPS satellite signals are weak indoors, which may cause slow positioning or positioning failure. Take your phone to an open area with good reception.\r\n\r\nContact the technical support of the application, or try another navigation application.\r\n\r\nIf the problem persists, contact Huawei technical support or take your phone to an authorized Huawei service center.",
  "faqTypeId": null,
  "faqType": null,
  "useful": 2,
  "unUseful": 0,
  "languageId": 1,
  "languageName": "en",
  "faqCode": "9767",
  "faqTypeCode": null,
  "isTop": "0",
  "moduleCode": "faq",
  "productId": null,
  "productCode": null,
  "postDate": 1418021959000,
  "seriesProductName": "Jazz-L09",
  "visitedTimes": 99,
  "isUsefulFlag": null,
  "score": 0,
  "times": 0,
  "imageList": null,
  "displayType": "text",
  "justView": "0",
  "fileName": null,
  "filePath": null,
  "imagePath": null,
  "imageName": null,
  "productIdList": null,
  "curPage": null,
  "pageSize": null,
  "siteCode": null,
  "statusFlag": "Publish",
  "returnCode": 0,
  "totalRows": null,
  "keywords": null,
  "avgScore": 0.0,
  "createDate": null,
  "totalPages": null
}