{
  "type": null,
  "faqId": 18465,
  "title": "How to configure the H350L router function",
  "answer": "1） Connect PC to H350L via Ethernet cable or Wi-Fi, visit [http://192.168.1.1](http://192.168.1.1/) on browser.\r\n\r\n2） Log on the WebUI, the default password is **admin.**\r\n\r\n**Notes: the WEBUI default PASSWORD is display on the back on back**\r\n\r\n3） Follow the Configuration Guide to complete the settings while log on the first time \r\n\r\n4） For more details about settings, please click **help**.",
  "faqTypeId": null,
  "faqType": null,
  "useful": 3,
  "unUseful": 0,
  "languageId": 1,
  "languageName": "en",
  "faqCode": "1426",
  "faqTypeCode": null,
  "isTop": "0",
  "moduleCode": "faq",
  "productId": null,
  "productCode": null,
  "postDate": 1421874571000,
  "seriesProductName": "",
  "visitedTimes": 185,
  "isUsefulFlag": null,
  "score": 0,
  "times": 0,
  "imageList": null,
  "displayType": "text",
  "justView": "0",
  "fileName": null,
  "filePath": null,
  "imagePath": null,
  "imageName": null,
  "productIdList": null,
  "curPage": null,
  "pageSize": null,
  "siteCode": null,
  "statusFlag": "Publish",
  "returnCode": 0,
  "totalRows": null,
  "keywords": null,
  "avgScore": 0.0,
  "createDate": null,
  "totalPages": null
}