{
  "type": null,
  "faqId": 18541,
  "title": "How do I set the SMS center number?",
  "answer": "Go to the messaging app, open the options menu, select **Settings > SMS center number** and enter the SMS center number provided by the local network provider.",
  "faqTypeId": null,
  "faqType": null,
  "useful": 25,
  "unUseful": 15,
  "languageId": 1,
  "languageName": "en",
  "faqCode": "1545",
  "faqTypeCode": null,
  "isTop": "0",
  "moduleCode": "faq",
  "productId": null,
  "productCode": null,
  "postDate": 1422008905000,
  "seriesProductName": "EDGE-U00,G610-U20,G620S-L02,G630-U10,G6-U10,G700-U10,G730-U10,G750-U10,H30-U10,H60-L04,Holly-U19,Jazz-L09,Jazz-TL10,MT1-U06,Sophia-L10,Y221-U22,Y320-U30,Y330-U11,Y511-U30,Y520-U22,Y530-U00,Y550-L01,Y600-U20",
  "visitedTimes": 872,
  "isUsefulFlag": null,
  "score": 0,
  "times": 0,
  "imageList": null,
  "displayType": "text",
  "justView": "0",
  "fileName": null,
  "filePath": null,
  "imagePath": null,
  "imageName": null,
  "productIdList": null,
  "curPage": null,
  "pageSize": null,
  "siteCode": null,
  "statusFlag": "Publish",
  "returnCode": 0,
  "totalRows": null,
  "keywords": "message center number, SMS center, message service center, SMS center number",
  "avgScore": 0.0,
  "createDate": null,
  "totalPages": null
}