{
  "type": null,
  "faqId": 22781,
  "title": "How do I add or delete a home screen?",
  "answer": "On the home screen, pinch your fingers together to display the thumbnails. You can then quickly add or delete a home screen.\r\n\r\n![](http://consumer.huawei.com/support/servlet/imageServlet?dlType=HtmlAreaImage&imageId=76248)  \r\n\r\nYour phone does not support 3D home screens.",
  "faqTypeId": null,
  "faqType": null,
  "useful": 4,
  "unUseful": 0,
  "languageId": 1,
  "languageName": "en",
  "faqCode": "6783",
  "faqTypeCode": null,
  "isTop": "0",
  "moduleCode": "faq",
  "productId": null,
  "productCode": null,
  "postDate": 1429177061000,
  "seriesProductName": "CherryPlus-L11,EDGE-U00,G620S-L01,G6-U10,G730-U10,G750-U10,G760-L01,H30-U10,H60-L04,Holly-U19,Jazz-L09,Jazz-L11,Jazz-TL10,Sophia-L10,Y330-U01,Y520-U22,Y530-U00,Y550-L01,Y600-U20",
  "visitedTimes": 685,
  "isUsefulFlag": null,
  "score": 0,
  "times": 0,
  "imageList": null,
  "displayType": "text",
  "justView": "0",
  "fileName": null,
  "filePath": null,
  "imagePath": null,
  "imageName": null,
  "productIdList": null,
  "curPage": null,
  "pageSize": null,
  "siteCode": null,
  "statusFlag": "Publish",
  "returnCode": 0,
  "totalRows": null,
  "keywords": null,
  "avgScore": 0.0,
  "createDate": null,
  "totalPages": null
}