{
  "type": null,
  "faqId": 22783,
  "title": "How do I add a widget to the home screen?",
  "answer": "Touch the menu key to display the Set Home Screen dialog box. Touch Widgets. Touch and hold a widget and drag it to a blank area on the home screen.\r\n\r\n![](http://consumer.huawei.com/support/servlet/imageServlet?dlType=HtmlAreaImage&imageId=76254)",
  "faqTypeId": null,
  "faqType": null,
  "useful": 55,
  "unUseful": 17,
  "languageId": 1,
  "languageName": "en",
  "faqCode": "6806",
  "faqTypeCode": null,
  "isTop": "0",
  "moduleCode": "faq",
  "productId": null,
  "productCode": null,
  "postDate": 1429177961000,
  "seriesProductName": "CherryPlus-L11,EDGE-U00,G620S-L01,G6-U10,G730-U10,G750-U10,G760-L01,H30-U10,H60-L04,Holly-U19,Jazz-L09,Jazz-L11,Jazz-TL10,Sophia-L10,Y330-U01,Y520-U22,Y530-U00,Y550-L01,Y600-U20",
  "visitedTimes": 6022,
  "isUsefulFlag": null,
  "score": 0,
  "times": 0,
  "imageList": null,
  "displayType": "text",
  "justView": "0",
  "fileName": null,
  "filePath": null,
  "imagePath": null,
  "imageName": null,
  "productIdList": null,
  "curPage": null,
  "pageSize": null,
  "siteCode": null,
  "statusFlag": "Publish",
  "returnCode": 0,
  "totalRows": null,
  "keywords": null,
  "avgScore": 0.0,
  "createDate": null,
  "totalPages": null
}