{
  "type": null,
  "faqId": 22784,
  "title": "How do I create a contact? How do I assign a photo to a contact?",
  "answer": "*   Creating a contact\n\r\n\r\n1.  1.  Touch Contacts then ![](http://consumer.huawei.com/support/servlet/imageServlet?dlType=HtmlAreaImage&imageId=76256). Choose where you want to save the contact.![](http://consumer.huawei.com/support/servlet/imageServlet?dlType=HtmlAreaImage&imageId=76257)\r\n    2.  Enter the contact information and touch SAVE.\n    \n\n\r\n\r\n*   Assigning a photo to a contact\n\r\n\r\n> Note: \r\n\r\n> You cannot assign photos to contacts saved to the SIM card.\r\n\r\n> Method: Go to Contacts and touch a contact. On the contact details screen, youch the contact photo area and touch Take photo, Choose from preset or Choose photo from Gallery.\r\n\r\n> ![](http://consumer.huawei.com/support/servlet/imageServlet?dlType=HtmlAreaImage&imageId=76258)\n",
  "faqTypeId": null,
  "faqType": null,
  "useful": 5,
  "unUseful": 0,
  "languageId": 1,
  "languageName": "en",
  "faqCode": "6807",
  "faqTypeCode": null,
  "isTop": "0",
  "moduleCode": "faq",
  "productId": null,
  "productCode": null,
  "postDate": 1429178861000,
  "seriesProductName": "CherryPlus-L11,EDGE-U00,G620S-L01,G6-U10,G730-U10,G750-U10,G760-L01,H30-U10,H60-L04,Holly-U19,Jazz-L09,Jazz-L11,Jazz-TL10,Sophia-L10,Y330-U01,Y520-U22,Y530-U00,Y550-L01,Y600-U20",
  "visitedTimes": 520,
  "isUsefulFlag": null,
  "score": 0,
  "times": 0,
  "imageList": null,
  "displayType": "text",
  "justView": "0",
  "fileName": null,
  "filePath": null,
  "imagePath": null,
  "imageName": null,
  "productIdList": null,
  "curPage": null,
  "pageSize": null,
  "siteCode": null,
  "statusFlag": "Publish",
  "returnCode": 0,
  "totalRows": null,
  "keywords": null,
  "avgScore": 0.0,
  "createDate": null,
  "totalPages": null
}