{
  "type": null,
  "faqId": 22941,
  "title": "How do I import contacts from or export contacts to a SIM card?",
  "answer": "*   Exporting contacts from your your phone to a SIM card\n\r\n\r\n1.  1.  Touch Contacts > ![](http://consumer.huawei.com/support/servlet/imageServlet?dlType=HtmlAreaImage&imageId=76673) > Import/Export > Export to SIM card. \n\n\r\n\r\n> \r\n\r\n> ![](http://consumer.huawei.com/support/servlet/imageServlet?dlType=HtmlAreaImage&imageId=76674)\r\n\r\n> >\r\n\r\n> 2. Select the contacts you want to export and touch EXPORT then OK.\r\n\r\n> >\r\n\r\n> \r\n\r\n> ![](http://consumer.huawei.com/support/servlet/imageServlet?dlType=HtmlAreaImage&imageId=76675)\r\n\r\n*   Importing contacts from a SIM card\n\r\n\r\n1.  1.  Touch Contacts > ![](http://consumer.huawei.com/support/servlet/imageServlet?dlType=HtmlAreaImage&imageId=76676) > Import/Export > Import from SIM card.  \n\n\r\n\r\n> \r\n\r\n> ![](http://consumer.huawei.com/support/servlet/imageServlet?dlType=HtmlAreaImage&imageId=76677)\r\n\r\n> >\r\n\r\n> 2. Select the contacts you want to import and touch IMPORT then Phone.",
  "faqTypeId": null,
  "faqType": null,
  "useful": 0,
  "unUseful": 0,
  "languageId": 1,
  "languageName": "en",
  "faqCode": "6949",
  "faqTypeCode": null,
  "isTop": "0",
  "moduleCode": "faq",
  "productId": null,
  "productCode": null,
  "postDate": 1429236044000,
  "seriesProductName": "",
  "visitedTimes": 105,
  "isUsefulFlag": null,
  "score": 0,
  "times": 0,
  "imageList": null,
  "displayType": "text",
  "justView": "0",
  "fileName": null,
  "filePath": null,
  "imagePath": null,
  "imageName": null,
  "productIdList": null,
  "curPage": null,
  "pageSize": null,
  "siteCode": null,
  "statusFlag": "Publish",
  "returnCode": 0,
  "totalRows": null,
  "keywords": null,
  "avgScore": 0.0,
  "createDate": null,
  "totalPages": null
}