{
  "type": null,
  "faqId": 22962,
  "title": "How do I complete email settings?",
  "answer": " * Adding email account \r\n\r\n> Touch Settings > All > Add account. Touch Email to add an email account or touch Corporate to add an Exchange account.\r\n\r\n> ![](http://consumer.huawei.com/support/servlet/imageServlet?dlType=HtmlAreaImage&imageId=76747)\r\n\r\n*   Manual setup\n\r\n\r\n> 1.  On the Account setup screen, enter your email account and password.\r\n> 2.  Touch Manual Setup.\r\n> 3.  Touch POP3 to configure the incoming server settings.\r\n> 4.  Touch Next to configure the outgoing server settings.",
  "faqTypeId": null,
  "faqType": null,
  "useful": 0,
  "unUseful": 2,
  "languageId": 1,
  "languageName": "en",
  "faqCode": "6962",
  "faqTypeCode": null,
  "isTop": "0",
  "moduleCode": "faq",
  "productId": null,
  "productCode": null,
  "postDate": 1429252011000,
  "seriesProductName": "",
  "visitedTimes": 49,
  "isUsefulFlag": null,
  "score": 0,
  "times": 0,
  "imageList": null,
  "displayType": "text",
  "justView": "0",
  "fileName": null,
  "filePath": null,
  "imagePath": null,
  "imageName": null,
  "productIdList": null,
  "curPage": null,
  "pageSize": null,
  "siteCode": null,
  "statusFlag": "Publish",
  "returnCode": 0,
  "totalRows": null,
  "keywords": null,
  "avgScore": 0.0,
  "createDate": null,
  "totalPages": null
}