{
  "type": null,
  "faqId": 22961,
  "title": "What can I do if the navigation application experiences data loss?",
  "answer": "If the software data of Google Map is lost, connect your phone to a Wi-Fi network to download the map data again.\r\n\r\nIf the authorization file is lost, Google Map will automatically download the authorization file at the startup when you phone is connected to the internet.",
  "faqTypeId": null,
  "faqType": null,
  "useful": 0,
  "unUseful": 0,
  "languageId": 1,
  "languageName": "en",
  "faqCode": "6961",
  "faqTypeCode": null,
  "isTop": "0",
  "moduleCode": "faq",
  "productId": null,
  "productCode": null,
  "postDate": 1429250413000,
  "seriesProductName": "",
  "visitedTimes": 40,
  "isUsefulFlag": null,
  "score": 0,
  "times": 0,
  "imageList": null,
  "displayType": "text",
  "justView": "0",
  "fileName": null,
  "filePath": null,
  "imagePath": null,
  "imageName": null,
  "productIdList": null,
  "curPage": null,
  "pageSize": null,
  "siteCode": null,
  "statusFlag": "Publish",
  "returnCode": 0,
  "totalRows": null,
  "keywords": null,
  "avgScore": 0.0,
  "createDate": null,
  "totalPages": null
}