{
  "type": null,
  "faqId": 19305,
  "title": "How many messages can be saved on my phone?",
  "answer": " A conversation can contain a maximum of 500 text messages or 50 multimedia messages by default. You can set the maximum numbers from Settings. \r\n\r\n [[<a name=\"_Toc408479439\">How many messages can be saved to your phone depends on your phone's available storage space.</a>]()]() \r\n\n\n\n\n",
  "faqTypeId": null,
  "faqType": null,
  "useful": 0,
  "unUseful": 0,
  "languageId": 244,
  "languageName": "mm",
  "faqCode": "2429",
  "faqTypeCode": null,
  "isTop": "0",
  "moduleCode": "faq",
  "productId": null,
  "productCode": null,
  "postDate": 1422589442000,
  "seriesProductName": "Cherry-L04,Pine-UL00",
  "visitedTimes": 10,
  "isUsefulFlag": null,
  "score": 0,
  "times": 0,
  "imageList": null,
  "displayType": "text",
  "justView": "0",
  "fileName": null,
  "filePath": null,
  "imagePath": null,
  "imageName": null,
  "productIdList": null,
  "curPage": null,
  "pageSize": null,
  "siteCode": null,
  "statusFlag": "Publish",
  "returnCode": 0,
  "totalRows": null,
  "keywords": "save",
  "avgScore": 0.0,
  "createDate": null,
  "totalPages": null
}