{
  "type": null,
  "faqId": 19303,
  "title": "How do I forward a message or send a message to multiple recipients?",
  "answer": " To forward a message: \r\n\r\n Touch and hold the message, choose Forward from the displayed option menu, enter a recipient, and send the message. \r\n\r\n To send a message to multiple recipients: \r\n\r\n Create a message, touch ![](http://consumer.huawei.com/support/servlet/imageServlet?dlType=HtmlAreaImage&imageId=64078), select the desired recipients, and touch Add. \r\n\r\n [[<a name=\"_Toc341283639\"><a name=\"_Toc341961653\"><a name=\"_Toc408479437\"><a name=\"OLE_LINK21\">You can send a text message to up to 100 recipients at a time.</a></a></a></a>]()]() \r\n\n\n\n\n",
  "faqTypeId": null,
  "faqType": null,
  "useful": 0,
  "unUseful": 1,
  "languageId": 244,
  "languageName": "mm",
  "faqCode": "2427",
  "faqTypeCode": null,
  "isTop": "0",
  "moduleCode": "faq",
  "productId": null,
  "productCode": null,
  "postDate": 1422589442000,
  "seriesProductName": "Cherry-L04,Pine-UL00",
  "visitedTimes": 8,
  "isUsefulFlag": null,
  "score": 0,
  "times": 0,
  "imageList": null,
  "displayType": "text",
  "justView": "0",
  "fileName": null,
  "filePath": null,
  "imagePath": null,
  "imageName": null,
  "productIdList": null,
  "curPage": null,
  "pageSize": null,
  "siteCode": null,
  "statusFlag": "Publish",
  "returnCode": 0,
  "totalRows": null,
  "keywords": "forward message",
  "avgScore": 0.0,
  "createDate": null,
  "totalPages": null
}