{
  "type": null,
  "faqId": 19306,
  "title": "How do I set the SMS center number?",
  "answer": " [[On the Messaging screen, choose Advanced > SMS center number, enter the SMS center number, and touch OK.]()]() \r\n\n\n\n\n",
  "faqTypeId": null,
  "faqType": null,
  "useful": 2,
  "unUseful": 0,
  "languageId": 244,
  "languageName": "mm",
  "faqCode": "2430",
  "faqTypeCode": null,
  "isTop": "0",
  "moduleCode": "faq",
  "productId": null,
  "productCode": null,
  "postDate": 1422589442000,
  "seriesProductName": "Cherry-L04,Pine-UL00",
  "visitedTimes": 27,
  "isUsefulFlag": null,
  "score": 0,
  "times": 0,
  "imageList": null,
  "displayType": "text",
  "justView": "0",
  "fileName": null,
  "filePath": null,
  "imagePath": null,
  "imageName": null,
  "productIdList": null,
  "curPage": null,
  "pageSize": null,
  "siteCode": null,
  "statusFlag": "Publish",
  "returnCode": 0,
  "totalRows": null,
  "keywords": "sms",
  "avgScore": 0.0,
  "createDate": null,
  "totalPages": null
}