{
  "type": null,
  "faqId": 19301,
  "title": "How do I change the input method when editing a message?",
  "answer": " Create a message, and touch the text field to bring up the onscreen keyboard. The default input method is Huawei Swype. Swipe down on the screen to open the status bar, touch ![](http://consumer.huawei.com/support/servlet/imageServlet?dlType=HtmlAreaImage&imageId=64076), and select an input method. \r\n\r\n ![](http://consumer.huawei.com/support/servlet/imageServlet?dlType=HtmlAreaImage&imageId=64077)\r\n\r\n\n\n\n\n",
  "faqTypeId": null,
  "faqType": null,
  "useful": 1,
  "unUseful": 2,
  "languageId": 244,
  "languageName": "mm",
  "faqCode": "2425",
  "faqTypeCode": null,
  "isTop": "0",
  "moduleCode": "faq",
  "productId": null,
  "productCode": null,
  "postDate": 1422589442000,
  "seriesProductName": "Cherry-L04,Pine-UL00",
  "visitedTimes": 27,
  "isUsefulFlag": null,
  "score": 0,
  "times": 0,
  "imageList": null,
  "displayType": "text",
  "justView": "0",
  "fileName": null,
  "filePath": null,
  "imagePath": null,
  "imageName": null,
  "productIdList": null,
  "curPage": null,
  "pageSize": null,
  "siteCode": null,
  "statusFlag": "Publish",
  "returnCode": 0,
  "totalRows": null,
  "keywords": "message",
  "avgScore": 0.0,
  "createDate": null,
  "totalPages": null
}