{
  "type": null,
  "faqId": 19302,
  "title": "How do I delete or lock a message in a conversation? How do I delete multiple messages in batches?",
  "answer": " [Go to Messaging and touch a conversation to display all messages in the conversation. Touch and hold the message you want to lock. Choose Menu. From the displayed option menu, choose Lock.]() \r\n\r\n On the Messaging screen, touch and hold the message or conversation you want to delete. From the displayed option menu, choose Delete. You can also touch and hold a message and then select multiple messages or conversations to delete them in batches. \r\n\n\n\n\n",
  "faqTypeId": null,
  "faqType": null,
  "useful": 0,
  "unUseful": 0,
  "languageId": 244,
  "languageName": "mm",
  "faqCode": "2426",
  "faqTypeCode": null,
  "isTop": "0",
  "moduleCode": "faq",
  "productId": null,
  "productCode": null,
  "postDate": 1422589442000,
  "seriesProductName": "Cherry-L04,Pine-UL00",
  "visitedTimes": 11,
  "isUsefulFlag": null,
  "score": 0,
  "times": 0,
  "imageList": null,
  "displayType": "text",
  "justView": "0",
  "fileName": null,
  "filePath": null,
  "imagePath": null,
  "imageName": null,
  "productIdList": null,
  "curPage": null,
  "pageSize": null,
  "siteCode": null,
  "statusFlag": "Publish",
  "returnCode": 0,
  "totalRows": null,
  "keywords": "delete",
  "avgScore": 0.0,
  "createDate": null,
  "totalPages": null
}