{
  "type": null,
  "faqId": 19304,
  "title": "How many Chinese and English characters can be contained in a long message?",
  "answer": " [A long message can contain up to 10 pages with a maximum of 670 Chinese characters or 1530 English characters.]() \r\n\n\n\n\n",
  "faqTypeId": null,
  "faqType": null,
  "useful": 1,
  "unUseful": 0,
  "languageId": 244,
  "languageName": "mm",
  "faqCode": "2428",
  "faqTypeCode": null,
  "isTop": "0",
  "moduleCode": "faq",
  "productId": null,
  "productCode": null,
  "postDate": 1422589442000,
  "seriesProductName": "Cherry-L04,Pine-UL00",
  "visitedTimes": 15,
  "isUsefulFlag": null,
  "score": 0,
  "times": 0,
  "imageList": null,
  "displayType": "text",
  "justView": "0",
  "fileName": null,
  "filePath": null,
  "imagePath": null,
  "imageName": null,
  "productIdList": null,
  "curPage": null,
  "pageSize": null,
  "siteCode": null,
  "statusFlag": "Publish",
  "returnCode": 0,
  "totalRows": null,
  "keywords": "chinese",
  "avgScore": 0.0,
  "createDate": null,
  "totalPages": null
}