{
  "type": null,
  "faqId": 27441,
  "title": "What are suggested wakeup keywords?",
  "answer": "The wake up keywords should be easy to identify. The wake up keywords should be 4-6 Chinese characters. Do not use reduplicated words or popular words.",
  "faqTypeId": null,
  "faqType": null,
  "useful": 4,
  "unUseful": 0,
  "languageId": 244,
  "languageName": "mm",
  "faqCode": "1602",
  "faqTypeCode": null,
  "isTop": "0",
  "moduleCode": "faq",
  "productId": null,
  "productCode": null,
  "postDate": 1433740176000,
  "seriesProductName": "GRA-L03,GRA-UL00",
  "visitedTimes": 88,
  "isUsefulFlag": null,
  "score": 0,
  "times": 0,
  "imageList": null,
  "displayType": "text",
  "justView": "0",
  "fileName": null,
  "filePath": null,
  "imagePath": null,
  "imageName": null,
  "productIdList": null,
  "curPage": null,
  "pageSize": null,
  "siteCode": null,
  "statusFlag": "Publish",
  "returnCode": 0,
  "totalRows": null,
  "keywords": "speech awareness,voice command,P8,voice,setting",
  "avgScore": 0.0,
  "createDate": null,
  "totalPages": null
}