{
  "type": null,
  "faqId": 33982,
  "title": " Color schemes",
  "answer": " Phone colors: black, white, and gold \r\n\r\n Standard version: black, white, and gold \r\n\n<table class=\"t1\">\n<tbody>\n<tr class=\"r1\">\n<td class=\"td1\">\n\r\n\r\n External model \r\n\n</td><td class=\"td2\">\n\r\n\r\n HUAWEI CHC-U01/U03/U23 \r\n\r\n CHM-U01 \r\n\n</td>\n</tr>\n<tr class=\"r1\">\n<td class=\"td1\">\n\r\n\r\n Version name \r\n\n</td><td class=\"td2\">\n\r\n\r\n European dual SIM card version/Australian and Zelanian version/Asia Pacific version/Latin American version/Latin American dual SIM card version \r\n\n</td>\n</tr>\n<tr class=\"r1\">\n<td class=\"td1\">\n\r\n\r\n Version classification \r\n\n</td><td class=\"td2\">\n\r\n\r\n Standard \r\n\n</td>\n</tr>\n<tr class=\"r1\">\n<td class=\"td1\">\n\r\n\r\n Phone color \r\n\n</td><td class=\"td2\">\n\r\n\r\n Black/White/Gold \r\n\n</td>\n</tr>\n<tr class=\"r1\">\n<td class=\"td1\">\n\r\n\r\n RAM/ROM \r\n\n</td><td class=\"td2\">\n\r\n\r\n 2 GB/8 GB \r\n\n</td>\n</tr>\n<tr class=\"r1\">\n<td class=\"td1\">\n\r\n\r\n Single SIM card or Dual SIM cards \r\n\n</td><td class=\"td2\">\n\r\n\r\n Single SIM card for the CHC-U03 and dual SIM cards for other models \r\n\n</td>\n</tr>\n</tbody>\n</table>\n\r\n\r\n\n\n\n\n",
  "faqTypeId": null,
  "faqType": null,
  "useful": 0,
  "unUseful": 0,
  "languageId": 244,
  "languageName": "mm",
  "faqCode": "8682",
  "faqTypeCode": null,
  "isTop": "0",
  "moduleCode": "faq",
  "productId": null,
  "productCode": null,
  "postDate": 1436779646000,
  "seriesProductName": "CHC-U01",
  "visitedTimes": 2,
  "isUsefulFlag": null,
  "score": 0,
  "times": 0,
  "imageList": null,
  "displayType": "text",
  "justView": "0",
  "fileName": null,
  "filePath": null,
  "imagePath": null,
  "imageName": null,
  "productIdList": null,
  "curPage": null,
  "pageSize": null,
  "siteCode": null,
  "statusFlag": "Publish",
  "returnCode": 0,
  "totalRows": null,
  "keywords": "CHC-U01,G play mini",
  "avgScore": 0.0,
  "createDate": null,
  "totalPages": null
}