{
  "type": null,
  "faqId": 33983,
  "title": " Selling points",
  "answer": " Huawei EMUI 3.0 (on Android 4.4) \r\n\r\n 5-inch HD touchscreen \r\n\r\n 1.2 GHz octa-core processor \r\n\r\n 5 MP front camera and 13 MP rear camera that supports autofocus and flash \r\n\r\n 2 GB RAM+8 GB ROM \r\n\r\n GPS and GLONASS \r\n\r\n Bluetooth 4.0 \r\n\r\n [The CHC-U03 supports single SIM card while other models support dual SIM card.]() \r\n\n\n\n\n",
  "faqTypeId": null,
  "faqType": null,
  "useful": 3,
  "unUseful": 0,
  "languageId": 244,
  "languageName": "mm",
  "faqCode": "8683",
  "faqTypeCode": null,
  "isTop": "0",
  "moduleCode": "faq",
  "productId": null,
  "productCode": null,
  "postDate": 1436779646000,
  "seriesProductName": "CHC-U01",
  "visitedTimes": 6,
  "isUsefulFlag": null,
  "score": 0,
  "times": 0,
  "imageList": null,
  "displayType": "text",
  "justView": "0",
  "fileName": null,
  "filePath": null,
  "imagePath": null,
  "imageName": null,
  "productIdList": null,
  "curPage": null,
  "pageSize": null,
  "siteCode": null,
  "statusFlag": "Publish",
  "returnCode": 0,
  "totalRows": null,
  "keywords": "CHC-U01,G play mini",
  "avgScore": 0.0,
  "createDate": null,
  "totalPages": null
}