{
  "type": null,
  "faqId": 33994,
  "title": " How do I add a shortcut for an application to a home screen?",
  "answer": " On the home screen, touch and hold an empty spot. From the displayed four options at the bottom, touch Widgets and drag a desired widget from the displayed list to the target screen. Then touch the home button to return to the home screen. \r\n\r\n ![](http://consumer.huawei.com/support/servlet/imageServlet?dlType=HtmlAreaImage&imageId=109289)![](http://consumer.huawei.com/support/servlet/imageServlet?dlType=HtmlAreaImage&imageId=109290)\r\n\r\n ![](http://consumer.huawei.com/support/servlet/imageServlet?dlType=HtmlAreaImage&imageId=109291)\r\n\r\n If the home screen doesn't have enough space, your phone will automatically create a home screen to the original's right and place the widget on the new home screen. \r\n\r\n\n\n\n\n",
  "faqTypeId": null,
  "faqType": null,
  "useful": 0,
  "unUseful": 0,
  "languageId": 244,
  "languageName": "mm",
  "faqCode": "8694",
  "faqTypeCode": null,
  "isTop": "0",
  "moduleCode": "faq",
  "productId": null,
  "productCode": null,
  "postDate": 1436779647000,
  "seriesProductName": "CHC-U01",
  "visitedTimes": 1,
  "isUsefulFlag": null,
  "score": 0,
  "times": 0,
  "imageList": null,
  "displayType": "text",
  "justView": "0",
  "fileName": null,
  "filePath": null,
  "imagePath": null,
  "imageName": null,
  "productIdList": null,
  "curPage": null,
  "pageSize": null,
  "siteCode": null,
  "statusFlag": "Publish",
  "returnCode": 0,
  "totalRows": null,
  "keywords": "CHC-U01,G play mini",
  "avgScore": 0.0,
  "createDate": null,
  "totalPages": null
}