{
  "type": null,
  "faqId": 34008,
  "title": " What will my phone display when one card is being used for a call and the other receives a call?",
  "answer": " The CHM-U01/CHC-U01/CHC-U23 is a dual card single pass mobile phone. So when one card is being used for a call and the other receives a call, a voice notification will be displayed telling the calling party that your phone cannot be reached for the moment. \r\n\r\n [This question is not applicable to the CHC-U03, which is a single SIM card phone.]() \r\n\n\n\n\n",
  "faqTypeId": null,
  "faqType": null,
  "useful": 0,
  "unUseful": 0,
  "languageId": 244,
  "languageName": "mm",
  "faqCode": "8708",
  "faqTypeCode": null,
  "isTop": "0",
  "moduleCode": "faq",
  "productId": null,
  "productCode": null,
  "postDate": 1436779648000,
  "seriesProductName": "CHC-U01",
  "visitedTimes": 1,
  "isUsefulFlag": null,
  "score": 0,
  "times": 0,
  "imageList": null,
  "displayType": "text",
  "justView": "0",
  "fileName": null,
  "filePath": null,
  "imagePath": null,
  "imageName": null,
  "productIdList": null,
  "curPage": null,
  "pageSize": null,
  "siteCode": null,
  "statusFlag": "Publish",
  "returnCode": 0,
  "totalRows": null,
  "keywords": "CHC-U01,G play mini",
  "avgScore": 0.0,
  "createDate": null,
  "totalPages": null
}