{
  "type": null,
  "faqId": 34001,
  "title": " How do I lock a text message in a conversation? How do I delete one or more conversions and text messages?",
  "answer": " In Messaging, touch a conversation to display all messages in the conversation. Touch and hold the message you want to lock. Choose Menu. From the displayed options menu, choose Lock. \r\n\r\n [To delete one or more conversations: In Messaging, touch and hold the conversation you want to delete. Select more conversations to delete and touch Delete.   \r\n To delete one or more text messages from a conversation: In Messaging, touch a conversation to display all the text messages in that conversation. Touch and hold the text message you want to delete, select more text messages to delete, and touch Delete. ]() \r\n\n\n\n\n",
  "faqTypeId": null,
  "faqType": null,
  "useful": 0,
  "unUseful": 0,
  "languageId": 244,
  "languageName": "mm",
  "faqCode": "8701",
  "faqTypeCode": null,
  "isTop": "0",
  "moduleCode": "faq",
  "productId": null,
  "productCode": null,
  "postDate": 1436779647000,
  "seriesProductName": "CHC-U01",
  "visitedTimes": 1,
  "isUsefulFlag": null,
  "score": 0,
  "times": 0,
  "imageList": null,
  "displayType": "text",
  "justView": "0",
  "fileName": null,
  "filePath": null,
  "imagePath": null,
  "imageName": null,
  "productIdList": null,
  "curPage": null,
  "pageSize": null,
  "siteCode": null,
  "statusFlag": "Publish",
  "returnCode": 0,
  "totalRows": null,
  "keywords": "CHC-U01,G play mini",
  "avgScore": 0.0,
  "createDate": null,
  "totalPages": null
}