{
  "type": null,
  "faqId": 34011,
  "title": " What can I do if I can't send or receive multimedia messages?",
  "answer": " Scenario: You may not be able to send a multimedia message when the network is experiencing difficulties or the signal reception is poor. \r\n\r\n Solution: You can try sending it again later. \r\n\r\n Scenario: The message is denied by the network (MMS center). \r\n\r\n Cause: You may not be able to send a multimedia message when the network is busy. \r\n\r\n Solution: You can try sending it again later. \r\n\r\n Scenario: The message is denied by the network (MMS center). \r\n\r\n Cause 1: The recipient number is invalid. \r\n\r\n Solution 1: Check that the recipient number is correct and try again. \r\n\r\n Cause2: The multimedia message exceeds the maximum size (300 KB) allowed by your service provider. \r\n\r\n Solution 2: Delete some content from the multimedia message to make sure it does not exceed 300 KB, and try again. \r\n\r\n Scenario: Your account balance is insufficient. \r\n\r\n Cause: You may not be able to send a multimedia message when your account balance is insufficient. \r\n\r\n Solution: Top up your account and try again. \r\n\r\n Scenario: Your phone is running out of available storage space. \r\n\r\n Cause: You may not be able to send a multimedia message when your phone is running out of available storage space. \r\n\r\n [Solution: Free up your phone's storage space and make sure the available storage space is at least 300 KB.]() \r\n\n\n\n\n",
  "faqTypeId": null,
  "faqType": null,
  "useful": 0,
  "unUseful": 0,
  "languageId": 244,
  "languageName": "mm",
  "faqCode": "8711",
  "faqTypeCode": null,
  "isTop": "0",
  "moduleCode": "faq",
  "productId": null,
  "productCode": null,
  "postDate": 1436779648000,
  "seriesProductName": "CHC-U01",
  "visitedTimes": 2,
  "isUsefulFlag": null,
  "score": 0,
  "times": 0,
  "imageList": null,
  "displayType": "text",
  "justView": "0",
  "fileName": null,
  "filePath": null,
  "imagePath": null,
  "imageName": null,
  "productIdList": null,
  "curPage": null,
  "pageSize": null,
  "siteCode": null,
  "statusFlag": "Publish",
  "returnCode": 0,
  "totalRows": null,
  "keywords": "CHC-U01,G play mini",
  "avgScore": 0.0,
  "createDate": null,
  "totalPages": null
}