{
  "type": null,
  "faqId": 34013,
  "title": " Where are the multimedia message attachments saved?",
  "answer": " By default, after you receive a multimedia message, its attachment is automatically saved to the data folder, which is invisible to users. \r\n\r\n You can save the attachment to the following locations. \r\n\r\n  [When the default storage location is your phone's internal storage, the attachment is saved to the Download folder under Files > Local > Internal storage.]() \r\n\r\n  [When the default storage location is the microSD card, the attachment is saved to the Download folder under Files > Local > SD card.]() \r\n\n\n\n\n",
  "faqTypeId": null,
  "faqType": null,
  "useful": 0,
  "unUseful": 0,
  "languageId": 244,
  "languageName": "mm",
  "faqCode": "8713",
  "faqTypeCode": null,
  "isTop": "0",
  "moduleCode": "faq",
  "productId": null,
  "productCode": null,
  "postDate": 1436779648000,
  "seriesProductName": "CHC-U01",
  "visitedTimes": 1,
  "isUsefulFlag": null,
  "score": 0,
  "times": 0,
  "imageList": null,
  "displayType": "text",
  "justView": "0",
  "fileName": null,
  "filePath": null,
  "imagePath": null,
  "imageName": null,
  "productIdList": null,
  "curPage": null,
  "pageSize": null,
  "siteCode": null,
  "statusFlag": "Publish",
  "returnCode": 0,
  "totalRows": null,
  "keywords": "CHC-U01,G play mini",
  "avgScore": 0.0,
  "createDate": null,
  "totalPages": null
}