{
  "type": null,
  "faqId": 34018,
  "title": " How do I play songs in the background, exit Music, and view the lyrics when a song is playing?",
  "answer": " 1. To play songs in the background, touch the return or home button when playing a song. \r\n\r\n 1. [To view the lyrics when a song is playing: If the lyrics of a song are saved in the same folder as the song, your phone automatically displays the lyrics while the song is playing. If the lyrics of a song are not saved in the same folder as the song, on the playback screen, slide your finger to display the lyrics.]() \r\n\n\n\n\n",
  "faqTypeId": null,
  "faqType": null,
  "useful": 0,
  "unUseful": 0,
  "languageId": 244,
  "languageName": "mm",
  "faqCode": "8718",
  "faqTypeCode": null,
  "isTop": "0",
  "moduleCode": "faq",
  "productId": null,
  "productCode": null,
  "postDate": 1436779648000,
  "seriesProductName": "CHC-U01",
  "visitedTimes": 7,
  "isUsefulFlag": null,
  "score": 0,
  "times": 0,
  "imageList": null,
  "displayType": "text",
  "justView": "0",
  "fileName": null,
  "filePath": null,
  "imagePath": null,
  "imageName": null,
  "productIdList": null,
  "curPage": null,
  "pageSize": null,
  "siteCode": null,
  "statusFlag": "Publish",
  "returnCode": 0,
  "totalRows": null,
  "keywords": "CHC-U01,G play mini",
  "avgScore": 0.0,
  "createDate": null,
  "totalPages": null
}