{
  "type": null,
  "faqId": 34017,
  "title": " What playback modes does my phone support?",
  "answer": " Play in order (by default): All audio files in a playlist are played in sequence and stopped after all the files have been played. \r\n\r\n Shuffle: All audio files in a playlist are played in a random order and stopped when all the files have been played. \r\n\r\n Repeat list: All audio files in a playlist are played in sequence and played in sequence again when all the files have been played. \r\n\r\n [Repeat current song: The current audio file is played repeatedly.]() \r\n\n\n\n\n",
  "faqTypeId": null,
  "faqType": null,
  "useful": 0,
  "unUseful": 0,
  "languageId": 244,
  "languageName": "mm",
  "faqCode": "8717",
  "faqTypeCode": null,
  "isTop": "0",
  "moduleCode": "faq",
  "productId": null,
  "productCode": null,
  "postDate": 1436779648000,
  "seriesProductName": "CHC-U01",
  "visitedTimes": 4,
  "isUsefulFlag": null,
  "score": 0,
  "times": 0,
  "imageList": null,
  "displayType": "text",
  "justView": "0",
  "fileName": null,
  "filePath": null,
  "imagePath": null,
  "imageName": null,
  "productIdList": null,
  "curPage": null,
  "pageSize": null,
  "siteCode": null,
  "statusFlag": "Publish",
  "returnCode": 0,
  "totalRows": null,
  "keywords": "CHC-U01,G play mini",
  "avgScore": 0.0,
  "createDate": null,
  "totalPages": null
}