{
  "type": null,
  "faqId": 34020,
  "title": " Why can't I open some photos or videos on my phone?",
  "answer": " 1. The file format is not supported. \r\n\r\n 1. Your phone memory is insufficient. \r\n\r\n 1. The file is corrupted. \r\n\r\n 1. The file is copyright-protected (for example, a .dcf file). \r\n\r\n 1. Your phone does not have sufficient resources. Close some third-party applications, and try again. \r\n\r\n 1. [In some rare cases, unknown errors may occur in your phone's operating system or applications. Restart your phone and try again.]() \r\n\n\n\n\n",
  "faqTypeId": null,
  "faqType": null,
  "useful": 0,
  "unUseful": 0,
  "languageId": 244,
  "languageName": "mm",
  "faqCode": "8720",
  "faqTypeCode": null,
  "isTop": "0",
  "moduleCode": "faq",
  "productId": null,
  "productCode": null,
  "postDate": 1436779648000,
  "seriesProductName": "CHC-U01",
  "visitedTimes": 1,
  "isUsefulFlag": null,
  "score": 0,
  "times": 0,
  "imageList": null,
  "displayType": "text",
  "justView": "0",
  "fileName": null,
  "filePath": null,
  "imagePath": null,
  "imageName": null,
  "productIdList": null,
  "curPage": null,
  "pageSize": null,
  "siteCode": null,
  "statusFlag": "Publish",
  "returnCode": 0,
  "totalRows": null,
  "keywords": "CHC-U01,G play mini",
  "avgScore": 0.0,
  "createDate": null,
  "totalPages": null
}