{
  "type": null,
  "faqId": 34021,
  "title": " Where are my photos and videos saved by default? Can I change the save location?",
  "answer": " On the viewfinder, touch ![](http://consumer.huawei.com/support/servlet/imageServlet?dlType=HtmlAreaImage&imageId=109339) in the upper right corner of the screen, then ![](http://consumer.huawei.com/support/servlet/imageServlet?dlType=HtmlAreaImage&imageId=109340) to display the settings menu, touch Preferred save location, and then select the microSD card or phone's internal storage as the preferred save location. \r\n\r\n When the save location is the microSD card, you can touch Files > Local > SD card > DCIM > Camera to view your photos and videos. \r\n\r\n [When the save location is your phone's internal storage, you can touch Files > Local > Internal storage > DCIM > Camera to view your photos and videos.]() \r\n\n\n\n\n",
  "faqTypeId": null,
  "faqType": null,
  "useful": 0,
  "unUseful": 0,
  "languageId": 244,
  "languageName": "mm",
  "faqCode": "8721",
  "faqTypeCode": null,
  "isTop": "0",
  "moduleCode": "faq",
  "productId": null,
  "productCode": null,
  "postDate": 1436779648000,
  "seriesProductName": "CHC-U01",
  "visitedTimes": 3,
  "isUsefulFlag": null,
  "score": 0,
  "times": 0,
  "imageList": null,
  "displayType": "text",
  "justView": "0",
  "fileName": null,
  "filePath": null,
  "imagePath": null,
  "imageName": null,
  "productIdList": null,
  "curPage": null,
  "pageSize": null,
  "siteCode": null,
  "statusFlag": "Publish",
  "returnCode": 0,
  "totalRows": null,
  "keywords": "CHC-U01,G play mini",
  "avgScore": 0.0,
  "createDate": null,
  "totalPages": null
}