{
  "type": null,
  "faqId": 34031,
  "title": " What might cause poor quality of online streaming media played on my phone?",
  "answer": " The source streaming media is of poor quality. \r\n\r\n The network connection is poor. \r\n\r\n Your phone's hardware may be faulty, for example, the display is damaged. To check whether your phone's hardware is faulty, play a local video for comparison. \r\n\r\n Your phone's available memory is insufficient. \r\n\r\n The CPU usage is high. \r\n\r\n Too many applications are running. \r\n\r\n [The power saving mode is not set to normal.]() \r\n\n\n\n\n",
  "faqTypeId": null,
  "faqType": null,
  "useful": 0,
  "unUseful": 0,
  "languageId": 244,
  "languageName": "mm",
  "faqCode": "8731",
  "faqTypeCode": null,
  "isTop": "0",
  "moduleCode": "faq",
  "productId": null,
  "productCode": null,
  "postDate": 1436779649000,
  "seriesProductName": "CHC-U01",
  "visitedTimes": 3,
  "isUsefulFlag": null,
  "score": 0,
  "times": 0,
  "imageList": null,
  "displayType": "text",
  "justView": "0",
  "fileName": null,
  "filePath": null,
  "imagePath": null,
  "imageName": null,
  "productIdList": null,
  "curPage": null,
  "pageSize": null,
  "siteCode": null,
  "statusFlag": "Publish",
  "returnCode": 0,
  "totalRows": null,
  "keywords": "CHC-U01,G play mini",
  "avgScore": 0.0,
  "createDate": null,
  "totalPages": null
}