{
  "type": null,
  "faqId": 34030,
  "title": " Why can't my phone play some streaming media?",
  "answer": " The file format is not supported. \r\n\r\n Your phone supports the following audiovisual encoding formats and file formats: \r\n\r\n − Video encoding: MPEG-4, H.263, and H.264 \r\n\r\n − Audio encoding: AAC, AMR-NB, AAC+, and MIDI \r\n\r\n − File formats: 3GP and MPEG-4 \r\n\r\n The network connection is unstable. \r\n\r\n [Your phone does not have sufficient storage.]() \r\n\n\n\n\n",
  "faqTypeId": null,
  "faqType": null,
  "useful": 0,
  "unUseful": 0,
  "languageId": 244,
  "languageName": "mm",
  "faqCode": "8730",
  "faqTypeCode": null,
  "isTop": "0",
  "moduleCode": "faq",
  "productId": null,
  "productCode": null,
  "postDate": 1436779649000,
  "seriesProductName": "CHC-U01",
  "visitedTimes": 2,
  "isUsefulFlag": null,
  "score": 0,
  "times": 0,
  "imageList": null,
  "displayType": "text",
  "justView": "0",
  "fileName": null,
  "filePath": null,
  "imagePath": null,
  "imageName": null,
  "productIdList": null,
  "curPage": null,
  "pageSize": null,
  "siteCode": null,
  "statusFlag": "Publish",
  "returnCode": 0,
  "totalRows": null,
  "keywords": "CHC-U01,G play mini",
  "avgScore": 0.0,
  "createDate": null,
  "totalPages": null
}