{
  "type": null,
  "faqId": 34040,
  "title": " Why can't I pair my phone with other Bluetooth devices?",
  "answer": " Your phone supports various profiles, such as A2DP, HSP, HFP, PAN, HIDH, OPP, and PBAP. If the pairing device also supports these profiles but fails to be paired with, see the following solutions: \r\n\r\n Your phone cannot detect other phones. \r\n\r\n Solution: Check that your phone has Bluetooth turned on and is set to be visible. \r\n\r\n Your phone cannot detect a Bluetooth headset. \r\n\r\n Solution: Check that the headset is set to be visible. For details about how to configure the headset, see the headset's user guide. \r\n\r\n Your phone cannot send files to another phone. \r\n\r\n [Solution: Check that the phone to be connected to can receive files and supports the format of the file to be sent.]() \r\n\n\n\n\n",
  "faqTypeId": null,
  "faqType": null,
  "useful": 0,
  "unUseful": 0,
  "languageId": 244,
  "languageName": "mm",
  "faqCode": "8740",
  "faqTypeCode": null,
  "isTop": "0",
  "moduleCode": "faq",
  "productId": null,
  "productCode": null,
  "postDate": 1436779650000,
  "seriesProductName": "CHC-U01",
  "visitedTimes": 2,
  "isUsefulFlag": null,
  "score": 0,
  "times": 0,
  "imageList": null,
  "displayType": "text",
  "justView": "0",
  "fileName": null,
  "filePath": null,
  "imagePath": null,
  "imageName": null,
  "productIdList": null,
  "curPage": null,
  "pageSize": null,
  "siteCode": null,
  "statusFlag": "Publish",
  "returnCode": 0,
  "totalRows": null,
  "keywords": "CHC-U01,G play mini",
  "avgScore": 0.0,
  "createDate": null,
  "totalPages": null
}