{
  "type": null,
  "faqId": 34041,
  "title": " Can my computer use my phone's data connection through Bluetooth?",
  "answer": " Yes. You can set up a connection between your computer and phone using Bluetooth. The computer can then use your phone's data connection to access the Internet. You can also connect your phone to other Bluetooth-capable devices and play games together. \r\n\r\n Your phone supports Bluetooth games. The method for using this function varies depending on third-party games. The following is for general reference: \r\n\r\n 1. Open the game and search for other Bluetooth-capable devices. \r\n\r\n 1. Pair your phone with another device. \r\n\r\n 1. [Start the game.]() \r\n\n\n\n\n",
  "faqTypeId": null,
  "faqType": null,
  "useful": 0,
  "unUseful": 0,
  "languageId": 244,
  "languageName": "mm",
  "faqCode": "8741",
  "faqTypeCode": null,
  "isTop": "0",
  "moduleCode": "faq",
  "productId": null,
  "productCode": null,
  "postDate": 1436779650000,
  "seriesProductName": "CHC-U01",
  "visitedTimes": 3,
  "isUsefulFlag": null,
  "score": 0,
  "times": 0,
  "imageList": null,
  "displayType": "text",
  "justView": "0",
  "fileName": null,
  "filePath": null,
  "imagePath": null,
  "imageName": null,
  "productIdList": null,
  "curPage": null,
  "pageSize": null,
  "siteCode": null,
  "statusFlag": "Publish",
  "returnCode": 0,
  "totalRows": null,
  "keywords": "CHC-U01,G play mini",
  "avgScore": 0.0,
  "createDate": null,
  "totalPages": null
}