{
  "type": null,
  "faqId": 34059,
  "title": " Sometimes I cannot open web pages over a Wi-Fi connection. Why?",
  "answer": " Possible causes are as follows: \r\n\r\n The x digital subscriber line (xDSL) connection failed. If the hotspot (such as a wireless router) your phone connects to accesses the Internet through xDSL and the xDSL connection fails, the Internet connection is unavailable. Check that the xDSL connection is working properly and try again. \r\n\r\n A domain name service (DNS) problem occurred. For example, if you cannot open web pages but can access App Center, the DNS is not working properly. In this case, on the screen where a static IP address can be set, modify DNS settings. \r\n\r\n [The websites that the Wi-Fi hotspot can access are restricted. In this case, your phone cannot be used to browse web pages at those websites.]() \r\n\n\n\n\n",
  "faqTypeId": null,
  "faqType": null,
  "useful": 0,
  "unUseful": 0,
  "languageId": 244,
  "languageName": "mm",
  "faqCode": "8759",
  "faqTypeCode": null,
  "isTop": "0",
  "moduleCode": "faq",
  "productId": null,
  "productCode": null,
  "postDate": 1436779651000,
  "seriesProductName": "CHC-U01",
  "visitedTimes": 1,
  "isUsefulFlag": null,
  "score": 0,
  "times": 0,
  "imageList": null,
  "displayType": "text",
  "justView": "0",
  "fileName": null,
  "filePath": null,
  "imagePath": null,
  "imageName": null,
  "productIdList": null,
  "curPage": null,
  "pageSize": null,
  "siteCode": null,
  "statusFlag": "Publish",
  "returnCode": 0,
  "totalRows": null,
  "keywords": "CHC-U01,G play mini",
  "avgScore": 0.0,
  "createDate": null,
  "totalPages": null
}