{
  "type": null,
  "faqId": 34056,
  "title": " How do I synchronize contacts and calendar events?",
  "answer": " To synchronize contacts, you must log in to at least one Exchange account. \r\n\r\n On the Account setup screen, touch Exchange. Get the email server's settings from your email service provider's website, configure the settings on your phone, and log in to your Exchange account. \r\n\r\n Go to Settings and select the account that you want to synchronize. Set the synchronization cycle to Automatic (push). \r\n\r\n [If the contacts synchronization fails, check that your phone has Internet access and that the email server supports contacts synchronization.]() \r\n\n\n\n\n",
  "faqTypeId": null,
  "faqType": null,
  "useful": 0,
  "unUseful": 0,
  "languageId": 244,
  "languageName": "mm",
  "faqCode": "8756",
  "faqTypeCode": null,
  "isTop": "0",
  "moduleCode": "faq",
  "productId": null,
  "productCode": null,
  "postDate": 1436779651000,
  "seriesProductName": "CHC-U01",
  "visitedTimes": 1,
  "isUsefulFlag": null,
  "score": 0,
  "times": 0,
  "imageList": null,
  "displayType": "text",
  "justView": "0",
  "fileName": null,
  "filePath": null,
  "imagePath": null,
  "imageName": null,
  "productIdList": null,
  "curPage": null,
  "pageSize": null,
  "siteCode": null,
  "statusFlag": "Publish",
  "returnCode": 0,
  "totalRows": null,
  "keywords": "CHC-U01,G play mini",
  "avgScore": 0.0,
  "createDate": null,
  "totalPages": null
}