{
  "type": null,
  "faqId": 34053,
  "title": " How do I configure email settings?",
  "answer": " Adding an email account \r\n\r\n On the home screen, touch Email > Account setup. An email account can be configured automatically or manually. \r\n\r\n Manual setup \r\n\r\n 1 On the Account setup screen, enter your email account name and password. \r\n\r\n 2 Touch Manual setup. \r\n\r\n 3 Touch POP3 to configure the incoming server settings. \r\n\r\n ![](http://consumer.huawei.com/support/servlet/imageServlet?dlType=HtmlAreaImage&imageId=109367)\r\n\r\n 4 Touch Next to configure the outgoing server settings. \r\n\r\n ![](http://consumer.huawei.com/support/servlet/imageServlet?dlType=HtmlAreaImage&imageId=109368)\r\n\r\n 5 Touch Next and enter the account name and password to log in to the email. \r\n\r\n ![](http://consumer.huawei.com/support/servlet/imageServlet?dlType=HtmlAreaImage&imageId=109369)\r\n\r\n 6 Touch Next to configure the email receiving settings, such as the inbox checking frequency. \r\n\r\n ![](http://consumer.huawei.com/support/servlet/imageServlet?dlType=HtmlAreaImage&imageId=109370)\r\n\r\n 7 Touch Next to name the account and enter your name. Touch Done to log in to your email and then access the inbox of the email account. \r\n\r\n ![](http://consumer.huawei.com/support/servlet/imageServlet?dlType=HtmlAreaImage&imageId=109371)\r\n\r\n Auto setup:   \r\n You can automatically set up your email account for certain email service providers only when the email settings have been preconfigured on your phone. To automatically set up an email account, do as follows: \r\n\r\n 1 On the Account setup screen, enter your email account name and password. \r\n\r\n 2 Touch Next to configure the email receiving settings, such as the inbox checking frequency. \r\n\r\n 3 Touch Next to name the account and enter your name. \r\n\r\n 4 Touch Done to log in to your email and then access the inbox of the email account. \r\n\r\n For details about email account settings, contact your email service provider. \r\n\r\n Sending an email \r\n\r\n On the Inbox screen, touch the write email icon in the lower left corner, enter the recipient, subject, and email content, and touch the icon in the upper right corner to send the email. \r\n\r\n On the Inbox screen, touch an email to view it, or touch ![](http://consumer.huawei.com/support/servlet/imageServlet?dlType=HtmlAreaImage&imageId=109372) to delete it. \r\n\r\n Removing an email account \r\n\r\n On the Inbox screen, touch the menu button. From the displayed option menu, choose Settings. Touch the email account you want to delete. Flick down to the bottom and touch Remove account. \r\n\r\n ![](http://consumer.huawei.com/support/servlet/imageServlet?dlType=HtmlAreaImage&imageId=109373)\r\n\r\n\n\n\n\n",
  "faqTypeId": null,
  "faqType": null,
  "useful": 0,
  "unUseful": 0,
  "languageId": 244,
  "languageName": "mm",
  "faqCode": "8753",
  "faqTypeCode": null,
  "isTop": "0",
  "moduleCode": "faq",
  "productId": null,
  "productCode": null,
  "postDate": 1436779651000,
  "seriesProductName": "CHC-U01",
  "visitedTimes": 1,
  "isUsefulFlag": null,
  "score": 0,
  "times": 0,
  "imageList": null,
  "displayType": "text",
  "justView": "0",
  "fileName": null,
  "filePath": null,
  "imagePath": null,
  "imageName": null,
  "productIdList": null,
  "curPage": null,
  "pageSize": null,
  "siteCode": null,
  "statusFlag": "Publish",
  "returnCode": 0,
  "totalRows": null,
  "keywords": "CHC-U01,G play mini",
  "avgScore": 0.0,
  "createDate": null,
  "totalPages": null
}