{
  "type": null,
  "faqId": 34060,
  "title": " I have turned on Wi-Fi on my phone, but it cannot detect signals from Wi-Fi hotspots. What can I do?",
  "answer": " On a device other than your phone, turn on Wi-Fi. If the device also cannot detect any Wi-Fi signals, verify that your router is functioning correctly. If the device can detect Wi-Fi signals, do as follows: \r\n\r\n Check that the wireless router's service set identifier (SSID) is not hidden. \r\n\r\n Restart the Wi-Fi function on your phone. \r\n\r\n [Restart your phone.]() \r\n\n\n\n\n",
  "faqTypeId": null,
  "faqType": null,
  "useful": 0,
  "unUseful": 0,
  "languageId": 244,
  "languageName": "mm",
  "faqCode": "8760",
  "faqTypeCode": null,
  "isTop": "0",
  "moduleCode": "faq",
  "productId": null,
  "productCode": null,
  "postDate": 1436779651000,
  "seriesProductName": "CHC-U01",
  "visitedTimes": 1,
  "isUsefulFlag": null,
  "score": 0,
  "times": 0,
  "imageList": null,
  "displayType": "text",
  "justView": "0",
  "fileName": null,
  "filePath": null,
  "imagePath": null,
  "imageName": null,
  "productIdList": null,
  "curPage": null,
  "pageSize": null,
  "siteCode": null,
  "statusFlag": "Publish",
  "returnCode": 0,
  "totalRows": null,
  "keywords": "CHC-U01,G play mini",
  "avgScore": 0.0,
  "createDate": null,
  "totalPages": null
}