{
  "type": null,
  "faqId": 34063,
  "title": " My phone's Wi-Fi connection automatically disconnects after the screen times out. What can I do?",
  "answer": " Change the Wi-Fi sleep policy as follows: \r\n\r\n Touch Settings > Wireless & networks > Wi-Fi. Then touch Advanced settings > Keep Wi-Fi on during sleep, and select Always. \r\n\r\n Note: By default, Always is selected for Keep Wi-Fi on during sleep. If the settings are modified, your phone disconnects from the Wi-Fi network when its screen turns off. The following describes the three options of Keep Wi-Fi on during sleep: \r\n\r\n Always: Never disconnect a Wi-Fi connection. \r\n\r\n Only when plugged in: The Wi-Fi connection never disconnects when the phone is charging. If the phone is not charging, it disconnects a Wi-Fi connection when it has been idle for 3 minutes. \r\n\r\n [[Never (increase data usage): The Wi-Fi connection disconnects when the phone has been idle for 3 minutes.]()]() \r\n\n\n\n\n",
  "faqTypeId": null,
  "faqType": null,
  "useful": 0,
  "unUseful": 0,
  "languageId": 244,
  "languageName": "mm",
  "faqCode": "8763",
  "faqTypeCode": null,
  "isTop": "0",
  "moduleCode": "faq",
  "productId": null,
  "productCode": null,
  "postDate": 1436779652000,
  "seriesProductName": "CHC-U01",
  "visitedTimes": 1,
  "isUsefulFlag": null,
  "score": 0,
  "times": 0,
  "imageList": null,
  "displayType": "text",
  "justView": "0",
  "fileName": null,
  "filePath": null,
  "imagePath": null,
  "imageName": null,
  "productIdList": null,
  "curPage": null,
  "pageSize": null,
  "siteCode": null,
  "statusFlag": "Publish",
  "returnCode": 0,
  "totalRows": null,
  "keywords": "CHC-U01,G play mini",
  "avgScore": 0.0,
  "createDate": null,
  "totalPages": null
}