{
  "type": null,
  "faqId": 34064,
  "title": " Can I use my phone as a mobile Wi-Fi hotspot and access the Internet from another device using my phone's data connection?",
  "answer": " Yes. To activate this, turn on the Wi-Fi hotspot on your phone as follows: \r\n\r\n Choose Settings > Wireless & networks > More > Tethering & portable hotspot > Portable Wi-Fi hotspot. \r\n\r\n ![](http://consumer.huawei.com/support/servlet/imageServlet?dlType=HtmlAreaImage&imageId=109379)![](http://consumer.huawei.com/support/servlet/imageServlet?dlType=HtmlAreaImage&imageId=109380)![](http://consumer.huawei.com/support/servlet/imageServlet?dlType=HtmlAreaImage&imageId=109381)\r\n\r\n After a device connects to your phone over Wi-Fi, you can access the Internet from that device using your phone's mobile data connection. \r\n\r\n To set the hotspot name and encryption mode, choose Settings > Wireless & networks > More > Tethering & portable hotspot > Portable Wi-Fi hotspot settings. \r\n\r\n ![](http://consumer.huawei.com/support/servlet/imageServlet?dlType=HtmlAreaImage&imageId=109382)\r\n\r\n\n\n\n\n",
  "faqTypeId": null,
  "faqType": null,
  "useful": 0,
  "unUseful": 0,
  "languageId": 244,
  "languageName": "mm",
  "faqCode": "8764",
  "faqTypeCode": null,
  "isTop": "0",
  "moduleCode": "faq",
  "productId": null,
  "productCode": null,
  "postDate": 1436779652000,
  "seriesProductName": "CHC-U01",
  "visitedTimes": 1,
  "isUsefulFlag": null,
  "score": 0,
  "times": 0,
  "imageList": null,
  "displayType": "text",
  "justView": "0",
  "fileName": null,
  "filePath": null,
  "imagePath": null,
  "imageName": null,
  "productIdList": null,
  "curPage": null,
  "pageSize": null,
  "siteCode": null,
  "statusFlag": "Publish",
  "returnCode": 0,
  "totalRows": null,
  "keywords": "CHC-U01,G play mini",
  "avgScore": 0.0,
  "createDate": null,
  "totalPages": null
}