{
  "type": null,
  "faqId": 34067,
  "title": " How do I set the phone ringtone?",
  "answer": " For the CHC-U03 (support for single SIM card): \r\n\r\n Go to Settings. Touch Sound > Phone ringtone. Select the desired ringtone and touch the check icon in the upper right corner. \r\n\r\n For the CHM-U01/CHC-U01/CHC-U23 (support for dual SIM cards): \r\n\r\n [Go to Settings. Touch Sound > Card 1 phone ringtone/Card 2 phone ringtone. Select the desired ringtone and touch the check icon in the upper right corner.]() \r\n\n\n\n\n",
  "faqTypeId": null,
  "faqType": null,
  "useful": 0,
  "unUseful": 0,
  "languageId": 244,
  "languageName": "mm",
  "faqCode": "8767",
  "faqTypeCode": null,
  "isTop": "0",
  "moduleCode": "faq",
  "productId": null,
  "productCode": null,
  "postDate": 1436779652000,
  "seriesProductName": "CHC-U01",
  "visitedTimes": 1,
  "isUsefulFlag": null,
  "score": 0,
  "times": 0,
  "imageList": null,
  "displayType": "text",
  "justView": "0",
  "fileName": null,
  "filePath": null,
  "imagePath": null,
  "imageName": null,
  "productIdList": null,
  "curPage": null,
  "pageSize": null,
  "siteCode": null,
  "statusFlag": "Publish",
  "returnCode": 0,
  "totalRows": null,
  "keywords": "CHC-U01,G play mini",
  "avgScore": 0.0,
  "createDate": null,
  "totalPages": null
}