{
  "type": null,
  "faqId": 34069,
  "title": " How do I set a custom audio file as the ringtone or notification tone?",
  "answer": " For the CHM-U01/CHC-U01/CHC-U23 (support for dual SIM cards): \r\n\r\n Go to Files. Touch and hold an audio file and touch Set as > Card 1 phone ringtone, Card 2 phone ringtone, or Notification ringtone. \r\n\r\n For the CHC-U03 (support for single SIM card): \r\n\r\n [Go to Files. Touch and hold an audio file and touch Set as > Phone ringtone or Notification ringtone.]() \r\n\n\n\n\n",
  "faqTypeId": null,
  "faqType": null,
  "useful": 0,
  "unUseful": 0,
  "languageId": 244,
  "languageName": "mm",
  "faqCode": "8769",
  "faqTypeCode": null,
  "isTop": "0",
  "moduleCode": "faq",
  "productId": null,
  "productCode": null,
  "postDate": 1436779652000,
  "seriesProductName": "CHC-U01",
  "visitedTimes": 1,
  "isUsefulFlag": null,
  "score": 0,
  "times": 0,
  "imageList": null,
  "displayType": "text",
  "justView": "0",
  "fileName": null,
  "filePath": null,
  "imagePath": null,
  "imageName": null,
  "productIdList": null,
  "curPage": null,
  "pageSize": null,
  "siteCode": null,
  "statusFlag": "Publish",
  "returnCode": 0,
  "totalRows": null,
  "keywords": "CHC-U01,G play mini",
  "avgScore": 0.0,
  "createDate": null,
  "totalPages": null
}