{
  "type": null,
  "faqId": 34066,
  "title": " How do I set my phone to work as a modem and provide Internet access for computers?",
  "answer": " 1. On the home screen, touch Settings. \r\n\r\n 1. Under Wireless & networks, touch More > Tethering & portable hotspot. \r\n\r\n 1. Touch USB tethering. \r\n\r\n 1. On a computer, use HiSuite to install the USB driver for your phone. Right-click My Computer and choose Manage. \r\n\r\n Note: When using USB tethering, your phone's mobile data connection must be turned on. Otherwise, the phone cannot provide Internet access for computers. \r\n\r\n [If a computer provides a wireless network adapter, you can turn on Portable Wi-Fi hotspot as follows: Go to Settings. Under Wireless & networks, touch More > Tethering & portable hotspot > Portable Wi-Fi hotspot. The computer can then connect to your phone over Wi-Fi to access the Internet. Currently, this function is available to computers running Windows.]() \r\n\n\n\n\n",
  "faqTypeId": null,
  "faqType": null,
  "useful": 0,
  "unUseful": 0,
  "languageId": 244,
  "languageName": "mm",
  "faqCode": "8766",
  "faqTypeCode": null,
  "isTop": "0",
  "moduleCode": "faq",
  "productId": null,
  "productCode": null,
  "postDate": 1436779652000,
  "seriesProductName": "CHC-U01",
  "visitedTimes": 1,
  "isUsefulFlag": null,
  "score": 0,
  "times": 0,
  "imageList": null,
  "displayType": "text",
  "justView": "0",
  "fileName": null,
  "filePath": null,
  "imagePath": null,
  "imageName": null,
  "productIdList": null,
  "curPage": null,
  "pageSize": null,
  "siteCode": null,
  "statusFlag": "Publish",
  "returnCode": 0,
  "totalRows": null,
  "keywords": "CHC-U01,G play mini",
  "avgScore": 0.0,
  "createDate": null,
  "totalPages": null
}