{
  "type": null,
  "faqId": 34078,
  "title": " How do I disable key press vibration?",
  "answer": " You can turn off key press vibration only if your phone's Vibrate on touch has been turned on. To turn off key press vibration, do as follows: \r\n\r\n On the home screen, touch Settings. Touch Sound > Vibrate on touch. \r\n\r\n [Go back to Settings. Touch Language & input, then ![](http://consumer.huawei.com/support/servlet/imageServlet?dlType=HtmlAreaImage&imageId=109392) on the right of Huawei Swype. From the displayed option menu, choose Settings and turn off Vibrate on keypress.]() \r\n\n\n\n\n",
  "faqTypeId": null,
  "faqType": null,
  "useful": 0,
  "unUseful": 0,
  "languageId": 244,
  "languageName": "mm",
  "faqCode": "8778",
  "faqTypeCode": null,
  "isTop": "0",
  "moduleCode": "faq",
  "productId": null,
  "productCode": null,
  "postDate": 1436779653000,
  "seriesProductName": "CHC-U01",
  "visitedTimes": 2,
  "isUsefulFlag": null,
  "score": 0,
  "times": 0,
  "imageList": null,
  "displayType": "text",
  "justView": "0",
  "fileName": null,
  "filePath": null,
  "imagePath": null,
  "imageName": null,
  "productIdList": null,
  "curPage": null,
  "pageSize": null,
  "siteCode": null,
  "statusFlag": "Publish",
  "returnCode": 0,
  "totalRows": null,
  "keywords": "CHC-U01,G play mini",
  "avgScore": 0.0,
  "createDate": null,
  "totalPages": null
}