{
  "type": null,
  "faqId": 34095,
  "title": " How many times can I try the screen unlock pattern before my phone becomes permanently locked? Can I unlock the phone by sending an email from my Gmail?",
  "answer": " Your phone will not be locked even if you incorrectly draw the unlock pattern several consecutive times, but you will have to wait for a while until you can try again. \r\n\r\n If you forget your unlock pattern, touch the backup password button on the screen and enter your backup password to unlock the screen. \r\n\r\n [If you forget your unlock pattern, please send your phone to the local customer service center. Your phone cannot be unlocked using an email from Gmail.]() \r\n\n\n\n\n",
  "faqTypeId": null,
  "faqType": null,
  "useful": 2,
  "unUseful": 0,
  "languageId": 244,
  "languageName": "mm",
  "faqCode": "8795",
  "faqTypeCode": null,
  "isTop": "0",
  "moduleCode": "faq",
  "productId": null,
  "productCode": null,
  "postDate": 1436779656000,
  "seriesProductName": "CHC-U01",
  "visitedTimes": 9,
  "isUsefulFlag": null,
  "score": 0,
  "times": 0,
  "imageList": null,
  "displayType": "text",
  "justView": "0",
  "fileName": null,
  "filePath": null,
  "imagePath": null,
  "imageName": null,
  "productIdList": null,
  "curPage": null,
  "pageSize": null,
  "siteCode": null,
  "statusFlag": "Publish",
  "returnCode": 0,
  "totalRows": null,
  "keywords": "CHC-U01,G play mini",
  "avgScore": 0.0,
  "createDate": null,
  "totalPages": null
}