{
  "type": null,
  "faqId": 34098,
  "title": " How do I add or remove an alarm?",
  "answer": " On the home screen, go to Clock. \r\n\r\n Touch ![](http://consumer.huawei.com/support/servlet/imageServlet?dlType=HtmlAreaImage&imageId=109599) in the lower left corner. \r\n\r\n To set the alarm time, touch Time. \r\n\r\n To set the alarm to repeat on certain days, select the desired intervals under Repeat. \r\n\r\n To set a ringtone for the alarm, touch Ringtone and select a tone. \r\n\r\n To set your phone to vibrate when the alarm goes off, turn on Vibrate. \r\n\r\n To name the alarm, touch Label. \r\n\r\n Touch the check icon in the upper right corner. \r\n\r\n On the alarm screen, you can find the list of all alarms. Use the slider to turn on or off an alarm. \r\n\r\n [Touch and hold an alarm. In the displayed option menu, touch the delete icon (red) to delete the alarm.]() \r\n\n\n\n\n",
  "faqTypeId": null,
  "faqType": null,
  "useful": 0,
  "unUseful": 0,
  "languageId": 244,
  "languageName": "mm",
  "faqCode": "8798",
  "faqTypeCode": null,
  "isTop": "0",
  "moduleCode": "faq",
  "productId": null,
  "productCode": null,
  "postDate": 1436779656000,
  "seriesProductName": "CHC-U01",
  "visitedTimes": 1,
  "isUsefulFlag": null,
  "score": 0,
  "times": 0,
  "imageList": null,
  "displayType": "text",
  "justView": "0",
  "fileName": null,
  "filePath": null,
  "imagePath": null,
  "imageName": null,
  "productIdList": null,
  "curPage": null,
  "pageSize": null,
  "siteCode": null,
  "statusFlag": "Publish",
  "returnCode": 0,
  "totalRows": null,
  "keywords": "CHC-U01,G play mini",
  "avgScore": 0.0,
  "createDate": null,
  "totalPages": null
}