{
  "type": null,
  "faqId": 34090,
  "title": " Are there any restrictions on data services?",
  "answer": " [The CHM-U01/CHC-U01/CHC-U23 supports dual SIM cards. When SIM card 1 is inserted, you can only use the data services on SIM card 1. When SIM card 1 is not inserted or is deactivated, you can use the data services on SIM card 2. Go to Settings > SIM management > Default data. In the displayed dialog box, you can choose to use the data services on SIM card 1 or 2.]() \r\n\r\n [This question is not applicable to the CHC-U03, which is a single SIM card phone.]() \r\n\n\n\n\n",
  "faqTypeId": null,
  "faqType": null,
  "useful": 0,
  "unUseful": 0,
  "languageId": 244,
  "languageName": "mm",
  "faqCode": "8790",
  "faqTypeCode": null,
  "isTop": "0",
  "moduleCode": "faq",
  "productId": null,
  "productCode": null,
  "postDate": 1436779656000,
  "seriesProductName": "CHC-U01",
  "visitedTimes": 1,
  "isUsefulFlag": null,
  "score": 0,
  "times": 0,
  "imageList": null,
  "displayType": "text",
  "justView": "0",
  "fileName": null,
  "filePath": null,
  "imagePath": null,
  "imageName": null,
  "productIdList": null,
  "curPage": null,
  "pageSize": null,
  "siteCode": null,
  "statusFlag": "Publish",
  "returnCode": 0,
  "totalRows": null,
  "keywords": "CHC-U01,G play mini",
  "avgScore": 0.0,
  "createDate": null,
  "totalPages": null
}