{
  "type": null,
  "faqId": 34094,
  "title": " How do I set a screen unlock pattern?",
  "answer": " 1. Go to Settings and touch Privacy & security > Security > Screen security > Screen lock > Pattern. \r\n\r\n 1. On the Draw an unlock pattern screen, swipe your finger across the screen to connect four or more dots together in a pattern and touch Continue. \r\n\r\n 1. Draw the pattern again and touch Confirm. \r\n\r\n 1. Enter your backup PIN and touch Continue. \r\n\r\n 1. Enter your backup PIN again and touch OK. \r\n\r\n 1. [When you power on your phone or press the power button to turn on the screen, the unlock screen is displayed by default. You can then draw the pattern to unlock the screen.]() \r\n\n\n\n\n",
  "faqTypeId": null,
  "faqType": null,
  "useful": 0,
  "unUseful": 0,
  "languageId": 244,
  "languageName": "mm",
  "faqCode": "8794",
  "faqTypeCode": null,
  "isTop": "0",
  "moduleCode": "faq",
  "productId": null,
  "productCode": null,
  "postDate": 1436779656000,
  "seriesProductName": "CHC-U01",
  "visitedTimes": 1,
  "isUsefulFlag": null,
  "score": 0,
  "times": 0,
  "imageList": null,
  "displayType": "text",
  "justView": "0",
  "fileName": null,
  "filePath": null,
  "imagePath": null,
  "imageName": null,
  "productIdList": null,
  "curPage": null,
  "pageSize": null,
  "siteCode": null,
  "statusFlag": "Publish",
  "returnCode": 0,
  "totalRows": null,
  "keywords": "CHC-U01,G play mini",
  "avgScore": 0.0,
  "createDate": null,
  "totalPages": null
}