{
  "type": null,
  "faqId": 34092,
  "title": " How do I set a screen unlock PIN?",
  "answer": " 1. Choose Settings > Privacy & security > Security > Screen security > Screen lock and touch PIN. \r\n\r\n 1. Under Input your PIN, enter a PIN. \r\n\r\n 1. Enter the PIN again and touch OK. \r\n\r\n [When you power on your phone or press the power button to turn on the screen, the unlock screen is displayed by default. You can then enter the PIN to unlock the screen.]() \r\n\n\n\n\n",
  "faqTypeId": null,
  "faqType": null,
  "useful": 0,
  "unUseful": 0,
  "languageId": 244,
  "languageName": "mm",
  "faqCode": "8792",
  "faqTypeCode": null,
  "isTop": "0",
  "moduleCode": "faq",
  "productId": null,
  "productCode": null,
  "postDate": 1436779656000,
  "seriesProductName": "CHC-U01",
  "visitedTimes": 2,
  "isUsefulFlag": null,
  "score": 0,
  "times": 0,
  "imageList": null,
  "displayType": "text",
  "justView": "0",
  "fileName": null,
  "filePath": null,
  "imagePath": null,
  "imageName": null,
  "productIdList": null,
  "curPage": null,
  "pageSize": null,
  "siteCode": null,
  "statusFlag": "Publish",
  "returnCode": 0,
  "totalRows": null,
  "keywords": "CHC-U01,G play mini",
  "avgScore": 0.0,
  "createDate": null,
  "totalPages": null
}