{
  "type": null,
  "faqId": 34104,
  "title": " What can I do if I can't install an application?",
  "answer": " Cause 1: Your phone's storage space is insufficient. If this happens, uninstall some applications that you no longer use or delete some files from Files. \r\n\r\n [[<a name=\"_Toc413916481\">Cause 2: The application may not be compatible with your phone system version. Your phone is running Android 4.4.</a>]()]() \r\n\n\n\n\n",
  "faqTypeId": null,
  "faqType": null,
  "useful": 0,
  "unUseful": 0,
  "languageId": 244,
  "languageName": "mm",
  "faqCode": "8804",
  "faqTypeCode": null,
  "isTop": "0",
  "moduleCode": "faq",
  "productId": null,
  "productCode": null,
  "postDate": 1436779657000,
  "seriesProductName": "CHC-U01",
  "visitedTimes": 6,
  "isUsefulFlag": null,
  "score": 0,
  "times": 0,
  "imageList": null,
  "displayType": "text",
  "justView": "0",
  "fileName": null,
  "filePath": null,
  "imagePath": null,
  "imageName": null,
  "productIdList": null,
  "curPage": null,
  "pageSize": null,
  "siteCode": null,
  "statusFlag": "Publish",
  "returnCode": 0,
  "totalRows": null,
  "keywords": "CHC-U01,G play mini",
  "avgScore": 0.0,
  "createDate": null,
  "totalPages": null
}