{
  "type": null,
  "faqId": 34103,
  "title": " How do I install, manage, and uninstall applications?",
  "answer": " Installing applications \r\n\r\n Before installing, managing, or uninstalling applications: Go to Settings and touch Security. On the displayed screen, select Unknown sources. \r\n\r\n Method 1: Go to App Center, download the application you want to install, and follow the onscreen instructions to install it. \r\n\r\n Method 2: Copy the .apk file corresponding to the application you want to install to your phone's internal storage or the microSD card. Go to Files, find the .apk file and touch it to install the application. \r\n\r\n ![](http://consumer.huawei.com/support/servlet/imageServlet?dlType=HtmlAreaImage&imageId=109600)![](http://consumer.huawei.com/support/servlet/imageServlet?dlType=HtmlAreaImage&imageId=109601)\r\n\r\n Managing applications \r\n\r\n On the home screen, go to Settings. Touch Manage apps > ALL. On the ALL tab where all applications installed on your phone are listed, touch an application to perform desired operations. \r\n\r\n ![](http://consumer.huawei.com/support/servlet/imageServlet?dlType=HtmlAreaImage&imageId=109602)\r\n\r\n Uninstalling applications \r\n\r\n On the home screen, go to Settings. Touch Manage apps, select the application you want to uninstall, and touch Uninstall. \r\n\r\n ![](http://consumer.huawei.com/support/servlet/imageServlet?dlType=HtmlAreaImage&imageId=109603)![](http://consumer.huawei.com/support/servlet/imageServlet?dlType=HtmlAreaImage&imageId=109604)![](http://consumer.huawei.com/support/servlet/imageServlet?dlType=HtmlAreaImage&imageId=109605)\r\n\r\n\n\n\n\n",
  "faqTypeId": null,
  "faqType": null,
  "useful": 0,
  "unUseful": 0,
  "languageId": 244,
  "languageName": "mm",
  "faqCode": "8803",
  "faqTypeCode": null,
  "isTop": "0",
  "moduleCode": "faq",
  "productId": null,
  "productCode": null,
  "postDate": 1436779657000,
  "seriesProductName": "CHC-U01",
  "visitedTimes": 1,
  "isUsefulFlag": null,
  "score": 0,
  "times": 0,
  "imageList": null,
  "displayType": "text",
  "justView": "0",
  "fileName": null,
  "filePath": null,
  "imagePath": null,
  "imageName": null,
  "productIdList": null,
  "curPage": null,
  "pageSize": null,
  "siteCode": null,
  "statusFlag": "Publish",
  "returnCode": 0,
  "totalRows": null,
  "keywords": "CHC-U01,G play mini",
  "avgScore": 0.0,
  "createDate": null,
  "totalPages": null
}