{
  "type": null,
  "faqId": 34122,
  "title": "How do I configure the weather settings?",
  "answer": " On the home screen, go to Widget. Touch Weather to access it. \r\n\r\n On the displayed screen, flick your finger left or right to view the weather of different cities. \r\n\r\n To refresh the weather information, drag down on the screen. \r\n\r\n To manage cities, touch ![](http://consumer.huawei.com/support/servlet/imageServlet?dlType=HtmlAreaImage&imageId=109618) in the upper right corner. You can then touch and hold a city to delete it or touch ![](http://consumer.huawei.com/support/servlet/imageServlet?dlType=HtmlAreaImage&imageId=109619) to add a city. \r\n\r\n To configure other weather settings, touch Settings at the bottom of the same screen. You can then set the temperature unit, whether tones are displayed, auto update, and update interval. \r\n\r\n [To set the current location and resident city, touch the home screen weather button at the bottom of the same screen.]() \r\n\n\n\n\n",
  "faqTypeId": null,
  "faqType": null,
  "useful": 0,
  "unUseful": 0,
  "languageId": 244,
  "languageName": "mm",
  "faqCode": "8822",
  "faqTypeCode": null,
  "isTop": "0",
  "moduleCode": "faq",
  "productId": null,
  "productCode": null,
  "postDate": 1436779658000,
  "seriesProductName": "CHC-U01",
  "visitedTimes": 1,
  "isUsefulFlag": null,
  "score": 0,
  "times": 0,
  "imageList": null,
  "displayType": "text",
  "justView": "0",
  "fileName": null,
  "filePath": null,
  "imagePath": null,
  "imageName": null,
  "productIdList": null,
  "curPage": null,
  "pageSize": null,
  "siteCode": null,
  "statusFlag": "Publish",
  "returnCode": 0,
  "totalRows": null,
  "keywords": "CHC-U01,G play mini",
  "avgScore": 0.0,
  "createDate": null,
  "totalPages": null
}