{
  "type": null,
  "faqId": 34129,
  "title": " How do I turn on or off airplane mode?",
  "answer": " 1. On the home screen, go to Settings. Under Wireless & networks, touch More. Then turn on or off Airplane mode. In airplane mode, your mobile network will be unavailable. \r\n\r\n 1. Go to the notification panel and turn on or off Airplane mode. \r\n\r\n 1. [Press and hold the power button and choose Airplane mode from the displayed option menu.]() \r\n\n\n\n\n",
  "faqTypeId": null,
  "faqType": null,
  "useful": 0,
  "unUseful": 0,
  "languageId": 244,
  "languageName": "mm",
  "faqCode": "8829",
  "faqTypeCode": null,
  "isTop": "0",
  "moduleCode": "faq",
  "productId": null,
  "productCode": null,
  "postDate": 1436779659000,
  "seriesProductName": "CHC-U01",
  "visitedTimes": 2,
  "isUsefulFlag": null,
  "score": 0,
  "times": 0,
  "imageList": null,
  "displayType": "text",
  "justView": "0",
  "fileName": null,
  "filePath": null,
  "imagePath": null,
  "imageName": null,
  "productIdList": null,
  "curPage": null,
  "pageSize": null,
  "siteCode": null,
  "statusFlag": "Publish",
  "returnCode": 0,
  "totalRows": null,
  "keywords": "CHC-U01,G play mini",
  "avgScore": 0.0,
  "createDate": null,
  "totalPages": null
}