{
  "type": null,
  "faqId": 34125,
  "title": " How do I use my phone as a USB flash drive?",
  "answer": " You can connect your phone to a computer using a USB cable to view content in the microSD card but not the internal storage. \r\n\r\n Media device (MTP): MTP stands for Media Transfer Protocol. In this mode, you can synchronize media files between your phone and a computer that supports MTP. \r\n\r\n USB flash drive mode: If a microSD card is inserted into your phone, you can use your phone as a USB flash drive and transfer files between your microSD card and computer. \r\n\r\n PC Suite (HiSuite): In this mode, you can use HiSuite on your computer to manage photos, songs, messages, contacts, and applications on your phone. \r\n\r\n Charge only: In this mode, you can use a computer to charge your phone. \r\n\r\n [Note: When your phone is connected to a Mac in MTP mode, you can manage files on your phone, but the dial-up connection function on the Mac is currently unavailable.]() \r\n\n\n\n\n",
  "faqTypeId": null,
  "faqType": null,
  "useful": 0,
  "unUseful": 0,
  "languageId": 244,
  "languageName": "mm",
  "faqCode": "8825",
  "faqTypeCode": null,
  "isTop": "0",
  "moduleCode": "faq",
  "productId": null,
  "productCode": null,
  "postDate": 1436779659000,
  "seriesProductName": "CHC-U01",
  "visitedTimes": 5,
  "isUsefulFlag": null,
  "score": 0,
  "times": 0,
  "imageList": null,
  "displayType": "text",
  "justView": "0",
  "fileName": null,
  "filePath": null,
  "imagePath": null,
  "imageName": null,
  "productIdList": null,
  "curPage": null,
  "pageSize": null,
  "siteCode": null,
  "statusFlag": "Publish",
  "returnCode": 0,
  "totalRows": null,
  "keywords": "CHC-U01,G play mini",
  "avgScore": 0.0,
  "createDate": null,
  "totalPages": null
}