{
  "type": null,
  "faqId": 34123,
  "title": " What are the developer options?",
  "answer": " To view the developer options, touch Settings > About phone and touch the build number seven times in rapid succession. \r\n\r\n 1. USB debugging: Enable USB debug mode that allows the operator to use the adb command to debug the phone. \r\n\r\n 1. Stay awake: The screen will never turn off when your phone is charging. \r\n\r\n 1. Allow mock locations: Allow the phone to use mock locations. \r\n\r\n 1. Desktop backup password: Set the backup password. \r\n\r\n 1. Pointer location: Display information about the currently touched item. \r\n\r\n 1. Show touches: Show visual feedback for touches. \r\n\r\n 1. Show CPU usage: Show current CPU usage. \r\n\r\n 1. Force GPU rendering: Use 2D hardware acceleration in applications. \r\n\r\n 1. Animation scale: Control the animation scale. \r\n\r\n 1. Background process limit: Limit the number of background processes. \r\n\r\n 1. [Show all ANRs: Show the \"App Not Responding\" dialog box for background applications.]() \r\n\n\n\n\n",
  "faqTypeId": null,
  "faqType": null,
  "useful": 0,
  "unUseful": 0,
  "languageId": 244,
  "languageName": "mm",
  "faqCode": "8823",
  "faqTypeCode": null,
  "isTop": "0",
  "moduleCode": "faq",
  "productId": null,
  "productCode": null,
  "postDate": 1436779658000,
  "seriesProductName": "CHC-U01",
  "visitedTimes": 2,
  "isUsefulFlag": null,
  "score": 0,
  "times": 0,
  "imageList": null,
  "displayType": "text",
  "justView": "0",
  "fileName": null,
  "filePath": null,
  "imagePath": null,
  "imageName": null,
  "productIdList": null,
  "curPage": null,
  "pageSize": null,
  "siteCode": null,
  "statusFlag": "Publish",
  "returnCode": 0,
  "totalRows": null,
  "keywords": "CHC-U01,G play mini",
  "avgScore": 0.0,
  "createDate": null,
  "totalPages": null
}