{
  "type": null,
  "faqId": 34138,
  "title": " What are the features of my phone?",
  "answer": " Simple but delicate design \r\n\r\n 76% screen-to-body ratio and silky rear cover \r\n\r\n 8.8 mm thin \r\n\r\n 64-bit octa-core high-speed processor \r\n\r\n A53 architecture and 28 nm manufacture process \r\n\r\n 13 MP BSI HD rear camera \r\n\r\n F2.0 wide aperture and 5P lens \r\n\r\n Burst mode, audio control, audio photos, all-focus mode, and watermarks \r\n\r\n Honor DNA \r\n\r\n Ultra long battery life, ultra strong signal reception, and ultra high quality \r\n\r\n Easy to use \r\n\r\n Huawei EMUI 3.0 (on Android 4.4) \r\n\r\n Standard and simple UI switch at the touch of a button   \r\n Comprehensively improved multi-task processing capabilities \r\n\r\n\n\n\n\n",
  "faqTypeId": null,
  "faqType": null,
  "useful": 0,
  "unUseful": 0,
  "languageId": 244,
  "languageName": "mm",
  "faqCode": "8838",
  "faqTypeCode": null,
  "isTop": "0",
  "moduleCode": "faq",
  "productId": null,
  "productCode": null,
  "postDate": 1436779660000,
  "seriesProductName": "CHC-U01",
  "visitedTimes": 3,
  "isUsefulFlag": null,
  "score": 0,
  "times": 0,
  "imageList": null,
  "displayType": "text",
  "justView": "0",
  "fileName": null,
  "filePath": null,
  "imagePath": null,
  "imageName": null,
  "productIdList": null,
  "curPage": null,
  "pageSize": null,
  "siteCode": null,
  "statusFlag": "Publish",
  "returnCode": 0,
  "totalRows": null,
  "keywords": "CHC-U01,G play mini",
  "avgScore": 0.0,
  "createDate": null,
  "totalPages": null
}