{
  "type": null,
  "faqId": 34142,
  "title": " How do I enable multi-screen interaction when Wi-Fi is turned off on my phone?",
  "answer": " A note will be displayed to ask you to turn on Wi-Fi. Touch OK and the Settings screen will be displayed where you can turn on Wi-Fi and connect your phone to a Wi-Fi network. \r\n\r\nFigure 1-1Note displayed to ask you to turn on Wi-Fi \r\n\r\n ![](http://consumer.huawei.com/support/servlet/imageServlet?dlType=HtmlAreaImage&imageId=109620)![](http://consumer.huawei.com/support/servlet/imageServlet?dlType=HtmlAreaImage&imageId=109621)\r\n\r\n After your phone connects to a Wi-Fi network, flick down from the top of the screen to open the shortcuts menu, and then touch Multi-screen. \r\n\n\n\n\n",
  "faqTypeId": null,
  "faqType": null,
  "useful": 0,
  "unUseful": 0,
  "languageId": 244,
  "languageName": "mm",
  "faqCode": "8842",
  "faqTypeCode": null,
  "isTop": "0",
  "moduleCode": "faq",
  "productId": null,
  "productCode": null,
  "postDate": 1436779660000,
  "seriesProductName": "CHC-U01",
  "visitedTimes": 2,
  "isUsefulFlag": null,
  "score": 0,
  "times": 0,
  "imageList": null,
  "displayType": "text",
  "justView": "0",
  "fileName": null,
  "filePath": null,
  "imagePath": null,
  "imageName": null,
  "productIdList": null,
  "curPage": null,
  "pageSize": null,
  "siteCode": null,
  "statusFlag": "Publish",
  "returnCode": 0,
  "totalRows": null,
  "keywords": "CHC-U01,G play mini",
  "avgScore": 0.0,
  "createDate": null,
  "totalPages": null
}