{
  "type": null,
  "faqId": 34157,
  "title": " How do I reduce my mobile data usage?",
  "answer": " Turn off the mobile network when you do not need it. \r\n\r\n Turn off the mobile network if you have a Wi-Fi connection. \r\n\r\n Access Wireless Access Protocol (WAP) sites instead of World Wide Web (WWW) websites. \r\n\r\n Turn off the mobile network by disabling Mobile data always on under Settings > More > Mobile networks. \r\n\r\n [Drag the status bar down to display the notification panel. Turn off data synchronization.]() \r\n\n\n\n\n",
  "faqTypeId": null,
  "faqType": null,
  "useful": 0,
  "unUseful": 0,
  "languageId": 244,
  "languageName": "mm",
  "faqCode": "8857",
  "faqTypeCode": null,
  "isTop": "0",
  "moduleCode": "faq",
  "productId": null,
  "productCode": null,
  "postDate": 1436779661000,
  "seriesProductName": "CHC-U01",
  "visitedTimes": 1,
  "isUsefulFlag": null,
  "score": 0,
  "times": 0,
  "imageList": null,
  "displayType": "text",
  "justView": "0",
  "fileName": null,
  "filePath": null,
  "imagePath": null,
  "imageName": null,
  "productIdList": null,
  "curPage": null,
  "pageSize": null,
  "siteCode": null,
  "statusFlag": "Publish",
  "returnCode": 0,
  "totalRows": null,
  "keywords": "CHC-U01,G play mini",
  "avgScore": 0.0,
  "createDate": null,
  "totalPages": null
}