{
  "type": null,
  "faqId": 34154,
  "title": "How do I save battery power?",
  "answer": " When you are not using the phone, press the power button to turn off the screen. \r\n\r\n Set the screen timeout period to a small value under Settings > Display > Sleep. \r\n\r\n Lower the screen brightness under Settings > Display > Brightness. \r\n\r\n Turn off Wi-Fi and Bluetooth when you do not need to use them under Settings > Wireless & networks > Wi-Fi or Bluetooth. \r\n\r\n Turn off data synchronization by turning off Accounts & sync for your account under Settings > Accounts. \r\n\r\n Turn off the mobile network by [[<a name=\"OLE_LINK13\">disabling Mobile data always on</a>]()]() under Settings > More > Mobile networks. \r\n\r\n [Turn off GPS by disabling Access my location under Settings > Location access.]() \r\n\n\n\n\n",
  "faqTypeId": null,
  "faqType": null,
  "useful": 0,
  "unUseful": 0,
  "languageId": 244,
  "languageName": "mm",
  "faqCode": "8854",
  "faqTypeCode": null,
  "isTop": "0",
  "moduleCode": "faq",
  "productId": null,
  "productCode": null,
  "postDate": 1436779661000,
  "seriesProductName": "CHC-U01",
  "visitedTimes": 3,
  "isUsefulFlag": null,
  "score": 0,
  "times": 0,
  "imageList": null,
  "displayType": "text",
  "justView": "0",
  "fileName": null,
  "filePath": null,
  "imagePath": null,
  "imageName": null,
  "productIdList": null,
  "curPage": null,
  "pageSize": null,
  "siteCode": null,
  "statusFlag": "Publish",
  "returnCode": 0,
  "totalRows": null,
  "keywords": "CHC-U01,G play mini",
  "avgScore": 0.0,
  "createDate": null,
  "totalPages": null
}