{
  "type": null,
  "faqId": 34158,
  "title": " What can I do if my phone runs slowly?",
  "answer": " Close background applications you do not need. On the home screen, go to Settings. Under Apps, touch Manage apps. On the Running tab, touch the application you want to close, and touch Force stop. \r\n\r\n Uninstall unwanted applications to free up your phone's storage space. When available storage is insufficient, the phone runs slowly. \r\n\r\n [[If the CPU usage is high and multiple background processes are running, restart your phone to close unwanted processes and applications.]()]() \r\n\n\n\n\n",
  "faqTypeId": null,
  "faqType": null,
  "useful": 1,
  "unUseful": 0,
  "languageId": 244,
  "languageName": "mm",
  "faqCode": "8858",
  "faqTypeCode": null,
  "isTop": "0",
  "moduleCode": "faq",
  "productId": null,
  "productCode": null,
  "postDate": 1436779661000,
  "seriesProductName": "CHC-U01",
  "visitedTimes": 3,
  "isUsefulFlag": null,
  "score": 0,
  "times": 0,
  "imageList": null,
  "displayType": "text",
  "justView": "0",
  "fileName": null,
  "filePath": null,
  "imagePath": null,
  "imageName": null,
  "productIdList": null,
  "curPage": null,
  "pageSize": null,
  "siteCode": null,
  "statusFlag": "Publish",
  "returnCode": 0,
  "totalRows": null,
  "keywords": "CHC-U01,G play mini",
  "avgScore": 0.0,
  "createDate": null,
  "totalPages": null
}