{
  "type": null,
  "faqId": 34151,
  "title": " How do I connect my phone to a multi-screen interaction device (Miracast device)?",
  "answer": " 1. Enable Wi-Fi Direct. \r\n\r\n Go to Settings and enable Wi-Fi Direct. \r\n\r\n 1. Search for a Miracast device and connect to it. \r\n\r\n Flick down from the top of the screen to open the shortcuts menu and touch Multi-screen. Your phone will then automatically search for Miracast devices. Touch a discovered Miracast device to connect to it. \r\n\r\nFigure 1-1Discovered Miracast device list \r\n\r\n ![](http://consumer.huawei.com/support/servlet/imageServlet?dlType=HtmlAreaImage&imageId=109628)![](http://consumer.huawei.com/support/servlet/imageServlet?dlType=HtmlAreaImage&imageId=109629)\r\n\r\n\n\n\n\n",
  "faqTypeId": null,
  "faqType": null,
  "useful": 0,
  "unUseful": 0,
  "languageId": 244,
  "languageName": "mm",
  "faqCode": "8851",
  "faqTypeCode": null,
  "isTop": "0",
  "moduleCode": "faq",
  "productId": null,
  "productCode": null,
  "postDate": 1436779660000,
  "seriesProductName": "CHC-U01",
  "visitedTimes": 2,
  "isUsefulFlag": null,
  "score": 0,
  "times": 0,
  "imageList": null,
  "displayType": "text",
  "justView": "0",
  "fileName": null,
  "filePath": null,
  "imagePath": null,
  "imageName": null,
  "productIdList": null,
  "curPage": null,
  "pageSize": null,
  "siteCode": null,
  "statusFlag": "Publish",
  "returnCode": 0,
  "totalRows": null,
  "keywords": "CHC-U01,G play mini",
  "avgScore": 0.0,
  "createDate": null,
  "totalPages": null
}