{
  "type": null,
  "faqId": 34164,
  "title": " Can I remove the battery? Will configuring my phone to automatically set the date and time generate data traffic?",
  "answer": " If your phone obtains the date and time from your operator's network when it powers on and registers with the network, it does not use an Internet connection to synchronize date and time, and no data traffic will be generated. \r\n\r\n [If your phone fails to obtain the date and time from your service provider's network when it powers on and if you have enabled the automatic time update function, your phone synchronizes the date and time with the network, which will generate minor data traffic.]() \r\n\n\n\n\n",
  "faqTypeId": null,
  "faqType": null,
  "useful": 0,
  "unUseful": 0,
  "languageId": 244,
  "languageName": "mm",
  "faqCode": "8864",
  "faqTypeCode": null,
  "isTop": "0",
  "moduleCode": "faq",
  "productId": null,
  "productCode": null,
  "postDate": 1436779662000,
  "seriesProductName": "CHC-U01",
  "visitedTimes": 2,
  "isUsefulFlag": null,
  "score": 0,
  "times": 0,
  "imageList": null,
  "displayType": "text",
  "justView": "0",
  "fileName": null,
  "filePath": null,
  "imagePath": null,
  "imageName": null,
  "productIdList": null,
  "curPage": null,
  "pageSize": null,
  "siteCode": null,
  "statusFlag": "Publish",
  "returnCode": 0,
  "totalRows": null,
  "keywords": "CHC-U01,G play mini",
  "avgScore": 0.0,
  "createDate": null,
  "totalPages": null
}