{
  "type": null,
  "faqId": 34160,
  "title": "How do I enter recovery mode and restore my phone to its factory settings?",
  "answer": " When an update package is available on your microSD card or an online update package is downloaded, power off your phone, simultaneously press and hold the power and volume up buttons to enter recovery mode. In recovery mode, press the volume up and volume down buttons to scroll through the options, and press the power button to select an option. \r\n\r\n [To restore your phone to its factory settings, go to Settings and touch Backup & reset > Factory data reset > Reset phone.]() \r\n\n\n\n\n",
  "faqTypeId": null,
  "faqType": null,
  "useful": 0,
  "unUseful": 0,
  "languageId": 244,
  "languageName": "mm",
  "faqCode": "8860",
  "faqTypeCode": null,
  "isTop": "0",
  "moduleCode": "faq",
  "productId": null,
  "productCode": null,
  "postDate": 1436779661000,
  "seriesProductName": "CHC-U01",
  "visitedTimes": 6,
  "isUsefulFlag": null,
  "score": 0,
  "times": 0,
  "imageList": null,
  "displayType": "text",
  "justView": "0",
  "fileName": null,
  "filePath": null,
  "imagePath": null,
  "imageName": null,
  "productIdList": null,
  "curPage": null,
  "pageSize": null,
  "siteCode": null,
  "statusFlag": "Publish",
  "returnCode": 0,
  "totalRows": null,
  "keywords": "CHC-U01,G play mini",
  "avgScore": 0.0,
  "createDate": null,
  "totalPages": null
}