{
  "type": null,
  "faqId": 34171,
  "title": " How are my phone ROM and RAM allocated?",
  "answer": " The ROM and RAM sizes displayed on your phone may be smaller than the values in the phone specifications, because the system occupies a part. Your phone has an 8 GB ROM and 2 GB RAM. Except for the part that is occupied by the system, you have an available RAM of at least 1.2 GB. \r\n\r\n 8 GB ROM \r\n\r\n The ROM contains system applications, files, and databases, which takes up about 5 GB and is hidden from users. The ROM space available to users is 2.95 GB. You can use this 2.95 GB space to store any types of files. \r\n\n<table class=\"t1\">\n<thead>\n<tr class=\"r1\">\n<th class=\"th1\" colspan=\"4\">\n\r\n\r\n ROM partitions (a phone ROM is similar to a hard disk on a computer) \r\n\n</th><th class=\"th2\">\n\r\n\r\n 8 GB \r\n\n</th>\n</tr>\n<tr class=\"r1\">\n<th class=\"th3\">\n\r\n\r\n\n</th><th class=\"th4\">\n\r\n\r\n Partition \r\n\n</th><th class=\"th5\">\n\r\n\r\n Size \r\n\n</th><th class=\"th6\">\n\r\n\r\n Description \r\n\n</th><th class=\"th2\">\n\r\n\r\n Query method \r\n\n</th>\n</tr>\n</thead>\n<tbody>\n<tr class=\"r1\">\n<td class=\"td1\">\n\r\n\r\n\n</td><td class=\"td2\">\n\r\n\r\n Boot and operating system data backup partition \r\n\n</td><td class=\"td3\">\n\r\n\r\n About 500 MB \r\n\n</td><td class=\"td4\">\n\r\n\r\n This partition stores the boot and operating system backup data.   \r\n The data in this partition is used when you restore your phone to its factory settings. \r\n\n</td><td class=\"td5\">\n\r\n\r\n Cannot be queried \r\n\n</td>\n</tr>\n<tr class=\"r1\">\n<td class=\"td1\">\n\r\n\r\n\n</td><td class=\"td2\">\n\r\n\r\n Partition reserved for HOTA updates \r\n\n</td><td class=\"td3\">\n\r\n\r\n About 256 MB \r\n\n</td><td class=\"td4\">\n\r\n\r\n This partition is reserved for HOTA updates.   \r\n The device provider or the carrier pushes update patches using this partition. \r\n\n</td><td class=\"td5\">\n\r\n\r\n Cannot be queried \r\n\n</td>\n</tr>\n<tr class=\"r1\">\n<td class=\"td1\">\n\r\n\r\n\n</td><td class=\"td2\">\n\r\n\r\n System partition \r\n\n</td><td class=\"td3\">\n\r\n\r\n About 2.8 GB \r\n\n</td><td class=\"td4\">\n\r\n\r\n This partition is used for the Android operating system. \r\n\n</td><td class=\"td5\">\n\r\n\r\n Cannot be queried \r\n\n</td>\n</tr>\n<tr class=\"r1\">\n<td class=\"td1\">\n\r\n\r\n\n</td><td class=\"td2\">\n\r\n\r\n Cust partition \r\n\n</td><td class=\"td3\">\n\r\n\r\n About 800 MB \r\n\n</td><td class=\"td4\">\n\r\n\r\n This partition stores customization information. \r\n\n</td><td class=\"td5\">\n\r\n\r\n Cannot be queried \r\n\n</td>\n</tr>\n<tr class=\"r1\">\n<td class=\"td1\">\n\r\n\r\n\n</td><td class=\"td2\">\n\r\n\r\n Data partition \r\n\n</td><td class=\"td3\">\n\r\n\r\n About 2.95 GB \r\n\n</td><td class=\"td4\">\n\r\n\r\n This partition is used for running the operating system or applications. This partition also stores the files for applications you install. \r\n\n</td><td class=\"td5\">\n\r\n\r\n Can be queried using a third-party application \r\n\n</td>\n</tr>\n<tr class=\"r1\">\n<td class=\"td1\">\n\r\n\r\n\n</td><td class=\"td2\">\n\r\n\r\n Others \r\n\n</td><td class=\"td3\">\n\r\n\r\n About 800 MB \r\n\n</td><td class=\"td4\">\n\r\n\r\n This partition includes:   \r\n Space occupied by file partition tables   \r\n Space occupied by log partition   \r\n Space occupied by flag tables of flash material bad blocks   \r\n Space occupied by firmware   \r\n Space lost due to formatting \r\n\n</td><td class=\"td5\">\n\r\n\r\n Cannot be queried \r\n\n</td>\n</tr>\n<tr class=\"r1\">\n<td class=\"td1\">\n\r\n\r\n\n</td><td class=\"td2\">\n\r\n\r\n Total \r\n\n</td><td class=\"td3\">\n\r\n\r\n 8 GB \r\n\n</td><td class=\"td4\">\n\r\n\r\n\n</td><td class=\"td5\">\n\r\n\r\n\n</td>\n</tr>\n<tr class=\"r1\">\n<td class=\"td1\">\n\r\n\r\n\n</td><td class=\"td2\">\n\r\n\r\n\n</td><td class=\"td3\">\n\r\n\r\n\n</td><td class=\"td6\" colspan=\"2\">\n\r\n\r\n These partitions are for your reference only. Partition sizes vary according to the product customized version. \r\n\n</td>\n</tr>\n<tr class=\"r1\">\n<td class=\"td7\" colspan=\"4\">\n\r\n\r\n RAM partitions (a phone RAM is similar to the RAM of a computer) \r\n\n</td><td class=\"td5\">\n\r\n\r\n\n</td>\n</tr>\n<tr class=\"r1\">\n<td class=\"td1\">\n\r\n\r\n\n</td><td class=\"td2\">\n\r\n\r\n Partition \r\n\n</td><td class=\"td3\">\n\r\n\r\n Size \r\n\n</td><td class=\"td4\">\n\r\n\r\n Description \r\n\n</td><td class=\"td5\">\n\r\n\r\n Query method \r\n\n</td>\n</tr>\n<tr class=\"r1\">\n<td class=\"td1\">\n\r\n\r\n\n</td><td class=\"td2\">\n\r\n\r\n Bottom partition \r\n\n</td><td class=\"td3\">\n\r\n\r\n About 250 MB \r\n\n</td><td class=\"td4\">\n\r\n\r\n This partition saves the display cache and bottom wireless protocol stacks. \r\n\n</td><td class=\"td5\">\n\r\n\r\n Cannot be queried \r\n\n</td>\n</tr>\n<tr class=\"r1\">\n<td class=\"td1\">\n\r\n\r\n\n</td><td class=\"td2\">\n\r\n\r\n Operating system and user partition \r\n\n</td><td class=\"td3\">\n\r\n\r\n About 450 MB \r\n\n</td><td class=\"td4\">\n\r\n\r\n This partition is used by the Android operating system and applications. \r\n\n</td><td class=\"td5\">\n\r\n\r\n Can be queried using a third-party application but the value may differ by application \r\n\n</td>\n</tr>\n<tr class=\"r1\">\n<td class=\"td1\">\n\r\n\r\n\n</td><td class=\"td2\">\n\r\n\r\n Total \r\n\n</td><td class=\"td3\">\n\r\n\r\n 2 GB \r\n\n</td><td class=\"td4\">\n\r\n\r\n\n</td><td class=\"td5\">\n\r\n\r\n\n</td>\n</tr>\n<tr class=\"r1\">\n<td class=\"td1\">\n\r\n\r\n\n</td><td class=\"td2\">\n\r\n\r\n\n</td><td class=\"td3\">\n\r\n\r\n\n</td><td class=\"td6\" colspan=\"2\">\n\r\n\r\n These partitions are for your reference only. Partition sizes vary according to the product customized version. \r\n\n</td>\n</tr>\n</tbody>\n</table>\n\r\n\r\n\n\n\n\n",
  "faqTypeId": null,
  "faqType": null,
  "useful": 0,
  "unUseful": 0,
  "languageId": 244,
  "languageName": "mm",
  "faqCode": "8871",
  "faqTypeCode": null,
  "isTop": "0",
  "moduleCode": "faq",
  "productId": null,
  "productCode": null,
  "postDate": 1436779662000,
  "seriesProductName": "CHC-U01",
  "visitedTimes": 4,
  "isUsefulFlag": null,
  "score": 0,
  "times": 0,
  "imageList": null,
  "displayType": "text",
  "justView": "0",
  "fileName": null,
  "filePath": null,
  "imagePath": null,
  "imageName": null,
  "productIdList": null,
  "curPage": null,
  "pageSize": null,
  "siteCode": null,
  "statusFlag": "Publish",
  "returnCode": 0,
  "totalRows": null,
  "keywords": "CHC-U01,G play mini",
  "avgScore": 0.0,
  "createDate": null,
  "totalPages": null
}