{
  "type": null,
  "faqId": 34184,
  "title": " After I inserted a 4G card into my phone, enabled data service, and took my phone from an area with no signal to an area with strong signal, my phone's network connection falls from 4G to 3G and I can't make phone calls. What can I do?",
  "answer": " Update your phone to the latest version. This is a compatibility issue on the Qualcomm 8916 platform of the Qualcomm software baseline. \r\n\r\n\n\n\n\n",
  "faqTypeId": null,
  "faqType": null,
  "useful": 1,
  "unUseful": 0,
  "languageId": 244,
  "languageName": "mm",
  "faqCode": "8884",
  "faqTypeCode": null,
  "isTop": "0",
  "moduleCode": "faq",
  "productId": null,
  "productCode": null,
  "postDate": 1436779664000,
  "seriesProductName": "CHC-U01",
  "visitedTimes": 30,
  "isUsefulFlag": null,
  "score": 0,
  "times": 0,
  "imageList": null,
  "displayType": "text",
  "justView": "0",
  "fileName": null,
  "filePath": null,
  "imagePath": null,
  "imageName": null,
  "productIdList": null,
  "curPage": null,
  "pageSize": null,
  "siteCode": null,
  "statusFlag": "Publish",
  "returnCode": 0,
  "totalRows": null,
  "keywords": "CHC-U01,G play mini",
  "avgScore": 0.0,
  "createDate": null,
  "totalPages": null
}