{"type":null,"faqId":34350,"title":"How to do factory data reset？","answer":null,"faqTypeId":null,"faqType":null,"useful":0,"unUseful":0,"languageId":244,"languageName":"mm","faqCode":"9071","faqTypeCode":null,"isTop":"0","moduleCode":"faq","productId":null,"productCode":null,"postDate":1436784308000,"seriesProductName":"Y600-U20","visitedTimes":1,"isUsefulFlag":null,"score":0,"times":0,"imageList":null,"displayType":"text","justView":"0","fileName":null,"filePath":null,"imagePath":null,"imageName":null,"productIdList":null,"curPage":null,"pageSize":null,"siteCode":null,"statusFlag":"Publish","returnCode":3,"totalRows":null,"keywords":"Y600-U20, Ascend Y600","avgScore":0.0,"createDate":null,"totalPages":null}