{
  "type": null,
  "faqId": 34402,
  "title": " Selling points of the product",
  "answer": " Fastest 3G network download speed up to 42 Mbps. \r\n\r\n Comfortable hand holding and canvas finish. \r\n\r\n Quad core high speed Processor. \r\n\r\n Magic Touch and Motion control. \r\n\r\n 8MP rear camera with LED Flash. \r\n\r\n Burstshot when phone locked. \r\n\r\n Wifi Direct connection, high speed sharing. \r\n\r\n EUI 2.3 lite. \r\n\n\n\n\n",
  "faqTypeId": null,
  "faqType": null,
  "useful": 0,
  "unUseful": 0,
  "languageId": 244,
  "languageName": "mm",
  "faqCode": "9162",
  "faqTypeCode": null,
  "isTop": "0",
  "moduleCode": "faq",
  "productId": null,
  "productCode": null,
  "postDate": 1436866793000,
  "seriesProductName": "Y625-U32",
  "visitedTimes": 3,
  "isUsefulFlag": null,
  "score": 0,
  "times": 0,
  "imageList": null,
  "displayType": "text",
  "justView": "0",
  "fileName": null,
  "filePath": null,
  "imagePath": null,
  "imageName": null,
  "productIdList": null,
  "curPage": null,
  "pageSize": null,
  "siteCode": null,
  "statusFlag": "Publish",
  "returnCode": 0,
  "totalRows": null,
  "keywords": "Y625-U32, Ascend Y25",
  "avgScore": 0.0,
  "createDate": null,
  "totalPages": null
}