{
  "type": null,
  "faqId": 34420,
  "title": "Possible causes of failing to send / receive MMS, and the solution:",
  "answer": " Common saying: The network status or signal is bad, resulting in the failure to send MMS. \r\n\r\n Solution: Try again later. \r\n\r\n 1. Being rejected on the network side (MMS Center) will lead to the failure of MMS sending. \r\n\r\n Common saying: MMS cannot be sent due to busy network or other causes, causing the failure to send. \r\n\r\n Solution: Try again later. \r\n\r\n 2. Being rejected on the network side (MMS Center) will lead to the failure of MMS sending. \r\n\r\n Common saying 1: The recipient's number is incorrect, resulting in transmission failure. \r\n\r\n Solution 1: Check whether the recipient number is correct. If wrong, please correct it before sending the MMS again. \r\n\r\n Common saying 2: The edited MMS is over 300KB in size, causing the failure to send. \r\n\r\n Solution 2: Delete some MMS content so that the MMS is smaller than 300KB in size, and then try it again. \r\n\r\n 3. Arrears. \r\n\r\n Common saying: It is arrears that cause the failure to transmit. \r\n\r\n Solution: Try it again after payment. \r\n\r\n 4. Insufficient memory will cause the failure to receive MMSs \r\n\r\n Common saying: Insufficient phone memory. \r\n\r\n Solution: Free the phone’s memory so that the remaining space is greater than 300K \r\n\r\n\n\n\n\n",
  "faqTypeId": null,
  "faqType": null,
  "useful": 0,
  "unUseful": 0,
  "languageId": 244,
  "languageName": "mm",
  "faqCode": "9180",
  "faqTypeCode": null,
  "isTop": "0",
  "moduleCode": "faq",
  "productId": null,
  "productCode": null,
  "postDate": 1436866795000,
  "seriesProductName": "Y625-U32",
  "visitedTimes": 1,
  "isUsefulFlag": null,
  "score": 0,
  "times": 0,
  "imageList": null,
  "displayType": "text",
  "justView": "0",
  "fileName": null,
  "filePath": null,
  "imagePath": null,
  "imageName": null,
  "productIdList": null,
  "curPage": null,
  "pageSize": null,
  "siteCode": null,
  "statusFlag": "Publish",
  "returnCode": 0,
  "totalRows": null,
  "keywords": "Y625-U32, Ascend Y25",
  "avgScore": 0.0,
  "createDate": null,
  "totalPages": null
}