{
  "type": null,
  "faqId": 34423,
  "title": " Introduction to meanings of artists, albums, songs and playlists",
  "answer": " Artist: Classified by the singer, and songs belonging to the same singer are placed in a directory. \r\n\r\n Album: Classified by the album title, and songs in the same album are placed in a directory. \r\n\r\n Songs: Sorted by naming rules and stored in a large directory. \r\n\r\n Playlist: You can set up a custom list to add your favorite music files to it. \r\n\n\n\n\n",
  "faqTypeId": null,
  "faqType": null,
  "useful": 0,
  "unUseful": 0,
  "languageId": 244,
  "languageName": "mm",
  "faqCode": "9183",
  "faqTypeCode": null,
  "isTop": "0",
  "moduleCode": "faq",
  "productId": null,
  "productCode": null,
  "postDate": 1436866795000,
  "seriesProductName": "Y625-U32",
  "visitedTimes": 2,
  "isUsefulFlag": null,
  "score": 0,
  "times": 0,
  "imageList": null,
  "displayType": "text",
  "justView": "0",
  "fileName": null,
  "filePath": null,
  "imagePath": null,
  "imageName": null,
  "productIdList": null,
  "curPage": null,
  "pageSize": null,
  "siteCode": null,
  "statusFlag": "Publish",
  "returnCode": 0,
  "totalRows": null,
  "keywords": "Y625-U32, Ascend Y25",
  "avgScore": 0.0,
  "createDate": null,
  "totalPages": null
}