{
  "type": null,
  "faqId": 34425,
  "title": " Introduction to Play Mode",
  "answer": " 1. Play (Default): Tracks in the Playlist are played in order from beginning to end and stop after [<a name=\"OLE_LINK6\">all of them are played</a>](). \r\n\r\n 2. Random Play: Tacks in the Playlist are played randomly and then stop after each track is played. \r\n\r\n 3. Loop Playback: A track in the Playlist is played in order from beginning to end, and will be played back again from the beginning after it is played. \r\n\r\n 4. Loop Playback: The song being played is played repeatedly. \r\n\r\n 5. Play + Loop Playback of all the songs: Songs in the Playlist are played randomly and played repeatedly after completion. \r\n\r\n\n\n\n\n",
  "faqTypeId": null,
  "faqType": null,
  "useful": 0,
  "unUseful": 0,
  "languageId": 244,
  "languageName": "mm",
  "faqCode": "9185",
  "faqTypeCode": null,
  "isTop": "0",
  "moduleCode": "faq",
  "productId": null,
  "productCode": null,
  "postDate": 1436866796000,
  "seriesProductName": "Y625-U32",
  "visitedTimes": 1,
  "isUsefulFlag": null,
  "score": 0,
  "times": 0,
  "imageList": null,
  "displayType": "text",
  "justView": "0",
  "fileName": null,
  "filePath": null,
  "imagePath": null,
  "imageName": null,
  "productIdList": null,
  "curPage": null,
  "pageSize": null,
  "siteCode": null,
  "statusFlag": "Publish",
  "returnCode": 0,
  "totalRows": null,
  "keywords": "Y625-U32, Ascend Y25",
  "avgScore": 0.0,
  "createDate": null,
  "totalPages": null
}