{
  "type": null,
  "faqId": 34428,
  "title": " The reason why some photos / video files cannot be opened",
  "answer": " 1. The file format is not supported by the phone \r\n\r\n 2. The memory space of the phone is insufficient \r\n\r\n 3. The file is corrupted \r\n\r\n 4. The file is copy protected (files with the format of dcf) \r\n\r\n 5. If the phone resource is low, please close some opened third-party applications to consume the phone’s resources \r\n\r\n 6. In rare cases where the mobile application or system has unknown errors, try restarting the phone \r\n\n\n\n\n",
  "faqTypeId": null,
  "faqType": null,
  "useful": 0,
  "unUseful": 0,
  "languageId": 244,
  "languageName": "mm",
  "faqCode": "9188",
  "faqTypeCode": null,
  "isTop": "0",
  "moduleCode": "faq",
  "productId": null,
  "productCode": null,
  "postDate": 1436866796000,
  "seriesProductName": "Y625-U32",
  "visitedTimes": 2,
  "isUsefulFlag": null,
  "score": 0,
  "times": 0,
  "imageList": null,
  "displayType": "text",
  "justView": "0",
  "fileName": null,
  "filePath": null,
  "imagePath": null,
  "imageName": null,
  "productIdList": null,
  "curPage": null,
  "pageSize": null,
  "siteCode": null,
  "statusFlag": "Publish",
  "returnCode": 0,
  "totalRows": null,
  "keywords": "Y625-U32, Ascend Y25",
  "avgScore": 0.0,
  "createDate": null,
  "totalPages": null
}