{
  "type": null,
  "faqId": 34429,
  "title": " Default save path for camera files and the way to change",
  "answer": " 1. In Y625, the camera can set the priority storage location. Click ![](http://consumer.huawei.com/support/servlet/imageServlet?dlType=HtmlAreaImage&imageId=109976) > Other > Priority storage location. \r\n\r\n 2. If no SD card is inserted, the default storage is the mobile phone’s internal storage, and the storage path of the camera is File Management: Internal Storage \\ DCIM \\ Camera \r\n\r\n 3. When an SD card is inserted, the default storage location is the SD card, and the storage path of the camera is File Management: SD card \\ DCIM \\Camera. \r\n\n\n\n\n",
  "faqTypeId": null,
  "faqType": null,
  "useful": 0,
  "unUseful": 0,
  "languageId": 244,
  "languageName": "mm",
  "faqCode": "9189",
  "faqTypeCode": null,
  "isTop": "0",
  "moduleCode": "faq",
  "productId": null,
  "productCode": null,
  "postDate": 1436866796000,
  "seriesProductName": "Y625-U32",
  "visitedTimes": 1,
  "isUsefulFlag": null,
  "score": 0,
  "times": 0,
  "imageList": null,
  "displayType": "text",
  "justView": "0",
  "fileName": null,
  "filePath": null,
  "imagePath": null,
  "imageName": null,
  "productIdList": null,
  "curPage": null,
  "pageSize": null,
  "siteCode": null,
  "statusFlag": "Publish",
  "returnCode": 0,
  "totalRows": null,
  "keywords": "Y625-U32, Ascend Y25",
  "avgScore": 0.0,
  "createDate": null,
  "totalPages": null
}