{
  "type": null,
  "faqId": 34438,
  "title": "Possible causes for poor results when online streaming media are playing",
  "answer": "1The effect of the source file itself is bad. \r\n\r\n2The network is not good. \r\n\r\n3The phone hardware has problems, such as damage to the display. Compare it with local video. \r\n\r\n4The phone’s memory does not have enough space. \r\n\r\n5The phone’s CPU is in high occupation. \r\n\r\n6There are too many programs running. \r\n\n\n\n\n",
  "faqTypeId": null,
  "faqType": null,
  "useful": 0,
  "unUseful": 0,
  "languageId": 244,
  "languageName": "mm",
  "faqCode": "9198",
  "faqTypeCode": null,
  "isTop": "0",
  "moduleCode": "faq",
  "productId": null,
  "productCode": null,
  "postDate": 1436866797000,
  "seriesProductName": "Y625-U32",
  "visitedTimes": 1,
  "isUsefulFlag": null,
  "score": 0,
  "times": 0,
  "imageList": null,
  "displayType": "text",
  "justView": "0",
  "fileName": null,
  "filePath": null,
  "imagePath": null,
  "imageName": null,
  "productIdList": null,
  "curPage": null,
  "pageSize": null,
  "siteCode": null,
  "statusFlag": "Publish",
  "returnCode": 0,
  "totalRows": null,
  "keywords": "Y625-U32, Ascend Y25",
  "avgScore": 0.0,
  "createDate": null,
  "totalPages": null
}