{
  "type": null,
  "faqId": 34437,
  "title": " Why the mobile phone can’t play some streams?",
  "answer": " 1. The phone does not support the file format. \r\n\r\n The streaming media support the following audio / video encoding and file formats: \r\n\r\n - Video encoding: MPEG4, H263, H264 \r\n\r\n - Audio encoding: AAC, AMR-NB/WB \r\n\r\n - Supported file formats: 3gp, mp4 \r\n\r\n - Maximum encoding rate: 4Mbps \r\n\r\n 2. The network is not stable. \r\n\r\n 3. The memory of the phone is not sufficient. \r\n\n\n\n\n",
  "faqTypeId": null,
  "faqType": null,
  "useful": 0,
  "unUseful": 0,
  "languageId": 244,
  "languageName": "mm",
  "faqCode": "9197",
  "faqTypeCode": null,
  "isTop": "0",
  "moduleCode": "faq",
  "productId": null,
  "productCode": null,
  "postDate": 1436866796000,
  "seriesProductName": "Y625-U32",
  "visitedTimes": 1,
  "isUsefulFlag": null,
  "score": 0,
  "times": 0,
  "imageList": null,
  "displayType": "text",
  "justView": "0",
  "fileName": null,
  "filePath": null,
  "imagePath": null,
  "imageName": null,
  "productIdList": null,
  "curPage": null,
  "pageSize": null,
  "siteCode": null,
  "statusFlag": "Publish",
  "returnCode": 0,
  "totalRows": null,
  "keywords": "Y625-U32, Ascend Y25",
  "avgScore": 0.0,
  "createDate": null,
  "totalPages": null
}