{
  "type": null,
  "faqId": 34445,
  "title": " Both Bluetooth and the computer are connected to the Internet, and Bluetooth has begun to transfer files",
  "answer": " Dial-up Internet access via Bluetooth is not supported. \r\n\r\n File transfer between Bluetooth and PC requires Bluetooth or a Bluetooth adapter on the PC, and only pictures can be transferred. \r\n\r\n The phone supports Bluetooth games. This feature is more dependent upon the design of third-party applications. The general steps are as follows: \r\n\r\n1Select to search for other Bluetooth devices in the game; \r\n\r\n2Find a Bluetooth device you connect, and preset the pairing; \r\n\r\n3Start the game; \r\n\n\n\n\n",
  "faqTypeId": null,
  "faqType": null,
  "useful": 0,
  "unUseful": 0,
  "languageId": 244,
  "languageName": "mm",
  "faqCode": "9205",
  "faqTypeCode": null,
  "isTop": "0",
  "moduleCode": "faq",
  "productId": null,
  "productCode": null,
  "postDate": 1436866797000,
  "seriesProductName": "Y625-U32",
  "visitedTimes": 1,
  "isUsefulFlag": null,
  "score": 0,
  "times": 0,
  "imageList": null,
  "displayType": "text",
  "justView": "0",
  "fileName": null,
  "filePath": null,
  "imagePath": null,
  "imageName": null,
  "productIdList": null,
  "curPage": null,
  "pageSize": null,
  "siteCode": null,
  "statusFlag": "Publish",
  "returnCode": 0,
  "totalRows": null,
  "keywords": "Y625-U32, Ascend Y25",
  "avgScore": 0.0,
  "createDate": null,
  "totalPages": null
}