{
  "type": null,
  "faqId": 34447,
  "title": " How to deal with missing navigation software data? How to deal with missing authorization documents or activation codes?",
  "answer": "1If you are using the online map, make sure that mobile data or Wi-Fi is enabled. \r\n\r\n2If you are using offline maps, please confirm whether the offline map pack is lost. You can re-download the offline maps or enable the mobile data or Wi-Fi to use the online map. \r\n\r\n The pre-set navigation software in the phone has no authorization file activation code. \r\n\n\n\n\n",
  "faqTypeId": null,
  "faqType": null,
  "useful": 0,
  "unUseful": 0,
  "languageId": 244,
  "languageName": "mm",
  "faqCode": "9207",
  "faqTypeCode": null,
  "isTop": "0",
  "moduleCode": "faq",
  "productId": null,
  "productCode": null,
  "postDate": 1436866797000,
  "seriesProductName": "Y625-U32",
  "visitedTimes": 3,
  "isUsefulFlag": null,
  "score": 0,
  "times": 0,
  "imageList": null,
  "displayType": "text",
  "justView": "0",
  "fileName": null,
  "filePath": null,
  "imagePath": null,
  "imageName": null,
  "productIdList": null,
  "curPage": null,
  "pageSize": null,
  "siteCode": null,
  "statusFlag": "Publish",
  "returnCode": 0,
  "totalRows": null,
  "keywords": "Y625-U32, Ascend Y25",
  "avgScore": 0.0,
  "createDate": null,
  "totalPages": null
}