{
  "type": null,
  "faqId": 34444,
  "title": " Possible reasons for failure to connect with other Bluetooth devices",
  "answer": " The phone is able to support A2DP, AVRCP, HSP, OPP, HFP, PBAP, HID and other profiles; if it is confirmed that the connecting device also supports these profiles but still cannot be connected, please refer to the following situations: \r\n\r\n1Unable to search for other phones \r\n\r\n Solution: The Bluetooth of other phones is turned on, and is ready to be searched. \r\n\r\n2Unable to search for a Bluetooth headset \r\n\r\n Solution: Make sure the headset is ready to be searched for. For related settings, please refer to the instruction manual of the headset. \r\n\r\n3Unable to be connected with other phones when sending files \r\n\r\n Solution: Make sure that the other phones support receiving files, or support receiving that type of file. \r\n\n\n\n\n",
  "faqTypeId": null,
  "faqType": null,
  "useful": 0,
  "unUseful": 0,
  "languageId": 244,
  "languageName": "mm",
  "faqCode": "9204",
  "faqTypeCode": null,
  "isTop": "0",
  "moduleCode": "faq",
  "productId": null,
  "productCode": null,
  "postDate": 1436866797000,
  "seriesProductName": "Y625-U32",
  "visitedTimes": 1,
  "isUsefulFlag": null,
  "score": 0,
  "times": 0,
  "imageList": null,
  "displayType": "text",
  "justView": "0",
  "fileName": null,
  "filePath": null,
  "imagePath": null,
  "imageName": null,
  "productIdList": null,
  "curPage": null,
  "pageSize": null,
  "siteCode": null,
  "statusFlag": "Publish",
  "returnCode": 0,
  "totalRows": null,
  "keywords": "Y625-U32, Ascend Y25",
  "avgScore": 0.0,
  "createDate": null,
  "totalPages": null
}