{
  "type": null,
  "faqId": 34464,
  "title": " Sometimes, web pages cannot be opened via Wi-Fi connection",
  "answer": " The causes are as follows: \r\n\r\n1XDSL dial failure. In the connection of hotspots (for example, wireless router), use XDSL to connect to the Internet, and if XDSL dialing fails, Internet access will become impossible. Do try again after successful XDSL dialing. \r\n\r\n2Problem with DNS name resolution. If you cannot open the page but can log in to google apps, this indicates a problem with DNS resolution. (Verify if the DNS can be configured). \r\n\r\n3Wi-Fi hotspot access restrictions. If the currently connected hotspot itself is in the access-restricted state, the phone will not be able to access web pages. \r\n\n\n\n\n",
  "faqTypeId": null,
  "faqType": null,
  "useful": 0,
  "unUseful": 0,
  "languageId": 244,
  "languageName": "mm",
  "faqCode": "9224",
  "faqTypeCode": null,
  "isTop": "0",
  "moduleCode": "faq",
  "productId": null,
  "productCode": null,
  "postDate": 1436866798000,
  "seriesProductName": "Y625-U32",
  "visitedTimes": 1,
  "isUsefulFlag": null,
  "score": 0,
  "times": 0,
  "imageList": null,
  "displayType": "text",
  "justView": "0",
  "fileName": null,
  "filePath": null,
  "imagePath": null,
  "imageName": null,
  "productIdList": null,
  "curPage": null,
  "pageSize": null,
  "siteCode": null,
  "statusFlag": "Publish",
  "returnCode": 0,
  "totalRows": null,
  "keywords": "Y625-U32, Ascend Y25",
  "avgScore": 0.0,
  "createDate": null,
  "totalPages": null
}