{
  "type": null,
  "faqId": 34461,
  "title": " Synchronize contacts and agenda: How to operate if synchronization becomes impossible",
  "answer": " Synchronization of contacts requires logging in to at least one Exchange account. \r\n\r\n In the account-setting interface, select Exchange, check the configuration of the mailbox server from the Email service provider's website, and after the configuration is completed, the login is successful. \r\n\r\n Enter the home menu, select Settings > Synchronization options > check Synchronize this folder, select the option of Synchronize emails for how many recent days. \r\n\r\n If contact synchronization fails, please check the phone's data connection that is turned on and the Mailbox server that supports contact synchronization. \r\n\n\n\n\n",
  "faqTypeId": null,
  "faqType": null,
  "useful": 0,
  "unUseful": 0,
  "languageId": 244,
  "languageName": "mm",
  "faqCode": "9221",
  "faqTypeCode": null,
  "isTop": "0",
  "moduleCode": "faq",
  "productId": null,
  "productCode": null,
  "postDate": 1436866798000,
  "seriesProductName": "Y625-U32",
  "visitedTimes": 1,
  "isUsefulFlag": null,
  "score": 0,
  "times": 0,
  "imageList": null,
  "displayType": "text",
  "justView": "0",
  "fileName": null,
  "filePath": null,
  "imagePath": null,
  "imageName": null,
  "productIdList": null,
  "curPage": null,
  "pageSize": null,
  "siteCode": null,
  "statusFlag": "Publish",
  "returnCode": 0,
  "totalRows": null,
  "keywords": "Y625-U32, Ascend Y25",
  "avgScore": 0.0,
  "createDate": null,
  "totalPages": null
}