{
  "type": null,
  "faqId": 34465,
  "title": " Unable to search for Wi-Fi signals",
  "answer": " After Wi-Fi is enabled, if Wi-Fi signals of the wireless router cannot be found, but other devices can search for Wi-Fi signals normally, then how to deal with it? \r\n\r\n1Determine whet[<a name=\"OLE_LINK10\">her the wireless router SSID is h</a>]()idden. \r\n\r\n2Turn off the Wi-Fi and then turn on it again. \r\n\r\n3Restart the phone. \r\n\n\n\n\n",
  "faqTypeId": null,
  "faqType": null,
  "useful": 0,
  "unUseful": 0,
  "languageId": 244,
  "languageName": "mm",
  "faqCode": "9225",
  "faqTypeCode": null,
  "isTop": "0",
  "moduleCode": "faq",
  "productId": null,
  "productCode": null,
  "postDate": 1436866798000,
  "seriesProductName": "Y625-U32",
  "visitedTimes": 1,
  "isUsefulFlag": null,
  "score": 0,
  "times": 0,
  "imageList": null,
  "displayType": "text",
  "justView": "0",
  "fileName": null,
  "filePath": null,
  "imagePath": null,
  "imageName": null,
  "productIdList": null,
  "curPage": null,
  "pageSize": null,
  "siteCode": null,
  "statusFlag": "Publish",
  "returnCode": 0,
  "totalRows": null,
  "keywords": "Y625-U32, Ascend Y25",
  "avgScore": 0.0,
  "createDate": null,
  "totalPages": null
}