{
  "type": null,
  "faqId": 34470,
  "title": " Static IP for surfing via Wi-Fi",
  "answer": " Settings > Wi-Fi, click the hot spot to be connected, and in the pop-up dialog box, check Show advanced options; in the IP settings, select Static, and fill out IP address (Most of the settings is 192.168.1.***), Gateway (Most of them are 192.168.1.1), Subnet prefix length and Domain name (dns address) in turn. \r\n\r\n ![](http://consumer.huawei.com/support/servlet/imageServlet?dlType=HtmlAreaImage&imageId=110013) ![](http://consumer.huawei.com/support/servlet/imageServlet?dlType=HtmlAreaImage&imageId=110014)\r\n\r\n ![](http://consumer.huawei.com/support/servlet/imageServlet?dlType=HtmlAreaImage&imageId=110015)\r\n\r\n The biggest problem in using the Wi-Fi network is the failure to achieve the wait-free network connection, and it is a time-consuming job to obtain a dynamic IP address after connecting to a router. But you can realize rapid Internet access via Wi-Fi by with a static IP. \r\n\n\n\n\n",
  "faqTypeId": null,
  "faqType": null,
  "useful": 0,
  "unUseful": 0,
  "languageId": 244,
  "languageName": "mm",
  "faqCode": "9230",
  "faqTypeCode": null,
  "isTop": "0",
  "moduleCode": "faq",
  "productId": null,
  "productCode": null,
  "postDate": 1436866799000,
  "seriesProductName": "Y625-U32",
  "visitedTimes": 1,
  "isUsefulFlag": null,
  "score": 0,
  "times": 0,
  "imageList": null,
  "displayType": "text",
  "justView": "0",
  "fileName": null,
  "filePath": null,
  "imagePath": null,
  "imageName": null,
  "productIdList": null,
  "curPage": null,
  "pageSize": null,
  "siteCode": null,
  "statusFlag": "Publish",
  "returnCode": 0,
  "totalRows": null,
  "keywords": "Y625-U32, Ascend Y25",
  "avgScore": 0.0,
  "createDate": null,
  "totalPages": null
}