{
  "type": null,
  "faqId": 34498,
  "title": " How to enable the screen-unlocking pattern?",
  "answer": "1 Click Settings > Security > Screen lock > Pattern. \r\n\r\n2 In the \"choose your pattern \" interface, use your finger to sweep over the center of several circles to set the graphic style to be used to unlock, and then click \"Continue\". \r\n\r\n3 Sweep over the screen in the above manner again, and click \"OK\" to complete the setting of the unlocking pattern. \r\n\r\n4When clicking the power button or switching on/off the phone, the phone will enter into the pattern unlocking interface by default, and sweep over the screen in the above manner to unlock. \r\n\r\n ![](http://consumer.huawei.com/support/servlet/imageServlet?dlType=HtmlAreaImage&imageId=110068) ![](http://consumer.huawei.com/support/servlet/imageServlet?dlType=HtmlAreaImage&imageId=110069)\r\n\n\n\n\n",
  "faqTypeId": null,
  "faqType": null,
  "useful": 0,
  "unUseful": 0,
  "languageId": 244,
  "languageName": "mm",
  "faqCode": "9258",
  "faqTypeCode": null,
  "isTop": "0",
  "moduleCode": "faq",
  "productId": null,
  "productCode": null,
  "postDate": 1436866801000,
  "seriesProductName": "Y625-U32",
  "visitedTimes": 2,
  "isUsefulFlag": null,
  "score": 0,
  "times": 0,
  "imageList": null,
  "displayType": "text",
  "justView": "0",
  "fileName": null,
  "filePath": null,
  "imagePath": null,
  "imageName": null,
  "productIdList": null,
  "curPage": null,
  "pageSize": null,
  "siteCode": null,
  "statusFlag": "Publish",
  "returnCode": 0,
  "totalRows": null,
  "keywords": "Y625-U32, Ascend Y25",
  "avgScore": 0.0,
  "createDate": null,
  "totalPages": null
}