{
  "type": null,
  "faqId": 34490,
  "title": " The phone cannot access the Internet: Method of setting network parameters",
  "answer": " Insert the UIM/SIM card, and APN will automatically configure network parameters. \r\n\r\n Viewing method: Enter the home menu, select Settings > Wireless and Network > More… > Mobile Network > Access Point Name (APN). \r\n\r\n When the parameter is set incorrectly, click the menu button on the APN interface![](http://consumer.huawei.com/support/servlet/imageServlet?dlType=HtmlAreaImage&imageId=110048), and select Reset to restore the default settings. \r\n\n\n\n\n",
  "faqTypeId": null,
  "faqType": null,
  "useful": 0,
  "unUseful": 0,
  "languageId": 244,
  "languageName": "mm",
  "faqCode": "9250",
  "faqTypeCode": null,
  "isTop": "0",
  "moduleCode": "faq",
  "productId": null,
  "productCode": null,
  "postDate": 1436866800000,
  "seriesProductName": "Y625-U32",
  "visitedTimes": 2,
  "isUsefulFlag": null,
  "score": 0,
  "times": 0,
  "imageList": null,
  "displayType": "text",
  "justView": "0",
  "fileName": null,
  "filePath": null,
  "imagePath": null,
  "imageName": null,
  "productIdList": null,
  "curPage": null,
  "pageSize": null,
  "siteCode": null,
  "statusFlag": "Publish",
  "returnCode": 0,
  "totalRows": null,
  "keywords": "Y625-U32, Ascend Y25",
  "avgScore": 0.0,
  "createDate": null,
  "totalPages": null
}