{
  "type": null,
  "faqId": 34499,
  "title": " Will the phone be locked if the graphic lock is input incorrectly several times in succession? If I forget how to unlocking pattern, can I unlock them through GMAIL Email?",
  "answer": " The phone will give a prompt if you have entered the wrong graphic lock for several times in succession. It will not be locked but will delay the next attempt. \r\n\r\n If you forget the pattern, please send it to the customer service department for unlocking or updating the version again. Gmail messages cannot be used to unlock this phone. \r\n\n\n\n\n",
  "faqTypeId": null,
  "faqType": null,
  "useful": 4,
  "unUseful": 0,
  "languageId": 244,
  "languageName": "mm",
  "faqCode": "9259",
  "faqTypeCode": null,
  "isTop": "0",
  "moduleCode": "faq",
  "productId": null,
  "productCode": null,
  "postDate": 1436866801000,
  "seriesProductName": "Y625-U32",
  "visitedTimes": 4,
  "isUsefulFlag": null,
  "score": 0,
  "times": 0,
  "imageList": null,
  "displayType": "text",
  "justView": "0",
  "fileName": null,
  "filePath": null,
  "imagePath": null,
  "imageName": null,
  "productIdList": null,
  "curPage": null,
  "pageSize": null,
  "siteCode": null,
  "statusFlag": "Publish",
  "returnCode": 0,
  "totalRows": null,
  "keywords": "Y625-U32, Ascend Y25",
  "avgScore": 0.0,
  "createDate": null,
  "totalPages": null
}