{
  "type": null,
  "faqId": 34501,
  "title": " Add /Cancel the alarm clock.",
  "answer": " On the home screen, click Clock. \r\n\r\n Click ![](http://consumer.huawei.com/support/servlet/imageServlet?dlType=HtmlAreaImage&imageId=110257) again to enter the Alarm Clock interface. \r\n\r\n Click Add alarm and set the alarm clock bell time. \r\n\r\n Check REPEAT, and select the alarm clock cycle to be repeated. \r\n\r\n Click Ringtones, and select the Alarm clock bell. \r\n\r\n Check Vibrate, and set the phone to vibrate when the alarm clock bell rings. \r\n\r\n Click Label, and input the name of the alarm clock time. \r\n\r\n In the alarm clock interface, you can see a list of all current alarm clocks. Drag the button to cancel the alarm clock. Or hold an alarm clock record and click the trash can icon at the upper right corner to delete your selected alarm clock. \r\n\n\n\n\n",
  "faqTypeId": null,
  "faqType": null,
  "useful": 0,
  "unUseful": 0,
  "languageId": 244,
  "languageName": "mm",
  "faqCode": "9142",
  "faqTypeCode": null,
  "isTop": "0",
  "moduleCode": "faq",
  "productId": null,
  "productCode": null,
  "postDate": 1436866803000,
  "seriesProductName": "Y625-U32",
  "visitedTimes": 1,
  "isUsefulFlag": null,
  "score": 0,
  "times": 0,
  "imageList": null,
  "displayType": "text",
  "justView": "0",
  "fileName": null,
  "filePath": null,
  "imagePath": null,
  "imageName": null,
  "productIdList": null,
  "curPage": null,
  "pageSize": null,
  "siteCode": null,
  "statusFlag": "Publish",
  "returnCode": 0,
  "totalRows": null,
  "keywords": "Y625-U32, Ascend Y25",
  "avgScore": 0.0,
  "createDate": null,
  "totalPages": null
}