{
  "type": null,
  "faqId": 34508,
  "title": " What software is preset on the phone? Which of them is customized by the business provider? Which of them is the software coming with the mobile phone? Can they be deleted?",
  "answer": "\n\n\n\n\n\n\n<table class=\"t1\">\n<tbody>\n<tr class=\"r1\">\n<td class=\"td1\" rowspan=\"13\">\n\r\n\r\n Huawei basic applications \r\n\n</td><td class=\"td2\">\n\r\n\r\n 1 \r\n\n</td><td class=\"td3\">\n\r\n\r\n Huawei Music \r\n\n</td>\n</tr>\n<tr class=\"r2\">\n<td class=\"td4\">\n\r\n\r\n 2 \r\n\n</td><td class=\"td5\">\n\r\n\r\n Backup \r\n\n</td>\n</tr>\n<tr class=\"r3\">\n<td class=\"td4\">\n\r\n\r\n 3 \r\n\n</td><td class=\"td5\">\n\r\n\r\n File Managert \r\n\n</td>\n</tr>\n<tr class=\"r4\">\n<td class=\"td4\">\n\r\n\r\n 4 \r\n\n</td><td class=\"td5\">\n\r\n\r\n Weather Clock \r\n\n</td>\n</tr>\n<tr class=\"r4\">\n<td class=\"td4\">\n\r\n\r\n 5 \r\n\n</td><td class=\"td5\">\n\r\n\r\n Calender \r\n\n</td>\n</tr>\n<tr class=\"r4\">\n<td class=\"td4\">\n\r\n\r\n 6 \r\n\n</td><td class=\"td5\">\n\r\n\r\n Notes \r\n\n</td>\n</tr>\n<tr class=\"r4\">\n<td class=\"td4\">\n\r\n\r\n 7 \r\n\n</td><td class=\"td5\">\n\r\n\r\n Caculator \r\n\n</td>\n</tr>\n<tr class=\"r4\">\n<td class=\"td4\">\n\r\n\r\n 8 \r\n\n</td><td class=\"td5\">\n\r\n\r\n Camera \r\n\n</td>\n</tr>\n<tr class=\"r4\">\n<td class=\"td4\">\n\r\n\r\n 9 \r\n\n</td><td class=\"td5\">\n\r\n\r\n Gallery \r\n\n</td>\n</tr>\n<tr class=\"r4\">\n<td class=\"td4\">\n\r\n\r\n 10 \r\n\n</td><td class=\"td5\">\n\r\n\r\n Themes \r\n\n</td>\n</tr>\n<tr class=\"r4\">\n<td class=\"td4\">\n\r\n\r\n 11 \r\n\n</td><td class=\"td5\">\n\r\n\r\n Hota \r\n\n</td>\n</tr>\n<tr class=\"r4\">\n<td class=\"td4\">\n\r\n\r\n 12 \r\n\n</td><td class=\"td5\">\n\r\n\r\n Wi-Fi direct \r\n\n</td>\n</tr>\n<tr class=\"r4\">\n<td class=\"td4\">\n\r\n\r\n 13 \r\n\n</td><td class=\"td5\">\n\r\n\r\n Flashlight \r\n\n</td>\n</tr>\n<tr class=\"r5\">\n<td class=\"td6\" rowspan=\"19\">\n\r\n\r\n Google GMS package(preinstalled according to google’s policy) \r\n\n</td><td class=\"td4\">\n\r\n\r\n 14 \r\n\n</td><td class=\"td5\">\n\r\n\r\n Search \r\n\n</td>\n</tr>\n<tr class=\"r5\">\n<td class=\"td4\">\n\r\n\r\n 15 \r\n\n</td><td class=\"td5\">\n\r\n\r\n Gmail \r\n\n</td>\n</tr>\n<tr class=\"r5\">\n<td class=\"td4\">\n\r\n\r\n 16 \r\n\n</td><td class=\"td5\">\n\r\n\r\n ContactSync \r\n\n</td>\n</tr>\n<tr class=\"r5\">\n<td class=\"td4\">\n\r\n\r\n 17 \r\n\n</td><td class=\"td5\">\n\r\n\r\n CalendarSync \r\n\n</td>\n</tr>\n<tr class=\"r5\">\n<td class=\"td4\">\n\r\n\r\n 18 \r\n\n</td><td class=\"td5\">\n\r\n\r\n Hangouts/Talk \r\n\n</td>\n</tr>\n<tr class=\"r5\">\n<td class=\"td4\">\n\r\n\r\n 19 \r\n\n</td><td class=\"td5\">\n\r\n\r\n Chrome \r\n\n</td>\n</tr>\n<tr class=\"r3\">\n<td class=\"td4\">\n\r\n\r\n 20 \r\n\n</td><td class=\"td5\">\n\r\n\r\n Drive \r\n\n</td>\n</tr>\n<tr class=\"r6\">\n<td class=\"td4\">\n\r\n\r\n 21 \r\n\n</td><td class=\"td5\">\n\r\n\r\n Google+ \r\n\n</td>\n</tr>\n<tr class=\"r7\">\n<td class=\"td4\">\n\r\n\r\n 22 \r\n\n</td><td class=\"td5\">\n\r\n\r\n Maps \r\n\n</td>\n</tr>\n<tr class=\"r8\">\n<td class=\"td2\">\n\r\n\r\n 23 \r\n\n</td><td class=\"td3\">\n\r\n\r\n StreetView \r\n\n</td>\n</tr>\n<tr class=\"r9\">\n<td class=\"td4\">\n\r\n\r\n 24 \r\n\n</td><td class=\"td5\">\n\r\n\r\n YouTube \r\n\n</td>\n</tr>\n<tr class=\"r1\">\n<td class=\"td4\">\n\r\n\r\n 25 \r\n\n</td><td class=\"td5\">\n\r\n\r\n GooglePlayStore \r\n\n</td>\n</tr>\n<tr class=\"r10\">\n<td class=\"td4\">\n\r\n\r\n 26 \r\n\n</td><td class=\"td5\">\n\r\n\r\n GooglePlayGames \r\n\n</td>\n</tr>\n<tr class=\"r11\">\n<td class=\"td4\">\n\r\n\r\n 27 \r\n\n</td><td class=\"td5\">\n\r\n\r\n GooglePlayBooks \r\n\n</td>\n</tr>\n<tr class=\"r11\">\n<td class=\"td4\">\n\r\n\r\n 28 \r\n\n</td><td class=\"td5\">\n\r\n\r\n GooglePlayMovies \r\n\n</td>\n</tr>\n<tr class=\"r11\">\n<td class=\"td4\">\n\r\n\r\n 29 \r\n\n</td><td class=\"td5\">\n\r\n\r\n GooglePlayNewsstand \r\n\n</td>\n</tr>\n<tr class=\"r11\">\n<td class=\"td4\">\n\r\n\r\n 30 \r\n\n</td><td class=\"td5\">\n\r\n\r\n GooglePlayMusic \r\n\n</td>\n</tr>\n<tr class=\"r11\">\n<td class=\"td4\">\n\r\n\r\n 31 \r\n\n</td><td class=\"td5\">\n\r\n\r\n Widevine \r\n\n</td>\n</tr>\n<tr class=\"r11\">\n<td class=\"td4\">\n\r\n\r\n 32 \r\n\n</td><td class=\"td5\">\n\r\n\r\n ConfigUpdater \r\n\n</td>\n</tr>\n<tr class=\"r12\">\n<td class=\"td6\" rowspan=\"2\">\n\r\n\r\n Third party \r\n\n</td><td class=\"td4\">\n\r\n\r\n 33 \r\n\n</td><td class=\"td5\">\n\r\n\r\n WPS Office \r\n\n</td>\n</tr>\n<tr class=\"r12\">\n<td class=\"td4\">\n\r\n\r\n 34 \r\n\n</td><td class=\"td5\">\n\r\n\r\n TouchPal input method \r\n\n</td>\n</tr>\n</tbody>\n</table>\n\r\n\r\n\n\n\n\n",
  "faqTypeId": null,
  "faqType": null,
  "useful": 0,
  "unUseful": 0,
  "languageId": 244,
  "languageName": "mm",
  "faqCode": "9149",
  "faqTypeCode": null,
  "isTop": "0",
  "moduleCode": "faq",
  "productId": null,
  "productCode": null,
  "postDate": 1436866803000,
  "seriesProductName": "Y625-U32",
  "visitedTimes": 1,
  "isUsefulFlag": null,
  "score": 0,
  "times": 0,
  "imageList": null,
  "displayType": "text",
  "justView": "0",
  "fileName": null,
  "filePath": null,
  "imagePath": null,
  "imageName": null,
  "productIdList": null,
  "curPage": null,
  "pageSize": null,
  "siteCode": null,
  "statusFlag": "Publish",
  "returnCode": 0,
  "totalRows": null,
  "keywords": "Y625-U32, Ascend Y25",
  "avgScore": 0.0,
  "createDate": null,
  "totalPages": null
}