{
  "type": null,
  "faqId": 34506,
  "title": "How to install, manage and uninstall programs?",
  "answer": " Installation; you can install applications directly in the preset play store; if you want to install applications on the SD card, enter the file manager, locate the appropriate place for your applications, and click the application to install. \r\n\r\n Uninstall: Settings > Storage > Click \"Apply\" > Click the application to be uninstalled > click Uninstall to uninstall; or enter the home screen, hold the application to be uninstalled, and drag it to the place of uninstallation to uninstall. \r\n\n\n\n\n",
  "faqTypeId": null,
  "faqType": null,
  "useful": 0,
  "unUseful": 0,
  "languageId": 244,
  "languageName": "mm",
  "faqCode": "9147",
  "faqTypeCode": null,
  "isTop": "0",
  "moduleCode": "faq",
  "productId": null,
  "productCode": null,
  "postDate": 1436866803000,
  "seriesProductName": "Y625-U32",
  "visitedTimes": 1,
  "isUsefulFlag": null,
  "score": 0,
  "times": 0,
  "imageList": null,
  "displayType": "text",
  "justView": "0",
  "fileName": null,
  "filePath": null,
  "imagePath": null,
  "imageName": null,
  "productIdList": null,
  "curPage": null,
  "pageSize": null,
  "siteCode": null,
  "statusFlag": "Publish",
  "returnCode": 0,
  "totalRows": null,
  "keywords": "Y625-U32, Ascend Y25",
  "avgScore": 0.0,
  "createDate": null,
  "totalPages": null
}