{
  "type": null,
  "faqId": 34507,
  "title": " Cause for installation failure and its solution",
  "answer": " Insufficient space: Please uninstall some unused applications, and delete unused files from the file manager. \r\n\r\n Incompatible software versions: The previous Android 2.3 applications are installed in the present Android 4.4 version. \r\n\n\n\n\n",
  "faqTypeId": null,
  "faqType": null,
  "useful": 0,
  "unUseful": 0,
  "languageId": 244,
  "languageName": "mm",
  "faqCode": "9148",
  "faqTypeCode": null,
  "isTop": "0",
  "moduleCode": "faq",
  "productId": null,
  "productCode": null,
  "postDate": 1436866803000,
  "seriesProductName": "Y625-U32",
  "visitedTimes": 2,
  "isUsefulFlag": null,
  "score": 0,
  "times": 0,
  "imageList": null,
  "displayType": "text",
  "justView": "0",
  "fileName": null,
  "filePath": null,
  "imagePath": null,
  "imageName": null,
  "productIdList": null,
  "curPage": null,
  "pageSize": null,
  "siteCode": null,
  "statusFlag": "Publish",
  "returnCode": 0,
  "totalRows": null,
  "keywords": "Y625-U32, Ascend Y25",
  "avgScore": 0.0,
  "createDate": null,
  "totalPages": null
}