{
  "type": null,
  "faqId": 34512,
  "title": " Backup and recovery of contacts in Phone Book",
  "answer": " On the home screen, click Tools>![](http://consumer.huawei.com/support/servlet/imageServlet?dlType=HtmlAreaImage&imageId=110258)to back up and restore contacts. \r\n\r\n1Backup \r\n\r\n On the home screen, click Tools >![](http://consumer.huawei.com/support/servlet/imageServlet?dlType=HtmlAreaImage&imageId=110259), and click New backup, check the data to be backed up, and click Backup. Set a password and click OK. \r\n\r\n2Recovery \r\n\r\n On the home screen, click Tools >![](http://consumer.huawei.com/support/servlet/imageServlet?dlType=HtmlAreaImage&imageId=110260). In the backup file list, select the data file to be restored and click Restore. When Recovery is complete is displayed on the screen, click OK. \r\n\r\n Before recovering contacts, make sure that you have backed up your contacts. \r\n\n\n\n\n",
  "faqTypeId": null,
  "faqType": null,
  "useful": 0,
  "unUseful": 0,
  "languageId": 244,
  "languageName": "mm",
  "faqCode": "9153",
  "faqTypeCode": null,
  "isTop": "0",
  "moduleCode": "faq",
  "productId": null,
  "productCode": null,
  "postDate": 1436866803000,
  "seriesProductName": "Y625-U32",
  "visitedTimes": 4,
  "isUsefulFlag": null,
  "score": 0,
  "times": 0,
  "imageList": null,
  "displayType": "text",
  "justView": "0",
  "fileName": null,
  "filePath": null,
  "imagePath": null,
  "imageName": null,
  "productIdList": null,
  "curPage": null,
  "pageSize": null,
  "siteCode": null,
  "statusFlag": "Publish",
  "returnCode": 0,
  "totalRows": null,
  "keywords": "Y625-U32, Ascend Y25",
  "avgScore": 0.0,
  "createDate": null,
  "totalPages": null
}