{
  "type": null,
  "faqId": 34524,
  "title": " Developer Options",
  "answer": " Users can enable / disable the developer options via the touch switch. \r\n\r\n 1. USB debugging: Used to enable the debug mode, by which you can debug a mobile phone with the adb command \r\n\r\n 2. Keep Awake: Used to prevent the screen from sleeping when charging \r\n\r\n 3. Allow mock location: Used to enable the mock location function \r\n\r\n 4. Desktop backup password: Used to set the backup password \r\n\r\n 5. Pointer location: Used to display the current touch data when you touch the screen \r\n\r\n 6. Display touch operation: Used to provide visual prompt for touch operation \r\n\r\n 7. Display the CPU usage: Used to display the usage of the current system CPU \r\n\r\n 8. Force GPU rendering: Used for acceleration with 2D hardware in applications \r\n\r\n 9. Animation zooming: Used to control the zooming speed \r\n\r\n 10. Background process limit: Used to limit the number of background processes \r\n\r\n 11. Display all \"Applications are unresponsive\": Used to display the \"Application is unresponsive\" dialog box for background applications. \r\n\n\n\n\n",
  "faqTypeId": null,
  "faqType": null,
  "useful": 0,
  "unUseful": 0,
  "languageId": 244,
  "languageName": "mm",
  "faqCode": "9265",
  "faqTypeCode": null,
  "isTop": "0",
  "moduleCode": "faq",
  "productId": null,
  "productCode": null,
  "postDate": 1436866804000,
  "seriesProductName": "Y625-U32",
  "visitedTimes": 3,
  "isUsefulFlag": null,
  "score": 0,
  "times": 0,
  "imageList": null,
  "displayType": "text",
  "justView": "0",
  "fileName": null,
  "filePath": null,
  "imagePath": null,
  "imageName": null,
  "productIdList": null,
  "curPage": null,
  "pageSize": null,
  "siteCode": null,
  "statusFlag": "Publish",
  "returnCode": 0,
  "totalRows": null,
  "keywords": "Y625-U32, Ascend Y25",
  "avgScore": 0.0,
  "createDate": null,
  "totalPages": null
}