{
  "type": null,
  "faqId": 34539,
  "title": " Features of the new phone",
  "answer": " HUAWEI Y625 are Android powered smart mobile phones developed by Huawei with the latest Android 4.4 Kitkat OS from Google™. All including in a slim touch phone: \r\n\r\n • Latest Android 4.4 kitkat OS \r\n\r\n • Qualcomm MSM8212, Quad core, 1.2 GHz, Cortex A7 CPU \r\n\r\n • High speed HSDPA +/HSUPA network up to 42Mbps/5.76Mbps \r\n\r\n • 8 MP Auto Focus rear camera with LED Flash+ 2MP Fix Focus front camera. Support Panorama, Audio note, Andio control, Water mark, Filter, Touch to capture, burst shoot etc. \r\n\r\n • 5.0 inch FWVGA(854X480) IPS screen, full touch screen supporting 2 point multi-touch \r\n\r\n • Y625-U13, Y625-U43 support UMTS: 850/1900/2100 MHz \r\n\r\n Y625-U21, Y625-U32 support UMTS: 900/2100 MHz \r\n\r\n All of them support GSM/GPRS/EDGE: 850/900/1800/1900 MHz \r\n\r\n • WCDMA+GSM , 3FF size SIM card standard (Micro sim card) \r\n\r\n Y625-U13, Y625-U21 has only one SIM Card slot, but Y625-U32, Y625-U43 support Dual-SIM Card slot and dual standby \r\n\r\n • Wi-Fi 802.11 b/g/n, support Wi-Fi hotspot, Wi-Fi direct \r\n\r\n • Bluetooth v4.0 \r\n\r\n • GPS/AGPS \r\n\r\n • G-sensor for auto-rotate \r\n\r\n • Proximity sensor for auto LCD backlight turn-off \r\n\r\n • Ambient light sensor for auto LCD backlight adjusting \r\n\r\n • 2000mAh Battery \r\n\r\n • EMUI2.3 Lite \r\n\r\n • Abundant Google applications(preinstalled according to google’s policy) \r\n\n\n\n\n",
  "faqTypeId": null,
  "faqType": null,
  "useful": 0,
  "unUseful": 0,
  "languageId": 244,
  "languageName": "mm",
  "faqCode": "9280",
  "faqTypeCode": null,
  "isTop": "0",
  "moduleCode": "faq",
  "productId": null,
  "productCode": null,
  "postDate": 1436866805000,
  "seriesProductName": "Y625-U32",
  "visitedTimes": 5,
  "isUsefulFlag": null,
  "score": 0,
  "times": 0,
  "imageList": null,
  "displayType": "text",
  "justView": "0",
  "fileName": null,
  "filePath": null,
  "imagePath": null,
  "imageName": null,
  "productIdList": null,
  "curPage": null,
  "pageSize": null,
  "siteCode": null,
  "statusFlag": "Publish",
  "returnCode": 0,
  "totalRows": null,
  "keywords": "Y625-U32, Ascend Y25",
  "avgScore": 0.0,
  "createDate": null,
  "totalPages": null
}