{
  "type": null,
  "faqId": 34536,
  "title": " Does it support the OTG function? How to use it?",
  "answer": " Not supported. \r\n\r\n Note: OTG is a new USB transmission technology to enable the phone to access a USB drive, digital camera or a keyboard, mouse and other external devices via an OTG adapter cable, with a high-definition video output mode of operation. \r\n\n\n\n\n",
  "faqTypeId": null,
  "faqType": null,
  "useful": 2,
  "unUseful": 0,
  "languageId": 244,
  "languageName": "mm",
  "faqCode": "9277",
  "faqTypeCode": null,
  "isTop": "0",
  "moduleCode": "faq",
  "productId": null,
  "productCode": null,
  "postDate": 1436866805000,
  "seriesProductName": "Y625-U32",
  "visitedTimes": 15,
  "isUsefulFlag": null,
  "score": 0,
  "times": 0,
  "imageList": null,
  "displayType": "text",
  "justView": "0",
  "fileName": null,
  "filePath": null,
  "imagePath": null,
  "imageName": null,
  "productIdList": null,
  "curPage": null,
  "pageSize": null,
  "siteCode": null,
  "statusFlag": "Publish",
  "returnCode": 0,
  "totalRows": null,
  "keywords": "Y625-U32, Ascend Y25",
  "avgScore": 0.0,
  "createDate": null,
  "totalPages": null
}