{
  "type": null,
  "faqId": 34540,
  "title": " Power-saving tips",
  "answer": " 1. When using a mobile phone, press the power button to turn off the screen. \r\n\r\n 2. Screen brightness: Click Brightness in the drop-down menu to set the darker screen brightness. \r\n\r\n 3. Bluetooth and Wi-Fi: Power off the Bluetooth or Wi-Fi in the drop-down menu. \r\n\r\n 4. Mobile data: Disconnect the Mobile data in the drop-down menu if you don’t need it. \r\n\r\n 5. GPS: Power off the GPS in the drop-down menu. \r\n\n\n\n\n",
  "faqTypeId": null,
  "faqType": null,
  "useful": 0,
  "unUseful": 0,
  "languageId": 244,
  "languageName": "mm",
  "faqCode": "9281",
  "faqTypeCode": null,
  "isTop": "0",
  "moduleCode": "faq",
  "productId": null,
  "productCode": null,
  "postDate": 1436866805000,
  "seriesProductName": "Y625-U32",
  "visitedTimes": 2,
  "isUsefulFlag": null,
  "score": 0,
  "times": 0,
  "imageList": null,
  "displayType": "text",
  "justView": "0",
  "fileName": null,
  "filePath": null,
  "imagePath": null,
  "imageName": null,
  "productIdList": null,
  "curPage": null,
  "pageSize": null,
  "siteCode": null,
  "statusFlag": "Publish",
  "returnCode": 0,
  "totalRows": null,
  "keywords": "Y625-U32, Ascend Y25",
  "avgScore": 0.0,
  "createDate": null,
  "totalPages": null
}