{
  "type": null,
  "faqId": 34544,
  "title": " Enter the RECOVERY mode and restore the factory settings",
  "answer": " If there is an upgrade package in the SD card, or the online update package has been downloaded, you can press the power button and the volume + button to enter the recovery mode in the off state. After then, you can press the volume up and down button, and then press the menu key to enter the appropriate function after selection. \r\n\r\n Restore factory settings: On the home screen, click Settings > Backup and reset > Restore factory settings, and then click Reset the phone. \r\n\n\n\n\n",
  "faqTypeId": null,
  "faqType": null,
  "useful": 2,
  "unUseful": 0,
  "languageId": 244,
  "languageName": "mm",
  "faqCode": "9285",
  "faqTypeCode": null,
  "isTop": "0",
  "moduleCode": "faq",
  "productId": null,
  "productCode": null,
  "postDate": 1436866805000,
  "seriesProductName": "Y625-U32",
  "visitedTimes": 8,
  "isUsefulFlag": null,
  "score": 0,
  "times": 0,
  "imageList": null,
  "displayType": "text",
  "justView": "0",
  "fileName": null,
  "filePath": null,
  "imagePath": null,
  "imageName": null,
  "productIdList": null,
  "curPage": null,
  "pageSize": null,
  "siteCode": null,
  "statusFlag": "Publish",
  "returnCode": 0,
  "totalRows": null,
  "keywords": "Y625-U32, Ascend Y25",
  "avgScore": 0.0,
  "createDate": null,
  "totalPages": null
}