{
  "type": null,
  "faqId": 34542,
  "title": "How to manage it if the phone is running slow?",
  "answer": " 1. If there are many programs running, you can close some programs running in the background. On the home screen, click Settings > Apps > Running, and select the application and then select Stop. \r\n\r\n 2. Too many applications and insufficient system disk space may cause the phone to run slowly, in this case, you can uninstall some applications to free up the space on the system disk and increase the memory. \r\n\r\n 3. If the CPU occupancy is high and many background processes are running, the phone will get stuck in operation. In this case, you can restart the phone, and the unused background processes and applications will be closed. \r\n\n\n\n\n",
  "faqTypeId": null,
  "faqType": null,
  "useful": 0,
  "unUseful": 0,
  "languageId": 244,
  "languageName": "mm",
  "faqCode": "9283",
  "faqTypeCode": null,
  "isTop": "0",
  "moduleCode": "faq",
  "productId": null,
  "productCode": null,
  "postDate": 1436866805000,
  "seriesProductName": "Y625-U32",
  "visitedTimes": 3,
  "isUsefulFlag": null,
  "score": 0,
  "times": 0,
  "imageList": null,
  "displayType": "text",
  "justView": "0",
  "fileName": null,
  "filePath": null,
  "imagePath": null,
  "imageName": null,
  "productIdList": null,
  "curPage": null,
  "pageSize": null,
  "siteCode": null,
  "statusFlag": "Publish",
  "returnCode": 0,
  "totalRows": null,
  "keywords": "Y625-U32, Ascend Y25",
  "avgScore": 0.0,
  "createDate": null,
  "totalPages": null
}