{"type":null,"faqId":34551,"title":" Does it support editing and browsing of word, excel, pot, puff?","answer":null,"faqTypeId":null,"faqType":null,"useful":0,"unUseful":0,"languageId":244,"languageName":"mm","faqCode":"9292","faqTypeCode":null,"isTop":"0","moduleCode":"faq","productId":null,"productCode":null,"postDate":1436866806000,"seriesProductName":"Y625-U32","visitedTimes":1,"isUsefulFlag":null,"score":0,"times":0,"imageList":null,"displayType":"text","justView":"0","fileName":null,"filePath":null,"imagePath":null,"imageName":null,"productIdList":null,"curPage":null,"pageSize":null,"siteCode":null,"statusFlag":"Publish","returnCode":3,"totalRows":null,"keywords":"Y625-U32, Ascend Y25","avgScore":0.0,"createDate":null,"totalPages":null}