{
  "type": null,
  "faqId": 34667,
  "title": " What are on home screens?",
  "answer": " Your phone has three default home screens. You can swipe left or right to switch the home screens, and set the effect of switching home screens. You can create shortcuts for applications and widgets on the home screen, and touch the corresponding icon to open the application or widget. \r\n\r\n The following screenshots show the home screens and their components: \r\n\r\n 1. Signal bar \r\n\r\n 1. Widgets \r\n\r\n 1. Shortcuts \r\n\r\n 1. Dock area: holds application shortcuts that do not move with screen switching. \r\n\r\n Home screen elements include application shortcuts and widgets. To create a folder, drag an application shortcut onto another shortcut. A folder containing both applications is then created. \r\n\r\n ![](http://consumer.huawei.com/support/servlet/imageServlet?dlType=HtmlAreaImage&imageId=110494) ![](http://consumer.huawei.com/support/servlet/imageServlet?dlType=HtmlAreaImage&imageId=110495)\r\n\r\n ![](http://consumer.huawei.com/support/servlet/imageServlet?dlType=HtmlAreaImage&imageId=110496) ![](http://consumer.huawei.com/support/servlet/imageServlet?dlType=HtmlAreaImage&imageId=110497)\r\n\r\n\n\n\n\n",
  "faqTypeId": null,
  "faqType": null,
  "useful": 0,
  "unUseful": 0,
  "languageId": 244,
  "languageName": "mm",
  "faqCode": "9407",
  "faqTypeCode": null,
  "isTop": "0",
  "moduleCode": "faq",
  "productId": null,
  "productCode": null,
  "postDate": 1436871803000,
  "seriesProductName": "H30-L02",
  "visitedTimes": 1,
  "isUsefulFlag": null,
  "score": 0,
  "times": 0,
  "imageList": null,
  "displayType": "text",
  "justView": "0",
  "fileName": null,
  "filePath": null,
  "imagePath": null,
  "imageName": null,
  "productIdList": null,
  "curPage": null,
  "pageSize": null,
  "siteCode": null,
  "statusFlag": "Publish",
  "returnCode": 0,
  "totalRows": null,
  "keywords": "HONOR 3C LTE (H30-L02)",
  "avgScore": 0.0,
  "createDate": null,
  "totalPages": null
}