{
  "type": null,
  "faqId": 34662,
  "title": " Selling points",
  "answer": " [Appearance and processor: ultra-thin quad-core phone with amazing ID (fits comfortable in your hand with its super slim, stylish design, and magnesium alloy cover)]() \r\n\r\n Camera: 5 MP front camera and 8 MP BSI rear camera with F2.0 aperture \r\n\r\n Share: ultra speed share data at anytime anywhere \r\n\r\n Display: fully laminated LTPS 5-inch HD screen \r\n\r\n Software: Android 4.4/EMUI 2.3 \r\n\r\n Network: LTE high-speed data transmission \r\n\r\n Other: DTS sound effect \r\n\n\n\n\n",
  "faqTypeId": null,
  "faqType": null,
  "useful": 0,
  "unUseful": 0,
  "languageId": 244,
  "languageName": "mm",
  "faqCode": "9402",
  "faqTypeCode": null,
  "isTop": "0",
  "moduleCode": "faq",
  "productId": null,
  "productCode": null,
  "postDate": 1436871802000,
  "seriesProductName": "H30-L02",
  "visitedTimes": 2,
  "isUsefulFlag": null,
  "score": 0,
  "times": 0,
  "imageList": null,
  "displayType": "text",
  "justView": "0",
  "fileName": null,
  "filePath": null,
  "imagePath": null,
  "imageName": null,
  "productIdList": null,
  "curPage": null,
  "pageSize": null,
  "siteCode": null,
  "statusFlag": "Publish",
  "returnCode": 0,
  "totalRows": null,
  "keywords": "HONOR 3C LTE (H30-L02)",
  "avgScore": 0.0,
  "createDate": null,
  "totalPages": null
}