{
  "type": null,
  "faqId": 34664,
  "title": " Installation",
  "answer": " You can remove the battery cover from your phone. \r\n\r\n Your phone supports a micro-SIM card. Contact your network operator to replace or purchase a micro-SIM card. \r\n\r\n Your phone supports one SIM card and one microSD card. Install the micro-SIM card and microSD card in place according to the instructions on the card holders. \r\n\r\n ![](http://consumer.huawei.com/support/servlet/imageServlet?dlType=HtmlAreaImage&imageId=110488)\r\n\r\n ![](http://consumer.huawei.com/support/servlet/imageServlet?dlType=HtmlAreaImage&imageId=110489)\r\n\r\n ![](http://consumer.huawei.com/support/servlet/imageServlet?dlType=HtmlAreaImage&imageId=110490)\r\n\r\n After you complete these steps, you are now ready to begin using your H30. Press and hold the power key for a few seconds to power it on. \r\n\r\n ![](http://consumer.huawei.com/support/servlet/imageServlet?dlType=HtmlAreaImage&imageId=110491)\r\n\r\n Do not insert or remove the micro-SIM card when the phone is powered on. \r\n\r\n [To avoid a network registration failure caused by installation errors, do not exchange places of the SIM card and the microSD card. ]() \r\n\n\n\n\n",
  "faqTypeId": null,
  "faqType": null,
  "useful": 0,
  "unUseful": 0,
  "languageId": 244,
  "languageName": "mm",
  "faqCode": "9404",
  "faqTypeCode": null,
  "isTop": "0",
  "moduleCode": "faq",
  "productId": null,
  "productCode": null,
  "postDate": 1436871802000,
  "seriesProductName": "H30-L02",
  "visitedTimes": 2,
  "isUsefulFlag": null,
  "score": 0,
  "times": 0,
  "imageList": null,
  "displayType": "text",
  "justView": "0",
  "fileName": null,
  "filePath": null,
  "imagePath": null,
  "imageName": null,
  "productIdList": null,
  "curPage": null,
  "pageSize": null,
  "siteCode": null,
  "statusFlag": "Publish",
  "returnCode": 0,
  "totalRows": null,
  "keywords": "HONOR 3C LTE (H30-L02)",
  "avgScore": 0.0,
  "createDate": null,
  "totalPages": null
}