{
  "type": null,
  "faqId": 34672,
  "title": " How do I import contacts from or export contacts to a SIM card?",
  "answer": " Exporting contacts to the SIM card \r\n\r\n 1. On the Contacts screen, touch ![](http://consumer.huawei.com/support/servlet/imageServlet?dlType=HtmlAreaImage&imageId=110509) > Import/Export > Export to SIM card. \r\n\r\n 1. Select a contact and touch EXPORT. \r\n\r\n ![](http://consumer.huawei.com/support/servlet/imageServlet?dlType=HtmlAreaImage&imageId=110510) ![](http://consumer.huawei.com/support/servlet/imageServlet?dlType=HtmlAreaImage&imageId=110511) ![](http://consumer.huawei.com/support/servlet/imageServlet?dlType=HtmlAreaImage&imageId=110512)\r\n\r\n Importing contacts from the SIM card \r\n\r\n 1. On the Contacts screen, touch ![](http://consumer.huawei.com/support/servlet/imageServlet?dlType=HtmlAreaImage&imageId=110513) > Import/Export > Import from SIM card. \r\n\r\n 1. Select a contact and touch IMPORT. \r\n\r\n ![](http://consumer.huawei.com/support/servlet/imageServlet?dlType=HtmlAreaImage&imageId=110514) ![](http://consumer.huawei.com/support/servlet/imageServlet?dlType=HtmlAreaImage&imageId=110515) ![](http://consumer.huawei.com/support/servlet/imageServlet?dlType=HtmlAreaImage&imageId=110516)\r\n\r\n\n\n\n\n",
  "faqTypeId": null,
  "faqType": null,
  "useful": 0,
  "unUseful": 0,
  "languageId": 244,
  "languageName": "mm",
  "faqCode": "9412",
  "faqTypeCode": null,
  "isTop": "0",
  "moduleCode": "faq",
  "productId": null,
  "productCode": null,
  "postDate": 1436871803000,
  "seriesProductName": "H30-L02",
  "visitedTimes": 3,
  "isUsefulFlag": null,
  "score": 0,
  "times": 0,
  "imageList": null,
  "displayType": "text",
  "justView": "0",
  "fileName": null,
  "filePath": null,
  "imagePath": null,
  "imageName": null,
  "productIdList": null,
  "curPage": null,
  "pageSize": null,
  "siteCode": null,
  "statusFlag": "Publish",
  "returnCode": 0,
  "totalRows": null,
  "keywords": "HONOR 3C LTE (H30-L02)",
  "avgScore": 0.0,
  "createDate": null,
  "totalPages": null
}