{
  "type": null,
  "faqId": 34671,
  "title": " How do I create a contact? How do I assign a photo to a contact?",
  "answer": " Creating a contact \r\n\r\n On the home screen, touch Contact > Phone or SIM and enter information to create a contact. \r\n\r\n ![](http://consumer.huawei.com/support/servlet/imageServlet?dlType=HtmlAreaImage&imageId=110504) ![](http://consumer.huawei.com/support/servlet/imageServlet?dlType=HtmlAreaImage&imageId=110505)\r\n\r\n Assigning a photo to a contact \r\n\r\n ![](http://consumer.huawei.com/support/servlet/imageServlet?dlType=HtmlAreaImage&imageId=110506)\r\n\r\n You cannot assign a photo to a contact saved to your SIM card. \r\n\r\n Method 1: Go to Contacts and touch a contact to display the contact details. Touch the contact photo area then Take photo, Choose from preset, or Choose photo from Gallery, as shown in the following figure. \r\n\r\n Method 2: Go to Contacts and touch a contact to display the contact details. Touch ![](http://consumer.huawei.com/support/servlet/imageServlet?dlType=HtmlAreaImage&imageId=110507) to display the contact editing screen. Touch the contact photo area then Take photo, Choose from preset, or Choose photo from Gallery, as shown in the following figure. \r\n\r\n ![](http://consumer.huawei.com/support/servlet/imageServlet?dlType=HtmlAreaImage&imageId=110508)\r\n\r\n\n\n\n\n",
  "faqTypeId": null,
  "faqType": null,
  "useful": 0,
  "unUseful": 0,
  "languageId": 244,
  "languageName": "mm",
  "faqCode": "9411",
  "faqTypeCode": null,
  "isTop": "0",
  "moduleCode": "faq",
  "productId": null,
  "productCode": null,
  "postDate": 1436871803000,
  "seriesProductName": "H30-L02",
  "visitedTimes": 1,
  "isUsefulFlag": null,
  "score": 0,
  "times": 0,
  "imageList": null,
  "displayType": "text",
  "justView": "0",
  "fileName": null,
  "filePath": null,
  "imagePath": null,
  "imageName": null,
  "productIdList": null,
  "curPage": null,
  "pageSize": null,
  "siteCode": null,
  "statusFlag": "Publish",
  "returnCode": 0,
  "totalRows": null,
  "keywords": "HONOR 3C LTE (H30-L02)",
  "avgScore": 0.0,
  "createDate": null,
  "totalPages": null
}