{
  "type": null,
  "faqId": 34688,
  "title": " How do I send a multimedia message?",
  "answer": " 1. On the New message screen, write a message. \r\n\r\n 1. Type or select a recipient. \r\n\r\n 1. Touch the menu key and add a theme. The message is automatically converted to a multimedia message. \r\n\r\n 1. Touch ![](http://consumer.huawei.com/support/servlet/imageServlet?dlType=HtmlAreaImage&imageId=110538) to add a picture, audio, or video attachment. The message is automatically converted to a multimedia message when a multimedia file is added. \r\n\r\n ![](http://consumer.huawei.com/support/servlet/imageServlet?dlType=HtmlAreaImage&imageId=110539)\r\n\r\n 2. [Touch Send. ]() \r\n\n\n\n\n",
  "faqTypeId": null,
  "faqType": null,
  "useful": 0,
  "unUseful": 0,
  "languageId": 244,
  "languageName": "mm",
  "faqCode": "9428",
  "faqTypeCode": null,
  "isTop": "0",
  "moduleCode": "faq",
  "productId": null,
  "productCode": null,
  "postDate": 1436871804000,
  "seriesProductName": "H30-L02",
  "visitedTimes": 1,
  "isUsefulFlag": null,
  "score": 0,
  "times": 0,
  "imageList": null,
  "displayType": "text",
  "justView": "0",
  "fileName": null,
  "filePath": null,
  "imagePath": null,
  "imageName": null,
  "productIdList": null,
  "curPage": null,
  "pageSize": null,
  "siteCode": null,
  "statusFlag": "Publish",
  "returnCode": 0,
  "totalRows": null,
  "keywords": "HONOR 3C LTE (H30-L02)",
  "avgScore": 0.0,
  "createDate": null,
  "totalPages": null
}