{
  "type": null,
  "faqId": 34689,
  "title": " I cannot send or receive multimedia messages, why? How can I solve this problem?",
  "answer": " Failed to send multimedia messages \r\n\r\n  The network is busy or signals are poor. \r\n\r\n Try later. \r\n\r\n  The multimedia message center rejects the request. \r\n\r\n − The number of the recipient is incorrect. \r\n\r\n Correct the recipient number and send the multimedia message again. \r\n\r\n − The size of the multimedia exceeds 300 KB. \r\n\r\n Limit the size of the multimedia message to 300 KB and send it again. \r\n\r\n  The charge is overdue. \r\n\r\n Pay your bill and try again. \r\n\r\n Failed to receive multimedia messages \r\n\r\n  Your phone's available storage space is insufficient. \r\n\r\n [Free up your phone memory and keep the free space greater than 300 KB.]() \r\n\n\n\n\n",
  "faqTypeId": null,
  "faqType": null,
  "useful": 0,
  "unUseful": 0,
  "languageId": 244,
  "languageName": "mm",
  "faqCode": "9429",
  "faqTypeCode": null,
  "isTop": "0",
  "moduleCode": "faq",
  "productId": null,
  "productCode": null,
  "postDate": 1436871804000,
  "seriesProductName": "H30-L02",
  "visitedTimes": 1,
  "isUsefulFlag": null,
  "score": 0,
  "times": 0,
  "imageList": null,
  "displayType": "text",
  "justView": "0",
  "fileName": null,
  "filePath": null,
  "imagePath": null,
  "imageName": null,
  "productIdList": null,
  "curPage": null,
  "pageSize": null,
  "siteCode": null,
  "statusFlag": "Publish",
  "returnCode": 0,
  "totalRows": null,
  "keywords": "HONOR 3C LTE (H30-L02)",
  "avgScore": 0.0,
  "createDate": null,
  "totalPages": null
}