{
  "type": null,
  "faqId": 34695,
  "title": " What playing modes does my phone support?",
  "answer": " Play in order (by default): play all audio clips in a playlist in sequence and stop playing after all the audio clips have been played. \r\n\r\n Shuffle: play all audio clips in the playlist in a random order and stop playing after all the audio clips have been played. \r\n\r\n Repeat all songs: play all audio clips in a playlist in sequence and repeat the playlist after all the audio clips have been played. \r\n\r\n Repeat current song: Play the current audio clip repeatedly. \r\n\n\n\n\n",
  "faqTypeId": null,
  "faqType": null,
  "useful": 0,
  "unUseful": 0,
  "languageId": 244,
  "languageName": "mm",
  "faqCode": "9435",
  "faqTypeCode": null,
  "isTop": "0",
  "moduleCode": "faq",
  "productId": null,
  "productCode": null,
  "postDate": 1436871805000,
  "seriesProductName": "H30-L02",
  "visitedTimes": 1,
  "isUsefulFlag": null,
  "score": 0,
  "times": 0,
  "imageList": null,
  "displayType": "text",
  "justView": "0",
  "fileName": null,
  "filePath": null,
  "imagePath": null,
  "imageName": null,
  "productIdList": null,
  "curPage": null,
  "pageSize": null,
  "siteCode": null,
  "statusFlag": "Publish",
  "returnCode": 0,
  "totalRows": null,
  "keywords": "HONOR 3C LTE (H30-L02)",
  "avgScore": 0.0,
  "createDate": null,
  "totalPages": null
}