{
  "type": null,
  "faqId": 34699,
  "title": "My phone cannot open some photos or videos. Why?",
  "answer": " The phone does not support the file format. \r\n\r\n The phone memory is insufficient. \r\n\r\n The file has corrupted. \r\n\r\n The file is copyright-protected (for example, a .dcf file). \r\n\r\n The phone does not have sufficient resources. Close some third-party applications, and try again. \r\n\r\n In some rare cases, unknown errors may occur in the phone's operating system or applications. Restart the phone and try again. \r\n\n\n\n\n",
  "faqTypeId": null,
  "faqType": null,
  "useful": 0,
  "unUseful": 0,
  "languageId": 244,
  "languageName": "mm",
  "faqCode": "9439",
  "faqTypeCode": null,
  "isTop": "0",
  "moduleCode": "faq",
  "productId": null,
  "productCode": null,
  "postDate": 1436871805000,
  "seriesProductName": "H30-L02",
  "visitedTimes": 3,
  "isUsefulFlag": null,
  "score": 0,
  "times": 0,
  "imageList": null,
  "displayType": "text",
  "justView": "0",
  "fileName": null,
  "filePath": null,
  "imagePath": null,
  "imageName": null,
  "productIdList": null,
  "curPage": null,
  "pageSize": null,
  "siteCode": null,
  "statusFlag": "Publish",
  "returnCode": 0,
  "totalRows": null,
  "keywords": "HONOR 3C LTE (H30-L02)",
  "avgScore": 0.0,
  "createDate": null,
  "totalPages": null
}