{
  "type": null,
  "faqId": 34696,
  "title": " How do I play songs in the background, quit Music, and view the lyrics when a song is playing?",
  "answer": " To play songs in background, touch Music, play any audio file, and touch the back or home key. \r\n\r\n To exit music, on the music playing screen, touch the menu key and touch Exit > OK. \r\n\r\n To view lyrics, swipe left on the music playing screen. If an audio file and its lyrics are stored in the same folder, the lyrics are automatically loaded when you play the song. \r\n\n\n\n\n",
  "faqTypeId": null,
  "faqType": null,
  "useful": 0,
  "unUseful": 0,
  "languageId": 244,
  "languageName": "mm",
  "faqCode": "9436",
  "faqTypeCode": null,
  "isTop": "0",
  "moduleCode": "faq",
  "productId": null,
  "productCode": null,
  "postDate": 1436871805000,
  "seriesProductName": "H30-L02",
  "visitedTimes": 3,
  "isUsefulFlag": null,
  "score": 0,
  "times": 0,
  "imageList": null,
  "displayType": "text",
  "justView": "0",
  "fileName": null,
  "filePath": null,
  "imagePath": null,
  "imageName": null,
  "productIdList": null,
  "curPage": null,
  "pageSize": null,
  "siteCode": null,
  "statusFlag": "Publish",
  "returnCode": 0,
  "totalRows": null,
  "keywords": "HONOR 3C LTE (H30-L02)",
  "avgScore": 0.0,
  "createDate": null,
  "totalPages": null
}