{
  "type": null,
  "faqId": 34691,
  "title": " Where are my multimedia messages' attachments saved?",
  "answer": " By default, after you receive a multimedia message, the attachment is automatically saved to the /data folder, which is invisible to users. \r\n\r\n You can save the attachment to the Download folder on the internal storage or the microSD card. \r\n\n\n\n\n",
  "faqTypeId": null,
  "faqType": null,
  "useful": 0,
  "unUseful": 0,
  "languageId": 244,
  "languageName": "mm",
  "faqCode": "9431",
  "faqTypeCode": null,
  "isTop": "0",
  "moduleCode": "faq",
  "productId": null,
  "productCode": null,
  "postDate": 1436871804000,
  "seriesProductName": "H30-L02",
  "visitedTimes": 1,
  "isUsefulFlag": null,
  "score": 0,
  "times": 0,
  "imageList": null,
  "displayType": "text",
  "justView": "0",
  "fileName": null,
  "filePath": null,
  "imagePath": null,
  "imageName": null,
  "productIdList": null,
  "curPage": null,
  "pageSize": null,
  "siteCode": null,
  "statusFlag": "Publish",
  "returnCode": 0,
  "totalRows": null,
  "keywords": "HONOR 3C LTE (H30-L02)",
  "avgScore": 0.0,
  "createDate": null,
  "totalPages": null
}