{
  "type": null,
  "faqId": 34700,
  "title": " Where are my photos and videos saved? Can I change the save location?",
  "answer": " [Photos and videos are preferentially stored on the microSD card. If no microSD card is installed, they are stored on the internal storage. You can change the save path for your photos and videos by performing the following steps:]() \r\n\r\n Touch Camera > Settings > Preferred save location. \r\n\r\n ![](http://consumer.huawei.com/support/servlet/imageServlet?dlType=HtmlAreaImage&imageId=110546)\r\n\r\n ![](http://consumer.huawei.com/support/servlet/imageServlet?dlType=HtmlAreaImage&imageId=110547)\r\n\r\n If you select Internal storage, photos and videos are stored in File Manager/Internal storage/DCIM/Camera. \r\n\r\n [If you select SD card, photos and videos are stored in File Manager/SD card/DCIM/Camera. ]() \r\n\n\n\n\n",
  "faqTypeId": null,
  "faqType": null,
  "useful": 0,
  "unUseful": 0,
  "languageId": 244,
  "languageName": "mm",
  "faqCode": "9440",
  "faqTypeCode": null,
  "isTop": "0",
  "moduleCode": "faq",
  "productId": null,
  "productCode": null,
  "postDate": 1436871805000,
  "seriesProductName": "H30-L02",
  "visitedTimes": 1,
  "isUsefulFlag": null,
  "score": 0,
  "times": 0,
  "imageList": null,
  "displayType": "text",
  "justView": "0",
  "fileName": null,
  "filePath": null,
  "imagePath": null,
  "imageName": null,
  "productIdList": null,
  "curPage": null,
  "pageSize": null,
  "siteCode": null,
  "statusFlag": "Publish",
  "returnCode": 0,
  "totalRows": null,
  "keywords": "HONOR 3C LTE (H30-L02)",
  "avgScore": 0.0,
  "createDate": null,
  "totalPages": null
}