{
  "type": null,
  "faqId": 21723,
  "title": "Waar kan ik het IMEI nummer van mijn telefoon vinden?",
  "answer": "U kunt uw IMEI nummer op drie manieren achterhalen:\r\n\r\n1. Bel het nummer *#06# en dan verschijnt het IMEI nummer vanzelf.\r\n\r\n2. Op de aankoopbon van uw toestel.\r\n\r\n3. Op de oorspronkelijke doos van uw toestel.",
  "faqTypeId": 221,
  "faqType": "Algemeen",
  "useful": 29,
  "unUseful": 4,
  "languageId": 141,
  "languageName": "nl",
  "faqCode": "5483",
  "faqTypeCode": "1",
  "isTop": "0",
  "moduleCode": "faq",
  "productId": null,
  "productCode": null,
  "postDate": 1427965467000,
  "seriesProductName": "",
  "visitedTimes": 1038,
  "isUsefulFlag": null,
  "score": 0,
  "times": 0,
  "imageList": null,
  "displayType": "text",
  "justView": "0",
  "fileName": null,
  "filePath": null,
  "imagePath": null,
  "imageName": null,
  "productIdList": null,
  "curPage": null,
  "pageSize": null,
  "siteCode": null,
  "statusFlag": "Publish",
  "returnCode": 0,
  "totalRows": null,
  "keywords": null,
  "avgScore": 0.0,
  "createDate": null,
  "totalPages": null
}