{
  "type": null,
  "faqId": 21724,
  "title": "Waar kan ik de status van de reparatie volgen?",
  "answer": "In Nederland zijn er op dit moment twee reparatie bedrijven: Dynafix en Teleplan. Na het aanmelden  van uw toestel bij de winkel/ 3x3 smart service/ DrMobile.eu heeft u een reparatienummer ontvangen. Het reparatienummer van Dynafix begint met  \"iRMA\".   \r\n\r\nDynafix: [http://www.drmobile.eu/nl/](http://www.drmobile.eu/nl/)\r\n\r\nTeleplan: [https://www.e-repair.nl/](https://www.e-repair.nl/)\r\n\r\nU kunt ook uw IMEI nummer gebruiken om in te loggen.",
  "faqTypeId": 222,
  "faqType": "Reparatie",
  "useful": 0,
  "unUseful": 3,
  "languageId": 141,
  "languageName": "nl",
  "faqCode": "5507",
  "faqTypeCode": "2",
  "isTop": "0",
  "moduleCode": "faq",
  "productId": null,
  "productCode": null,
  "postDate": 1427967373000,
  "seriesProductName": "",
  "visitedTimes": 211,
  "isUsefulFlag": null,
  "score": 0,
  "times": 0,
  "imageList": null,
  "displayType": "text",
  "justView": "0",
  "fileName": null,
  "filePath": null,
  "imagePath": null,
  "imageName": null,
  "productIdList": null,
  "curPage": null,
  "pageSize": null,
  "siteCode": null,
  "statusFlag": "Publish",
  "returnCode": 0,
  "totalRows": null,
  "keywords": null,
  "avgScore": 0.0,
  "createDate": null,
  "totalPages": null
}