{
  "type": null,
  "faqId": 21741,
  "title": "Waar kan ik de software-versie van mijn toestel vinden?",
  "answer": "U kunt informatie over de software-versie van uw telefoon vinden bij \"Instellingen\" -> \"Over de telefoon\" . Daar vindt u de volgende informatie: \r\n\r\nEMUI versie:  EMUI is de grafische laag van Huawei over het Android besturingsysteem.\r\n\r\nBuild number:  gedetailleerde software versie.  \r\n\r\nAndroid versie: de versie van het Android besturingssysteem.",
  "faqTypeId": 221,
  "faqType": "Algemeen",
  "useful": 6,
  "unUseful": 0,
  "languageId": 141,
  "languageName": "nl",
  "faqCode": "5505",
  "faqTypeCode": "1",
  "isTop": "0",
  "moduleCode": "faq",
  "productId": null,
  "productCode": null,
  "postDate": 1427966612000,
  "seriesProductName": "",
  "visitedTimes": 281,
  "isUsefulFlag": null,
  "score": 0,
  "times": 0,
  "imageList": null,
  "displayType": "text",
  "justView": "0",
  "fileName": null,
  "filePath": null,
  "imagePath": null,
  "imageName": null,
  "productIdList": null,
  "curPage": null,
  "pageSize": null,
  "siteCode": null,
  "statusFlag": "Publish",
  "returnCode": 0,
  "totalRows": null,
  "keywords": null,
  "avgScore": 0.0,
  "createDate": null,
  "totalPages": null
}