{
  "type": null,
  "faqId": 22561,
  "title": "Hoe kan ik mijn apps  verplaatsen naar de SD kaart?",
  "answer": " <p style=\"margin:0in;margin-bottom:.0001pt;font-size:12.0pt;font-family:SimSun\">Zorg allereerst dat de standaardopslag op SD kaart staat ingesteld (instellingen->geheugen->opslag->standaardopslag->kies SD kaart). Wanneer dit is gedaan verschijnt er bij elke app de mogelijkheid om deze te verplaatsen naar de SD kaart (instellingen->apps beheren->kies app). Als deze functie bij een app in het grijs aangegeven wordt, houdt dat in dat deze app niet verplaatst kan worden omdat deze door de ontwikkelaar hiertegen beschermd wordt.</p>",
  "faqTypeId": 221,
  "faqType": "Algemeen",
  "useful": 160,
  "unUseful": 86,
  "languageId": 141,
  "languageName": "nl",
  "faqCode": "6441",
  "faqTypeCode": "1",
  "isTop": "0",
  "moduleCode": "faq",
  "productId": null,
  "productCode": null,
  "postDate": 1428675715000,
  "seriesProductName": "",
  "visitedTimes": 10942,
  "isUsefulFlag": null,
  "score": 0,
  "times": 0,
  "imageList": null,
  "displayType": "text",
  "justView": "0",
  "fileName": null,
  "filePath": null,
  "imagePath": null,
  "imageName": null,
  "productIdList": null,
  "curPage": null,
  "pageSize": null,
  "siteCode": null,
  "statusFlag": "Publish",
  "returnCode": 0,
  "totalRows": null,
  "keywords": null,
  "avgScore": 0.0,
  "createDate": null,
  "totalPages": null
}