{
  "type": null,
  "faqId": 22562,
  "title": "Hoe weet ik of er updates voor mijn telefoon beschikbaar zijn?",
  "answer": " <p style=\"margin:0in;margin-bottom:.0001pt;font-size:12.0pt;font-family:SimSun\">Normaal gesproken krijgt u automatisch een melding boven in uw scherm wanneer er een nieuwe update beschikbaar is voor uw telefoon. Indien dit niet het geval is kunt u dit altijd zelf checken (Instellingen->Over de telefoon->Systeemupdate->online update). </p>",
  "faqTypeId": 221,
  "faqType": "Algemeen",
  "useful": 6,
  "unUseful": 11,
  "languageId": 141,
  "languageName": "nl",
  "faqCode": "6442",
  "faqTypeCode": "1",
  "isTop": "0",
  "moduleCode": "faq",
  "productId": null,
  "productCode": null,
  "postDate": 1428675876000,
  "seriesProductName": "",
  "visitedTimes": 485,
  "isUsefulFlag": null,
  "score": 0,
  "times": 0,
  "imageList": null,
  "displayType": "text",
  "justView": "0",
  "fileName": null,
  "filePath": null,
  "imagePath": null,
  "imageName": null,
  "productIdList": null,
  "curPage": null,
  "pageSize": null,
  "siteCode": null,
  "statusFlag": "Publish",
  "returnCode": 0,
  "totalRows": null,
  "keywords": null,
  "avgScore": 0.0,
  "createDate": null,
  "totalPages": null
}