{
  "type": null,
  "faqId": 22581,
  "title": "Hoe kan ik inkomende oproepen van bepaalde contacten blokkeren?",
  "answer": " <p style=\"margin:0in;margin-bottom:.0001pt;font-size:12.0pt;font-family:SimSun\">Wanneer de inkomende oproepen van een herkenbaar nummer afkomstig zijn dat niet afgeschermd wordt, kunt u voorkomen dat deze oproepen uw telefoon bereiken door het contact op te slaan in uw telefoonboek en vervolgens te kiezen voor de optie 'alle oproepen automatisch naar voicemail' (contacten->selecteer betreffende contact->klik op de drie puntjes/drie streepjes->vink de optie 'alle oproepen automatisch naar voicemail' aan).</p> <p style=\"margin:0in;margin-bottom:.0001pt;font-size:12.0pt;font-family:SimSun\"> </p>",
  "faqTypeId": null,
  "faqType": null,
  "useful": 11,
  "unUseful": 21,
  "languageId": 141,
  "languageName": "nl",
  "faqCode": "6461",
  "faqTypeCode": null,
  "isTop": "0",
  "moduleCode": "faq",
  "productId": null,
  "productCode": null,
  "postDate": 1428675816000,
  "seriesProductName": "",
  "visitedTimes": 1903,
  "isUsefulFlag": null,
  "score": 0,
  "times": 0,
  "imageList": null,
  "displayType": "text",
  "justView": "0",
  "fileName": null,
  "filePath": null,
  "imagePath": null,
  "imageName": null,
  "productIdList": null,
  "curPage": null,
  "pageSize": null,
  "siteCode": null,
  "statusFlag": "Publish",
  "returnCode": 0,
  "totalRows": null,
  "keywords": null,
  "avgScore": 0.0,
  "createDate": null,
  "totalPages": null
}