{
  "type": null,
  "faqId": 22582,
  "title": "Kan ik de software-versie van mijn toestel terugzetten naar de vorige versie?",
  "answer": " <p style=\"margin:0in;margin-bottom:.0001pt;font-size:12.0pt;font-family:SimSun\">Normaal gesproken is het niet mogelijk om een gedane update ongedaan te maken. Lees daarom voordat u een update uitvoert goed wat voor gevolgen dit gaat hebben voor uw toestel (lay-out/functies etc.). In sommige, specifieke gevallen biedt Huawei op de website echter toch nog een mogelijkheid aan waarmee een bepaald type toestel kan worden teruggezet in software-versie. U kunt deze bestanden vinden via consumer.huawei.com/nl ('support'->'downloads').</p>",
  "faqTypeId": 221,
  "faqType": "Algemeen",
  "useful": 4,
  "unUseful": 7,
  "languageId": 141,
  "languageName": "nl",
  "faqCode": "6443",
  "faqTypeCode": "1",
  "isTop": "0",
  "moduleCode": "faq",
  "productId": null,
  "productCode": null,
  "postDate": 1428675938000,
  "seriesProductName": "",
  "visitedTimes": 789,
  "isUsefulFlag": null,
  "score": 0,
  "times": 0,
  "imageList": null,
  "displayType": "text",
  "justView": "0",
  "fileName": null,
  "filePath": null,
  "imagePath": null,
  "imageName": null,
  "productIdList": null,
  "curPage": null,
  "pageSize": null,
  "siteCode": null,
  "statusFlag": "Publish",
  "returnCode": 0,
  "totalRows": null,
  "keywords": null,
  "avgScore": 0.0,
  "createDate": null,
  "totalPages": null
}