{
  "type": null,
  "faqId": 22583,
  "title": "Hoe voorkom ik dat mijn telefoon uit zichzelf updates installeert?",
  "answer": "Om ervoor te zorgen dat uw toestel uit zichzelf automatisch updates uitvoert, kunt u instellen dat u dit zelf handmatig wilt beheren (instellingen->over de telefoon->systeemupdate->klik op drie streepjes/drie puntjes->vink de optie automatisch downloaden/bijwerken uit).",
  "faqTypeId": 221,
  "faqType": "Algemeen",
  "useful": 3,
  "unUseful": 1,
  "languageId": 141,
  "languageName": "nl",
  "faqCode": "6444",
  "faqTypeCode": "1",
  "isTop": "0",
  "moduleCode": "faq",
  "productId": null,
  "productCode": null,
  "postDate": 1428676149000,
  "seriesProductName": "",
  "visitedTimes": 308,
  "isUsefulFlag": null,
  "score": 0,
  "times": 0,
  "imageList": null,
  "displayType": "text",
  "justView": "0",
  "fileName": null,
  "filePath": null,
  "imagePath": null,
  "imageName": null,
  "productIdList": null,
  "curPage": null,
  "pageSize": null,
  "siteCode": null,
  "statusFlag": "Publish",
  "returnCode": 0,
  "totalRows": null,
  "keywords": null,
  "avgScore": 0.0,
  "createDate": null,
  "totalPages": null
}