{
  "type": null,
  "faqId": 13322,
  "title": "製品セールスポイント情報について",
  "answer": "● 工程： 最薄クアッドコアLTE端末、優れたID設計 (超薄設計、メタル風インナーフレーム、優れた外観と感触のエクスペリエンス)  \r\n\r\n● カメラ：フロント5Mカメラ、セルフ撮影対応。リア8M BSI F2.0大型絞り。美肌モードに対応し、撮影がよりビビッドに。  \r\n\r\n● シェアリング：高速シェアリング。4G LTEハイスピードネットワークに対応。  \r\n\r\n● マルチインターフェース：Emotion2.0Liteシステム、外部Simple UI。異なるユーザー層に対応。  \r\n\r\n● 高コストパフォーマンス",
  "faqTypeId": 1254,
  "faqType": "便利な機能",
  "useful": 5,
  "unUseful": 7,
  "languageId": 3,
  "languageName": "jp",
  "faqCode": "4342",
  "faqTypeCode": "Convenient features",
  "isTop": "0",
  "moduleCode": "faq",
  "productId": null,
  "productCode": null,
  "postDate": 1403844992000,
  "seriesProductName": "G6-L22,G6-U10",
  "visitedTimes": 1947,
  "isUsefulFlag": null,
  "score": 10,
  "times": 4,
  "imageList": null,
  "displayType": "text",
  "justView": "0",
  "fileName": null,
  "filePath": null,
  "imagePath": null,
  "imageName": null,
  "productIdList": null,
  "curPage": null,
  "pageSize": null,
  "siteCode": null,
  "statusFlag": "Publish",
  "returnCode": 0,
  "totalRows": null,
  "keywords": "G6",
  "avgScore": 2.5,
  "createDate": null,
  "totalPages": null
}