{
  "type": null,
  "faqId": 13321,
  "title": "カラーバリエーションは何色に対応していますか。",
  "answer": " ブラック・ホワイトに対応しています。外付けで複数のカラーのフレームを組み合わせることができます。 \r\n\r\n\n\n\n\n",
  "faqTypeId": 1232,
  "faqType": "ハードウェア＆外観",
  "useful": 5,
  "unUseful": 0,
  "languageId": 3,
  "languageName": "jp",
  "faqCode": "2201",
  "faqTypeCode": "Hardware and Appearance",
  "isTop": "0",
  "moduleCode": "faq",
  "productId": null,
  "productCode": null,
  "postDate": 1403844889000,
  "seriesProductName": "G6-L22,G6-U10",
  "visitedTimes": 1205,
  "isUsefulFlag": null,
  "score": 5,
  "times": 1,
  "imageList": null,
  "displayType": "text",
  "justView": "0",
  "fileName": null,
  "filePath": null,
  "imagePath": null,
  "imageName": null,
  "productIdList": null,
  "curPage": null,
  "pageSize": null,
  "siteCode": null,
  "statusFlag": "Publish",
  "returnCode": 0,
  "totalRows": null,
  "keywords": null,
  "avgScore": 5.0,
  "createDate": null,
  "totalPages": null
}