{
  "type": null,
  "faqId": 13323,
  "title": "端末キーの説明について",
  "answer": " 任意の画面において、 \r\n\r\n ![](http://consumer.huawei.com/support/servlet/imageServlet?dlType=HtmlAreaImage&imageId=281013)をタップすると、上位画面に戻るかアプリを終了します。 \r\n\r\n ![](http://consumer.huawei.com/support/servlet/imageServlet?dlType=HtmlAreaImage&imageId=281014)をタップすると、ホーム画面に戻ります。 \r\n\r\n ![](http://consumer.huawei.com/support/servlet/imageServlet?dlType=HtmlAreaImage&imageId=281015)を長押しすると、最近使ったアプリのリストが表示されます。 \r\n\r\n 電源キーを押すと、終了となるか、スクリーンが明るくなります。電源キーを10秒以上長押しすると、端末が強制的に再起動されます。 \r\n\r\n 電源キーとボリュームダウンキーを同時に押すと、スクリーンショットを撮ることができます。 \r\n\r\n ![](http://consumer.huawei.com/support/servlet/imageServlet?dlType=HtmlAreaImage&imageId=281016)\r\n\r\n\n\n\n\n",
  "faqTypeId": 1232,
  "faqType": "ハードウェア＆外観",
  "useful": 16,
  "unUseful": 9,
  "languageId": 3,
  "languageName": "jp",
  "faqCode": "2203",
  "faqTypeCode": "Hardware and Appearance",
  "isTop": "0",
  "moduleCode": "faq",
  "productId": null,
  "productCode": null,
  "postDate": 1403846275000,
  "seriesProductName": "G6-L22,G6-U10",
  "visitedTimes": 2228,
  "isUsefulFlag": null,
  "score": 26,
  "times": 7,
  "imageList": null,
  "displayType": "text",
  "justView": "0",
  "fileName": null,
  "filePath": null,
  "imagePath": null,
  "imageName": null,
  "productIdList": null,
  "curPage": null,
  "pageSize": null,
  "siteCode": null,
  "statusFlag": "Publish",
  "returnCode": 0,
  "totalRows": null,
  "keywords": null,
  "avgScore": 3.7,
  "createDate": null,
  "totalPages": null
}