{
  "type": null,
  "faqId": 13601,
  "title": "どのSIMカード（通信サービス）に対応していますか。",
  "answer": "Ascend G6は、NTTドコモ LTE/3Gネットワーク上での音声通信/SMS/データ通信に対応しており、<o:p></o:p> \r\n\r\n同ネットワーク上でサービスを提供するMVNOのSIMカード（micro SIM）でご利用頂けます。<o:p></o:p> \r\n\r\nただし、3G SIM（FOMAカード）では正常動作しません。<o:p></o:p> \r\n\r\nNTTドコモ回線契約でのご利用は、LTE/mopera U契約が前提となります。<o:p></o:p> \r\n\r\n3G回線契約やspモードではご利用頂けません。<o:p></o:p>\n",
  "faqTypeId": 1235,
  "faqType": "ネットワークデータ共有",
  "useful": 80,
  "unUseful": 31,
  "languageId": 3,
  "languageName": "jp",
  "faqCode": "5042",
  "faqTypeCode": "Network and Data sharing",
  "isTop": "0",
  "moduleCode": "faq",
  "productId": null,
  "productCode": null,
  "postDate": 1406270941000,
  "seriesProductName": "G6-L22,G6-U10",
  "visitedTimes": 10732,
  "isUsefulFlag": null,
  "score": 0,
  "times": 0,
  "imageList": null,
  "displayType": "text",
  "justView": "0",
  "fileName": null,
  "filePath": null,
  "imagePath": null,
  "imageName": null,
  "productIdList": null,
  "curPage": null,
  "pageSize": null,
  "siteCode": null,
  "statusFlag": "Publish",
  "returnCode": 0,
  "totalRows": null,
  "keywords": null,
  "avgScore": 0.0,
  "createDate": null,
  "totalPages": null
}