{
  "type": null,
  "faqId": 13602,
  "title": "音声通話やSMSの着信拒否機能はありますか。",
  "answer": "着信拒否は「端末マネージャー」の機能として対応しております。 \r\n\r\nホーム画面上から「端末マネージャー」を開いた後、画面を左にスワイプし、「着信拒否」をタップしてご利用下さい。",
  "faqTypeId": 1243,
  "faqType": "SMS&メール",
  "useful": 57,
  "unUseful": 11,
  "languageId": 3,
  "languageName": "jp",
  "faqCode": "5043",
  "faqTypeCode": "Messaging and Email",
  "isTop": "0",
  "moduleCode": "faq",
  "productId": null,
  "productCode": null,
  "postDate": 1406271024000,
  "seriesProductName": "G6-L22,G6-U10",
  "visitedTimes": 3150,
  "isUsefulFlag": null,
  "score": 5,
  "times": 1,
  "imageList": null,
  "displayType": "text",
  "justView": "0",
  "fileName": null,
  "filePath": null,
  "imagePath": null,
  "imageName": null,
  "productIdList": null,
  "curPage": null,
  "pageSize": null,
  "siteCode": null,
  "statusFlag": "Publish",
  "returnCode": 0,
  "totalRows": null,
  "keywords": null,
  "avgScore": 5.0,
  "createDate": null,
  "totalPages": null
}