{
  "type": null,
  "faqId": 19781,
  "title": "Ascend G620SにてLTEが繋がらない場合の対策方法はありますか。",
  "answer": "以下のように設定を行って頂き、確認をお願いいたします。   \r\n\r\n\n1、通信会社に4G通信エリア内かどうかを確認する。  \r\n\n2、「設定」→「モバイルネットワーク」→「アクセスポイント名」を開いて、該当する通信会社を選択する。  \r\n\n3、「アクセスポイントの編集」の中、「APNタイプ」項目に「default,supl,ia」という値を入力して保存する。  \r\n\n4、端末を再起動する。  \r\n\r\n\n※詳細は、[サポート]→[ユーザーマニュアル]→[Ascend G620S FAQ]ファイル内、「2.28」項目をご参考に。  \r\n\nリンク：[http://consumer.huawei.com/jp/mobile-phones/support/manuals/detail/g620s-jp.htm?id=33341](http://consumer.huawei.com/jp/mobile-phones/support/manuals/detail/g620s-jp.htm?id=33341#anchor)",
  "faqTypeId": 1235,
  "faqType": "ネットワークデータ共有",
  "useful": 24,
  "unUseful": 29,
  "languageId": 3,
  "languageName": "jp",
  "faqCode": "3081",
  "faqTypeCode": "Network and Data sharing",
  "isTop": "0",
  "moduleCode": "faq",
  "productId": null,
  "productCode": null,
  "postDate": 1423726119000,
  "seriesProductName": "G620S-L02",
  "visitedTimes": 7340,
  "isUsefulFlag": null,
  "score": 0,
  "times": 0,
  "imageList": null,
  "displayType": "text",
  "justView": "0",
  "fileName": null,
  "filePath": null,
  "imagePath": null,
  "imageName": null,
  "productIdList": null,
  "curPage": null,
  "pageSize": null,
  "siteCode": null,
  "statusFlag": "Publish",
  "returnCode": 0,
  "totalRows": null,
  "keywords": null,
  "avgScore": 0.0,
  "createDate": null,
  "totalPages": null
}