{
  "type": null,
  "faqId": 26402,
  "title": "microSD اختيار تثبيت التطبيقات إمَّا على وحدة تخزين هاتفك أو على بطاقة",
  "answer": " ** اختيار ** **تثبيت ** **التطبيقات ** **إمَّا ** **على ** **وحدة ** **تخزين ** **هاتفك ** **أو ** **على ** **بطاقة ** ** microSD ** \r\n\r\n ** وحدة ** **تخزين ** **الهاتف ** **أم ** **بطاقة ** ** microSD ** ** ؟ ** **اسمح ** **لي ** **بمشاركتك ** **معلومات ** **عن ** **بعض ** **المشاكل ** **التالية ** **التي ** **قد ** **تحدث ** **مع ** **بطاقات ** ** microSD ** ** : ** \r\n\r\n ** 1. نظرًا لكون سرعات معالجة بطاقات ** ** microSD ** ** في الغالب أبطأ من سرعات المعالجة في ذاكرة ** ** ROM ** ** الخاصة بالنظام، قد يؤدي تثبيت التطبيقات على بطاقة ** ** microSD ** ** إلى جعل سرعات استجابة نظامك بطيئةً، خصوصًا عندما تقوم بتثبيت تطبيقات عديدة. ** \r\n\r\n ** 2. إذا أزلت بطاقة ** ** microSD ** ** من هاتفك، فلن تتمكن من الوصول إلى التطبيقات المثبَّتة عليها. ** \r\n\r\n ** 3. إنّ الهواتف التي تعمل بنظام ** ** Android 2.3 ** ** وبعض الهواتف التي تعمل بنظام ** ** Android 4.0 ** ** لا تدعم ** ** MTP ** ** ، وبالتالي، إذا قمت بتثبيت تطبيقات عديدة على بطاقة ** ** microSD ** ** ، فسوف تلاحظ أنَّ تشغيل الكمبيوتر يصبح بطيئًا عند توصيل هاتفك بالكمبيوتر واستخدام الهاتف كمحرّك أقراص ** ** USB ** ** . كما تصبح عمليات الكمبيوتر أبطأ كلما ازداد عدد التطبيقات المثبَّتة. ** \r\n\r\n ** 4. ستؤدي قراءة البيانات وكتابتها بشكلٍ متكرر إلى تقصير عمر بطاقة ** ** microSD ** ** الخاصة بك. وإذا كانت جودة بطاقة ** ** microSD ** ** رديئةً، فقد تُفقد بياناتك. ** \r\n\r\n ** إذًا، ** **لماذا ** **نقوم ** **بعرض ** **وظيفة ** **تمكّن ** **مستخدمينا ** **من ** **تثبيت ** **التطبيقات ** **على ** **بطاقة ** ** microSD ** ** ؟ ** \r\n\r\n ** إنَّ الإصدارات الأقدم من ** ** Android 2.3 ** ** لا توفر خيار تثبيت التطبيقات على بطاقة ** ** microSD ** ** . في ذاك الوقت، كانت توفر ذاكرة ROM بسعة 512 ميغابايت للمستخدمين مساحة وحدة تخزين بسعة 200 ميغابايت فقط، وهذه المساحة يمكن استخدامها لتخزين حوالي 50 تطبيق. لذلك، أدخلت ** ** Google ** ** وظيفة \" ** ** APP2SD ** ** \" في نظام ** ** Android 2.3 ** ** لمعالجة مشكلة مساحة وحدة التخزين الغير كافية في ذاكرة ** ** ROM ** ** . ** \r\n\r\n ** حاليًا، تتضمن معظم الهواتف تقنيات ** ** eMMC ** ** بسعة تصل إلى 4 غيغابايت تؤدي وظيفة ذاكرة ** ** ROM ** ** فيها. وتصل مساحة وحدة التخزين المتاحة للمستخدمين إلى حدود 600 ميغابايت أو حتى 2 غيغابايت، وتسمح هذه المساحة باستيعاب تطبيقات أكثر من التطبيقات التي بإمكان المستخدمين العاديين تثبيتها. إذا أخذنا باعتبارنا أوجه القصور في وظيفة \" ** ** App to SD ** ** \" (تثبيت التطبيقات على بطاقة ** ** SD ** ** )، فسوف نجد أنَّ هذه الوظيفة قد أصبحت غير ضرورية. ** \r\n\r\n ** أخيرًا، حاول عدم تثبيت تطبيقاتك على بطاقة ** ** microSD ** ** . ** \r\n\r\n ** نصائح: إذا نفدت مساحة وحدة التخزين الداخلي في هاتفك بسبب حفظ ملفات كثيرة فيها، يمكنك حفظ الملفات الكبيرة مثل الألعاب والأغاني والأفلام على بطاقة ** ** microSD ** ** وتوفير مساحة وحدة التخزين الداخلي لتثبيت تطبيقاتك. **",
  "faqTypeId": null,
  "faqType": null,
  "useful": 0,
  "unUseful": 0,
  "languageId": 23,
  "languageName": "ar",
  "faqCode": "802",
  "faqTypeCode": null,
  "isTop": "0",
  "moduleCode": "faq",
  "productId": null,
  "productCode": null,
  "postDate": 1433162497000,
  "seriesProductName": "",
  "visitedTimes": 46,
  "isUsefulFlag": null,
  "score": 0,
  "times": 0,
  "imageList": null,
  "displayType": "text",
  "justView": "0",
  "fileName": null,
  "filePath": null,
  "imagePath": null,
  "imageName": null,
  "productIdList": null,
  "curPage": null,
  "pageSize": null,
  "siteCode": null,
  "statusFlag": "Publish",
  "returnCode": 0,
  "totalRows": null,
  "keywords": "microSDاختيار تثبيت التطبيقات إمَّا على وحدة تخزين هاتفك أو على بطاقة",
  "avgScore": 0.0,
  "createDate": null,
  "totalPages": null
}