{
  "type": null,
  "faqId": 37756,
  "title": "What do I need to be aware of when charging a new phone",
  "answer": " Wherever possible, use the battery and battery charger provided. \r\n\r\n Do not wait until the battery level is low before charging. Try to charge the battery whenever you can to prolong its lifespan. \r\n\r\n After the battery is fully charged, promptly disconnect the battery charger. Charging the battery for too long may reduce the lifespan of the battery and charger.\n",
  "faqTypeId": null,
  "faqType": null,
  "useful": 0,
  "unUseful": 0,
  "languageId": 23,
  "languageName": "ar",
  "faqCode": "2976",
  "faqTypeCode": null,
  "isTop": "0",
  "moduleCode": "faq",
  "productId": null,
  "productCode": null,
  "postDate": 1441090015000,
  "seriesProductName": "G610-U20,G620S-L02,G630-U10,G6-U10,G700-U10,G730-U10,G750-U10,H30-U10,H60-L04,MT1-U06,Y221-U22,Y320-U30,Y330-U11,Y511-U30",
  "visitedTimes": 3,
  "isUsefulFlag": null,
  "score": 0,
  "times": 0,
  "imageList": null,
  "displayType": "text",
  "justView": "0",
  "fileName": null,
  "filePath": null,
  "imagePath": null,
  "imageName": null,
  "productIdList": null,
  "curPage": null,
  "pageSize": null,
  "siteCode": null,
  "statusFlag": "Publish",
  "returnCode": 0,
  "totalRows": null,
  "keywords": "new phone; new battery, first time, charge, precautions, issues",
  "avgScore": 0.0,
  "createDate": null,
  "totalPages": null
}