{
  "type": null,
  "faqId": 37754,
  "title": "How do I view a list of power-intensive apps",
  "answer": " For phones using EMUI 2.0 and EMUI 2.3, go to Settings and then select Power saving > Bkgd power-intensive apps. \r\n\r\n For phones using EMUI 3.0, go to Settings, select Power saving and then switch to Details to view or terminate background power-intensive apps and check the hardware and software power consumption rankings.\n",
  "faqTypeId": null,
  "faqType": null,
  "useful": 0,
  "unUseful": 0,
  "languageId": 23,
  "languageName": "ar",
  "faqCode": "2974",
  "faqTypeCode": null,
  "isTop": "0",
  "moduleCode": "faq",
  "productId": null,
  "productCode": null,
  "postDate": 1441090015000,
  "seriesProductName": "G610-U20,G620S-L02,G630-U10,G6-U10,G700-U10,G730-U10,G750-U10,H30-U10,H60-L04,MT1-U06,Y221-U22,Y320-U30,Y330-U11,Y511-U30",
  "visitedTimes": 1,
  "isUsefulFlag": null,
  "score": 0,
  "times": 0,
  "imageList": null,
  "displayType": "text",
  "justView": "0",
  "fileName": null,
  "filePath": null,
  "imagePath": null,
  "imageName": null,
  "productIdList": null,
  "curPage": null,
  "pageSize": null,
  "siteCode": null,
  "statusFlag": "Publish",
  "returnCode": 0,
  "totalRows": null,
  "keywords": "save power, drain power, use power, app, list, software, background",
  "avgScore": 0.0,
  "createDate": null,
  "totalPages": null
}