{
  "type": null,
  "faqId": 37753,
  "title": "How do I view the battery usage status",
  "answer": " For phones using EMUI 2.3 or below, go to Settings and then select Battery to view the remaining battery level, the battery usage time and the battery consumption data for system software and hardware. \r\n\r\n For phones using EMUI 3.0, go to Settings and then select Power saving. Switch to the Power saving tab to view the remaining battery level and the remaining usage time.\n",
  "faqTypeId": null,
  "faqType": null,
  "useful": 0,
  "unUseful": 0,
  "languageId": 23,
  "languageName": "ar",
  "faqCode": "2973",
  "faqTypeCode": null,
  "isTop": "0",
  "moduleCode": "faq",
  "productId": null,
  "productCode": null,
  "postDate": 1441090014000,
  "seriesProductName": "G610-U20,G620S-L02,G630-U10,G6-U10,G700-U10,G730-U10,G750-U10,H30-U10,H60-L04,MT1-U06,Y221-U22,Y320-U30,Y330-U11,Y511-U30",
  "visitedTimes": 5,
  "isUsefulFlag": null,
  "score": 0,
  "times": 0,
  "imageList": null,
  "displayType": "text",
  "justView": "0",
  "fileName": null,
  "filePath": null,
  "imagePath": null,
  "imageName": null,
  "productIdList": null,
  "curPage": null,
  "pageSize": null,
  "siteCode": null,
  "statusFlag": "Publish",
  "returnCode": 0,
  "totalRows": null,
  "keywords": "battery, power, usage, state",
  "avgScore": 0.0,
  "createDate": null,
  "totalPages": null
}