{
  "type": null,
  "faqId": 37758,
  "title": "The phone does not charge when connected to a computer",
  "answer": " The computer's USB port may not provide sufficient current. \r\n\r\n If the phone is connected to a desktop computer, you are recommended to connect the data cable to a USB port on the back of the desktop unit. \r\n\r\n If the phone is connected to a laptop, please connect the phone directly to one of the computer's USB ports; external USB ports may not provide sufficient current. \r\n\r\n If the phone is still not charging, you are recommended to charge the phone via the mains using the battery charger. \r\n\n\n\n\n",
  "faqTypeId": null,
  "faqType": null,
  "useful": 0,
  "unUseful": 0,
  "languageId": 23,
  "languageName": "ar",
  "faqCode": "2978",
  "faqTypeCode": null,
  "isTop": "0",
  "moduleCode": "faq",
  "productId": null,
  "productCode": null,
  "postDate": 1441090016000,
  "seriesProductName": "G610-U20,G620S-L02,G630-U10,G6-U10,G700-U10,G730-U10,G750-U10,H30-U10,H60-L04,MT1-U06,Y221-U22,Y320-U30,Y330-U11,Y511-U30",
  "visitedTimes": 2,
  "isUsefulFlag": null,
  "score": 0,
  "times": 0,
  "imageList": null,
  "displayType": "text",
  "justView": "0",
  "fileName": null,
  "filePath": null,
  "imagePath": null,
  "imageName": null,
  "productIdList": null,
  "curPage": null,
  "pageSize": null,
  "siteCode": null,
  "statusFlag": "Publish",
  "returnCode": 0,
  "totalRows": null,
  "keywords": "phone, connect, computer, data cable, charge, fail, won't charge, unable to charge",
  "avgScore": 0.0,
  "createDate": null,
  "totalPages": null
}