{
  "type": null,
  "faqId": 37752,
  "title": "Battery care",
  "answer": " The battery's capacity will decrease rapidly if it is not used for more than 6 months. Do not leave the battery idle for long periods. \r\n\r\n Wherever possible, use the battery charger provided to charge the battery. \r\n\r\n Do not wait until the battery level is low before charging. Try to charge the battery whenever you can to prolong its lifespan. \r\n\r\n Avoid using the phone when it is charging. \r\n\r\n After the battery is fully charged, promptly disconnect the battery charger. Charging the battery for too long may reduce the lifespan of the battery and charger. \r\n\r\n Do not subject the battery to high or low temperatures or large temperature fluctuations. This reduces the lifespan of the battery. \r\n\n\n\n\n",
  "faqTypeId": null,
  "faqType": null,
  "useful": 0,
  "unUseful": 0,
  "languageId": 23,
  "languageName": "ar",
  "faqCode": "2972",
  "faqTypeCode": null,
  "isTop": "0",
  "moduleCode": "faq",
  "productId": null,
  "productCode": null,
  "postDate": 1441090014000,
  "seriesProductName": "G610-U20,G620S-L02,G630-U10,G6-U10,G700-U10,G730-U10,G750-U10,H30-U10,H60-L04,MT1-U06,Y221-U22,Y320-U30,Y330-U11,Y511-U30",
  "visitedTimes": 4,
  "isUsefulFlag": null,
  "score": 0,
  "times": 0,
  "imageList": null,
  "displayType": "text",
  "justView": "0",
  "fileName": null,
  "filePath": null,
  "imagePath": null,
  "imageName": null,
  "productIdList": null,
  "curPage": null,
  "pageSize": null,
  "siteCode": null,
  "statusFlag": "Publish",
  "returnCode": 0,
  "totalRows": null,
  "keywords": "care, protection, battery, correct use",
  "avgScore": 0.0,
  "createDate": null,
  "totalPages": null
}