{
  "type": null,
  "faqId": 37759,
  "title": "Can I use Huawei battery chargers abroad",
  "answer": " Huawei battery chargers require a particular input voltage. Refer to the information on the charger label for details. If the voltage of the country or region in question meets the requirements, you can normally use the charger without a voltage converter. \r\n\r\n Mains sockets abroad may be different from those in your own country, in which case you will need a plug adapter to use your charger.\n",
  "faqTypeId": null,
  "faqType": null,
  "useful": 0,
  "unUseful": 0,
  "languageId": 23,
  "languageName": "ar",
  "faqCode": "2979",
  "faqTypeCode": null,
  "isTop": "0",
  "moduleCode": "faq",
  "productId": null,
  "productCode": null,
  "postDate": 1441090016000,
  "seriesProductName": "G610-U20,G620S-L02,G630-U10,G6-U10,G700-U10,G730-U10,G750-U10,H30-U10,H60-L04,MT1-U06,Y221-U22,Y320-U30,Y330-U11,Y511-U30",
  "visitedTimes": 2,
  "isUsefulFlag": null,
  "score": 0,
  "times": 0,
  "imageList": null,
  "displayType": "text",
  "justView": "0",
  "fileName": null,
  "filePath": null,
  "imagePath": null,
  "imageName": null,
  "productIdList": null,
  "curPage": null,
  "pageSize": null,
  "siteCode": null,
  "statusFlag": "Publish",
  "returnCode": 0,
  "totalRows": null,
  "keywords": "charger, going abroad, overseas, normal, use",
  "avgScore": 0.0,
  "createDate": null,
  "totalPages": null
}