{
  "type": null,
  "faqId": 37764,
  "title": "The screen does not rotate automatically",
  "answer": " Check whether you have enabled the automatic screen rotation function. \r\n\r\n Open the notification panel and select ![](http://consumer.huawei.com/support/servlet/imageServlet?dlType=HtmlAreaImage&imageId=123036) to turn on the automatic screen rotation function. \r\n\r\n The screen does not rotate when using some third-party apps. \r\n\r\n Check whether the app supports the tilt sensor. \r\n\r\n Deleting some system files by accident may cause the screen to stop rotating automatically. You are recommended to restore the phone to factory settings or update the system after backing up important data. \r\n\r\n Go to the [Huawei Downloads Page](http://consumer.huawei.com/en/support/downloads/index.htm%22 \\o %22 ) and download the software update package. Refer to the update guide in the package before completing the update. \r\n\n\n\n\n",
  "faqTypeId": null,
  "faqType": null,
  "useful": 0,
  "unUseful": 0,
  "languageId": 23,
  "languageName": "ar",
  "faqCode": "2984",
  "faqTypeCode": null,
  "isTop": "0",
  "moduleCode": "faq",
  "productId": null,
  "productCode": null,
  "postDate": 1441090017000,
  "seriesProductName": "G610-U20,G620S-L02,G630-U10,G6-U10,G700-U10,G730-U10,G750-U10,H30-U10,H60-L04,MT1-U06,Y221-U22,Y320-U30,Y330-U11,Y511-U30",
  "visitedTimes": 1,
  "isUsefulFlag": null,
  "score": 0,
  "times": 0,
  "imageList": null,
  "displayType": "text",
  "justView": "0",
  "fileName": null,
  "filePath": null,
  "imagePath": null,
  "imageName": null,
  "productIdList": null,
  "curPage": null,
  "pageSize": null,
  "siteCode": null,
  "statusFlag": "Publish",
  "returnCode": 0,
  "totalRows": null,
  "keywords": "rotate, screen, auto rotate, landscape display",
  "avgScore": 0.0,
  "createDate": null,
  "totalPages": null
}