{
  "type": null,
  "faqId": 37767,
  "title": "The touchscreen is slow or unresponsive during normal use",
  "answer": " Check whether there is a screen protector fitted. Some screen protectors affect the touchscreen function when they are badly scratched. \r\n\r\n Opening a large app or lots of background apps may temporarily cause the phone to freeze, making the touchscreen unresponsive. \r\n\r\n Please wait patiently or clean up background apps and then monitor use to see whether the touchscreen has returned to normal. \r\n\r\n Close the background apps that you do not need: go to Settings, select Manage apps and select the apps that you wish to close. Then select Stop and close the app according to the on-screen prompts. \r\n\r\n If your phone features Phone Manager, you can use it to close apps: open Phone Manager, select Phone accelerator and close all background apps in one go. \r\n\r\n If the problem persists, please contact Huawei customer service or take your phone and purchase invoice to a service center for inspection. \r\n\n\n\n\n",
  "faqTypeId": null,
  "faqType": null,
  "useful": 0,
  "unUseful": 0,
  "languageId": 23,
  "languageName": "ar",
  "faqCode": "2987",
  "faqTypeCode": null,
  "isTop": "0",
  "moduleCode": "faq",
  "productId": null,
  "productCode": null,
  "postDate": 1441090017000,
  "seriesProductName": "G610-U20,G620S-L02,G630-U10,G6-U10,G700-U10,G730-U10,G750-U10,H30-U10,H60-L04,MT1-U06,Y221-U22,Y320-U30,Y330-U11,Y511-U30",
  "visitedTimes": 1,
  "isUsefulFlag": null,
  "score": 0,
  "times": 0,
  "imageList": null,
  "displayType": "text",
  "justView": "0",
  "fileName": null,
  "filePath": null,
  "imagePath": null,
  "imageName": null,
  "productIdList": null,
  "curPage": null,
  "pageSize": null,
  "siteCode": null,
  "statusFlag": "Publish",
  "returnCode": 0,
  "totalRows": null,
  "keywords": "touchscreen, screen, slow response, delayed response, touchscreen lag, unresponsive",
  "avgScore": 0.0,
  "createDate": null,
  "totalPages": null
}