{
  "type": null,
  "faqId": 37768,
  "title": "The touchscreen is slow or unresponsive when charging",
  "answer": " This is normal for phones with capacitive screens. This is because the touchscreen function relies on an electric current. The current is unstable when charging and this can sometimes cause the touchscreen to become unresponsive or move. \r\n\r\n Please use the charger and data cable included to charge the phone. In addition, avoid using the phone when charging. \r\n\n\n\n\n",
  "faqTypeId": null,
  "faqType": null,
  "useful": 0,
  "unUseful": 0,
  "languageId": 23,
  "languageName": "ar",
  "faqCode": "2988",
  "faqTypeCode": null,
  "isTop": "0",
  "moduleCode": "faq",
  "productId": null,
  "productCode": null,
  "postDate": 1441090018000,
  "seriesProductName": "G610-U20,G620S-L02,G630-U10,G6-U10,G700-U10,G730-U10,G750-U10,H30-U10,H60-L04,MT1-U06,Y221-U22,Y320-U30,Y330-U11,Y511-U30",
  "visitedTimes": 1,
  "isUsefulFlag": null,
  "score": 0,
  "times": 0,
  "imageList": null,
  "displayType": "text",
  "justView": "0",
  "fileName": null,
  "filePath": null,
  "imagePath": null,
  "imageName": null,
  "productIdList": null,
  "curPage": null,
  "pageSize": null,
  "siteCode": null,
  "statusFlag": "Publish",
  "returnCode": 0,
  "totalRows": null,
  "keywords": "charge, touchscreen, screen, slow response, delayed response, touchscreen lag, unresponsive",
  "avgScore": 0.0,
  "createDate": null,
  "totalPages": null
}