{
  "type": null,
  "faqId": 37773,
  "title": "The screen is always on when charging",
  "answer": " Go to Developer options to change the settings. The developer options will be hidden on some phone models by default. \r\n\r\n Step 1 Go to Settings and then select About phone. \r\n\r\n Step 1 Keep touching the version number until the screen displays a prompt showing that you have entered the developer mode. \r\n\r\n Step 1 Go back to Settings, select Developer options and deselect the Stay awake check box. \r\n\n\n\n\n",
  "faqTypeId": null,
  "faqType": null,
  "useful": 0,
  "unUseful": 0,
  "languageId": 23,
  "languageName": "ar",
  "faqCode": "2993",
  "faqTypeCode": null,
  "isTop": "0",
  "moduleCode": "faq",
  "productId": null,
  "productCode": null,
  "postDate": 1441090019000,
  "seriesProductName": "G610-U20,G620S-L02,G630-U10,G6-U10,G700-U10,G730-U10,G750-U10,H30-U10,H60-L04,MT1-U06,Y221-U22,Y320-U30,Y330-U11,Y511-U30",
  "visitedTimes": 2,
  "isUsefulFlag": null,
  "score": 0,
  "times": 0,
  "imageList": null,
  "displayType": "text",
  "justView": "0",
  "fileName": null,
  "filePath": null,
  "imagePath": null,
  "imageName": null,
  "productIdList": null,
  "curPage": null,
  "pageSize": null,
  "siteCode": null,
  "statusFlag": "Publish",
  "returnCode": 0,
  "totalRows": null,
  "keywords": "screen won't switch off, cannot turn screen off, steady on",
  "avgScore": 0.0,
  "createDate": null,
  "totalPages": null
}