{
  "type": null,
  "faqId": 37774,
  "title": "How do I set a live wallpaper",
  "answer": " Step 1 Touch and hold an empty area on the home screen. \r\n\r\n Step 1 Select Wallpapers > Home screen wallpaper. \r\n\r\n Step 1 Select a wallpaper under Live wallpapers. \r\n\r\n Step 1 Touch Set wallpaper.\n",
  "faqTypeId": null,
  "faqType": null,
  "useful": 0,
  "unUseful": 0,
  "languageId": 23,
  "languageName": "ar",
  "faqCode": "2994",
  "faqTypeCode": null,
  "isTop": "0",
  "moduleCode": "faq",
  "productId": null,
  "productCode": null,
  "postDate": 1441090019000,
  "seriesProductName": "G610-U20,G620S-L02,G630-U10,G6-U10,G700-U10,G730-U10,G750-U10,H30-U10,H60-L04,MT1-U06,Y221-U22,Y320-U30,Y330-U11,Y511-U30",
  "visitedTimes": 1,
  "isUsefulFlag": null,
  "score": 0,
  "times": 0,
  "imageList": null,
  "displayType": "text",
  "justView": "0",
  "fileName": null,
  "filePath": null,
  "imagePath": null,
  "imageName": null,
  "productIdList": null,
  "curPage": null,
  "pageSize": null,
  "siteCode": null,
  "statusFlag": "Publish",
  "returnCode": 0,
  "totalRows": null,
  "keywords": "dynamic desktop, wallpaper",
  "avgScore": 0.0,
  "createDate": null,
  "totalPages": null
}