{
  "type": null,
  "faqId": 37779,
  "title": "How do I store photos and videos to the microSD card by default",
  "answer": " For EMUI 2.3, enter the camera viewfinder mode and select ![](http://consumer.huawei.com/support/servlet/imageServlet?dlType=HtmlAreaImage&imageId=123042). Select the Others tab and set the Preferred save location to SD card. \r\n\r\n For EMUI 3.0, enter the camera viewfinder mode and select ![](http://consumer.huawei.com/support/servlet/imageServlet?dlType=HtmlAreaImage&imageId=123043). Select Settings and set the Preferred save location to SD card. \r\n\r\n For some phone models, photos and videos will be saved by default to the microSD card when a microSD card is inserted. You do not need to manually configure these models.\n",
  "faqTypeId": null,
  "faqType": null,
  "useful": 0,
  "unUseful": 0,
  "languageId": 23,
  "languageName": "ar",
  "faqCode": "2999",
  "faqTypeCode": null,
  "isTop": "0",
  "moduleCode": "faq",
  "productId": null,
  "productCode": null,
  "postDate": 1441090020000,
  "seriesProductName": "G610-U20,G620S-L02,G630-U10,G6-U10,G700-U10,G730-U10,G750-U10,H30-U10,H60-L04,MT1-U06,Y221-U22,Y320-U30,Y330-U11,Y511-U30",
  "visitedTimes": 1,
  "isUsefulFlag": null,
  "score": 0,
  "times": 0,
  "imageList": null,
  "displayType": "text",
  "justView": "0",
  "fileName": null,
  "filePath": null,
  "imagePath": null,
  "imageName": null,
  "productIdList": null,
  "curPage": null,
  "pageSize": null,
  "siteCode": null,
  "statusFlag": "Publish",
  "returnCode": 0,
  "totalRows": null,
  "keywords": "photos, recordings, videos, save, microSD card",
  "avgScore": 0.0,
  "createDate": null,
  "totalPages": null
}