{
  "type": null,
  "faqId": 37770,
  "title": "How do I remove the camera button at the bottom-right of the lock screen",
  "answer": " The camera button at the bottom-right of the lock screen is a convenient feature of the EMUI system that allows users to launch the camera quickly. If you do not require this feature, you can remove it using one of the following methods: \r\n\r\n Change the theme \r\n\r\n Go to Themes and then select a theme that does not contain a camera button on the bottom-right of the lock screen. \r\n\r\n Change the unlock method \r\n\r\n Enter Themes, select Customize > Screen lock style and then swipe to the left or right to select a style that does not contain a camera button. \r\n\r\n * This solution is only applicable to EMUI 2.0 or above.\n",
  "faqTypeId": null,
  "faqType": null,
  "useful": 0,
  "unUseful": 0,
  "languageId": 23,
  "languageName": "ar",
  "faqCode": "2990",
  "faqTypeCode": null,
  "isTop": "0",
  "moduleCode": "faq",
  "productId": null,
  "productCode": null,
  "postDate": 1441090019000,
  "seriesProductName": "G610-U20,G620S-L02,G630-U10,G6-U10,G700-U10,G730-U10,G750-U10,H30-U10,H60-L04,MT1-U06,Y221-U22,Y320-U30,Y330-U11,Y511-U30",
  "visitedTimes": 1,
  "isUsefulFlag": null,
  "score": 0,
  "times": 0,
  "imageList": null,
  "displayType": "text",
  "justView": "0",
  "fileName": null,
  "filePath": null,
  "imagePath": null,
  "imageName": null,
  "productIdList": null,
  "curPage": null,
  "pageSize": null,
  "siteCode": null,
  "statusFlag": "Publish",
  "returnCode": 0,
  "totalRows": null,
  "keywords": "remove, camera button",
  "avgScore": 0.0,
  "createDate": null,
  "totalPages": null
}