{
  "type": null,
  "faqId": 37788,
  "title": "Camera does not capture full-screen photos",
  "answer": " The resolution set when taking photos determines whether the photo will fill the screen. Try changing resolution settings to take full-screen photos. \r\n\r\n For EMUI 2.0 and EMUI 2.3, enter the camera viewfinder mode and select ![](http://consumer.huawei.com/support/servlet/imageServlet?dlType=HtmlAreaImage&imageId=123047). Select the Camera tab and then select Resolution to change the resolution settings to full-screen. \r\n\r\n For EMUI 3.0, enter the camera viewfinder mode and select ![](http://consumer.huawei.com/support/servlet/imageServlet?dlType=HtmlAreaImage&imageId=123048). Then select Settings > Resolution to change the resolution settings to full-screen. \r\n\n\n\n\n",
  "faqTypeId": null,
  "faqType": null,
  "useful": 1,
  "unUseful": 0,
  "languageId": 23,
  "languageName": "ar",
  "faqCode": "3008",
  "faqTypeCode": null,
  "isTop": "0",
  "moduleCode": "faq",
  "productId": null,
  "productCode": null,
  "postDate": 1441090023000,
  "seriesProductName": "G610-U20,G620S-L02,G630-U10,G6-U10,G700-U10,G730-U10,G750-U10,H30-U10,H60-L04,MT1-U06,Y221-U22,Y320-U30,Y330-U11,Y511-U30",
  "visitedTimes": 2,
  "isUsefulFlag": null,
  "score": 0,
  "times": 0,
  "imageList": null,
  "displayType": "text",
  "justView": "0",
  "fileName": null,
  "filePath": null,
  "imagePath": null,
  "imageName": null,
  "productIdList": null,
  "curPage": null,
  "pageSize": null,
  "siteCode": null,
  "statusFlag": "Publish",
  "returnCode": 0,
  "totalRows": null,
  "keywords": "resolution, dark edges, full screen, take photos",
  "avgScore": 0.0,
  "createDate": null,
  "totalPages": null
}