{
  "type": null,
  "faqId": 37785,
  "title": "The music volume is very low",
  "answer": " You can turn up the volume using the volume up button when music is playing. \r\n\r\n Check whether the phone's speaker has been covered. To ensure normal use, please do not cover the speaker with objects such as phone covers. \r\n\r\n Try playing a ringtone file with the volume turned up to see if there is a problem with the music file. If there is a problem with the file, try again with another file. \r\n\r\n If the problem cannot be solved using the preceding steps, please contact Huawei customer service or take your phone and purchase invoice to a service center for inspection. \r\n\n\n\n\n",
  "faqTypeId": null,
  "faqType": null,
  "useful": 0,
  "unUseful": 0,
  "languageId": 23,
  "languageName": "ar",
  "faqCode": "3005",
  "faqTypeCode": null,
  "isTop": "0",
  "moduleCode": "faq",
  "productId": null,
  "productCode": null,
  "postDate": 1441090022000,
  "seriesProductName": "G610-U20,G620S-L02,G630-U10,G6-U10,G700-U10,G730-U10,G750-U10,H30-U10,H60-L04,MT1-U06,Y221-U22,Y320-U30,Y330-U11,Y511-U30",
  "visitedTimes": 1,
  "isUsefulFlag": null,
  "score": 0,
  "times": 0,
  "imageList": null,
  "displayType": "text",
  "justView": "0",
  "fileName": null,
  "filePath": null,
  "imagePath": null,
  "imageName": null,
  "productIdList": null,
  "curPage": null,
  "pageSize": null,
  "siteCode": null,
  "statusFlag": "Publish",
  "returnCode": 0,
  "totalRows": null,
  "keywords": "music, quiet, speaker",
  "avgScore": 0.0,
  "createDate": null,
  "totalPages": null
}