{
  "type": null,
  "faqId": 37787,
  "title": "How do I use a Huawei headset to control music playback",
  "answer": " Press the headset button to play or pause music in the music player. \r\n\r\n Press the headset button twice to skip to the next song. \r\n\r\n ![](http://consumer.huawei.com/support/servlet/imageServlet?dlType=HtmlAreaImage&imageId=123046)\r\n\r\n Please use an original Huawei headset. Headsets made by other brands may be incompatible with Huawei phones, meaning that they cannot be used to control music playback. Non-Huawei music players may not support headset playback control. Please contact the app developer for details.\n",
  "faqTypeId": null,
  "faqType": null,
  "useful": 0,
  "unUseful": 0,
  "languageId": 23,
  "languageName": "ar",
  "faqCode": "3007",
  "faqTypeCode": null,
  "isTop": "0",
  "moduleCode": "faq",
  "productId": null,
  "productCode": null,
  "postDate": 1441090022000,
  "seriesProductName": "G610-U20,G620S-L02,G630-U10,G6-U10,G700-U10,G730-U10,G750-U10,H30-U10,H60-L04,MT1-U06,Y221-U22,Y320-U30,Y330-U11,Y511-U30",
  "visitedTimes": 1,
  "isUsefulFlag": null,
  "score": 0,
  "times": 0,
  "imageList": null,
  "displayType": "text",
  "justView": "0",
  "fileName": null,
  "filePath": null,
  "imagePath": null,
  "imageName": null,
  "productIdList": null,
  "curPage": null,
  "pageSize": null,
  "siteCode": null,
  "statusFlag": "Publish",
  "returnCode": 0,
  "totalRows": null,
  "keywords": "headset; listen to music; pause; skip; next song",
  "avgScore": 0.0,
  "createDate": null,
  "totalPages": null
}