{
  "type": null,
  "faqId": 37786,
  "title": "How do I get lyrics to appear in sync with the music",
  "answer": " After downloading the .lrc lyrics file online, place the lyrics file and the music file in the same folder, ensuring that both files have the same name. \r\n\r\n When using the built-in music player to play music, swipe to the right in the player to view the lyrics for the current song.\n",
  "faqTypeId": null,
  "faqType": null,
  "useful": 0,
  "unUseful": 0,
  "languageId": 23,
  "languageName": "ar",
  "faqCode": "3006",
  "faqTypeCode": null,
  "isTop": "0",
  "moduleCode": "faq",
  "productId": null,
  "productCode": null,
  "postDate": 1441090022000,
  "seriesProductName": "G610-U20,G620S-L02,G630-U10,G6-U10,G700-U10,G730-U10,G750-U10,H30-U10,H60-L04,MT1-U06,Y221-U22,Y320-U30,Y330-U11,Y511-U30",
  "visitedTimes": 1,
  "isUsefulFlag": null,
  "score": 0,
  "times": 0,
  "imageList": null,
  "displayType": "text",
  "justView": "0",
  "fileName": null,
  "filePath": null,
  "imagePath": null,
  "imageName": null,
  "productIdList": null,
  "curPage": null,
  "pageSize": null,
  "siteCode": null,
  "statusFlag": "Publish",
  "returnCode": 0,
  "totalRows": null,
  "keywords": "playback, music, lyrics, synchronize",
  "avgScore": 0.0,
  "createDate": null,
  "totalPages": null
}