{
  "type": null,
  "faqId": 37782,
  "title": "I cannot play online music or video",
  "answer": " When playing music or videos on a web page, please follow the on-screen prompts to download and install the flash plug-in in order to enjoy normal playback. \r\n\r\n If you still cannot play the music or video after installing the flash plug-in, please perform the following steps: \r\n\r\n In the browser, open the options menu, select Settings > Advanced > Enable plug-ins and then select Always on. Try again after completing these settings. \r\n\n\n\n\n",
  "faqTypeId": null,
  "faqType": null,
  "useful": 0,
  "unUseful": 0,
  "languageId": 23,
  "languageName": "ar",
  "faqCode": "3002",
  "faqTypeCode": null,
  "isTop": "0",
  "moduleCode": "faq",
  "productId": null,
  "productCode": null,
  "postDate": 1441090021000,
  "seriesProductName": "G610-U20,G620S-L02,G630-U10,G6-U10,G700-U10,G730-U10,G750-U10,H30-U10,H60-L04,MT1-U06,Y221-U22,Y320-U30,Y330-U11,Y511-U30",
  "visitedTimes": 2,
  "isUsefulFlag": null,
  "score": 0,
  "times": 0,
  "imageList": null,
  "displayType": "text",
  "justView": "0",
  "fileName": null,
  "filePath": null,
  "imagePath": null,
  "imageName": null,
  "productIdList": null,
  "curPage": null,
  "pageSize": null,
  "siteCode": null,
  "statusFlag": "Publish",
  "returnCode": 0,
  "totalRows": null,
  "keywords": "online, playback, music, videos, songs",
  "avgScore": 0.0,
  "createDate": null,
  "totalPages": null
}