{
  "type": null,
  "faqId": 37789,
  "title": "The captured image is blurred and the colors are very dark",
  "answer": " Check if there is any dust on the camera lens and try again after cleaning the lens. \r\n\r\n The image will be blurred if the camera did not finish focusing. It takes about 1.5 seconds for the camera to focus; please wait until it has finished focusing before taking a photo. \r\n\r\n Try to avoid taking photos in areas with insufficient light. \r\n\r\n The photo clarity depends on where you take the photo. Please choose a photo mode that suits your surroundings and adjust the camera's parameters. \r\n\r\n If the problem persists, please contact Huawei customer service or take your phone and purchase invoice to a service center for inspection. \r\n\n\n\n\n",
  "faqTypeId": null,
  "faqType": null,
  "useful": 0,
  "unUseful": 0,
  "languageId": 23,
  "languageName": "ar",
  "faqCode": "3009",
  "faqTypeCode": null,
  "isTop": "0",
  "moduleCode": "faq",
  "productId": null,
  "productCode": null,
  "postDate": 1441090023000,
  "seriesProductName": "G610-U20,G620S-L02,G630-U10,G6-U10,G700-U10,G730-U10,G750-U10,H30-U10,H60-L04,MT1-U06,Y221-U22,Y320-U30,Y330-U11,Y511-U30",
  "visitedTimes": 1,
  "isUsefulFlag": null,
  "score": 0,
  "times": 0,
  "imageList": null,
  "displayType": "text",
  "justView": "0",
  "fileName": null,
  "filePath": null,
  "imagePath": null,
  "imageName": null,
  "productIdList": null,
  "curPage": null,
  "pageSize": null,
  "siteCode": null,
  "statusFlag": "Publish",
  "returnCode": 0,
  "totalRows": null,
  "keywords": "take photos, blurred, black, dark",
  "avgScore": 0.0,
  "createDate": null,
  "totalPages": null
}