{
  "type": null,
  "faqId": 37792,
  "title": "How do I use the All Focus feature to take a photo",
  "answer": " The All Focus feature lets you take an image first before selecting the focal point of the photo. \r\n\r\n Go to the camera viewfinder mode and switch to All focus. Ensure that the object you wish to photograph doesn't move, get close to the object, steady your phone and then take a photo. \r\n\r\n When opening photos that were taken in All Focus mode, follow the on-screen prompts to enter edit mode and then touch the area that you want in focus to refocus that image. \r\n\r\n * Only some phone models support the All Focus feature.\n",
  "faqTypeId": null,
  "faqType": null,
  "useful": 0,
  "unUseful": 0,
  "languageId": 23,
  "languageName": "ar",
  "faqCode": "3012",
  "faqTypeCode": null,
  "isTop": "0",
  "moduleCode": "faq",
  "productId": null,
  "productCode": null,
  "postDate": 1441090023000,
  "seriesProductName": "G610-U20,G620S-L02,G630-U10,G6-U10,G700-U10,G730-U10,G750-U10,H30-U10,H60-L04,MT1-U06,Y221-U22,Y320-U30,Y330-U11,Y511-U30",
  "visitedTimes": 1,
  "isUsefulFlag": null,
  "score": 0,
  "times": 0,
  "imageList": null,
  "displayType": "text",
  "justView": "0",
  "fileName": null,
  "filePath": null,
  "imagePath": null,
  "imageName": null,
  "productIdList": null,
  "curPage": null,
  "pageSize": null,
  "siteCode": null,
  "statusFlag": "Publish",
  "returnCode": 0,
  "totalRows": null,
  "keywords": "full focus, capture first, focus later",
  "avgScore": 0.0,
  "createDate": null,
  "totalPages": null
}