{
  "type": null,
  "faqId": 37790,
  "title": "How do I focus when taking a photo",
  "answer": " Point the lens at the object that you want to photograph. The camera will focus automatically; you can also touch the screen to focus manually. It takes about 1.5 seconds for the camera to focus. Please wait until the camera has finished focusing before taking a photo. \r\n\r\n If the focus frame turns red, this means that the camera failed to focus. Please move the lens and focus again.\n",
  "faqTypeId": null,
  "faqType": null,
  "useful": 0,
  "unUseful": 0,
  "languageId": 23,
  "languageName": "ar",
  "faqCode": "3010",
  "faqTypeCode": null,
  "isTop": "0",
  "moduleCode": "faq",
  "productId": null,
  "productCode": null,
  "postDate": 1441090023000,
  "seriesProductName": "G610-U20,G620S-L02,G630-U10,G6-U10,G700-U10,G730-U10,G750-U10,H30-U10,H60-L04,MT1-U06,Y221-U22,Y320-U30,Y330-U11,Y511-U30",
  "visitedTimes": 1,
  "isUsefulFlag": null,
  "score": 0,
  "times": 0,
  "imageList": null,
  "displayType": "text",
  "justView": "0",
  "fileName": null,
  "filePath": null,
  "imagePath": null,
  "imageName": null,
  "productIdList": null,
  "curPage": null,
  "pageSize": null,
  "siteCode": null,
  "statusFlag": "Publish",
  "returnCode": 0,
  "totalRows": null,
  "keywords": "focus, automatic, manual, blurred",
  "avgScore": 0.0,
  "createDate": null,
  "totalPages": null
}