{
  "type": null,
  "faqId": 37795,
  "title": "There is no sound when viewing online videos",
  "answer": " Check if the phone's multimedia volume is set to mute. You can increase the video playback volume by pressing the volume up button when viewing a video. \r\n\r\n Check if the video playback client is set to mute. If so, disable the mute setting. \r\n\r\n Reinstall the video playback client. \r\n\r\n Try to play the video on another phone to see if there is a problem with the video file. \r\n\r\n Play another video file to see if there is a problem with the video player. \r\n\r\n Try again after restarting your phone. \r\n\r\n If the problem persists, please contact Huawei customer service or take your phone and purchase invoice to a service center for inspection. \r\n\n\n\n\n",
  "faqTypeId": null,
  "faqType": null,
  "useful": 0,
  "unUseful": 0,
  "languageId": 23,
  "languageName": "ar",
  "faqCode": "3015",
  "faqTypeCode": null,
  "isTop": "0",
  "moduleCode": "faq",
  "productId": null,
  "productCode": null,
  "postDate": 1441090024000,
  "seriesProductName": "G610-U20,G620S-L02,G630-U10,G6-U10,G700-U10,G730-U10,G750-U10,H30-U10,H60-L04,MT1-U06,Y221-U22,Y320-U30,Y330-U11,Y511-U30",
  "visitedTimes": 1,
  "isUsefulFlag": null,
  "score": 0,
  "times": 0,
  "imageList": null,
  "displayType": "text",
  "justView": "0",
  "fileName": null,
  "filePath": null,
  "imagePath": null,
  "imageName": null,
  "productIdList": null,
  "curPage": null,
  "pageSize": null,
  "siteCode": null,
  "statusFlag": "Publish",
  "returnCode": 0,
  "totalRows": null,
  "keywords": "online, playback, video, watch videos, mute, no sound, no audio, video app",
  "avgScore": 0.0,
  "createDate": null,
  "totalPages": null
}