{
  "type": null,
  "faqId": 37797,
  "title": "The volume is too low when listening to music using a headset",
  "answer": " You can turn up the volume using the volume up button when music is playing. \r\n\r\n Check if there are any objects blocking the earphones. Please clean the earphones on a regular basis. \r\n\r\n Try playing a ringtone file with the volume turned up to see whether there is a problem with the audio source. If there is a problem with the audio source, try again after changing the file. \r\n\r\n As the phone's output voltage is limited, music may not play properly when using a high-spec, high-fidelity headset. \r\n\n\n\n\n",
  "faqTypeId": null,
  "faqType": null,
  "useful": 0,
  "unUseful": 0,
  "languageId": 23,
  "languageName": "ar",
  "faqCode": "3017",
  "faqTypeCode": null,
  "isTop": "0",
  "moduleCode": "faq",
  "productId": null,
  "productCode": null,
  "postDate": 1441090025000,
  "seriesProductName": "G610-U20,G620S-L02,G630-U10,G6-U10,G700-U10,G730-U10,G750-U10,H30-U10,H60-L04,MT1-U06,Y221-U22,Y320-U30,Y330-U11,Y511-U30",
  "visitedTimes": 1,
  "isUsefulFlag": null,
  "score": 0,
  "times": 0,
  "imageList": null,
  "displayType": "text",
  "justView": "0",
  "fileName": null,
  "filePath": null,
  "imagePath": null,
  "imageName": null,
  "productIdList": null,
  "curPage": null,
  "pageSize": null,
  "siteCode": null,
  "statusFlag": "Publish",
  "returnCode": 0,
  "totalRows": null,
  "keywords": "headset, listen to music, quiet, muffled, distortion, too quiet",
  "avgScore": 0.0,
  "createDate": null,
  "totalPages": null
}