{
  "type": null,
  "faqId": 37798,
  "title": "The headset button cannot be used to control music playback",
  "answer": " Check if there are any objects lodged in the gaps between the headset buttons that prevent the button from being pressed. Please remove any such objects on a regular basis. \r\n\r\n Please use an original Huawei headset. Headsets made by other brands may be incompatible with Huawei phones, meaning that they cannot be used to control music playback. \r\n\r\n Please contact the relevant app developer if you are not using the phone's default music player. \r\n\r\n\n\n\n\n",
  "faqTypeId": null,
  "faqType": null,
  "useful": 0,
  "unUseful": 0,
  "languageId": 23,
  "languageName": "ar",
  "faqCode": "3018",
  "faqTypeCode": null,
  "isTop": "0",
  "moduleCode": "faq",
  "productId": null,
  "productCode": null,
  "postDate": 1441090025000,
  "seriesProductName": "G610-U20,G620S-L02,G630-U10,G6-U10,G700-U10,G730-U10,G750-U10,H30-U10,H60-L04,MT1-U06,Y221-U22,Y320-U30,Y330-U11,Y511-U30",
  "visitedTimes": 1,
  "isUsefulFlag": null,
  "score": 0,
  "times": 0,
  "imageList": null,
  "displayType": "text",
  "justView": "0",
  "fileName": null,
  "filePath": null,
  "imagePath": null,
  "imageName": null,
  "productIdList": null,
  "curPage": null,
  "pageSize": null,
  "siteCode": null,
  "statusFlag": "Publish",
  "returnCode": 0,
  "totalRows": null,
  "keywords": "press, headset, button, control, unresponsive, listen to music, play music",
  "avgScore": 0.0,
  "createDate": null,
  "totalPages": null
}