{
  "type": null,
  "faqId": 37791,
  "title": "How do I adjust the photo size",
  "answer": " The photo size depends on the camera resolution. The higher the resolution, the larger the photo. \r\n\r\n For EMUI 2.0 and EMUI 2.3, enter the camera viewfinder mode and select ![](http://consumer.huawei.com/support/servlet/imageServlet?dlType=HtmlAreaImage&imageId=123049). Select the Camera tab and then select Resolution to adjust the camera resolution. \r\n\r\n For EMUI 3.0, enter the camera viewfinder mode and select ![](http://consumer.huawei.com/support/servlet/imageServlet?dlType=HtmlAreaImage&imageId=123050). Then select Settings > Resolution to adjust the camera resolution. \r\n\r\n The size of a photo can also be changed by opening the photo using Gallery or another third-party app and cropping the image.\n",
  "faqTypeId": null,
  "faqType": null,
  "useful": 0,
  "unUseful": 0,
  "languageId": 23,
  "languageName": "ar",
  "faqCode": "3011",
  "faqTypeCode": null,
  "isTop": "0",
  "moduleCode": "faq",
  "productId": null,
  "productCode": null,
  "postDate": 1441090023000,
  "seriesProductName": "G610-U20,G620S-L02,G630-U10,G6-U10,G700-U10,G730-U10,G750-U10,H30-U10,H60-L04,MT1-U06,Y221-U22,Y320-U30,Y330-U11,Y511-U30",
  "visitedTimes": 1,
  "isUsefulFlag": null,
  "score": 0,
  "times": 0,
  "imageList": null,
  "displayType": "text",
  "justView": "0",
  "fileName": null,
  "filePath": null,
  "imagePath": null,
  "imageName": null,
  "productIdList": null,
  "curPage": null,
  "pageSize": null,
  "siteCode": null,
  "statusFlag": "Publish",
  "returnCode": 0,
  "totalRows": null,
  "keywords": "change, photo, dimensions",
  "avgScore": 0.0,
  "createDate": null,
  "totalPages": null
}