{
  "type": null,
  "faqId": 37803,
  "title": "How do I change the message font size",
  "answer": " For phones using EMUI 2.0 or above: when viewing a conversation, pinch two fingers together to decrease the message font size. Spread two fingers apart to increase the font size. This only changes the message font size. \r\n\r\n For phones using a system earlier than EMUI 2.0: when changing the system font size, the message font size will also change accordingly. Both the system font size and the message font size are changed.\n",
  "faqTypeId": null,
  "faqType": null,
  "useful": 0,
  "unUseful": 0,
  "languageId": 23,
  "languageName": "ar",
  "faqCode": "3023",
  "faqTypeCode": null,
  "isTop": "0",
  "moduleCode": "faq",
  "productId": null,
  "productCode": null,
  "postDate": 1441090026000,
  "seriesProductName": "G610-U20,G620S-L02,G630-U10,G6-U10,G700-U10,G730-U10,G750-U10,H30-U10,H60-L04,MT1-U06,Y221-U22,Y320-U30,Y330-U11,Y511-U30",
  "visitedTimes": 2,
  "isUsefulFlag": null,
  "score": 0,
  "times": 0,
  "imageList": null,
  "displayType": "text",
  "justView": "0",
  "fileName": null,
  "filePath": null,
  "imagePath": null,
  "imageName": null,
  "productIdList": null,
  "curPage": null,
  "pageSize": null,
  "siteCode": null,
  "statusFlag": "Publish",
  "returnCode": 0,
  "totalRows": null,
  "keywords": "message font, font size, text size, enlarge or shrink font, font display",
  "avgScore": 0.0,
  "createDate": null,
  "totalPages": null
}