{
  "type": null,
  "faqId": 37818,
  "title": "How do I export contacts to other phones using the SIM card",
  "answer": " Go to the contacts list, open the options menu and select Import/Export > Export to SIM card. Export the phone's contacts to the SIM card by following the on-screen prompts. \r\n\r\n Next, insert the SIM card into the other phone. Go to the contacts list, open the options menu and select Import/Export > Import from SIM card. Import the SIM contacts to the phone by following the on-screen prompts.\n",
  "faqTypeId": null,
  "faqType": null,
  "useful": 0,
  "unUseful": 0,
  "languageId": 23,
  "languageName": "ar",
  "faqCode": "3038",
  "faqTypeCode": null,
  "isTop": "0",
  "moduleCode": "faq",
  "productId": null,
  "productCode": null,
  "postDate": 1441090029000,
  "seriesProductName": "G610-U20,G620S-L02,G630-U10,G6-U10,G700-U10,G730-U10,G750-U10,H30-U10,H60-L04,MT1-U06,Y221-U22,Y320-U30,Y330-U11,Y511-U30",
  "visitedTimes": 2,
  "isUsefulFlag": null,
  "score": 0,
  "times": 0,
  "imageList": null,
  "displayType": "text",
  "justView": "0",
  "fileName": null,
  "filePath": null,
  "imagePath": null,
  "imageName": null,
  "productIdList": null,
  "curPage": null,
  "pageSize": null,
  "siteCode": null,
  "statusFlag": "Publish",
  "returnCode": 0,
  "totalRows": null,
  "keywords": "SIM card, contacts, address book, import, export",
  "avgScore": 0.0,
  "createDate": null,
  "totalPages": null
}