{
  "type": null,
  "faqId": 37812,
  "title": "How do I send contact information via MMS",
  "answer": " For EMUI 2.3, touch and hold the contact that you want to send in the contact list, select Share > Messaging, select MMS vCard and then send the MMS by following the on-screen prompts. \r\n\r\n For EMUI 3.0, touch and hold the contact that you want to send in the contact list, select Share contacts > Messaging, select MMS vCard and then send the MMS by following the on-screen prompts.\n",
  "faqTypeId": null,
  "faqType": null,
  "useful": 0,
  "unUseful": 0,
  "languageId": 23,
  "languageName": "ar",
  "faqCode": "3032",
  "faqTypeCode": null,
  "isTop": "0",
  "moduleCode": "faq",
  "productId": null,
  "productCode": null,
  "postDate": 1441090028000,
  "seriesProductName": "G610-U20,G620S-L02,G630-U10,G6-U10,G700-U10,G730-U10,G750-U10,H30-U10,H60-L04,MT1-U06,Y221-U22,Y320-U30,Y330-U11,Y511-U30",
  "visitedTimes": 1,
  "isUsefulFlag": null,
  "score": 0,
  "times": 0,
  "imageList": null,
  "displayType": "text",
  "justView": "0",
  "fileName": null,
  "filePath": null,
  "imagePath": null,
  "imageName": null,
  "productIdList": null,
  "curPage": null,
  "pageSize": null,
  "siteCode": null,
  "statusFlag": "Publish",
  "returnCode": 0,
  "totalRows": null,
  "keywords": "contact information, multimedia messages, send vCard",
  "avgScore": 0.0,
  "createDate": null,
  "totalPages": null
}