{
  "type": null,
  "faqId": 37819,
  "title": "How do I export contacts to other phones using storage media",
  "answer": " Step 1 Export the contact information on the phone to the internal storage in vCard format. Go to Files in the root directory of the phone's internal storage and transfer the exported .vcf file to the other phone. \r\n\r\n Step 1 Select the .vcf file on the other phone to import the contact information. \r\n\r\n If the phone supports an external microSD card, a microSD card is already inserted and the default storage location is set to SD card, you can transfer contacts using the microSD card. \r\n\r\n Step 1 Export the contact information on the phone to the microSD card in vCard format. \r\n\r\n Step 1 Unmount the microSD card and remove it before inserting it into the other phone. \r\n\r\n Step 1 Go to Files in the root directory of the microSD card and select the exported .vcf file to import contact information to the phone.\n",
  "faqTypeId": null,
  "faqType": null,
  "useful": 0,
  "unUseful": 0,
  "languageId": 23,
  "languageName": "ar",
  "faqCode": "3039",
  "faqTypeCode": null,
  "isTop": "0",
  "moduleCode": "faq",
  "productId": null,
  "productCode": null,
  "postDate": 1441090029000,
  "seriesProductName": "G610-U20,G620S-L02,G630-U10,G6-U10,G700-U10,G730-U10,G750-U10,H30-U10,H60-L04,MT1-U06,Y221-U22,Y320-U30,Y330-U11,Y511-U30",
  "visitedTimes": 2,
  "isUsefulFlag": null,
  "score": 0,
  "times": 0,
  "imageList": null,
  "displayType": "text",
  "justView": "0",
  "fileName": null,
  "filePath": null,
  "imagePath": null,
  "imageName": null,
  "productIdList": null,
  "curPage": null,
  "pageSize": null,
  "siteCode": null,
  "statusFlag": "Publish",
  "returnCode": 0,
  "totalRows": null,
  "keywords": "microSD card, storage, contacts, address book, logs, import, export",
  "avgScore": 0.0,
  "createDate": null,
  "totalPages": null
}