{
  "type": null,
  "faqId": 37816,
  "title": "The call ringtone automatically reverts to the default ringtone",
  "answer": " If the configured ringtone is not a preloaded ringtone, please check whether the ringtone file was moved or deleted. Please reset the ringtone. \r\n\r\n If the phone supports an external microSD card and the configured ringtone is saved on the microSD card, the call ringtone will be restored to the default ringtone after the phone is connected to a computer and USB mode is activated. The ringtone will revert to the configured ringtone when the phone is disconnected. You can also move the ringtone file to the internal storage and then change the ringtone settings. \r\n\r\n If the phone supports an external microSD card and the configured ringtone is saved on the microSD card, please check whether the microSD card was unmounted. Please remount the microSD card and reset the ringtone settings. \r\n\r\n If the problem persists, please contact Huawei customer service or take your phone and purchase invoice to a service center for inspection. \r\n\n\n\n\n",
  "faqTypeId": null,
  "faqType": null,
  "useful": 1,
  "unUseful": 0,
  "languageId": 23,
  "languageName": "ar",
  "faqCode": "3036",
  "faqTypeCode": null,
  "isTop": "0",
  "moduleCode": "faq",
  "productId": null,
  "productCode": null,
  "postDate": 1441090029000,
  "seriesProductName": "G610-U20,G620S-L02,G630-U10,G6-U10,G700-U10,G730-U10,G750-U10,H30-U10,H60-L04,MT1-U06,Y221-U22,Y320-U30,Y330-U11,Y511-U30",
  "visitedTimes": 2,
  "isUsefulFlag": null,
  "score": 0,
  "times": 0,
  "imageList": null,
  "displayType": "text",
  "justView": "0",
  "fileName": null,
  "filePath": null,
  "imagePath": null,
  "imageName": null,
  "productIdList": null,
  "curPage": null,
  "pageSize": null,
  "siteCode": null,
  "statusFlag": "Publish",
  "returnCode": 0,
  "totalRows": null,
  "keywords": "ringtone, default ringtone, system ringtone, preloaded ringtone, SD card, storage, custom ringtone, microSD card",
  "avgScore": 0.0,
  "createDate": null,
  "totalPages": null
}