{
  "type": null,
  "faqId": 37821,
  "title": "How do I set a photo for a contact",
  "answer": " Photos cannot be set for contacts stored on the SIM card. Photos can only be set for contacts stored on the phone. \r\n\r\n Go to the contact's details page and touch the contact photo box. Select an image, adjust the image following the on-screen prompts and then save the settings. \r\n\r\n You can also open the image that you wish to use as a contact photo in Gallery or Files. Next, open the options menu and select Set as > Contact photo, select a contact stored on the phone and adjust the image following the on-screen prompts before saving settings.\n",
  "faqTypeId": null,
  "faqType": null,
  "useful": 0,
  "unUseful": 0,
  "languageId": 23,
  "languageName": "ar",
  "faqCode": "3041",
  "faqTypeCode": null,
  "isTop": "0",
  "moduleCode": "faq",
  "productId": null,
  "productCode": null,
  "postDate": 1441090030000,
  "seriesProductName": "G610-U20,G620S-L02,G630-U10,G6-U10,G700-U10,G730-U10,G750-U10,H30-U10,H60-L04,MT1-U06,Y221-U22,Y320-U30,Y330-U11,Y511-U30",
  "visitedTimes": 1,
  "isUsefulFlag": null,
  "score": 0,
  "times": 0,
  "imageList": null,
  "displayType": "text",
  "justView": "0",
  "fileName": null,
  "filePath": null,
  "imagePath": null,
  "imageName": null,
  "productIdList": null,
  "curPage": null,
  "pageSize": null,
  "siteCode": null,
  "statusFlag": "Publish",
  "returnCode": 0,
  "totalRows": null,
  "keywords": "contact, contact photo, caller image, configure, change, choose",
  "avgScore": 0.0,
  "createDate": null,
  "totalPages": null
}