{
  "type": null,
  "faqId": 37827,
  "title": "How do I add multiple numbers for one contact",
  "answer": " For EMUI 2.0 and EMUI 2.3, select a contact from the contact list and enter the edit page. The phone will automatically add a new space for call records each time a new number is entered. \r\n\r\n For EMUI 3.0, select a contact from the contact list, enter the edit page and select Add phone number.\n",
  "faqTypeId": null,
  "faqType": null,
  "useful": 0,
  "unUseful": 0,
  "languageId": 23,
  "languageName": "ar",
  "faqCode": "3047",
  "faqTypeCode": null,
  "isTop": "0",
  "moduleCode": "faq",
  "productId": null,
  "productCode": null,
  "postDate": 1441090032000,
  "seriesProductName": "G610-U20,G620S-L02,G630-U10,G6-U10,G700-U10,G730-U10,G750-U10,H30-U10,H60-L04,MT1-U06,Y221-U22,Y320-U30,Y330-U11,Y511-U30",
  "visitedTimes": 1,
  "isUsefulFlag": null,
  "score": 0,
  "times": 0,
  "imageList": null,
  "displayType": "text",
  "justView": "0",
  "fileName": null,
  "filePath": null,
  "imagePath": null,
  "imageName": null,
  "productIdList": null,
  "curPage": null,
  "pageSize": null,
  "siteCode": null,
  "statusFlag": "Publish",
  "returnCode": 0,
  "totalRows": null,
  "keywords": "phone number, call, contact",
  "avgScore": 0.0,
  "createDate": null,
  "totalPages": null
}