{
  "type": null,
  "faqId": 37820,
  "title": "How do I set a call ringtone for an individual contact or a contact group",
  "answer": " Call ringtones cannot currently be set for contact groups. \r\n\r\n If you wish to set a call ringtone for a contact, go to the contact's details page, select Phone ringtone and then select and apply a preloaded ringtone or a music file stored on the phone.\n",
  "faqTypeId": null,
  "faqType": null,
  "useful": 0,
  "unUseful": 0,
  "languageId": 23,
  "languageName": "ar",
  "faqCode": "3040",
  "faqTypeCode": null,
  "isTop": "0",
  "moduleCode": "faq",
  "productId": null,
  "productCode": null,
  "postDate": 1441090030000,
  "seriesProductName": "G610-U20,G620S-L02,G630-U10,G6-U10,G700-U10,G730-U10,G750-U10,H30-U10,H60-L04,MT1-U06,Y221-U22,Y320-U30,Y330-U11,Y511-U30",
  "visitedTimes": 1,
  "isUsefulFlag": null,
  "score": 0,
  "times": 0,
  "imageList": null,
  "displayType": "text",
  "justView": "0",
  "fileName": null,
  "filePath": null,
  "imagePath": null,
  "imageName": null,
  "productIdList": null,
  "curPage": null,
  "pageSize": null,
  "siteCode": null,
  "statusFlag": "Publish",
  "returnCode": 0,
  "totalRows": null,
  "keywords": "contacts, groups, contact specific ringtone, ringtone, custom ringtone, configure, change",
  "avgScore": 0.0,
  "createDate": null,
  "totalPages": null
}