{
  "type": null,
  "faqId": 37822,
  "title": "How do I view contacts stored on the SIM card",
  "answer": " For EMUI 2.0 and EMUI 3.0, go to the contacts list, open the options menu and then select Contacts to display. Then enable the Show SIM contacts switch and select All contacts. \r\n\r\n For EMUI 2.3, go to the contacts list, open the options menu and then select Contacts to display before selecting All contacts. \r\n\r\n ![](http://consumer.huawei.com/support/servlet/imageServlet?dlType=HtmlAreaImage&imageId=123056)\r\n\r\n Please wait patiently after the SIM card has been inserted as it takes some time to load the contacts.\n",
  "faqTypeId": null,
  "faqType": null,
  "useful": 0,
  "unUseful": 0,
  "languageId": 23,
  "languageName": "ar",
  "faqCode": "3042",
  "faqTypeCode": null,
  "isTop": "0",
  "moduleCode": "faq",
  "productId": null,
  "productCode": null,
  "postDate": 1441090030000,
  "seriesProductName": "G610-U20,G620S-L02,G630-U10,G6-U10,G700-U10,G730-U10,G750-U10,H30-U10,H60-L04,MT1-U06,Y221-U22,Y320-U30,Y330-U11,Y511-U30",
  "visitedTimes": 2,
  "isUsefulFlag": null,
  "score": 0,
  "times": 0,
  "imageList": null,
  "displayType": "text",
  "justView": "0",
  "fileName": null,
  "filePath": null,
  "imagePath": null,
  "imageName": null,
  "productIdList": null,
  "curPage": null,
  "pageSize": null,
  "siteCode": null,
  "statusFlag": "Publish",
  "returnCode": 0,
  "totalRows": null,
  "keywords": "SIM card, contacts, address book, display",
  "avgScore": 0.0,
  "createDate": null,
  "totalPages": null
}