{
  "type": null,
  "faqId": 37837,
  "title": "I cannot connect my phone using an OTG cable",
  "answer": " When connecting an OTG cable to your phone, the phone acts like a card reader. Please check whether your phone supports a microSD card and the USB drive function. If not, please use another phone. \r\n\r\n Check whether the microSD card was inserted into the phone correctly. \r\n\r\n If a microSD card has already been inserted, check whether USB drive mode is activated on the connected phone. \r\n\r\n When using an OTG cable to connect your phone to a USB storage device, the phone will provide power to the device. Some USB storage devices that have a high power rating such as portable hard drives or phones may not function properly. \r\n\n\n\n\n",
  "faqTypeId": null,
  "faqType": null,
  "useful": 0,
  "unUseful": 0,
  "languageId": 23,
  "languageName": "ar",
  "faqCode": "3057",
  "faqTypeCode": null,
  "isTop": "0",
  "moduleCode": "faq",
  "productId": null,
  "productCode": null,
  "postDate": 1441090034000,
  "seriesProductName": "G610-U20,G620S-L02,G630-U10,G6-U10,G700-U10,G730-U10,G750-U10,H30-U10,H60-L04,MT1-U06,Y221-U22,Y320-U30,Y330-U11,Y511-U30",
  "visitedTimes": 3,
  "isUsefulFlag": null,
  "score": 0,
  "times": 0,
  "imageList": null,
  "displayType": "text",
  "justView": "0",
  "fileName": null,
  "filePath": null,
  "imagePath": null,
  "imageName": null,
  "productIdList": null,
  "curPage": null,
  "pageSize": null,
  "siteCode": null,
  "statusFlag": "Publish",
  "returnCode": 0,
  "totalRows": null,
  "keywords": "OTG data cable, USB OTG data cable, phone, connect phone, failed",
  "avgScore": 0.0,
  "createDate": null,
  "totalPages": null
}