{
  "type": null,
  "faqId": 37835,
  "title": "My phone often disconnects from the Wi-Fi network on its own",
  "answer": " After successfully connecting to the Wi-Fi network, keep the phone within range of the Wi-Fi hotspot to avoid losing the connection due to a weak signal. \r\n\r\n For EMUI 2.0 and EMUI 2.3, select Wi-Fi in the Settings page to enter the Wi-Fi settings. Open the options menu, select Advanced > Keep Wi-Fi on during sleep and then select Always. The phone will always stay connected to the Wi-Fi network. \r\n\r\n For EMUI 3.0, select Wi-Fi in the Settings page to enter the Wi-Fi settings. Select Advanced settings > Keep Wi-Fi on during sleep and then select Always. The phone will always stay connected to the Wi-Fi network. \r\n\r\n If the problem persists, turn off the Wi-Fi function and then turn it back on or restart the Wi-Fi hotspot. \r\n\n\n\n\n",
  "faqTypeId": null,
  "faqType": null,
  "useful": 0,
  "unUseful": 0,
  "languageId": 23,
  "languageName": "ar",
  "faqCode": "3055",
  "faqTypeCode": null,
  "isTop": "0",
  "moduleCode": "faq",
  "productId": null,
  "productCode": null,
  "postDate": 1441090034000,
  "seriesProductName": "G610-U20,G620S-L02,G630-U10,G6-U10,G700-U10,G730-U10,G750-U10,H30-U10,H60-L04,MT1-U06,Y221-U22,Y320-U30,Y330-U11,Y511-U30",
  "visitedTimes": 1,
  "isUsefulFlag": null,
  "score": 0,
  "times": 0,
  "imageList": null,
  "displayType": "text",
  "justView": "0",
  "fileName": null,
  "filePath": null,
  "imagePath": null,
  "imageName": null,
  "productIdList": null,
  "curPage": null,
  "pageSize": null,
  "siteCode": null,
  "statusFlag": "Publish",
  "returnCode": 0,
  "totalRows": null,
  "keywords": "Wi-Fi, wireless network, connect to Wi-Fi",
  "avgScore": 0.0,
  "createDate": null,
  "totalPages": null
}