{
  "type": null,
  "faqId": 37840,
  "title": "The phone cannot be discovered via Bluetooth",
  "answer": " Turn on Bluetooth visibility. \r\n\r\n Go to the Bluetooth settings and select the device name to make it visible to other devices. \r\n\r\n Bluetooth visibility may have timed out. Reactivate Bluetooth visibility or adjust the timeout duration. \r\n\r\n Go to the Bluetooth settings, open the options menu and select Visibility timeout. Then select the timeout duration and turn on visibility. \r\n\r\n Keep the device within range. \r\n\r\n Bluetooth devices are visible within a range of 10 m. If the devices are further than 10 m apart, they will not be discovered. \r\n\n\n\n\n",
  "faqTypeId": null,
  "faqType": null,
  "useful": 0,
  "unUseful": 0,
  "languageId": 23,
  "languageName": "ar",
  "faqCode": "3060",
  "faqTypeCode": null,
  "isTop": "0",
  "moduleCode": "faq",
  "productId": null,
  "productCode": null,
  "postDate": 1441090035000,
  "seriesProductName": "G610-U20,G620S-L02,G630-U10,G6-U10,G700-U10,G730-U10,G750-U10,H30-U10,H60-L04,MT1-U06,Y221-U22,Y320-U30,Y330-U11,Y511-U30",
  "visitedTimes": 2,
  "isUsefulFlag": null,
  "score": 0,
  "times": 0,
  "imageList": null,
  "displayType": "text",
  "justView": "0",
  "fileName": null,
  "filePath": null,
  "imagePath": null,
  "imageName": null,
  "productIdList": null,
  "curPage": null,
  "pageSize": null,
  "siteCode": null,
  "statusFlag": "Publish",
  "returnCode": 0,
  "totalRows": null,
  "keywords": "Bluetooth, Bluetooth visibility, Bluetooth is visible",
  "avgScore": 0.0,
  "createDate": null,
  "totalPages": null
}