{
  "type": null,
  "faqId": 37867,
  "title": "How do I add a bookmark in the built-in web browser",
  "answer": " For EMUI 2.3, open the options menu from the Browser screen, select Save to bookmarks and then enter the name and URL of the bookmark. \r\n\r\n For EMUI 3.0, open the Menu from the Browser screen and select Bookmarks & history. From the browsing history, touch and hold the page to be bookmarked and select Save to bookmarks from the pop-up menu.\n",
  "faqTypeId": null,
  "faqType": null,
  "useful": 0,
  "unUseful": 0,
  "languageId": 23,
  "languageName": "ar",
  "faqCode": "3087",
  "faqTypeCode": null,
  "isTop": "0",
  "moduleCode": "faq",
  "productId": null,
  "productCode": null,
  "postDate": 1441090051000,
  "seriesProductName": "G610-U20,G620S-L02,G630-U10,G6-U10,G700-U10,G730-U10,G750-U10,H30-U10,H60-L04,MT1-U06,Y221-U22,Y320-U30,Y330-U11,Y511-U30",
  "visitedTimes": 1,
  "isUsefulFlag": null,
  "score": 0,
  "times": 0,
  "imageList": null,
  "displayType": "text",
  "justView": "0",
  "fileName": null,
  "filePath": null,
  "imagePath": null,
  "imageName": null,
  "productIdList": null,
  "curPage": null,
  "pageSize": null,
  "siteCode": null,
  "statusFlag": "Publish",
  "returnCode": 0,
  "totalRows": null,
  "keywords": "add bookmarks, Internet Explorer, browser, bookmarks, save bookmarks, preloaded browser",
  "avgScore": 0.0,
  "createDate": null,
  "totalPages": null
}