{
  "type": null,
  "faqId": 37865,
  "title": "When the screen goes to sleep, will Wi-Fi operations be interrupted",
  "answer": " Configure your phone to keep Wi-Fi awake during sleep: \r\n\r\n Step 1 On the Settings screen, select Wi-Fi. \r\n\r\n Step 1 Open the options menu, and select Advanced (EMUI 2.0 or EMUI 2.3) or Advanced settings (EMUI 3.0) to enter the advanced Wi-Fi settings screen. \r\n\r\n Step 1 Select Keep Wi-Fi on during sleep and then select Always.\n",
  "faqTypeId": null,
  "faqType": null,
  "useful": 0,
  "unUseful": 0,
  "languageId": 23,
  "languageName": "ar",
  "faqCode": "3085",
  "faqTypeCode": null,
  "isTop": "0",
  "moduleCode": "faq",
  "productId": null,
  "productCode": null,
  "postDate": 1441090050000,
  "seriesProductName": "G610-U20,G620S-L02,G630-U10,G6-U10,G700-U10,G730-U10,G750-U10,H30-U10,H60-L04,MT1-U06,Y221-U22,Y320-U30,Y330-U11,Y511-U30",
  "visitedTimes": 1,
  "isUsefulFlag": null,
  "score": 0,
  "times": 0,
  "imageList": null,
  "displayType": "text",
  "justView": "0",
  "fileName": null,
  "filePath": null,
  "imagePath": null,
  "imageName": null,
  "productIdList": null,
  "curPage": null,
  "pageSize": null,
  "siteCode": null,
  "statusFlag": "Publish",
  "returnCode": 0,
  "totalRows": null,
  "keywords": "keep mobile data turned on, sleep, screen timeout, blank screen",
  "avgScore": 0.0,
  "createDate": null,
  "totalPages": null
}