{
  "type": null,
  "faqId": 37861,
  "title": "How can I tell whether my phone supports Bluetooth tethering",
  "answer": " Some phone models do not support Bluetooth tethering. \r\n\r\n Go to Settings and select More > Tethering & portable hotspot. Your phone supports tethering if the Bluetooth tethering option is available.\n",
  "faqTypeId": null,
  "faqType": null,
  "useful": 0,
  "unUseful": 0,
  "languageId": 23,
  "languageName": "ar",
  "faqCode": "3081",
  "faqTypeCode": null,
  "isTop": "0",
  "moduleCode": "faq",
  "productId": null,
  "productCode": null,
  "postDate": 1441090049000,
  "seriesProductName": "G610-U20,G620S-L02,G630-U10,G6-U10,G700-U10,G730-U10,G750-U10,H30-U10,H60-L04,MT1-U06,Y221-U22,Y320-U30,Y330-U11,Y511-U30",
  "visitedTimes": 1,
  "isUsefulFlag": null,
  "score": 0,
  "times": 0,
  "imageList": null,
  "displayType": "text",
  "justView": "0",
  "fileName": null,
  "filePath": null,
  "imagePath": null,
  "imageName": null,
  "productIdList": null,
  "curPage": null,
  "pageSize": null,
  "siteCode": null,
  "statusFlag": "Publish",
  "returnCode": 0,
  "totalRows": null,
  "keywords": "Internet sharing, share Wi-Fi connection, Wi-Fi connection sharing",
  "avgScore": 0.0,
  "createDate": null,
  "totalPages": null
}