{
  "type": null,
  "faqId": 37864,
  "title": "The Internet is very slow when using one of the SIM cards on a dual SIM phone",
  "answer": " Dual card phones allow two SIM cards to be used in parallel. Often, the main card slot supports 3G SIM cards (4G on some phones) and the secondary slot supports 2G cards. Some phones now support dual 4G or 3G SIM cards. \r\n\r\n If a 3G or 4G SIM card is used in the main card slot and a 2G card is used in the secondary slot, the Internet on the main SIM card will be noticeably faster as it uses 3G or 4G, both of which are faster than 2G. \r\n\r\n If Internet access is slow when using a 3G or 4G SIM card, please verify that your phone has a strong enough signal. \r\n\n\n\n\n",
  "faqTypeId": null,
  "faqType": null,
  "useful": 0,
  "unUseful": 0,
  "languageId": 23,
  "languageName": "ar",
  "faqCode": "3084",
  "faqTypeCode": null,
  "isTop": "0",
  "moduleCode": "faq",
  "productId": null,
  "productCode": null,
  "postDate": 1441090050000,
  "seriesProductName": "G610-U20,G620S-L02,G630-U10,G6-U10,G700-U10,G730-U10,G750-U10,H30-U10,H60-L04,MT1-U06,Y221-U22,Y320-U30,Y330-U11,Y511-U30",
  "visitedTimes": 1,
  "isUsefulFlag": null,
  "score": 0,
  "times": 0,
  "imageList": null,
  "displayType": "text",
  "justView": "0",
  "fileName": null,
  "filePath": null,
  "imagePath": null,
  "imageName": null,
  "productIdList": null,
  "curPage": null,
  "pageSize": null,
  "siteCode": null,
  "statusFlag": "Publish",
  "returnCode": 0,
  "totalRows": null,
  "keywords": "slow Internet, choppy Internet, slow Internet speeds, dual SIM phone",
  "avgScore": 0.0,
  "createDate": null,
  "totalPages": null
}