{
  "type": null,
  "faqId": 37878,
  "title": "How do I install or move an app to the microSD card",
  "answer": " On Android phones, most third-party apps are installed to the internal storage by default and cannot be installed to the microSD card directly. Some phone models allow apps to be moved from the internal storage to the microSD card. \r\n\r\n Once apps have been moved to the microSD card, if the card is unmounted, formatted or removed from the phone, the app will no longer be accessible. \r\n\r\n On the Settings screen, select Manage apps. Select the app you wish to move and transfer it to the microSD card.\n",
  "faqTypeId": null,
  "faqType": null,
  "useful": 0,
  "unUseful": 0,
  "languageId": 23,
  "languageName": "ar",
  "faqCode": "3098",
  "faqTypeCode": null,
  "isTop": "0",
  "moduleCode": "faq",
  "productId": null,
  "productCode": null,
  "postDate": 1441090053000,
  "seriesProductName": "G610-U20,G620S-L02,G630-U10,G6-U10,G700-U10,G730-U10,G750-U10,H30-U10,H60-L04,MT1-U06,Y221-U22,Y320-U30,Y330-U11,Y511-U30",
  "visitedTimes": 2,
  "isUsefulFlag": null,
  "score": 0,
  "times": 0,
  "imageList": null,
  "displayType": "text",
  "justView": "0",
  "fileName": null,
  "filePath": null,
  "imagePath": null,
  "imageName": null,
  "productIdList": null,
  "curPage": null,
  "pageSize": null,
  "siteCode": null,
  "statusFlag": "Publish",
  "returnCode": 0,
  "totalRows": null,
  "keywords": "install to microSD card, mobile, microSD card, apps",
  "avgScore": 0.0,
  "createDate": null,
  "totalPages": null
}