{
  "type": null,
  "faqId": 37874,
  "title": "My phone cannot find the in-car Bluetooth",
  "answer": " Please ensure that the in-car Bluetooth is enabled and discoverable. \r\n\r\n It is possible that Bluetooth visibility timed out. Please re-enable visibility for the in-car Bluetooth. \r\n\r\n It could be a Bluetooth compatibility problem. Some in-car Bluetooth systems are only compatible with certain phone models. When buying an in-car Bluetooth system for your vehicle, please verify that it is compatible with your phone model. \r\n\r\n Please keep the phone within operating range. The operating range for Bluetooth visibility is 10 m. Beyond this range, devices will not be discoverable. \r\n\n\n\n\n",
  "faqTypeId": null,
  "faqType": null,
  "useful": 0,
  "unUseful": 0,
  "languageId": 23,
  "languageName": "ar",
  "faqCode": "3094",
  "faqTypeCode": null,
  "isTop": "0",
  "moduleCode": "faq",
  "productId": null,
  "productCode": null,
  "postDate": 1441090052000,
  "seriesProductName": "G610-U20,G620S-L02,G630-U10,G6-U10,G700-U10,G730-U10,G750-U10,H30-U10,H60-L04,MT1-U06,Y221-U22,Y320-U30,Y330-U11,Y511-U30",
  "visitedTimes": 2,
  "isUsefulFlag": null,
  "score": 0,
  "times": 0,
  "imageList": null,
  "displayType": "text",
  "justView": "0",
  "fileName": null,
  "filePath": null,
  "imagePath": null,
  "imageName": null,
  "productIdList": null,
  "curPage": null,
  "pageSize": null,
  "siteCode": null,
  "statusFlag": "Publish",
  "returnCode": 0,
  "totalRows": null,
  "keywords": "in-car Bluetooth device, in-car Bluetooth, search for Bluetooth devices, unable to find, Bluetooth",
  "avgScore": 0.0,
  "createDate": null,
  "totalPages": null
}