{
  "type": null,
  "faqId": 37870,
  "title": "How do I delete personal data from the built-in browser",
  "answer": " On the Browser screen, open the options menu and select Settings > Privacy & security. Select the data you wish to delete, such as the cache, browsing history, cookies, and forms data. Delete data by following the on-screen prompts.\n",
  "faqTypeId": null,
  "faqType": null,
  "useful": 0,
  "unUseful": 0,
  "languageId": 23,
  "languageName": "ar",
  "faqCode": "3090",
  "faqTypeCode": null,
  "isTop": "0",
  "moduleCode": "faq",
  "productId": null,
  "productCode": null,
  "postDate": 1441090052000,
  "seriesProductName": "G610-U20,G620S-L02,G630-U10,G6-U10,G700-U10,G730-U10,G750-U10,H30-U10,H60-L04,MT1-U06,Y221-U22,Y320-U30,Y330-U11,Y511-U30",
  "visitedTimes": 1,
  "isUsefulFlag": null,
  "score": 0,
  "times": 0,
  "imageList": null,
  "displayType": "text",
  "justView": "0",
  "fileName": null,
  "filePath": null,
  "imagePath": null,
  "imageName": null,
  "productIdList": null,
  "curPage": null,
  "pageSize": null,
  "siteCode": null,
  "statusFlag": "Publish",
  "returnCode": 0,
  "totalRows": null,
  "keywords": "erase browser privacy data, wipe browser privacy data, personal browser data, remove, erase, personal data, browser",
  "avgScore": 0.0,
  "createDate": null,
  "totalPages": null
}