{
  "type": null,
  "faqId": 37879,
  "title": "An app terminated unexpectedly",
  "answer": " Low memory can cause an app to terminate unexpectedly. If your phone comes with Phone Manager preloaded, please follow these instructions to free up memory: \r\n\r\n For EMUI 2.0 and EMUI 2.3, open Phone Manager, select Storage cleaner and then follow the on-screen instructions to clean up your phone. \r\n\r\n For EMUI 3.0, open Phone Manager, select Phone accelerator > Storage cleaner and then follow the on-screen instructions to clean up your phone. \r\n\r\n Some third-party apps have poor compatibility and may conflict with the phone's operating system. Please try downloading and installing a similar app. \r\n\r\n If the problem persists, please restart your phone or restore factory settings after backing up important data. \r\n\r\n Huawei will release the latest software versions on its official website. In order to enjoy the best possible user experience, please visit the [Huawei Downlo[a]()ds Page](http://consumer.huawei.com/en/support/downloads/index.htm%22 \\o %22 ) and find the appropriate download for your model. Alternatively, you can update to the latest software version via an over-the-air update. \r\n\n\n\n\n",
  "faqTypeId": null,
  "faqType": null,
  "useful": 0,
  "unUseful": 0,
  "languageId": 23,
  "languageName": "ar",
  "faqCode": "3099",
  "faqTypeCode": null,
  "isTop": "0",
  "moduleCode": "faq",
  "productId": null,
  "productCode": null,
  "postDate": 1441090054000,
  "seriesProductName": "G610-U20,G620S-L02,G630-U10,G6-U10,G700-U10,G730-U10,G750-U10,H30-U10,H60-L04,MT1-U06,Y221-U22,Y320-U30,Y330-U11,Y511-U30",
  "visitedTimes": 1,
  "isUsefulFlag": null,
  "score": 0,
  "times": 0,
  "imageList": null,
  "displayType": "text",
  "justView": "0",
  "fileName": null,
  "filePath": null,
  "imagePath": null,
  "imageName": null,
  "productIdList": null,
  "curPage": null,
  "pageSize": null,
  "siteCode": null,
  "statusFlag": "Publish",
  "returnCode": 0,
  "totalRows": null,
  "keywords": "apps, terminate, crash",
  "avgScore": 0.0,
  "createDate": null,
  "totalPages": null
}