{
  "type": null,
  "faqId": 37875,
  "title": "What is the range for NFC transfers",
  "answer": " NFC is a short-range, high-frequency wireless communication technology. NFC enables contactless data transfer between electrical devices in close proximity of each other. \r\n\r\n The NFC range varies between products. For effective use, it is recommended that you press other electronic devices against the back of your phone to transfer data. The distance between devices should not exceed 2 cm.\n",
  "faqTypeId": null,
  "faqType": null,
  "useful": 0,
  "unUseful": 0,
  "languageId": 23,
  "languageName": "ar",
  "faqCode": "3095",
  "faqTypeCode": null,
  "isTop": "0",
  "moduleCode": "faq",
  "productId": null,
  "productCode": null,
  "postDate": 1441090053000,
  "seriesProductName": "G610-U20,G620S-L02,G630-U10,G6-U10,G700-U10,G730-U10,G750-U10,H30-U10,H60-L04,MT1-U06,Y221-U22,Y320-U30,Y330-U11,Y511-U30",
  "visitedTimes": 1,
  "isUsefulFlag": null,
  "score": 0,
  "times": 0,
  "imageList": null,
  "displayType": "text",
  "justView": "0",
  "fileName": null,
  "filePath": null,
  "imagePath": null,
  "imageName": null,
  "productIdList": null,
  "curPage": null,
  "pageSize": null,
  "siteCode": null,
  "statusFlag": "Publish",
  "returnCode": 0,
  "totalRows": null,
  "keywords": "Near Field Communication, NFC, range, transfer range",
  "avgScore": 0.0,
  "createDate": null,
  "totalPages": null
}