{
  "type": null,
  "faqId": 37876,
  "title": "How do I uninstall preloaded applications from my phone",
  "answer": " On the home screen, touch and hold the app you wish to uninstall, drag it to the trash bin icon and then follow the on-screen prompts. \r\n\r\n Preloaded system apps cannot be removed from the phone. Please contact your carrier for instructions on removing custom carrier apps.\n",
  "faqTypeId": null,
  "faqType": null,
  "useful": 0,
  "unUseful": 0,
  "languageId": 23,
  "languageName": "ar",
  "faqCode": "3096",
  "faqTypeCode": null,
  "isTop": "0",
  "moduleCode": "faq",
  "productId": null,
  "productCode": null,
  "postDate": 1441090053000,
  "seriesProductName": "G610-U20,G620S-L02,G630-U10,G6-U10,G700-U10,G730-U10,G750-U10,H30-U10,H60-L04,MT1-U06,Y221-U22,Y320-U30,Y330-U11,Y511-U30",
  "visitedTimes": 2,
  "isUsefulFlag": null,
  "score": 0,
  "times": 0,
  "imageList": null,
  "displayType": "text",
  "justView": "0",
  "fileName": null,
  "filePath": null,
  "imagePath": null,
  "imageName": null,
  "productIdList": null,
  "curPage": null,
  "pageSize": null,
  "siteCode": null,
  "statusFlag": "Publish",
  "returnCode": 0,
  "totalRows": null,
  "keywords": "uninstall, remove, app, software",
  "avgScore": 0.0,
  "createDate": null,
  "totalPages": null
}