{
  "type": null,
  "faqId": 37877,
  "title": "An app failed to be installed",
  "answer": " Phones only support third-party apps in APK format. Please verify that the app you are installing is an APK app. \r\n\r\n During installation, you might see an Install blocked prompt. Please read carefully and follow the on-screen instructions. \r\n\r\n Third-party apps that have been downloaded might not be compatible with your phone and therefore cannot be installed. Please try downloading another similar app. \r\n\n\n\n\n",
  "faqTypeId": null,
  "faqType": null,
  "useful": 0,
  "unUseful": 0,
  "languageId": 23,
  "languageName": "ar",
  "faqCode": "3097",
  "faqTypeCode": null,
  "isTop": "0",
  "moduleCode": "faq",
  "productId": null,
  "productCode": null,
  "postDate": 1441090053000,
  "seriesProductName": "G610-U20,G620S-L02,G630-U10,G6-U10,G700-U10,G730-U10,G750-U10,H30-U10,H60-L04,MT1-U06,Y221-U22,Y320-U30,Y330-U11,Y511-U30",
  "visitedTimes": 1,
  "isUsefulFlag": null,
  "score": 0,
  "times": 0,
  "imageList": null,
  "displayType": "text",
  "justView": "0",
  "fileName": null,
  "filePath": null,
  "imagePath": null,
  "imageName": null,
  "productIdList": null,
  "curPage": null,
  "pageSize": null,
  "siteCode": null,
  "statusFlag": "Publish",
  "returnCode": 0,
  "totalRows": null,
  "keywords": "installation failed, unable to install, app, software",
  "avgScore": 0.0,
  "createDate": null,
  "totalPages": null
}