{
  "type": null,
  "faqId": 37889,
  "title": "What is the default storage path of common files on my phone",
  "answer": " By default, files received by Bluetooth are saved in the bluetooth folder in File Manager. \r\n\r\n By default, photos or videos captured with the phone's camera are saved in the DCIM folder in File Manager. \r\n\r\n By default, screenshots captured on the phone are saved in the Pictures folder in File Manager. \r\n\r\n By default, sound recordings made with the phone are saved in the Recordings folder in File Manager.\n",
  "faqTypeId": null,
  "faqType": null,
  "useful": 1,
  "unUseful": 0,
  "languageId": 23,
  "languageName": "ar",
  "faqCode": "3109",
  "faqTypeCode": null,
  "isTop": "0",
  "moduleCode": "faq",
  "productId": null,
  "productCode": null,
  "postDate": 1441090056000,
  "seriesProductName": "G610-U20,G620S-L02,G630-U10,G6-U10,G700-U10,G730-U10,G750-U10,H30-U10,H60-L04,MT1-U06,Y221-U22,Y320-U30,Y330-U11,Y511-U30",
  "visitedTimes": 2,
  "isUsefulFlag": null,
  "score": 0,
  "times": 0,
  "imageList": null,
  "displayType": "text",
  "justView": "0",
  "fileName": null,
  "filePath": null,
  "imagePath": null,
  "imageName": null,
  "productIdList": null,
  "curPage": null,
  "pageSize": null,
  "siteCode": null,
  "statusFlag": "Publish",
  "returnCode": 0,
  "totalRows": null,
  "keywords": "storage path, default storage location, storage location, default storage",
  "avgScore": 0.0,
  "createDate": null,
  "totalPages": null
}