{
  "type": null,
  "faqId": 37882,
  "title": "Some apps close after the screen goes to sleep",
  "answer": " For EMUI 2.0 and EMUI 2.3, go to Settings, select Power saving > Protected apps and then manually add apps to the list. \r\n\r\n For EMUI 3.0, go to Settings, select Power saving > Details > Keep running after screen off and then select the apps you require. \r\n\n\n\n\n",
  "faqTypeId": null,
  "faqType": null,
  "useful": 0,
  "unUseful": 0,
  "languageId": 23,
  "languageName": "ar",
  "faqCode": "3102",
  "faqTypeCode": null,
  "isTop": "0",
  "moduleCode": "faq",
  "productId": null,
  "productCode": null,
  "postDate": 1441090054000,
  "seriesProductName": "G610-U20,G620S-L02,G630-U10,G6-U10,G700-U10,G730-U10,G750-U10,H30-U10,H60-L04,MT1-U06,Y221-U22,Y320-U30,Y330-U11,Y511-U30",
  "visitedTimes": 4,
  "isUsefulFlag": null,
  "score": 0,
  "times": 0,
  "imageList": null,
  "displayType": "text",
  "justView": "0",
  "fileName": null,
  "filePath": null,
  "imagePath": null,
  "imageName": null,
  "productIdList": null,
  "curPage": null,
  "pageSize": null,
  "siteCode": null,
  "statusFlag": "Publish",
  "returnCode": 0,
  "totalRows": null,
  "keywords": "run in background, screen timeout, turn off screen, exit, lock screen, close",
  "avgScore": 0.0,
  "createDate": null,
  "totalPages": null
}