{
  "type": null,
  "faqId": 37886,
  "title": "How do I remove app installation packages",
  "answer": " For EMUI 2.0 and EMUI 2.3, open Phone Manager and then select Storage cleaner > App package cleaner. \r\n\r\n For EMUI 3.0, open Phone Manager and then select Phone accelerator > Storage cleaner > App package cleaner.\n",
  "faqTypeId": null,
  "faqType": null,
  "useful": 0,
  "unUseful": 0,
  "languageId": 23,
  "languageName": "ar",
  "faqCode": "3106",
  "faqTypeCode": null,
  "isTop": "0",
  "moduleCode": "faq",
  "productId": null,
  "productCode": null,
  "postDate": 1441090055000,
  "seriesProductName": "G610-U20,G620S-L02,G630-U10,G6-U10,G700-U10,G730-U10,G750-U10,H30-U10,H60-L04,MT1-U06,Y221-U22,Y320-U30,Y330-U11,Y511-U30",
  "visitedTimes": 3,
  "isUsefulFlag": null,
  "score": 0,
  "times": 0,
  "imageList": null,
  "displayType": "text",
  "justView": "0",
  "fileName": null,
  "filePath": null,
  "imagePath": null,
  "imageName": null,
  "productIdList": null,
  "curPage": null,
  "pageSize": null,
  "siteCode": null,
  "statusFlag": "Publish",
  "returnCode": 0,
  "totalRows": null,
  "keywords": "installation package; installer; remove",
  "avgScore": 0.0,
  "createDate": null,
  "totalPages": null
}