{
  "type": null,
  "faqId": 37881,
  "title": "Does my phone support mobile banking apps",
  "answer": " Your phone supports only mobile banking apps developed for Android. \r\n\r\n Mobile banking apps may require your phone to run a specific version of Android. Please refer to the documentation for the app or contact your bank's customer service for more details. \r\n\r\n On the Settings screen, select About phone to see which version of Android your phone is running.\n",
  "faqTypeId": null,
  "faqType": null,
  "useful": 0,
  "unUseful": 0,
  "languageId": 23,
  "languageName": "ar",
  "faqCode": "3101",
  "faqTypeCode": null,
  "isTop": "0",
  "moduleCode": "faq",
  "productId": null,
  "productCode": null,
  "postDate": 1441090054000,
  "seriesProductName": "G610-U20,G620S-L02,G630-U10,G6-U10,G700-U10,G730-U10,G750-U10,H30-U10,H60-L04,MT1-U06,Y221-U22,Y320-U30,Y330-U11,Y511-U30",
  "visitedTimes": 2,
  "isUsefulFlag": null,
  "score": 0,
  "times": 0,
  "imageList": null,
  "displayType": "text",
  "justView": "0",
  "fileName": null,
  "filePath": null,
  "imagePath": null,
  "imageName": null,
  "productIdList": null,
  "curPage": null,
  "pageSize": null,
  "siteCode": null,
  "statusFlag": "Publish",
  "returnCode": 0,
  "totalRows": null,
  "keywords": "mobile banking, mobile banking client",
  "avgScore": 0.0,
  "createDate": null,
  "totalPages": null
}