{
  "type": null,
  "faqId": 37896,
  "title": "How do I configure the browser to save downloads directly to the microSD card",
  "answer": " The download path for the browser is the same as the phone's Default location. \r\n\r\n The phone's factory default storage location is Internal storage. You can go to Settings, select Storage > Default location and then change the default storage location to the SD card.\n",
  "faqTypeId": null,
  "faqType": null,
  "useful": 0,
  "unUseful": 0,
  "languageId": 23,
  "languageName": "ar",
  "faqCode": "3116",
  "faqTypeCode": null,
  "isTop": "0",
  "moduleCode": "faq",
  "productId": null,
  "productCode": null,
  "postDate": 1441090057000,
  "seriesProductName": "G610-U20,G620S-L02,G630-U10,G6-U10,G700-U10,G730-U10,G750-U10,H30-U10,H60-L04,MT1-U06,Y221-U22,Y320-U30,Y330-U11,Y511-U30",
  "visitedTimes": 4,
  "isUsefulFlag": null,
  "score": 0,
  "times": 0,
  "imageList": null,
  "displayType": "text",
  "justView": "0",
  "fileName": null,
  "filePath": null,
  "imagePath": null,
  "imageName": null,
  "productIdList": null,
  "curPage": null,
  "pageSize": null,
  "siteCode": null,
  "statusFlag": "Publish",
  "returnCode": 0,
  "totalRows": null,
  "keywords": "file downloads, storage path, browser downloads, save downloads, storage location, storage path, microSD card",
  "avgScore": 0.0,
  "createDate": null,
  "totalPages": null
}