{
  "type": null,
  "faqId": 37909,
  "title": "When using navigation apps, GPS positioning is slow or fails to determine location",
  "answer": " GPS signal is weak indoors. This can cause positioning to be slow or to fail completely. Please use the GPS in open spaces where signal is stronger. \r\n\r\n Some navigation apps require an Internet connection for positioning. If positioning fails, please enable Wi-Fi or mobile data. A mobile Internet connection will help with positioning. \r\n\r\n If GPS positioning still fails after attempting the above, please contact the app's developer or try positioning again with a different navigation app. \r\n\r\n If the problem persists, please contact Huawei customer service or take your phone and purchase invoice to a service center for inspection. \r\n\n\n\n\n",
  "faqTypeId": null,
  "faqType": null,
  "useful": 0,
  "unUseful": 0,
  "languageId": 23,
  "languageName": "ar",
  "faqCode": "3129",
  "faqTypeCode": null,
  "isTop": "0",
  "moduleCode": "faq",
  "productId": null,
  "productCode": null,
  "postDate": 1441090060000,
  "seriesProductName": "G610-U20,G620S-L02,G630-U10,G6-U10,G700-U10,G730-U10,G750-U10,H30-U10,H60-L04,MT1-U06,Y221-U22,Y320-U30,Y330-U11,Y511-U30",
  "visitedTimes": 1,
  "isUsefulFlag": null,
  "score": 0,
  "times": 0,
  "imageList": null,
  "displayType": "text",
  "justView": "0",
  "fileName": null,
  "filePath": null,
  "imagePath": null,
  "imageName": null,
  "productIdList": null,
  "curPage": null,
  "pageSize": null,
  "siteCode": null,
  "statusFlag": "Publish",
  "returnCode": 0,
  "totalRows": null,
  "keywords": "GPS, navigation, location, failed, slow to find location",
  "avgScore": 0.0,
  "createDate": null,
  "totalPages": null
}