{
  "type": null,
  "faqId": 37908,
  "title": "Is there a charge for using GPS on my phone",
  "answer": " The GPS on your phone does not require mobile data to be enabled and can be used free of charge. However, GPS positioning is more accurate when used in combination with a mobile data or Wi-Fi connection. \r\n\r\n When you use navigation apps to browse online maps or plot a route, a mobile data connection is required. Your service provider will charge you for data usage. It is recommended that you download offline maps for your navigation app.\n",
  "faqTypeId": null,
  "faqType": null,
  "useful": 0,
  "unUseful": 0,
  "languageId": 23,
  "languageName": "ar",
  "faqCode": "3128",
  "faqTypeCode": null,
  "isTop": "0",
  "moduleCode": "faq",
  "productId": null,
  "productCode": null,
  "postDate": 1441090060000,
  "seriesProductName": "G610-U20,G620S-L02,G630-U10,G6-U10,G700-U10,G730-U10,G750-U10,H30-U10,H60-L04,MT1-U06,Y221-U22,Y320-U30,Y330-U11,Y511-U30",
  "visitedTimes": 1,
  "isUsefulFlag": null,
  "score": 0,
  "times": 0,
  "imageList": null,
  "displayType": "text",
  "justView": "0",
  "fileName": null,
  "filePath": null,
  "imagePath": null,
  "imageName": null,
  "productIdList": null,
  "curPage": null,
  "pageSize": null,
  "siteCode": null,
  "statusFlag": "Publish",
  "returnCode": 0,
  "totalRows": null,
  "keywords": "free, GPS, charge, navigation",
  "avgScore": 0.0,
  "createDate": null,
  "totalPages": null
}