{
  "type": null,
  "faqId": 37902,
  "title": "How do I restore factory settings",
  "answer": " If you wish to restore factory settings, please back up all important data stored on your phone, such as contacts, messages, system settings and any apps you installed. Next, proceed according to the following steps: \r\n\r\n Go to Settings and select Backup & reset > Factory data rest > Reset phone > Reset phone. Your phone will automatically restart and settings will be restored to the factory default.\n",
  "faqTypeId": null,
  "faqType": null,
  "useful": 0,
  "unUseful": 0,
  "languageId": 23,
  "languageName": "ar",
  "faqCode": "3122",
  "faqTypeCode": null,
  "isTop": "0",
  "moduleCode": "faq",
  "productId": null,
  "productCode": null,
  "postDate": 1441090059000,
  "seriesProductName": "G610-U20,G620S-L02,G630-U10,G6-U10,G700-U10,G730-U10,G750-U10,H30-U10,H60-L04,MT1-U06,Y221-U22,Y320-U30,Y330-U11,Y511-U30",
  "visitedTimes": 2,
  "isUsefulFlag": null,
  "score": 0,
  "times": 0,
  "imageList": null,
  "displayType": "text",
  "justView": "0",
  "fileName": null,
  "filePath": null,
  "imagePath": null,
  "imageName": null,
  "productIdList": null,
  "curPage": null,
  "pageSize": null,
  "siteCode": null,
  "statusFlag": "Publish",
  "returnCode": 0,
  "totalRows": null,
  "keywords": "restore, factory, settings, reset, format",
  "avgScore": 0.0,
  "createDate": null,
  "totalPages": null
}