{
  "type": null,
  "faqId": 37903,
  "title": "How do I obtain the latest official Huawei software update packages",
  "answer": " When there are updates for your system, your phone will automatically prompt you to update. You can use a Wi-Fi or mobile data connection to download the update to your phone directly. Before updating, please ensure that your phone has sufficient storage space for the updates. \r\n\r\n You can also visit the [](http://consumer.huawei.com/en/support/downloads/index.htm%22 \\o %22 )[Huawei Downloads Page]() and download the latest software update package to update your phone.\n",
  "faqTypeId": null,
  "faqType": null,
  "useful": 0,
  "unUseful": 0,
  "languageId": 23,
  "languageName": "ar",
  "faqCode": "3123",
  "faqTypeCode": null,
  "isTop": "0",
  "moduleCode": "faq",
  "productId": null,
  "productCode": null,
  "postDate": 1441090059000,
  "seriesProductName": "G610-U20,G620S-L02,G630-U10,G6-U10,G700-U10,G730-U10,G750-U10,H30-U10,H60-L04,MT1-U06,Y221-U22,Y320-U30,Y330-U11,Y511-U30",
  "visitedTimes": 27,
  "isUsefulFlag": null,
  "score": 0,
  "times": 0,
  "imageList": null,
  "displayType": "text",
  "justView": "0",
  "fileName": null,
  "filePath": null,
  "imagePath": null,
  "imageName": null,
  "productIdList": null,
  "curPage": null,
  "pageSize": null,
  "siteCode": null,
  "statusFlag": "Publish",
  "returnCode": 0,
  "totalRows": null,
  "keywords": "ROM, software, upgrade package, firmware, flash, version",
  "avgScore": 0.0,
  "createDate": null,
  "totalPages": null
}