{
  "type": null,
  "faqId": 37912,
  "title": "How do I use my phone to navigate",
  "answer": " Your phone is fitted with a GPS receiver. To navigate with your phone, you simply need to install a navigation app. If your phone has no preloaded navigation apps, it is recommended that you log in to Play Store and download one. \r\n\r\n When navigating with your phone, turn on the GPS before opening the navigation app. You can then follow instructions within the app to browse maps and plan routes.\n",
  "faqTypeId": null,
  "faqType": null,
  "useful": 0,
  "unUseful": 0,
  "languageId": 23,
  "languageName": "ar",
  "faqCode": "3132",
  "faqTypeCode": null,
  "isTop": "0",
  "moduleCode": "faq",
  "productId": null,
  "productCode": null,
  "postDate": 1441090061000,
  "seriesProductName": "G610-U20,G620S-L02,G630-U10,G6-U10,G700-U10,G730-U10,G750-U10,H30-U10,H60-L04,MT1-U06,Y221-U22,Y320-U30,Y330-U11,Y511-U30",
  "visitedTimes": 2,
  "isUsefulFlag": null,
  "score": 0,
  "times": 0,
  "imageList": null,
  "displayType": "text",
  "justView": "0",
  "fileName": null,
  "filePath": null,
  "imagePath": null,
  "imageName": null,
  "productIdList": null,
  "curPage": null,
  "pageSize": null,
  "siteCode": null,
  "statusFlag": "Publish",
  "returnCode": 0,
  "totalRows": null,
  "keywords": "GPS, location, navigation",
  "avgScore": 0.0,
  "createDate": null,
  "totalPages": null
}