{
  "type": null,
  "faqId": 37915,
  "title": "How do I enable USB debugging",
  "answer": " Some phone models hide the Developer options menu by default. \r\n\r\n Step 1 Go to Settings and select About phone. \r\n\r\n Step 1 Touch repeatedly on Build number until the phone prompts that it has entered developer mode. \r\n\r\n Step 1 Return to the Settings screen, select Developer options and then select the USB debugging check box.\n",
  "faqTypeId": null,
  "faqType": null,
  "useful": 0,
  "unUseful": 0,
  "languageId": 23,
  "languageName": "ar",
  "faqCode": "3135",
  "faqTypeCode": null,
  "isTop": "0",
  "moduleCode": "faq",
  "productId": null,
  "productCode": null,
  "postDate": 1441090062000,
  "seriesProductName": "G610-U20,G620S-L02,G630-U10,G6-U10,G700-U10,G730-U10,G750-U10,H30-U10,H60-L04,MT1-U06,Y221-U22,Y320-U30,Y330-U11,Y511-U30",
  "visitedTimes": 2,
  "isUsefulFlag": null,
  "score": 0,
  "times": 0,
  "imageList": null,
  "displayType": "text",
  "justView": "0",
  "fileName": null,
  "filePath": null,
  "imagePath": null,
  "imageName": null,
  "productIdList": null,
  "curPage": null,
  "pageSize": null,
  "siteCode": null,
  "statusFlag": "Publish",
  "returnCode": 0,
  "totalRows": null,
  "keywords": "enable, USB debugging",
  "avgScore": 0.0,
  "createDate": null,
  "totalPages": null
}