{
  "type": null,
  "faqId": 37913,
  "title": "How do I navigate with offline maps",
  "answer": " Open the navigation app and download the offline map package that you require. When downloading maps, it is recommended that you switch off mobile data and use a Wi-Fi connection. After downloading the map, you can navigate offline. When navigating offline, a mobile data connection is not needed. However, the GPS must still be switched on and the phone must be in a location with strong GPS signal. This is preferably an outdoor location with no surrounding buildings. \r\n\r\n Different navigation apps have different functions. It is recommended that you log in to Play Store and download a navigation app that supports offline maps.\n",
  "faqTypeId": null,
  "faqType": null,
  "useful": 0,
  "unUseful": 0,
  "languageId": 23,
  "languageName": "ar",
  "faqCode": "3133",
  "faqTypeCode": null,
  "isTop": "0",
  "moduleCode": "faq",
  "productId": null,
  "productCode": null,
  "postDate": 1441090061000,
  "seriesProductName": "G610-U20,G620S-L02,G630-U10,G6-U10,G700-U10,G730-U10,G750-U10,H30-U10,H60-L04,MT1-U06,Y221-U22,Y320-U30,Y330-U11,Y511-U30",
  "visitedTimes": 2,
  "isUsefulFlag": null,
  "score": 0,
  "times": 0,
  "imageList": null,
  "displayType": "text",
  "justView": "0",
  "fileName": null,
  "filePath": null,
  "imagePath": null,
  "imageName": null,
  "productIdList": null,
  "curPage": null,
  "pageSize": null,
  "siteCode": null,
  "statusFlag": "Publish",
  "returnCode": 0,
  "totalRows": null,
  "keywords": "offline, navigation, Baidu",
  "avgScore": 0.0,
  "createDate": null,
  "totalPages": null
}