{
  "type": null,
  "faqId": 37910,
  "title": "GPS location is inaccurate",
  "answer": " Location accuracy depends on the accuracy of GPS satellites and mapping software. Please use the GPS in open spaces where signal is stronger, for example, on the street or in open plazas. GPS signal is weak indoors. Positioning may be inaccurate or could fail altogether. \r\n\r\n For more accurate GPS positioning, go to Settings, select Location access and then select positioning assistance methods such as Wi-Fi, mobile data or A-GPS. \r\n\r\n If you are still unable to determine your location after attempting the preceding steps, please try again with a different navigation app. \r\n\r\n If the problem persists, please contact Huawei customer service or take your phone and purchase invoice to a service center for inspection. \r\n\n\n\n\n",
  "faqTypeId": null,
  "faqType": null,
  "useful": 0,
  "unUseful": 0,
  "languageId": 23,
  "languageName": "ar",
  "faqCode": "3130",
  "faqTypeCode": null,
  "isTop": "0",
  "moduleCode": "faq",
  "productId": null,
  "productCode": null,
  "postDate": 1441090061000,
  "seriesProductName": "G610-U20,G620S-L02,G630-U10,G6-U10,G700-U10,G730-U10,G750-U10,H30-U10,H60-L04,MT1-U06,Y221-U22,Y320-U30,Y330-U11,Y511-U30",
  "visitedTimes": 1,
  "isUsefulFlag": null,
  "score": 0,
  "times": 0,
  "imageList": null,
  "displayType": "text",
  "justView": "0",
  "fileName": null,
  "filePath": null,
  "imagePath": null,
  "imageName": null,
  "productIdList": null,
  "curPage": null,
  "pageSize": null,
  "siteCode": null,
  "statusFlag": "Publish",
  "returnCode": 0,
  "totalRows": null,
  "keywords": "GPS, navigation, location, inaccurate, error",
  "avgScore": 0.0,
  "createDate": null,
  "totalPages": null
}