{
  "type": null,
  "faqId": 37918,
  "title": "The shortcut switches in the notification panel are hidden",
  "answer": " For EMUI 2.0, it is possible that you have configured the notification to not display shortcut switches. Please change the settings: go to Settings, select Notification panel and then select the Notification settings check box. \r\n\r\n For EMUI 2.3 and above, the shortcut switches in the notification panel will be hidden after you enable ultra power saving mode. Please disable this mode by selecting Exit in the main screen of ultra power saving mode. \r\n\n\n\n\n",
  "faqTypeId": null,
  "faqType": null,
  "useful": 0,
  "unUseful": 0,
  "languageId": 23,
  "languageName": "ar",
  "faqCode": "3138",
  "faqTypeCode": null,
  "isTop": "0",
  "moduleCode": "faq",
  "productId": null,
  "productCode": null,
  "postDate": 1441090063000,
  "seriesProductName": "G610-U20,G620S-L02,G630-U10,G6-U10,G700-U10,G730-U10,G750-U10,H30-U10,H60-L04,MT1-U06,Y221-U22,Y320-U30,Y330-U11,Y511-U30",
  "visitedTimes": 1,
  "isUsefulFlag": null,
  "score": 0,
  "times": 0,
  "imageList": null,
  "displayType": "text",
  "justView": "0",
  "fileName": null,
  "filePath": null,
  "imagePath": null,
  "imageName": null,
  "productIdList": null,
  "curPage": null,
  "pageSize": null,
  "siteCode": null,
  "statusFlag": "Publish",
  "returnCode": 0,
  "totalRows": null,
  "keywords": "hide, shortcut switch, notification bar",
  "avgScore": 0.0,
  "createDate": null,
  "totalPages": null
}