{
  "type": null,
  "faqId": 37923,
  "title": "Which system sounds can be configured on my phone",
  "answer": " Select or deselect the corresponding check boxes to enable or disable sound effects. \r\n\r\n Dial pad touch tones: play tone when the dialing keypad is touched. \r\n\r\n Touch sounds: play sound when you touch the screen. \r\n\r\n Screen lock sound: play sound when the screen is locked. \r\n\r\n Vibrate on touch: screen vibrates when you touch the back, home, menu or recent key.\n",
  "faqTypeId": null,
  "faqType": null,
  "useful": 0,
  "unUseful": 0,
  "languageId": 23,
  "languageName": "ar",
  "faqCode": "3143",
  "faqTypeCode": null,
  "isTop": "0",
  "moduleCode": "faq",
  "productId": null,
  "productCode": null,
  "postDate": 1441090064000,
  "seriesProductName": "G610-U20,G620S-L02,G630-U10,G6-U10,G700-U10,G730-U10,G750-U10,H30-U10,H60-L04,MT1-U06,Y221-U22,Y320-U30,Y330-U11,Y511-U30",
  "visitedTimes": 1,
  "isUsefulFlag": null,
  "score": 0,
  "times": 0,
  "imageList": null,
  "displayType": "text",
  "justView": "0",
  "fileName": null,
  "filePath": null,
  "imagePath": null,
  "imageName": null,
  "productIdList": null,
  "curPage": null,
  "pageSize": null,
  "siteCode": null,
  "statusFlag": "Publish",
  "returnCode": 0,
  "totalRows": null,
  "keywords": "ringtone, type",
  "avgScore": 0.0,
  "createDate": null,
  "totalPages": null
}