{
  "type": null,
  "faqId": 37928,
  "title": "Weather data is inaccurate",
  "answer": " Go to Weather. For EMUI 2.0 or 2.3, select ![](http://consumer.huawei.com/support/servlet/imageServlet?dlType=HtmlAreaImage&imageId=123116) to update weather data. For EMUI 3.0, drag your finger downwards to update weather data. \r\n\r\n ![](http://consumer.huawei.com/support/servlet/imageServlet?dlType=HtmlAreaImage&imageId=123117)\r\n\r\n Before updating weather data, please ensure that your phone has a mobile data or Wi-Fi connection. \r\n\r\n If weather data is still inaccurate after updating, it could be because data for that weather app has not yet been updated. Please try updating later. \r\n\r\n Download other similar weather apps and see if weather data is accurate. \r\n\r\n ![](http://consumer.huawei.com/support/servlet/imageServlet?dlType=HtmlAreaImage&imageId=123118)\r\n\r\n Apps cannot provide entirely reliable weather data. It is recommended that you consult the data provided by the local meteorological bureau. \r\n\n\n\n\n",
  "faqTypeId": null,
  "faqType": null,
  "useful": 0,
  "unUseful": 0,
  "languageId": 23,
  "languageName": "ar",
  "faqCode": "3148",
  "faqTypeCode": null,
  "isTop": "0",
  "moduleCode": "faq",
  "productId": null,
  "productCode": null,
  "postDate": 1441090065000,
  "seriesProductName": "G610-U20,G620S-L02,G630-U10,G6-U10,G700-U10,G730-U10,G750-U10,H30-U10,H60-L04,MT1-U06,Y221-U22,Y320-U30,Y330-U11,Y511-U30",
  "visitedTimes": 1,
  "isUsefulFlag": null,
  "score": 0,
  "times": 0,
  "imageList": null,
  "displayType": "text",
  "justView": "0",
  "fileName": null,
  "filePath": null,
  "imagePath": null,
  "imageName": null,
  "productIdList": null,
  "curPage": null,
  "pageSize": null,
  "siteCode": null,
  "statusFlag": "Publish",
  "returnCode": 0,
  "totalRows": null,
  "keywords": "inaccurate weather, refresh weather",
  "avgScore": 0.0,
  "createDate": null,
  "totalPages": null
}