{
  "type": null,
  "faqId": 37937,
  "title": "What is safe mode",
  "answer": " Android versions 4.0 and above include the safe mode feature. In safe mode, the system only loads basic features or preloaded applications. \r\n\r\n After installing third-party apps on your phone, if the new apps are incompatible with your system, the phone may not switch on or may experience errors after startup. If you encounter such issues, you can enter safe mode to see if your phone's basic functions still work. You can then troubleshoot and remove any incompatible third-party apps.\n",
  "faqTypeId": null,
  "faqType": null,
  "useful": 0,
  "unUseful": 0,
  "languageId": 23,
  "languageName": "ar",
  "faqCode": "3157",
  "faqTypeCode": null,
  "isTop": "0",
  "moduleCode": "faq",
  "productId": null,
  "productCode": null,
  "postDate": 1441090067000,
  "seriesProductName": "G610-U20,G620S-L02,G630-U10,G6-U10,G700-U10,G730-U10,G750-U10,H30-U10,H60-L04,MT1-U06,Y221-U22,Y320-U30,Y330-U11,Y511-U30",
  "visitedTimes": 6,
  "isUsefulFlag": null,
  "score": 0,
  "times": 0,
  "imageList": null,
  "displayType": "text",
  "justView": "0",
  "fileName": null,
  "filePath": null,
  "imagePath": null,
  "imageName": null,
  "productIdList": null,
  "curPage": null,
  "pageSize": null,
  "siteCode": null,
  "statusFlag": "Publish",
  "returnCode": 0,
  "totalRows": null,
  "keywords": "safe mode",
  "avgScore": 0.0,
  "createDate": null,
  "totalPages": null
}