{
  "type": null,
  "faqId": 37936,
  "title": "How do I exit safe mode",
  "answer": " You can exit safe mode by restarting your phone. \r\n\r\n How you entered safe mode: during startup, if you press and hold the volume down button until the phone switches on, the phone will enter safe mode. The safe mode prompt will be displayed in the lower left corner of the screen.\n",
  "faqTypeId": null,
  "faqType": null,
  "useful": 1,
  "unUseful": 0,
  "languageId": 23,
  "languageName": "ar",
  "faqCode": "3156",
  "faqTypeCode": null,
  "isTop": "0",
  "moduleCode": "faq",
  "productId": null,
  "productCode": null,
  "postDate": 1441090067000,
  "seriesProductName": "G610-U20,G620S-L02,G630-U10,G6-U10,G700-U10,G730-U10,G750-U10,H30-U10,H60-L04,MT1-U06,Y221-U22,Y320-U30,Y330-U11,Y511-U30",
  "visitedTimes": 3,
  "isUsefulFlag": null,
  "score": 0,
  "times": 0,
  "imageList": null,
  "displayType": "text",
  "justView": "0",
  "fileName": null,
  "filePath": null,
  "imagePath": null,
  "imageName": null,
  "productIdList": null,
  "curPage": null,
  "pageSize": null,
  "siteCode": null,
  "statusFlag": "Publish",
  "returnCode": 0,
  "totalRows": null,
  "keywords": "exit safe mode; disable safe mode; safe mode",
  "avgScore": 0.0,
  "createDate": null,
  "totalPages": null
}