{
  "type": null,
  "faqId": 37931,
  "title": "My phone turns off or restarts on its own",
  "answer": " If the battery is removable, this problem could be due to a bad contact. \r\n\r\n After removing the battery, use a cotton cloth moistened with alcohol to wipe the contacts on the phone and battery. Reinsert the battery and then turn on the phone. \r\n\r\n Press and hold the power button to open the options menu and then select Restart. \r\n\r\n If you cannot open the options menu: for phones with removable batteries, please remove and then reinsert the battery; for phones with non-removable batteries, please press and hold the power button until the phone vibrates, in order to force a restart. \r\n\r\n If after restarting the phone, it continues to turn off or restart on its own, this could be due to an incompatible third-party app. \r\n\r\n It is recommended that you back up any important data and then restore factory settings. \r\n\r\n If you are unable to use your phone, please perform a forced update. After the update, the data in your phone's internal storage will be erased. \r\n\r\n Visit the [Huawei Downloads Page](http://consumer.huawei.com/en/support/downloads/index.htm%22 \\o %22 ) to search for and download a software update package for your model. Please refer to the update instructions contained in the package. \r\n\r\n If the problem persists, please contact Huawei customer service or take your phone and purchase invoice to a service center for inspection. \r\n\n\n\n\n",
  "faqTypeId": null,
  "faqType": null,
  "useful": 0,
  "unUseful": 0,
  "languageId": 23,
  "languageName": "ar",
  "faqCode": "3151",
  "faqTypeCode": null,
  "isTop": "0",
  "moduleCode": "faq",
  "productId": null,
  "productCode": null,
  "postDate": 1441090065000,
  "seriesProductName": "G610-U20,G620S-L02,G630-U10,G6-U10,G700-U10,G730-U10,G750-U10,H30-U10,H60-L04,MT1-U06,Y221-U22,Y320-U30,Y330-U11,Y511-U30",
  "visitedTimes": 3,
  "isUsefulFlag": null,
  "score": 0,
  "times": 0,
  "imageList": null,
  "displayType": "text",
  "justView": "0",
  "fileName": null,
  "filePath": null,
  "imagePath": null,
  "imageName": null,
  "productIdList": null,
  "curPage": null,
  "pageSize": null,
  "siteCode": null,
  "statusFlag": "Publish",
  "returnCode": 0,
  "totalRows": null,
  "keywords": "automatic power-off, restart",
  "avgScore": 0.0,
  "createDate": null,
  "totalPages": null
}