{
  "type": null,
  "faqId": 37939,
  "title": "What do the different indicator colors mean",
  "answer": " The phone's status indicators can show battery status or event notifications. \r\n\r\n Red flashing: low battery; battery over-discharged and cannot re-charge; phone will not switch on. \r\n\r\n Red light (while charging): battery charge is below the warning level. \r\n\r\n Orange light (while charging): battery charge is above the warning level. \r\n\r\n Green light (while charging): charging is complete or nearly complete. \r\n\r\n Green flashing: new message; new email; missed call; calendar reminder; missed alarm. \r\n\r\n ![](http://consumer.huawei.com/support/servlet/imageServlet?dlType=HtmlAreaImage&imageId=123121)\r\n\r\n For some third-party apps, the indicator may also flash green when there are new notifications.\n",
  "faqTypeId": null,
  "faqType": null,
  "useful": 2,
  "unUseful": 0,
  "languageId": 23,
  "languageName": "ar",
  "faqCode": "3159",
  "faqTypeCode": null,
  "isTop": "0",
  "moduleCode": "faq",
  "productId": null,
  "productCode": null,
  "postDate": 1441090067000,
  "seriesProductName": "G610-U20,G620S-L02,G630-U10,G6-U10,G700-U10,G730-U10,G750-U10,H30-U10,H60-L04,MT1-U06,Y221-U22,Y320-U30,Y330-U11,Y511-U30",
  "visitedTimes": 5,
  "isUsefulFlag": null,
  "score": 0,
  "times": 0,
  "imageList": null,
  "displayType": "text",
  "justView": "0",
  "fileName": null,
  "filePath": null,
  "imagePath": null,
  "imageName": null,
  "productIdList": null,
  "curPage": null,
  "pageSize": null,
  "siteCode": null,
  "statusFlag": "Publish",
  "returnCode": 0,
  "totalRows": null,
  "keywords": "status light, notification light, charging light, indicator",
  "avgScore": 0.0,
  "createDate": null,
  "totalPages": null
}