{
  "type": null,
  "faqId": 37935,
  "title": "How do I obtain bootloader unlock permissions",
  "answer": " Please visit [](http://emui.huawei.com/plugin.php?id=unlock&mod=unlock&action=apply%22 \\o %22 )[Request unlo]()[c]()k code to request an official unlock code. Follow the instructions on the page to unlock your bootloader. \r\n\r\n ![](http://consumer.huawei.com/support/servlet/imageServlet?dlType=HtmlAreaImage&imageId=123119)\r\n\r\n Please read the unlocking disclaimer displayed on the website carefully.\n",
  "faqTypeId": null,
  "faqType": null,
  "useful": 0,
  "unUseful": 0,
  "languageId": 23,
  "languageName": "ar",
  "faqCode": "3155",
  "faqTypeCode": null,
  "isTop": "0",
  "moduleCode": "faq",
  "productId": null,
  "productCode": null,
  "postDate": 1441090066000,
  "seriesProductName": "G610-U20,G620S-L02,G630-U10,G6-U10,G700-U10,G730-U10,G750-U10,H30-U10,H60-L04,MT1-U06,Y221-U22,Y320-U30,Y330-U11,Y511-U30",
  "visitedTimes": 3,
  "isUsefulFlag": null,
  "score": 0,
  "times": 0,
  "imageList": null,
  "displayType": "text",
  "justView": "0",
  "fileName": null,
  "filePath": null,
  "imagePath": null,
  "imageName": null,
  "productIdList": null,
  "curPage": null,
  "pageSize": null,
  "siteCode": null,
  "statusFlag": "Publish",
  "returnCode": 0,
  "totalRows": null,
  "keywords": "obtain root permissions, unlock permissions, unlock",
  "avgScore": 0.0,
  "createDate": null,
  "totalPages": null
}