{
  "type": null,
  "faqId": 37934,
  "title": "My phone is slow",
  "answer": " Open Phone Manager, select Scan and then follow the on-screen prompts to optimize your phone. \r\n\r\n Open Phone Manager and select Phone accelerator to kill apps that you are not currently using. \r\n\r\n Open Phone Manager. For EMUI 2.0 and EMUI 2.3, select Storage cleaner and then follow the on-screen prompts to clear junk from your phone. \r\n\r\n Restart your phone. \r\n\r\n If the preceding methods do not speed up your phone, it is recommended that you back up any important data and then restore factory settings. \r\n\n\n\n\n",
  "faqTypeId": null,
  "faqType": null,
  "useful": 0,
  "unUseful": 0,
  "languageId": 23,
  "languageName": "ar",
  "faqCode": "3154",
  "faqTypeCode": null,
  "isTop": "0",
  "moduleCode": "faq",
  "productId": null,
  "productCode": null,
  "postDate": 1441090066000,
  "seriesProductName": "G610-U20,G620S-L02,G630-U10,G6-U10,G700-U10,G730-U10,G750-U10,H30-U10,H60-L04,MT1-U06,Y221-U22,Y320-U30,Y330-U11,Y511-U30",
  "visitedTimes": 6,
  "isUsefulFlag": null,
  "score": 0,
  "times": 0,
  "imageList": null,
  "displayType": "text",
  "justView": "0",
  "fileName": null,
  "filePath": null,
  "imagePath": null,
  "imageName": null,
  "productIdList": null,
  "curPage": null,
  "pageSize": null,
  "siteCode": null,
  "statusFlag": "Publish",
  "returnCode": 0,
  "totalRows": null,
  "keywords": "phone is slow, clean memory, speed up the phone",
  "avgScore": 0.0,
  "createDate": null,
  "totalPages": null
}