{
  "type": null,
  "faqId": 37932,
  "title": "My phone has no signal",
  "answer": " The phone is unable to recognize the SIM/UIM card. \r\n\r\n Please refer to the Quick Start that came with the phone and ensure that the SIM/UIM card is correctly inserted. \r\n\r\n Please verify that the phone has recognized the inserted SIM/UIM card. The type of SIM/UIM card supported may differ according to the phone standard. Please contact the phone vendor for details. \r\n\r\n Please verify that the SIM/UIM card is valid. Please insert the SIM/UIM card into another phone to see if it functions properly. \r\n\r\n There is no network coverage. \r\n\r\n It could be that there is no signal due to poor network coverage. Please wait or move to a place with better signal and then try again. \r\n\r\n The SIM/UIM card has been disabled. \r\n\r\n For dual SIM phones, open Settings > SIM card management and confirm that the SIM/UIM card has been enabled. \r\n\r\n Flight mode is enabled. \r\n\r\n Please ensure that flight mode is not enabled on your phone. If flight mode is enabled, a flight mode icon will be displayed in the status bar. \r\n\r\n If there is still no signal, please restart your phone. \r\n\r\n If the problem persists, please contact Huawei customer service or take your phone and purchase invoice to a service center for inspection. \r\n\n\n\n\n",
  "faqTypeId": null,
  "faqType": null,
  "useful": 0,
  "unUseful": 0,
  "languageId": 23,
  "languageName": "ar",
  "faqCode": "3152",
  "faqTypeCode": null,
  "isTop": "0",
  "moduleCode": "faq",
  "productId": null,
  "productCode": null,
  "postDate": 1441090066000,
  "seriesProductName": "G610-U20,G620S-L02,G630-U10,G6-U10,G700-U10,G730-U10,G750-U10,H30-U10,H60-L04,MT1-U06,Y221-U22,Y320-U30,Y330-U11,Y511-U30",
  "visitedTimes": 5,
  "isUsefulFlag": null,
  "score": 0,
  "times": 0,
  "imageList": null,
  "displayType": "text",
  "justView": "0",
  "fileName": null,
  "filePath": null,
  "imagePath": null,
  "imageName": null,
  "productIdList": null,
  "curPage": null,
  "pageSize": null,
  "siteCode": null,
  "statusFlag": "Publish",
  "returnCode": 0,
  "totalRows": null,
  "keywords": "no signal",
  "avgScore": 0.0,
  "createDate": null,
  "totalPages": null
}