{
  "type": null,
  "faqId": 37943,
  "title": "How do I download the manual for my phone",
  "answer": " Visit the [Huawei User Manual ](http://consumer.huawei.com/en/support/manuals/index.htm%22 \\o %22 )[D]()ownload Page to search for and download the manual for your phone model.\n",
  "faqTypeId": null,
  "faqType": null,
  "useful": 18,
  "unUseful": 0,
  "languageId": 23,
  "languageName": "ar",
  "faqCode": "3163",
  "faqTypeCode": null,
  "isTop": "0",
  "moduleCode": "faq",
  "productId": null,
  "productCode": null,
  "postDate": 1441090068000,
  "seriesProductName": "G610-U20,G620S-L02,G630-U10,G6-U10,G700-U10,G730-U10,G750-U10,H30-U10,H60-L04,MT1-U06,Y221-U22,Y320-U30,Y330-U11,Y511-U30",
  "visitedTimes": 22,
  "isUsefulFlag": null,
  "score": 0,
  "times": 0,
  "imageList": null,
  "displayType": "text",
  "justView": "0",
  "fileName": null,
  "filePath": null,
  "imagePath": null,
  "imageName": null,
  "productIdList": null,
  "curPage": null,
  "pageSize": null,
  "siteCode": null,
  "statusFlag": "Publish",
  "returnCode": 0,
  "totalRows": null,
  "keywords": "download manual, download instruction manual",
  "avgScore": 0.0,
  "createDate": null,
  "totalPages": null
}