{
  "type": null,
  "faqId": 37941,
  "title": "How do I improve gaming performance",
  "answer": " Touch Settings > Power saving > Normal. \r\n\r\n Touch Phone Manager > Phone accelerator to kill apps that you are not currently using. \r\n\r\n Open Phone Manager. For EMUI 2.0 or EMUI 2.3, select Storage cleaner; for EMUI 3.0, select Phone accelerator > Storage cleaner and then follow the on-screen prompts to clear junk from your phone. \r\n\r\n Restart your phone. \r\n\r\n If the game dimensions do not match the phone's screen, the phone must scale the game for compatibility, which will affect performance. If the game features lots of special effects or uses the phone's sensors, this will also affect gaming performance. \r\n\r\n If the preceding methods do not speed up your phone, it is recommended that you back up any important data and then restore factory settings.\n",
  "faqTypeId": null,
  "faqType": null,
  "useful": 0,
  "unUseful": 0,
  "languageId": 23,
  "languageName": "ar",
  "faqCode": "3161",
  "faqTypeCode": null,
  "isTop": "0",
  "moduleCode": "faq",
  "productId": null,
  "productCode": null,
  "postDate": 1441090068000,
  "seriesProductName": "G610-U20,G620S-L02,G630-U10,G6-U10,G700-U10,G730-U10,G750-U10,H30-U10,H60-L04,MT1-U06,Y221-U22,Y320-U30,Y330-U11,Y511-U30",
  "visitedTimes": 16,
  "isUsefulFlag": null,
  "score": 0,
  "times": 0,
  "imageList": null,
  "displayType": "text",
  "justView": "0",
  "fileName": null,
  "filePath": null,
  "imagePath": null,
  "imageName": null,
  "productIdList": null,
  "curPage": null,
  "pageSize": null,
  "siteCode": null,
  "statusFlag": "Publish",
  "returnCode": 0,
  "totalRows": null,
  "keywords": "fluidity, graphics quality, game is jerky, game interface lags, game is sluggish, game freezes, game is slow",
  "avgScore": 0.0,
  "createDate": null,
  "totalPages": null
}