{
  "type": null,
  "faqId": 37946,
  "title": "How do I connect a Bluetooth headset",
  "answer": " Ensure that the Bluetooth headset is discoverable. Go to Settings and select the Bluetooth switch to enable Bluetooth. Your phone will automatically search for Bluetooth devices nearby. \r\n\r\n In the list of Bluetooth devices found, select the Bluetooth headset you wish to connect to and follow the on-screen prompts to connect. \r\n\r\n You can also refer to the instruction manual for the Bluetooth headset.[![](http://consumer.huawei.com/support/servlet/imageServlet?dlType=HtmlAreaImage&imageId=123123)]()\n",
  "faqTypeId": null,
  "faqType": null,
  "useful": 6,
  "unUseful": 1,
  "languageId": 23,
  "languageName": "ar",
  "faqCode": "3166",
  "faqTypeCode": null,
  "isTop": "0",
  "moduleCode": "faq",
  "productId": null,
  "productCode": null,
  "postDate": 1441090069000,
  "seriesProductName": "G610-U20,G620S-L02,G630-U10,G6-U10,G700-U10,G730-U10,G750-U10,H30-U10,H60-L04,MT1-U06,Y221-U22,Y320-U30,Y330-U11,Y511-U30",
  "visitedTimes": 61,
  "isUsefulFlag": null,
  "score": 0,
  "times": 0,
  "imageList": null,
  "displayType": "text",
  "justView": "0",
  "fileName": null,
  "filePath": null,
  "imagePath": null,
  "imageName": null,
  "productIdList": null,
  "curPage": null,
  "pageSize": null,
  "siteCode": null,
  "statusFlag": "Publish",
  "returnCode": 0,
  "totalRows": null,
  "keywords": "Bluetooth headset, connect Bluetooth headset",
  "avgScore": 0.0,
  "createDate": null,
  "totalPages": null
}