{
  "type": null,
  "faqId": 37942,
  "title": "My phone got wet, what should I do",
  "answer": " Step 1 If your phone got wet, do not attempt to turn it on or off. If your phone uses a removable battery, please remove it immediately. \r\n\r\n Step 1 Please wipe any water from the phone and then place it in a highly water-absorbent environment, such as active carbon, rice, desiccant, for 48 hours. \r\n\r\n Step 1 Once your phone is dry, try switching it on. If the phone turns on but some features are not working (for example, the keyboard does not light up or the touchscreen does not respond), it could be due to a hardware fault. Please contact Huawei customer service or take your phone and purchase invoice to a service center for inspection. \r\n\r\n ![](http://consumer.huawei.com/support/servlet/imageServlet?dlType=HtmlAreaImage&imageId=123122)\r\n\r\n If your phone comes into contact with liquids such as coffee, coke, milk, or salt water, please take it to a service center as soon as possible.\n",
  "faqTypeId": null,
  "faqType": null,
  "useful": 3,
  "unUseful": 0,
  "languageId": 23,
  "languageName": "ar",
  "faqCode": "3162",
  "faqTypeCode": null,
  "isTop": "0",
  "moduleCode": "faq",
  "productId": null,
  "productCode": null,
  "postDate": 1441090068000,
  "seriesProductName": "G610-U20,G620S-L02,G630-U10,G6-U10,G700-U10,G730-U10,G750-U10,H30-U10,H60-L04,MT1-U06,Y221-U22,Y320-U30,Y330-U11,Y511-U30",
  "visitedTimes": 15,
  "isUsefulFlag": null,
  "score": 0,
  "times": 0,
  "imageList": null,
  "displayType": "text",
  "justView": "0",
  "fileName": null,
  "filePath": null,
  "imagePath": null,
  "imageName": null,
  "productIdList": null,
  "curPage": null,
  "pageSize": null,
  "siteCode": null,
  "statusFlag": "Publish",
  "returnCode": 0,
  "totalRows": null,
  "keywords": "phone got wet, phone got damp",
  "avgScore": 0.0,
  "createDate": null,
  "totalPages": null
}