{
  "type": null,
  "faqId": 37945,
  "title": "How do I prevent personal data from being leaked from my phone",
  "answer": "Some third-party apps may allow personal data on your phone to be leaked or deleted. You can download security apps for your phone which will scan the device and remove third-party malware. This will help keep your personal data safe.       \r\n\r\nYour personal data is at risk when you use Wi-Fi hotspots in locations such as shopping centers, hotels, restaurants and cafes. Please take care when connecting to such hotspots.\n",
  "faqTypeId": null,
  "faqType": null,
  "useful": 14,
  "unUseful": 0,
  "languageId": 23,
  "languageName": "ar",
  "faqCode": "3165",
  "faqTypeCode": null,
  "isTop": "0",
  "moduleCode": "faq",
  "productId": null,
  "productCode": null,
  "postDate": 1441090069000,
  "seriesProductName": "G610-U20,G620S-L02,G630-U10,G6-U10,G700-U10,G730-U10,G750-U10,H30-U10,H60-L04,MT1-U06,Y221-U22,Y320-U30,Y330-U11,Y511-U30",
  "visitedTimes": 47,
  "isUsefulFlag": null,
  "score": 0,
  "times": 0,
  "imageList": null,
  "displayType": "text",
  "justView": "0",
  "fileName": null,
  "filePath": null,
  "imagePath": null,
  "imageName": null,
  "productIdList": null,
  "curPage": null,
  "pageSize": null,
  "siteCode": null,
  "statusFlag": "Publish",
  "returnCode": 0,
  "totalRows": null,
  "keywords": "leak, steal, protect, personal information, prevent leaks, confidential data",
  "avgScore": 0.0,
  "createDate": null,
  "totalPages": null
}