{
  "type": null,
  "faqId": 37944,
  "title": "Are there any risks with flashing a phone",
  "answer": " After flashing your phone, there may be deterioration in performance and some features might not work properly. In addition, because third-party firmware is not fully tested, it could cause compatibility issues or make your system susceptible to viruses and other attacks. \r\n\r\n Flashing your phone can have unexpected consequences, please exercise caution. If your device ceases to function properly and cannot be recovered, you are fully responsible. \r\n\r\n For software or hardware faults caused by flashing the phone, Huawei after-sales service centers can offer a repair outside the warranty and charge the normal out-of-warranty software repair fee.\n",
  "faqTypeId": null,
  "faqType": null,
  "useful": 1,
  "unUseful": 0,
  "languageId": 23,
  "languageName": "ar",
  "faqCode": "3164",
  "faqTypeCode": null,
  "isTop": "0",
  "moduleCode": "faq",
  "productId": null,
  "productCode": null,
  "postDate": 1441090068000,
  "seriesProductName": "G610-U20,G620S-L02,G630-U10,G6-U10,G700-U10,G730-U10,G750-U10,H30-U10,H60-L04,MT1-U06,Y221-U22,Y320-U30,Y330-U11,Y511-U30",
  "visitedTimes": 15,
  "isUsefulFlag": null,
  "score": 0,
  "times": 0,
  "imageList": null,
  "displayType": "text",
  "justView": "0",
  "fileName": null,
  "filePath": null,
  "imagePath": null,
  "imageName": null,
  "productIdList": null,
  "curPage": null,
  "pageSize": null,
  "siteCode": null,
  "statusFlag": "Publish",
  "returnCode": 0,
  "totalRows": null,
  "keywords": "flash ROM, flash, risks with flashing",
  "avgScore": 0.0,
  "createDate": null,
  "totalPages": null
}