{
  "type": null,
  "faqId": 10007,
  "title": "G6-U00耳机线序",
  "answer": " 标配耳机的线序是美式线序，为目前业界主流线序。 \r\n\r\n 标配耳机带hook键，按键可以接听或挂断电话，也可以播放/暂停音乐。 \r\n\r\n 来电时按hook键接听电话，接听或拨打电话时长按hook键挂断电话；短按hook键可以播放或者暂停音乐。 \r\n\n标配耳机不带音量调节键，但是支持用户使用其他耳机的上下键来调整通话音量、控制音乐的播放暂停与音量大小。",
  "faqTypeId": 144,
  "faqType": "其他",
  "useful": 0,
  "unUseful": 0,
  "languageId": 2,
  "languageName": "zh_cn",
  "faqCode": "585",
  "faqTypeCode": "Handsets-Others",
  "isTop": "0",
  "moduleCode": "faq",
  "productId": null,
  "productCode": null,
  "postDate": 1396422405000,
  "seriesProductName": "",
  "visitedTimes": 16,
  "isUsefulFlag": null,
  "score": 0,
  "times": 0,
  "imageList": null,
  "displayType": "text",
  "justView": "0",
  "fileName": null,
  "filePath": null,
  "imagePath": null,
  "imageName": null,
  "productIdList": null,
  "curPage": null,
  "pageSize": null,
  "siteCode": null,
  "statusFlag": "Publish",
  "returnCode": 0,
  "totalRows": null,
  "keywords": null,
  "avgScore": 0.0,
  "createDate": null,
  "totalPages": null
}