{
  "type": null,
  "faqId": 10002,
  "title": "G6-U00手机不能被其他手机蓝牙搜索到",
  "answer": " （1）    未开启蓝牙 \r\n\r\n 解决方法：**设置**->打开“**蓝牙**”. \r\n\r\n （2）    蓝牙开启后为不可见状态 \r\n\r\n 解决办法：**设置**->**蓝牙**，然后点击第一行设备名。\n",
  "faqTypeId": 138,
  "faqType": "网络与数据共享",
  "useful": 0,
  "unUseful": 0,
  "languageId": 2,
  "languageName": "zh_cn",
  "faqCode": "603",
  "faqTypeCode": "Handsets-Network-Data-sharing",
  "isTop": "0",
  "moduleCode": "faq",
  "productId": null,
  "productCode": null,
  "postDate": 1396409227000,
  "seriesProductName": "",
  "visitedTimes": 5,
  "isUsefulFlag": null,
  "score": 0,
  "times": 0,
  "imageList": null,
  "displayType": "text",
  "justView": "0",
  "fileName": null,
  "filePath": null,
  "imagePath": null,
  "imageName": null,
  "productIdList": null,
  "curPage": null,
  "pageSize": null,
  "siteCode": null,
  "statusFlag": "Publish",
  "returnCode": 0,
  "totalRows": null,
  "keywords": null,
  "avgScore": 0.0,
  "createDate": null,
  "totalPages": null
}