{
  "type": null,
  "faqId": 10004,
  "title": "G6-U00导航软件数据丢失如何处理？授权文件或激活码丢失如何处理？",
  "answer": "数据丢失需要重新下载，高德地图并不需要授权文件和激活码。",
  "faqTypeId": 142,
  "faqType": "位置服务与导航",
  "useful": 0,
  "unUseful": 0,
  "languageId": 2,
  "languageName": "zh_cn",
  "faqCode": "608",
  "faqTypeCode": "Handsets-Location-Navigation",
  "isTop": "0",
  "moduleCode": "faq",
  "productId": null,
  "productCode": null,
  "postDate": 1396420725000,
  "seriesProductName": "",
  "visitedTimes": 7,
  "isUsefulFlag": null,
  "score": 0,
  "times": 0,
  "imageList": null,
  "displayType": "text",
  "justView": "0",
  "fileName": null,
  "filePath": null,
  "imagePath": null,
  "imageName": null,
  "productIdList": null,
  "curPage": null,
  "pageSize": null,
  "siteCode": null,
  "statusFlag": "Publish",
  "returnCode": 0,
  "totalRows": null,
  "keywords": null,
  "avgScore": 0.0,
  "createDate": null,
  "totalPages": null
}