{
  "type": null,
  "faqId": 10006,
  "title": "G6-U00是否支持Flash？下载flash软件是否可用？",
  "answer": " 本手机不预置flash。 \r\n\r\n 对于需要falsh支持的视频网站一般会提供flash下载，另外用户可以在MM、安卓市场、91软件市场、360助手、豌豆荚里下载。",
  "faqTypeId": 139,
  "faqType": "应用程序管理",
  "useful": 0,
  "unUseful": 0,
  "languageId": 2,
  "languageName": "zh_cn",
  "faqCode": "584",
  "faqTypeCode": "Handsets-Application-Management",
  "isTop": "0",
  "moduleCode": "faq",
  "productId": null,
  "productCode": null,
  "postDate": 1396422364000,
  "seriesProductName": "",
  "visitedTimes": 28,
  "isUsefulFlag": null,
  "score": 3,
  "times": 1,
  "imageList": null,
  "displayType": "text",
  "justView": "0",
  "fileName": null,
  "filePath": null,
  "imagePath": null,
  "imageName": null,
  "productIdList": null,
  "curPage": null,
  "pageSize": null,
  "siteCode": null,
  "statusFlag": "Publish",
  "returnCode": 0,
  "totalRows": null,
  "keywords": null,
  "avgScore": 3.0,
  "createDate": null,
  "totalPages": null
}