{
  "type": null,
  "faqId": 10029,
  "title": "G6-U00如何判断使用的是UIM还是WLAN上网",
  "answer": " 连接WLAN 后，就不使用UIM/SIM卡上的资费，WLAN优先级高于数据业务，屏幕右上角查看WLAN图标，如果有WLAN图标就代表已经在使用WLAN上网。",
  "faqTypeId": 138,
  "faqType": "网络与数据共享",
  "useful": 0,
  "unUseful": 0,
  "languageId": 2,
  "languageName": "zh_cn",
  "faqCode": "630",
  "faqTypeCode": "Handsets-Network-Data-sharing",
  "isTop": "0",
  "moduleCode": "faq",
  "productId": null,
  "productCode": null,
  "postDate": 1396496811000,
  "seriesProductName": "",
  "visitedTimes": 9,
  "isUsefulFlag": null,
  "score": 0,
  "times": 0,
  "imageList": null,
  "displayType": "text",
  "justView": "0",
  "fileName": null,
  "filePath": null,
  "imagePath": null,
  "imageName": null,
  "productIdList": null,
  "curPage": null,
  "pageSize": null,
  "siteCode": null,
  "statusFlag": "Publish",
  "returnCode": 0,
  "totalRows": null,
  "keywords": "WLAN",
  "avgScore": 0.0,
  "createDate": null,
  "totalPages": null
}