{
  "type": null,
  "faqId": 10021,
  "title": "G6-U00邮箱设置",
  "answer": " （--添加Email帐户 \r\n\r\n 在主屏幕，点击**电子邮件**。登陆账号分为手动设置和自动设置。 \r\n\r\n -- 手动设置： \r\n\r\n 1.      账户设置界面->输入账号和密码。 \r\n\r\n 2.      点击手动设置。 \r\n\r\n 3.      点击POP3，进入接收服务器设置界面。 \r\n\r\n 4.      点击下一步，进入外发服务器设置界面。 \r\n\r\n 5.      点击下一步，进入邮件接收设置界面，可选择收件箱检查频率。 \r\n\r\n 6.      点击下一步，进入设置电子邮件界面为此账户创建名称和您的姓名。 \r\n\r\n 7.      点击下一步，完成登录并进入收件箱界面。 \r\n\r\n ![](http://consumer.huawei.com/support/servlet/imageServlet?dlType=HtmlAreaImage&imageId=30563) \r\n\n![](http://consumer.huawei.com/support/servlet/imageServlet?dlType=HtmlAreaImage&imageId=30564) \n\r\n\r\n --自动设置（自动设置需要手机中预置该类型Email的参数）： \r\n\r\n 1.   账户设置界面->输入账号和密码。 \r\n\r\n 1.      点击下一步。 \r\n\r\n 2.      进入邮件接收设置界面可选择收件箱检查频率。 \r\n\r\n 3.      点击下一步，进入设置电子邮件界面为此账户创建名称和您的姓名。 \r\n\r\n 4.      点击下一步，完成登录并进入收件箱界面。 \r\n\n![](http://consumer.huawei.com/support/servlet/imageServlet?dlType=HtmlAreaImage&imageId=30565) \n\r\n\r\n （   发送电子邮件 \r\n\r\n 进入**电子邮件**，点击新建一封邮件，然后编辑**收件人**、**抄送/密送**、**主题**、****、**正文**等内容，最后点击右上角的发送按钮. \r\n\r\n ![](http://consumer.huawei.com/support/servlet/imageServlet?dlType=HtmlAreaImage&imageId=30566) \r\n\r\n （    查看、删除电子邮件 \r\n\r\n 收件箱界面，点击某一封邮件，可以查看该邮件；点击  垃圾篓 可以删除该邮件。 \r\n\r\n （     删除Email帐户： \r\n\r\n 进入**电子邮件**，点击-菜单>**设置**，选择要删除的帐户，在**删除帐户**区域点击**删除帐户** \r\n\r\n ![](http://consumer.huawei.com/support/servlet/imageServlet?dlType=HtmlAreaImage&imageId=30567)\n",
  "faqTypeId": 136,
  "faqType": "信息与邮件",
  "useful": 0,
  "unUseful": 0,
  "languageId": 2,
  "languageName": "zh_cn",
  "faqCode": "621",
  "faqTypeCode": "Handsets-SMS-Email",
  "isTop": "0",
  "moduleCode": "faq",
  "productId": null,
  "productCode": null,
  "postDate": 1396495886000,
  "seriesProductName": "",
  "visitedTimes": 15,
  "isUsefulFlag": null,
  "score": 0,
  "times": 0,
  "imageList": null,
  "displayType": "text",
  "justView": "0",
  "fileName": null,
  "filePath": null,
  "imagePath": null,
  "imageName": null,
  "productIdList": null,
  "curPage": null,
  "pageSize": null,
  "siteCode": null,
  "statusFlag": "Publish",
  "returnCode": 0,
  "totalRows": null,
  "keywords": null,
  "avgScore": 0.0,
  "createDate": null,
  "totalPages": null
}