{
  "type": null,
  "faqId": 10024,
  "title": "G6-U00同步联系人、日程，无法同步时如何操作",
  "answer": " 同步联系人需要至少登陆一个Exchange账户。 \r\n\r\n 帐户设置界面，选择**Exchange**，从电子邮件服务供应商的网站进行查询邮箱服务器的配置，配置完成并成功登陆。 \r\n\n![](http://consumer.huawei.com/support/servlet/imageServlet?dlType=HtmlAreaImage&imageId=30568) \n\r\n\r\n ![](http://consumer.huawei.com/support/servlet/imageServlet?dlType=HtmlAreaImage&imageId=30569) \r\n\r\n 在主屏幕，点击**设置**->**账户**；在**帐户**区域，选择需要同步的帐户并勾选需要同步的选项；点击-![](http://consumer.huawei.com/support/servlet/imageServlet?dlType=HtmlAreaImage&imageId=30570)>**立即同步**，从服务器同步勾选的内容到手机。 \r\n\n如果同步联系人失败，请检查手机数据连接是否打开以及邮箱服务器是否支持联系人同步。\n",
  "faqTypeId": 144,
  "faqType": "其他",
  "useful": 0,
  "unUseful": 0,
  "languageId": 2,
  "languageName": "zh_cn",
  "faqCode": "625",
  "faqTypeCode": "Handsets-Others",
  "isTop": "0",
  "moduleCode": "faq",
  "productId": null,
  "productCode": null,
  "postDate": 1396496492000,
  "seriesProductName": "",
  "visitedTimes": 13,
  "isUsefulFlag": null,
  "score": 0,
  "times": 0,
  "imageList": null,
  "displayType": "text",
  "justView": "0",
  "fileName": null,
  "filePath": null,
  "imagePath": null,
  "imageName": null,
  "productIdList": null,
  "curPage": null,
  "pageSize": null,
  "siteCode": null,
  "statusFlag": "Publish",
  "returnCode": 0,
  "totalRows": null,
  "keywords": null,
  "avgScore": 0.0,
  "createDate": null,
  "totalPages": null
}