{
  "type": null,
  "faqId": 10028,
  "title": "G6-U00无法搜索到WLAN信号",
  "answer": " 开启WLAN后,无法搜索到无线路由器的WLAN信号，其他设备搜索WLAN 信号正常，如何处理？ \r\n\r\n （1）   确定无线路由器SSID 是否隐藏。 \r\n\r\n （2）   无线路由器的WLAN信号不在有效范围内。 \r\n\r\n （3）   重新关闭再开启WLAN。 \r\n\r\n （4）   重启手机。",
  "faqTypeId": 138,
  "faqType": "网络与数据共享",
  "useful": 0,
  "unUseful": 5,
  "languageId": 2,
  "languageName": "zh_cn",
  "faqCode": "629",
  "faqTypeCode": "Handsets-Network-Data-sharing",
  "isTop": "0",
  "moduleCode": "faq",
  "productId": null,
  "productCode": null,
  "postDate": 1396496766000,
  "seriesProductName": "",
  "visitedTimes": 42,
  "isUsefulFlag": null,
  "score": 0,
  "times": 0,
  "imageList": null,
  "displayType": "text",
  "justView": "0",
  "fileName": null,
  "filePath": null,
  "imagePath": null,
  "imageName": null,
  "productIdList": null,
  "curPage": null,
  "pageSize": null,
  "siteCode": null,
  "statusFlag": "Publish",
  "returnCode": 0,
  "totalRows": null,
  "keywords": "WLAN",
  "avgScore": 0.0,
  "createDate": null,
  "totalPages": null
}