{
  "type": null,
  "faqId": 10027,
  "title": "G6-U00通过WLAN 连接网络有时打不开网页",
  "answer": " 原因如下： \r\n\r\n （1）   xDSL拨号失败。如果连接的热点（比如无线路由器），使用xDSL方式连接Internet，xDSL拨号失败时，会导致无法上网。保证xDSL拨号成功后再进行尝试。 \r\n\r\n （2）   DNS域名解析问题。如果无法打开网页，QQ可以登录使用，说明DNS域名解析有问题。（验证一下能否配置DNS）。 \r\n\r\n （3）   WLAN 热点访问限制。如果当前连接的热点本身处于访问受限状态，手机将不能访问网页。",
  "faqTypeId": 138,
  "faqType": "网络与数据共享",
  "useful": 0,
  "unUseful": 0,
  "languageId": 2,
  "languageName": "zh_cn",
  "faqCode": "628",
  "faqTypeCode": "Handsets-Network-Data-sharing",
  "isTop": "0",
  "moduleCode": "faq",
  "productId": null,
  "productCode": null,
  "postDate": 1396496715000,
  "seriesProductName": "",
  "visitedTimes": 9,
  "isUsefulFlag": null,
  "score": 0,
  "times": 0,
  "imageList": null,
  "displayType": "text",
  "justView": "0",
  "fileName": null,
  "filePath": null,
  "imagePath": null,
  "imageName": null,
  "productIdList": null,
  "curPage": null,
  "pageSize": null,
  "siteCode": null,
  "statusFlag": "Publish",
  "returnCode": 0,
  "totalRows": null,
  "keywords": "WLAN",
  "avgScore": 0.0,
  "createDate": null,
  "totalPages": null
}