{
  "type": null,
  "faqId": 10031,
  "title": "G6-U00WLAN待机的时候会自动断开，怎么解决，手机默认是什么设置？",
  "answer": " 这个问题是休眠策略的问题。进入的方法：在主屏幕，点击**设置**->**WLAN**，再点击并进入**高级**->**在休眠状态下保持WLAN连接**，设置为“始终”。 \r\n\r\n 注：手机默认设置是**仅限充电时**，也就是在充电状态下一直连接。如果调整休眠策略就会使得在待机时自动断开。3个选项的含义如下： \r\n\r\n **从不（会增加数据流量）**：屏幕关闭15分钟后进入休眠。 \r\n\r\n **仅限充电时**：只有在充电状态下才不进入休眠。 \r\n\r\n **始终**：一直不会进入休眠。",
  "faqTypeId": 144,
  "faqType": "其他",
  "useful": 0,
  "unUseful": 0,
  "languageId": 2,
  "languageName": "zh_cn",
  "faqCode": "632",
  "faqTypeCode": "Handsets-Others",
  "isTop": "0",
  "moduleCode": "faq",
  "productId": null,
  "productCode": null,
  "postDate": 1396496971000,
  "seriesProductName": "",
  "visitedTimes": 14,
  "isUsefulFlag": null,
  "score": 0,
  "times": 0,
  "imageList": null,
  "displayType": "text",
  "justView": "0",
  "fileName": null,
  "filePath": null,
  "imagePath": null,
  "imageName": null,
  "productIdList": null,
  "curPage": null,
  "pageSize": null,
  "siteCode": null,
  "statusFlag": "Publish",
  "returnCode": 0,
  "totalRows": null,
  "keywords": "WLAN",
  "avgScore": 0.0,
  "createDate": null,
  "totalPages": null
}