{
  "type": null,
  "faqId": 10032,
  "title": "G6-U00网络共享与便携式热点",
  "answer": " 手机WLAN热点是测试机开启热点后，辅助机通过连接测试机WLAN热点上网。 \r\n\r\n 开启方法：**设置**->**更多...**->**网络共享与便携式热点8**->**便携式****WLAN****热点**，点击**配置WLAN热点**，可以对WLAN热点的名称(即网络SSID)、密码和鉴权方式(即安全性)进行设置。 \r\n\r\n 开启后辅助机使用WLAN搜索到测试机后，连接该WLAN热点即可上网。 \r\n\n![](http://consumer.huawei.com/support/servlet/imageServlet?dlType=HtmlAreaImage&imageId=30571)",
  "faqTypeId": 143,
  "faqType": "系统功能与设置",
  "useful": 0,
  "unUseful": 0,
  "languageId": 2,
  "languageName": "zh_cn",
  "faqCode": "633",
  "faqTypeCode": "Handsets-System-Settings",
  "isTop": "0",
  "moduleCode": "faq",
  "productId": null,
  "productCode": null,
  "postDate": 1396497031000,
  "seriesProductName": "",
  "visitedTimes": 5,
  "isUsefulFlag": null,
  "score": 0,
  "times": 0,
  "imageList": null,
  "displayType": "text",
  "justView": "0",
  "fileName": null,
  "filePath": null,
  "imagePath": null,
  "imageName": null,
  "productIdList": null,
  "curPage": null,
  "pageSize": null,
  "siteCode": null,
  "statusFlag": "Publish",
  "returnCode": 0,
  "totalRows": null,
  "keywords": null,
  "avgScore": 0.0,
  "createDate": null,
  "totalPages": null
}