{
  "type": null,
  "faqId": 10030,
  "title": "G6-U00连接WLAN失败的原因",
  "answer": " （1）   热点名称和密码变更。 \r\n\r\n （2）   热点的费用不足。 \r\n\r\n （3）   超出热点信号覆盖范围",
  "faqTypeId": 138,
  "faqType": "网络与数据共享",
  "useful": 3,
  "unUseful": 1,
  "languageId": 2,
  "languageName": "zh_cn",
  "faqCode": "631",
  "faqTypeCode": "Handsets-Network-Data-sharing",
  "isTop": "0",
  "moduleCode": "faq",
  "productId": null,
  "productCode": null,
  "postDate": 1396496914000,
  "seriesProductName": "",
  "visitedTimes": 20,
  "isUsefulFlag": null,
  "score": 0,
  "times": 0,
  "imageList": null,
  "displayType": "text",
  "justView": "1",
  "fileName": null,
  "filePath": null,
  "imagePath": null,
  "imageName": null,
  "productIdList": null,
  "curPage": null,
  "pageSize": null,
  "siteCode": null,
  "statusFlag": "Publish",
  "returnCode": 0,
  "totalRows": null,
  "keywords": "WLAN",
  "avgScore": 0.0,
  "createDate": null,
  "totalPages": null
}