{
  "type": null,
  "faqId": 10037,
  "title": "G6-U00如何设置自选音乐为来电/短信铃音？",
  "answer": " （1）   进入设置->声音->SIM卡1铃声/ SIM卡2铃声->音乐，修改来电铃声。 \r\n\r\n                  （2）进入设置->声音->通知铃声->消息通知铃声->音乐，修改信息铃声。 \r\n\n![](http://consumer.huawei.com/support/servlet/imageServlet?dlType=HtmlAreaImage&imageId=30575) \n\r\n\r\n （3）   在**文件管理**中长按选中的音乐文件，然后选择**设置为**->**卡1铃声/卡2铃声/通知铃声**。 \r\n\r\n ![](http://consumer.huawei.com/support/servlet/imageServlet?dlType=HtmlAreaImage&imageId=30576) \r\n\r\n （4）您也可以进入**音乐**，从我的歌单中选择并长按任意一首歌曲**设为手机铃声。** \r\n\r\n **![](http://consumer.huawei.com/support/servlet/imageServlet?dlType=HtmlAreaImage&imageId=30577)**",
  "faqTypeId": 143,
  "faqType": "系统功能与设置",
  "useful": 0,
  "unUseful": 0,
  "languageId": 2,
  "languageName": "zh_cn",
  "faqCode": "638",
  "faqTypeCode": "Handsets-System-Settings",
  "isTop": "0",
  "moduleCode": "faq",
  "productId": null,
  "productCode": null,
  "postDate": 1396498233000,
  "seriesProductName": "",
  "visitedTimes": 4,
  "isUsefulFlag": null,
  "score": 0,
  "times": 0,
  "imageList": null,
  "displayType": "text",
  "justView": "0",
  "fileName": null,
  "filePath": null,
  "imagePath": null,
  "imageName": null,
  "productIdList": null,
  "curPage": null,
  "pageSize": null,
  "siteCode": null,
  "statusFlag": "Publish",
  "returnCode": 0,
  "totalRows": null,
  "keywords": "铃音",
  "avgScore": 0.0,
  "createDate": null,
  "totalPages": null
}