{
  "type": null,
  "faqId": 10033,
  "title": "G6-U00静态IP进行使用WLAN上网",
  "answer": " 点击**设置**->**WLAN**，点击要连接的热点，在弹出的对话框中，勾选**显示高级选项**；在IP设置里选择**静态**，依次填写**IP地址**（大部分设置为192.168.1.***）、**网关**（大部分都是192.168.1.1）、**网络前缀长度**和域名（dns地址）就可以了。 \r\n\n![](http://consumer.huawei.com/support/servlet/imageServlet?dlType=HtmlAreaImage&imageId=30572) \n\r\n\r\n 使用WLAN入网络最大的问题就是不能实现免等待连接网络，移动设备连接上路由器之后会获取一个动态的IP地址，比较费时。使用静态IP的进行WLAN上网，就可以实现急速上网。",
  "faqTypeId": 138,
  "faqType": "网络与数据共享",
  "useful": 0,
  "unUseful": 0,
  "languageId": 2,
  "languageName": "zh_cn",
  "faqCode": "634",
  "faqTypeCode": "Handsets-Network-Data-sharing",
  "isTop": "0",
  "moduleCode": "faq",
  "productId": null,
  "productCode": null,
  "postDate": 1396497112000,
  "seriesProductName": "",
  "visitedTimes": 10,
  "isUsefulFlag": null,
  "score": 0,
  "times": 0,
  "imageList": null,
  "displayType": "text",
  "justView": "0",
  "fileName": null,
  "filePath": null,
  "imagePath": null,
  "imageName": null,
  "productIdList": null,
  "curPage": null,
  "pageSize": null,
  "siteCode": null,
  "statusFlag": "Publish",
  "returnCode": 0,
  "totalRows": null,
  "keywords": "WLAN",
  "avgScore": 0.0,
  "createDate": null,
  "totalPages": null
}