{
  "type": null,
  "faqId": 10034,
  "title": "G6-U00作为modem连接电脑上网",
  "answer": " 1、 在主屏幕，点击**设置**。 \r\n\n![](http://consumer.huawei.com/support/servlet/imageServlet?dlType=HtmlAreaImage&imageId=30573) \n\r\n\r\n 2、 在“**无线和网络**”区域，点击“**更多****…** **>****移动热点>****便携式WLAN****热点**”。 \r\n\r\n ![](http://consumer.huawei.com/support/servlet/imageServlet?dlType=HtmlAreaImage&imageId=30574) \r\n\r\n 3、 选择“**USB****共享网络**”。 \r\n\r\n 4、安装好驱动后（驱动程序可以通过Hisuite安装），在PC侧，右键点击“**我的电脑**”，在弹出的菜单中选择“**管理****->系统工具中的设备管理器**”，界面会显示新的网卡设备。。 \r\n\r\n **备注**：使用USB共享网络方式上网时必须打开数据连接，否则无法上网。 \r\n\r\n 如果PC上有无线网卡等，可以用手机开启WLAN热点，PC通过WLAN连接到手机上网（目前支持Windows操作系统）。",
  "faqTypeId": 138,
  "faqType": "网络与数据共享",
  "useful": 0,
  "unUseful": 0,
  "languageId": 2,
  "languageName": "zh_cn",
  "faqCode": "635",
  "faqTypeCode": "Handsets-Network-Data-sharing",
  "isTop": "0",
  "moduleCode": "faq",
  "productId": null,
  "productCode": null,
  "postDate": 1396497332000,
  "seriesProductName": "",
  "visitedTimes": 14,
  "isUsefulFlag": null,
  "score": 0,
  "times": 0,
  "imageList": null,
  "displayType": "text",
  "justView": "0",
  "fileName": null,
  "filePath": null,
  "imagePath": null,
  "imageName": null,
  "productIdList": null,
  "curPage": null,
  "pageSize": null,
  "siteCode": null,
  "statusFlag": "Publish",
  "returnCode": 0,
  "totalRows": null,
  "keywords": "上网",
  "avgScore": 0.0,
  "createDate": null,
  "totalPages": null
}