{
  "type": null,
  "faqId": 10047,
  "title": "G6-U00从手机网页登陆邮箱",
  "answer": " 支持，在网址栏输入邮箱网址进入即可到登陆界面。",
  "faqTypeId": 136,
  "faqType": "信息与邮件",
  "useful": 0,
  "unUseful": 0,
  "languageId": 2,
  "languageName": "zh_cn",
  "faqCode": "648",
  "faqTypeCode": "Handsets-SMS-Email",
  "isTop": "0",
  "moduleCode": "faq",
  "productId": null,
  "productCode": null,
  "postDate": 1396498976000,
  "seriesProductName": "",
  "visitedTimes": 9,
  "isUsefulFlag": null,
  "score": 1,
  "times": 1,
  "imageList": null,
  "displayType": "text",
  "justView": "0",
  "fileName": null,
  "filePath": null,
  "imagePath": null,
  "imageName": null,
  "productIdList": null,
  "curPage": null,
  "pageSize": null,
  "siteCode": null,
  "statusFlag": "Publish",
  "returnCode": 0,
  "totalRows": null,
  "keywords": "邮箱",
  "avgScore": 1.0,
  "createDate": null,
  "totalPages": null
}