{
  "type": null,
  "faqId": 10040,
  "title": "G6-U00支持那些语言？如何更改手机语言？",
  "answer": " 英文、中文（简体）、中文（繁体）和中文（香港） \r\n\r\n 在主屏幕，选择**设置**->**语言和输入法**->**语言**，在语言列表中选择即可。 \r\n\n![](http://consumer.huawei.com/support/servlet/imageServlet?dlType=HtmlAreaImage&imageId=30579)",
  "faqTypeId": 143,
  "faqType": "系统功能与设置",
  "useful": 0,
  "unUseful": 1,
  "languageId": 2,
  "languageName": "zh_cn",
  "faqCode": "641",
  "faqTypeCode": "Handsets-System-Settings",
  "isTop": "0",
  "moduleCode": "faq",
  "productId": null,
  "productCode": null,
  "postDate": 1396498513000,
  "seriesProductName": "",
  "visitedTimes": 48,
  "isUsefulFlag": null,
  "score": 0,
  "times": 0,
  "imageList": null,
  "displayType": "text",
  "justView": "0",
  "fileName": null,
  "filePath": null,
  "imagePath": null,
  "imageName": null,
  "productIdList": null,
  "curPage": null,
  "pageSize": null,
  "siteCode": null,
  "statusFlag": "Publish",
  "returnCode": 0,
  "totalRows": null,
  "keywords": "语言",
  "avgScore": 0.0,
  "createDate": null,
  "totalPages": null
}