{
  "type": null,
  "faqId": 10041,
  "title": "G6-U00安装其他输入法后为什么不能使用",
  "answer": " 有些输入法安装完后，需要将输入法勾选为有效才能使用：**设置**->**语言和输入法**->**键盘和输入法**勾选安装的输入法。 \r\n\n![](http://consumer.huawei.com/support/servlet/imageServlet?dlType=HtmlAreaImage&imageId=30580)",
  "faqTypeId": 139,
  "faqType": "应用程序管理",
  "useful": 0,
  "unUseful": 0,
  "languageId": 2,
  "languageName": "zh_cn",
  "faqCode": "642",
  "faqTypeCode": "Handsets-Application-Management",
  "isTop": "0",
  "moduleCode": "faq",
  "productId": null,
  "productCode": null,
  "postDate": 1396498567000,
  "seriesProductName": "",
  "visitedTimes": 18,
  "isUsefulFlag": null,
  "score": 1,
  "times": 1,
  "imageList": null,
  "displayType": "text",
  "justView": "0",
  "fileName": null,
  "filePath": null,
  "imagePath": null,
  "imageName": null,
  "productIdList": null,
  "curPage": null,
  "pageSize": null,
  "siteCode": null,
  "statusFlag": "Publish",
  "returnCode": 0,
  "totalRows": null,
  "keywords": "输入法",
  "avgScore": 1.0,
  "createDate": null,
  "totalPages": null
}