{
  "type": null,
  "faqId": 10044,
  "title": "G6-U00如何关闭输入法振动",
  "answer": " 进入**设置**->**语言和输入法**->**键盘和输入法**，点击某个输入法->选择**虚拟****键盘设置，**设置**按下时振动提示**的强弱。 \r\n\n![](http://consumer.huawei.com/support/servlet/imageServlet?dlType=HtmlAreaImage&imageId=30582)",
  "faqTypeId": 139,
  "faqType": "应用程序管理",
  "useful": 0,
  "unUseful": 0,
  "languageId": 2,
  "languageName": "zh_cn",
  "faqCode": "645",
  "faqTypeCode": "Handsets-Application-Management",
  "isTop": "0",
  "moduleCode": "faq",
  "productId": null,
  "productCode": null,
  "postDate": 1396498707000,
  "seriesProductName": "",
  "visitedTimes": 2,
  "isUsefulFlag": null,
  "score": 0,
  "times": 0,
  "imageList": null,
  "displayType": "text",
  "justView": "0",
  "fileName": null,
  "filePath": null,
  "imagePath": null,
  "imageName": null,
  "productIdList": null,
  "curPage": null,
  "pageSize": null,
  "siteCode": null,
  "statusFlag": "Publish",
  "returnCode": 0,
  "totalRows": null,
  "keywords": "输入法振动",
  "avgScore": 0.0,
  "createDate": null,
  "totalPages": null
}