{
  "type": null,
  "faqId": 10050,
  "title": "G6-U00保存我喜爱的网页",
  "answer": " 打开一个想要保存的网页后，点击![](http://consumer.huawei.com/support/servlet/imageServlet?dlType=HtmlAreaImage&imageId=30591)->**保存以供离线阅读**，即可成功保存当前的网页。该网页可以通过![](http://consumer.huawei.com/support/servlet/imageServlet?dlType=HtmlAreaImage&imageId=30592)->**书签**->**保存的网页**中查看。",
  "faqTypeId": 138,
  "faqType": "网络与数据共享",
  "useful": 0,
  "unUseful": 0,
  "languageId": 2,
  "languageName": "zh_cn",
  "faqCode": "651",
  "faqTypeCode": "Handsets-Network-Data-sharing",
  "isTop": "0",
  "moduleCode": "faq",
  "productId": null,
  "productCode": null,
  "postDate": 1396499141000,
  "seriesProductName": "",
  "visitedTimes": 7,
  "isUsefulFlag": null,
  "score": 0,
  "times": 0,
  "imageList": null,
  "displayType": "text",
  "justView": "0",
  "fileName": null,
  "filePath": null,
  "imagePath": null,
  "imageName": null,
  "productIdList": null,
  "curPage": null,
  "pageSize": null,
  "siteCode": null,
  "statusFlag": "Publish",
  "returnCode": 0,
  "totalRows": null,
  "keywords": "网页",
  "avgScore": 0.0,
  "createDate": null,
  "totalPages": null
}