{
  "type": null,
  "faqId": 10093,
  "title": "3G6-U00设置壁纸时图片会自动拉伸，如何解决？",
  "answer": " 建议用户选择与手机屏幕等比例缩放的图片作为壁纸，以适配手机屏幕。",
  "faqTypeId": 134,
  "faqType": "硬件与外观",
  "useful": 0,
  "unUseful": 1,
  "languageId": 2,
  "languageName": "zh_cn",
  "faqCode": "740",
  "faqTypeCode": "Handsets-Hardware-Appearance",
  "isTop": "0",
  "moduleCode": "faq",
  "productId": null,
  "productCode": null,
  "postDate": 1396603872000,
  "seriesProductName": "",
  "visitedTimes": 10,
  "isUsefulFlag": null,
  "score": 0,
  "times": 0,
  "imageList": null,
  "displayType": "text",
  "justView": "0",
  "fileName": null,
  "filePath": null,
  "imagePath": null,
  "imageName": null,
  "productIdList": null,
  "curPage": null,
  "pageSize": null,
  "siteCode": null,
  "statusFlag": "Publish",
  "returnCode": 0,
  "totalRows": null,
  "keywords": "壁纸",
  "avgScore": 0.0,
  "createDate": null,
  "totalPages": null
}