{
  "type": null,
  "faqId": 10091,
  "title": "G6-U00状态指示灯",
  "answer": " （1）   低电量时红灯闪烁、有短信或未接来电时绿灯闪烁。 \r\n\r\n （2）   充电时，低电量红灯亮，中等电量黄灯亮，90%以上绿灯亮。",
  "faqTypeId": 134,
  "faqType": "硬件与外观",
  "useful": 0,
  "unUseful": 0,
  "languageId": 2,
  "languageName": "zh_cn",
  "faqCode": "695",
  "faqTypeCode": "Handsets-Hardware-Appearance",
  "isTop": "0",
  "moduleCode": "faq",
  "productId": null,
  "productCode": null,
  "postDate": 1396603754000,
  "seriesProductName": "",
  "visitedTimes": 17,
  "isUsefulFlag": null,
  "score": 0,
  "times": 0,
  "imageList": null,
  "displayType": "text",
  "justView": "0",
  "fileName": null,
  "filePath": null,
  "imagePath": null,
  "imageName": null,
  "productIdList": null,
  "curPage": null,
  "pageSize": null,
  "siteCode": null,
  "statusFlag": "Publish",
  "returnCode": 0,
  "totalRows": null,
  "keywords": "状态指示灯",
  "avgScore": 0.0,
  "createDate": null,
  "totalPages": null
}