{
  "type": null,
  "faqId": 10090,
  "title": "G6-U00是否支持HiSuite",
  "answer": "手机支持Hisuite。但手机没有预置此类应用软件，需要用户到网上下载最新版本。",
  "faqTypeId": 144,
  "faqType": "其他",
  "useful": 1,
  "unUseful": 0,
  "languageId": 2,
  "languageName": "zh_cn",
  "faqCode": "735",
  "faqTypeCode": "Handsets-Others",
  "isTop": "0",
  "moduleCode": "faq",
  "productId": null,
  "productCode": null,
  "postDate": 1396603663000,
  "seriesProductName": "",
  "visitedTimes": 132,
  "isUsefulFlag": null,
  "score": 0,
  "times": 0,
  "imageList": null,
  "displayType": "text",
  "justView": "0",
  "fileName": null,
  "filePath": null,
  "imagePath": null,
  "imageName": null,
  "productIdList": null,
  "curPage": null,
  "pageSize": null,
  "siteCode": null,
  "statusFlag": "Publish",
  "returnCode": 0,
  "totalRows": null,
  "keywords": "HiSuite",
  "avgScore": 0.0,
  "createDate": null,
  "totalPages": null
}