{
  "type": null,
  "faqId": 10126,
  "title": "G6-U00如何启用PIN码锁定屏幕？",
  "answer": " **1、 ****设置-**>**安全**->**屏幕锁定**->**PIN**。 \r\n\r\n **2、 **在“**请输入您的PIN”**下面的提示框中输入PIN码后继续。 \r\n\r\n **3、 **再次输入刚才输入的PIN码，点击**确定**完成对PIN码的设定。 \r\n\r\n 当点电源键或开关机时，手机会默认进入PIN码解锁界面，输入设定的PIN码后点击“**回车键**”解除PIN码的锁定。",
  "faqTypeId": 143,
  "faqType": "系统功能与设置",
  "useful": 1,
  "unUseful": 0,
  "languageId": 2,
  "languageName": "zh_cn",
  "faqCode": "705",
  "faqTypeCode": "Handsets-System-Settings",
  "isTop": "0",
  "moduleCode": "faq",
  "productId": null,
  "productCode": null,
  "postDate": 1396602209000,
  "seriesProductName": "",
  "visitedTimes": 36,
  "isUsefulFlag": null,
  "score": 0,
  "times": 0,
  "imageList": null,
  "displayType": "text",
  "justView": "0",
  "fileName": null,
  "filePath": null,
  "imagePath": null,
  "imageName": null,
  "productIdList": null,
  "curPage": null,
  "pageSize": null,
  "siteCode": null,
  "statusFlag": "Publish",
  "returnCode": 0,
  "totalRows": null,
  "keywords": "PIN",
  "avgScore": 0.0,
  "createDate": null,
  "totalPages": null
}