{
  "type": null,
  "faqId": 10125,
  "title": "G6-U00虚拟专用网络VPN设置的用途是什么,如何设置?",
  "answer": "  1.   点击**设置**->（**无线和网络**）**更多…**->**VPN**，如果弹出“**必须设置锁屏PIN或密码**”的提示框，则需要先设置其中一钟锁屏方式，之后添加VPN网络； \r\n\r\n ![](http://consumer.huawei.com/support/servlet/imageServlet?dlType=HtmlAreaImage&imageId=30698) \r\n\r\n 2.   点击“**添加VPN网络**”，在**编辑VPN网络**窗口输入相关参数；然后选择建立的连接，输入用户名和密码后点击连接按钮进行连接。 \r\n\r\n ![](http://consumer.huawei.com/support/servlet/imageServlet?dlType=HtmlAreaImage&imageId=30699)",
  "faqTypeId": 138,
  "faqType": "网络与数据共享",
  "useful": 0,
  "unUseful": 1,
  "languageId": 2,
  "languageName": "zh_cn",
  "faqCode": "704",
  "faqTypeCode": "Handsets-Network-Data-sharing",
  "isTop": "0",
  "moduleCode": "faq",
  "productId": null,
  "productCode": null,
  "postDate": 1396602027000,
  "seriesProductName": "",
  "visitedTimes": 27,
  "isUsefulFlag": null,
  "score": 0,
  "times": 0,
  "imageList": null,
  "displayType": "text",
  "justView": "0",
  "fileName": null,
  "filePath": null,
  "imagePath": null,
  "imageName": null,
  "productIdList": null,
  "curPage": null,
  "pageSize": null,
  "siteCode": null,
  "statusFlag": "Publish",
  "returnCode": 0,
  "totalRows": null,
  "keywords": "VPN",
  "avgScore": 0.0,
  "createDate": null,
  "totalPages": null
}