{
  "type": null,
  "faqId": 10122,
  "title": "G6-U00如何关闭和启用数据业务",
  "answer": " 关闭和开启数据业务的方法： \r\n\r\n （1）   在主屏幕，点击**设置**->**移动网络**，点击后面触摸开关打开数据连接，再次点击触摸开关置灰表示关闭数据业务。 \r\n\r\n （2）   在下拉通知栏中点击![](http://consumer.huawei.com/support/servlet/imageServlet?dlType=HtmlAreaImage&imageId=30695)打开数据开关： \r\n\r\n 从屏幕下拉通知栏，点击数据开关，可以打开数据业务![](http://consumer.huawei.com/support/servlet/imageServlet?dlType=HtmlAreaImage&imageId=30696)，打开后状态为高亮。 \r\n\r\n ![](http://consumer.huawei.com/support/servlet/imageServlet?dlType=HtmlAreaImage&imageId=30697)",
  "faqTypeId": 138,
  "faqType": "网络与数据共享",
  "useful": 0,
  "unUseful": 0,
  "languageId": 2,
  "languageName": "zh_cn",
  "faqCode": "701",
  "faqTypeCode": "Handsets-Network-Data-sharing",
  "isTop": "0",
  "moduleCode": "faq",
  "productId": null,
  "productCode": null,
  "postDate": 1396601827000,
  "seriesProductName": "",
  "visitedTimes": 13,
  "isUsefulFlag": null,
  "score": 0,
  "times": 0,
  "imageList": null,
  "displayType": "text",
  "justView": "0",
  "fileName": null,
  "filePath": null,
  "imagePath": null,
  "imageName": null,
  "productIdList": null,
  "curPage": null,
  "pageSize": null,
  "siteCode": null,
  "statusFlag": "Publish",
  "returnCode": 0,
  "totalRows": null,
  "keywords": "数据业务",
  "avgScore": 0.0,
  "createDate": null,
  "totalPages": null
}