{
  "type": null,
  "faqId": 10121,
  "title": "G6-U00手机无法上网，网络参数设置方法",
  "answer": " 插入UIM卡，APN会自动配置网络参数。 \r\n\r\n 查看方法：在主屏幕，选择**设置**->**移动网络**->**接入点名称（APN）**。 \r\n\n当出现参数设置不正确的时候，可以通过点击![](http://consumer.huawei.com/support/servlet/imageServlet?dlType=HtmlAreaImage&imageId=30694)，选择**重置为默认设置**来恢复",
  "faqTypeId": 138,
  "faqType": "网络与数据共享",
  "useful": 0,
  "unUseful": 0,
  "languageId": 2,
  "languageName": "zh_cn",
  "faqCode": "680",
  "faqTypeCode": "Handsets-Network-Data-sharing",
  "isTop": "0",
  "moduleCode": "faq",
  "productId": null,
  "productCode": null,
  "postDate": 1396601689000,
  "seriesProductName": "",
  "visitedTimes": 25,
  "isUsefulFlag": null,
  "score": 0,
  "times": 0,
  "imageList": null,
  "displayType": "text",
  "justView": "0",
  "fileName": null,
  "filePath": null,
  "imagePath": null,
  "imageName": null,
  "productIdList": null,
  "curPage": null,
  "pageSize": null,
  "siteCode": null,
  "statusFlag": "Publish",
  "returnCode": 0,
  "totalRows": null,
  "keywords": "上网",
  "avgScore": 0.0,
  "createDate": null,
  "totalPages": null
}