{
  "type": null,
  "faqId": 10127,
  "title": "G6-U00如何设置人脸解锁",
  "answer": " 1.      **设置**->**安全**->**屏幕锁定**->**人脸解锁**。 \r\n\r\n 2.      按提示，点击**设置**->**继续**，等待识别结束，点击继续。 \r\n\r\n 3.      选择“识别不出”时的解锁方式，按设置提示输入备用解锁方式。点击**确定**完成设置。 \r\n\r\n ![](http://consumer.huawei.com/support/servlet/imageServlet?dlType=HtmlAreaImage&imageId=30700)",
  "faqTypeId": 143,
  "faqType": "系统功能与设置",
  "useful": 0,
  "unUseful": 0,
  "languageId": 2,
  "languageName": "zh_cn",
  "faqCode": "706",
  "faqTypeCode": "Handsets-System-Settings",
  "isTop": "0",
  "moduleCode": "faq",
  "productId": null,
  "productCode": null,
  "postDate": 1396602269000,
  "seriesProductName": "",
  "visitedTimes": 22,
  "isUsefulFlag": null,
  "score": 0,
  "times": 0,
  "imageList": null,
  "displayType": "text",
  "justView": "0",
  "fileName": null,
  "filePath": null,
  "imagePath": null,
  "imageName": null,
  "productIdList": null,
  "curPage": null,
  "pageSize": null,
  "siteCode": null,
  "statusFlag": "Publish",
  "returnCode": 0,
  "totalRows": null,
  "keywords": "解锁",
  "avgScore": 0.0,
  "createDate": null,
  "totalPages": null
}