{
  "type": null,
  "faqId": 10130,
  "title": "G6-U00添加/取消闹钟",
  "answer": " 在主屏幕下打开**时钟**，进入时钟界面。在闹钟列表中点击触摸开关，可以开启/关闭闹钟，或者通过点击左下角图标新建一个闹钟。",
  "faqTypeId": 143,
  "faqType": "系统功能与设置",
  "useful": 0,
  "unUseful": 0,
  "languageId": 2,
  "languageName": "zh_cn",
  "faqCode": "709",
  "faqTypeCode": "Handsets-System-Settings",
  "isTop": "0",
  "moduleCode": "faq",
  "productId": null,
  "productCode": null,
  "postDate": 1396602412000,
  "seriesProductName": "",
  "visitedTimes": 6,
  "isUsefulFlag": null,
  "score": 0,
  "times": 0,
  "imageList": null,
  "displayType": "text",
  "justView": "0",
  "fileName": null,
  "filePath": null,
  "imagePath": null,
  "imageName": null,
  "productIdList": null,
  "curPage": null,
  "pageSize": null,
  "siteCode": null,
  "statusFlag": "Publish",
  "returnCode": 0,
  "totalRows": null,
  "keywords": "闹钟",
  "avgScore": 0.0,
  "createDate": null,
  "totalPages": null
}