{
  "type": null,
  "faqId": 10134,
  "title": "G6-U00是否支持应用程序首选安装位置设置？",
  "answer": " 不支持应用程序首选安装位置，存储在内部存储中。 \r\n\r\n 支持语音、视频、图片等存储位置的修改（点击**设置**->【**设备**】**更多**->**存储**->**默认存储位置**）。****",
  "faqTypeId": 143,
  "faqType": "系统功能与设置",
  "useful": 0,
  "unUseful": 0,
  "languageId": 2,
  "languageName": "zh_cn",
  "faqCode": "713",
  "faqTypeCode": "Handsets-System-Settings",
  "isTop": "0",
  "moduleCode": "faq",
  "productId": null,
  "productCode": null,
  "postDate": 1396602517000,
  "seriesProductName": "",
  "visitedTimes": 3,
  "isUsefulFlag": null,
  "score": 0,
  "times": 0,
  "imageList": null,
  "displayType": "text",
  "justView": "0",
  "fileName": null,
  "filePath": null,
  "imagePath": null,
  "imageName": null,
  "productIdList": null,
  "curPage": null,
  "pageSize": null,
  "siteCode": null,
  "statusFlag": "Publish",
  "returnCode": 0,
  "totalRows": null,
  "keywords": "安装",
  "avgScore": 0.0,
  "createDate": null,
  "totalPages": null
}