{
  "type": null,
  "faqId": 10135,
  "title": "G6-U00如何安装、管理与卸载程序？",
  "answer": " **安装：** \r\n\r\n 前提条件：进入**设置**->**安全**，勾选**未知来源**后面的复选框。 \r\n\r\n （1）   直接从华为应用市场或安智市场客户端上下载安装。 \r\n\r\n （2）   将apk文件拷贝到手机或SD卡中，进入文件管理器找到该apk文件，点击开始安装。 \r\n\r\n ![](http://consumer.huawei.com/support/servlet/imageServlet?dlType=HtmlAreaImage&imageId=30702)  \r\n\r\n **管理：** \r\n\r\n 进入**设置**->**管理****应用程序**->**全部**，点击进入任意应用程序后进行相关操作。 \r\n\r\n **卸载：** \r\n\r\n 进入**设置**->**管理应用程序**，点击需要删除的应用程序，再点击**卸载**->**确定**。 \r\n\r\n ![](http://consumer.huawei.com/support/servlet/imageServlet?dlType=HtmlAreaImage&imageId=30705)",
  "faqTypeId": 139,
  "faqType": "应用程序管理",
  "useful": 0,
  "unUseful": 0,
  "languageId": 2,
  "languageName": "zh_cn",
  "faqCode": "714",
  "faqTypeCode": "Handsets-Application-Management",
  "isTop": "0",
  "moduleCode": "faq",
  "productId": null,
  "productCode": null,
  "postDate": 1396602698000,
  "seriesProductName": "",
  "visitedTimes": 31,
  "isUsefulFlag": null,
  "score": 0,
  "times": 0,
  "imageList": null,
  "displayType": "text",
  "justView": "0",
  "fileName": null,
  "filePath": null,
  "imagePath": null,
  "imageName": null,
  "productIdList": null,
  "curPage": null,
  "pageSize": null,
  "siteCode": null,
  "statusFlag": "Publish",
  "returnCode": 0,
  "totalRows": null,
  "keywords": "如何安装、管理与卸载程序？",
  "avgScore": 0.0,
  "createDate": null,
  "totalPages": null
}