{
  "type": null,
  "faqId": 10139,
  "title": "G6-U00通讯录中备份和恢复联系人",
  "answer": " 点击**实用工具**>**备份**，进行备份和恢复联系人。 \r\n\r\n （1）   备份 \r\n\r\n 点击**备份**->**备份到SD卡**->勾选**联系人**，点击**备份**，设置密码后点击**备份**，将备份联系人。 \r\n\n![](http://consumer.huawei.com/support/servlet/imageServlet?dlType=HtmlAreaImage&imageId=30706) \n\r\n\r\n （2）   恢复 \r\n\r\n 点击**备份**->**从SD卡恢复**，选择备份文件并输入密码，勾选**联系人**，点击**恢复。**",
  "faqTypeId": 141,
  "faqType": "备份恢复与升级",
  "useful": 0,
  "unUseful": 0,
  "languageId": 2,
  "languageName": "zh_cn",
  "faqCode": "718",
  "faqTypeCode": "Handsets-Backup-Restore-Update",
  "isTop": "0",
  "moduleCode": "faq",
  "productId": null,
  "productCode": null,
  "postDate": 1396602919000,
  "seriesProductName": "",
  "visitedTimes": 22,
  "isUsefulFlag": null,
  "score": 0,
  "times": 0,
  "imageList": null,
  "displayType": "text",
  "justView": "0",
  "fileName": null,
  "filePath": null,
  "imagePath": null,
  "imageName": null,
  "productIdList": null,
  "curPage": null,
  "pageSize": null,
  "siteCode": null,
  "statusFlag": "Publish",
  "returnCode": 0,
  "totalRows": null,
  "keywords": "备份和恢复",
  "avgScore": 0.0,
  "createDate": null,
  "totalPages": null
}