{
  "type": null,
  "faqId": 10136,
  "title": "G6-U00程序安装失败的原因与解决方法",
  "answer": " （1）   APK本身有缺陷。 \r\n\r\n （2）   系统中已经存在该程序，请卸载原来的程序。 \r\n\r\n （3）   确保系统有足够的空间。",
  "faqTypeId": 139,
  "faqType": "应用程序管理",
  "useful": 0,
  "unUseful": 1,
  "languageId": 2,
  "languageName": "zh_cn",
  "faqCode": "715",
  "faqTypeCode": "Handsets-Application-Management",
  "isTop": "0",
  "moduleCode": "faq",
  "productId": null,
  "productCode": null,
  "postDate": 1396602770000,
  "seriesProductName": "",
  "visitedTimes": 21,
  "isUsefulFlag": null,
  "score": 0,
  "times": 0,
  "imageList": null,
  "displayType": "text",
  "justView": "0",
  "fileName": null,
  "filePath": null,
  "imagePath": null,
  "imageName": null,
  "productIdList": null,
  "curPage": null,
  "pageSize": null,
  "siteCode": null,
  "statusFlag": "Publish",
  "returnCode": 0,
  "totalRows": null,
  "keywords": "安装失败",
  "avgScore": 0.0,
  "createDate": null,
  "totalPages": null
}