{"type":null,"faqId":10131,"title":"G6-U00是否支持关机闹钟？","answer":"支持","faqTypeId":139,"faqType":"应用程序管理","useful":0,"unUseful":0,"languageId":2,"languageName":"zh_cn","faqCode":"710","faqTypeCode":"Handsets-Application-Management","isTop":"0","moduleCode":"faq","productId":null,"productCode":null,"postDate":1396602430000,"seriesProductName":"","visitedTimes":5,"isUsefulFlag":null,"score":0,"times":0,"imageList":null,"displayType":"text","justView":"0","fileName":null,"filePath":null,"imagePath":null,"imageName":null,"productIdList":null,"curPage":null,"pageSize":null,"siteCode":null,"statusFlag":"Publish","returnCode":0,"totalRows":null,"keywords":"闹钟","avgScore":0.0,"createDate":null,"totalPages":null}