{"type":null,"faqId":10140,"title":"G6-U00是否支持备份群组联系人目录","answer":"不支持。","faqTypeId":141,"faqType":"备份恢复与升级","useful":0,"unUseful":0,"languageId":2,"languageName":"zh_cn","faqCode":"719","faqTypeCode":"Handsets-Backup-Restore-Update","isTop":"0","moduleCode":"faq","productId":null,"productCode":null,"postDate":1396602969000,"seriesProductName":"","visitedTimes":2,"isUsefulFlag":null,"score":0,"times":0,"imageList":null,"displayType":"text","justView":"0","fileName":null,"filePath":null,"imagePath":null,"imageName":null,"productIdList":null,"curPage":null,"pageSize":null,"siteCode":null,"statusFlag":"Publish","returnCode":0,"totalRows":null,"keywords":"备份群组联系人","avgScore":0.0,"createDate":null,"totalPages":null}