{
  "type": null,
  "faqId": 10149,
  "title": "G6-U00与电脑连接做U盘",
  "answer": " 把手机和电脑通过USB相连，可以识别microSD卡和手机内部存储空间，但不能识别手机内存。 \r\n\r\n **媒体设备（MTP）**：用来和电脑（需要支持MTP功能）进行媒体文件(图片，录音，电影等文件)的传输。 \r\n\r\n **相机（PTP）**：用来和电脑进行图片文件的传输，对于不支持MTP功能的电脑这是一个好的共享方法。 \r\n\r\n **USB****大容量存储设备**：可以识别microSD卡和手机内部存储空间，但不能识别手机内存。 \r\n\r\n **备注**：连接MAC电脑后我们可以通过MTP功能操作手机上的文件，暂时不支持在MAC上的拨号功能。",
  "faqTypeId": 140,
  "faqType": "存储与文件管理",
  "useful": 0,
  "unUseful": 0,
  "languageId": 2,
  "languageName": "zh_cn",
  "faqCode": "728",
  "faqTypeCode": "Handsets-Storage-File-management",
  "isTop": "0",
  "moduleCode": "faq",
  "productId": null,
  "productCode": null,
  "postDate": 1396603389000,
  "seriesProductName": "",
  "visitedTimes": 71,
  "isUsefulFlag": null,
  "score": 0,
  "times": 0,
  "imageList": null,
  "displayType": "text",
  "justView": "0",
  "fileName": null,
  "filePath": null,
  "imagePath": null,
  "imageName": null,
  "productIdList": null,
  "curPage": null,
  "pageSize": null,
  "siteCode": null,
  "statusFlag": "Publish",
  "returnCode": 0,
  "totalRows": null,
  "keywords": "U盘",
  "avgScore": 0.0,
  "createDate": null,
  "totalPages": null
}