{
  "type": null,
  "faqId": 10142,
  "title": "G6-U00手机支持备份哪些数据？",
  "answer": " 支持备份：联系人、信息、日程、通话记录、系统设置、闹钟、浏览器书签、备忘录、智汇云、天气时钟、音乐播放列表、邮箱账户、应用程序。 \r\n\n![](http://consumer.huawei.com/support/servlet/imageServlet?dlType=HtmlAreaImage&imageId=30709)",
  "faqTypeId": 141,
  "faqType": "备份恢复与升级",
  "useful": 0,
  "unUseful": 0,
  "languageId": 2,
  "languageName": "zh_cn",
  "faqCode": "721",
  "faqTypeCode": "Handsets-Backup-Restore-Update",
  "isTop": "0",
  "moduleCode": "faq",
  "productId": null,
  "productCode": null,
  "postDate": 1396603073000,
  "seriesProductName": "",
  "visitedTimes": 12,
  "isUsefulFlag": null,
  "score": 0,
  "times": 0,
  "imageList": null,
  "displayType": "text",
  "justView": "0",
  "fileName": null,
  "filePath": null,
  "imagePath": null,
  "imageName": null,
  "productIdList": null,
  "curPage": null,
  "pageSize": null,
  "siteCode": null,
  "statusFlag": "Publish",
  "returnCode": 0,
  "totalRows": null,
  "keywords": "备份",
  "avgScore": 0.0,
  "createDate": null,
  "totalPages": null
}