{
  "type": null,
  "faqId": 10141,
  "title": "G6-U00如何使用云备份--备份",
  "answer": " 点击**备份**->**备份到云端**->勾选**需要备份的数据**，点击**备份**。 \r\n\r\n ![](http://consumer.huawei.com/support/servlet/imageServlet?dlType=HtmlAreaImage&imageId=30708)",
  "faqTypeId": 141,
  "faqType": "备份恢复与升级",
  "useful": 0,
  "unUseful": 0,
  "languageId": 2,
  "languageName": "zh_cn",
  "faqCode": "720",
  "faqTypeCode": "Handsets-Backup-Restore-Update",
  "isTop": "0",
  "moduleCode": "faq",
  "productId": null,
  "productCode": null,
  "postDate": 1396603018000,
  "seriesProductName": "",
  "visitedTimes": 27,
  "isUsefulFlag": null,
  "score": 0,
  "times": 0,
  "imageList": null,
  "displayType": "text",
  "justView": "0",
  "fileName": null,
  "filePath": null,
  "imagePath": null,
  "imageName": null,
  "productIdList": null,
  "curPage": null,
  "pageSize": null,
  "siteCode": null,
  "statusFlag": "Publish",
  "returnCode": 0,
  "totalRows": null,
  "keywords": "备份",
  "avgScore": 0.0,
  "createDate": null,
  "totalPages": null
}