{
  "type": null,
  "faqId": 10147,
  "title": "G6-U00开发人员选项",
  "answer": " 点击**设置**->**开发人员选项**进入开发人员选项菜单。用户可以通过触摸开关，**打开/关闭**开发人员选项。开发人员选项中各项设置的作用在其下方均有注解，主要适用于开发人员，普通用户不建议开启；比如“显示触摸操作”的作用是“为触摸操作提供视觉提示”，即勾选该选项后，触摸屏幕时该位置会显示触点。",
  "faqTypeId": 144,
  "faqType": "其他",
  "useful": 0,
  "unUseful": 0,
  "languageId": 2,
  "languageName": "zh_cn",
  "faqCode": "726",
  "faqTypeCode": "Handsets-Others",
  "isTop": "0",
  "moduleCode": "faq",
  "productId": null,
  "productCode": null,
  "postDate": 1396603303000,
  "seriesProductName": "",
  "visitedTimes": 25,
  "isUsefulFlag": null,
  "score": 0,
  "times": 0,
  "imageList": null,
  "displayType": "text",
  "justView": "0",
  "fileName": null,
  "filePath": null,
  "imagePath": null,
  "imageName": null,
  "productIdList": null,
  "curPage": null,
  "pageSize": null,
  "siteCode": null,
  "statusFlag": "Publish",
  "returnCode": 0,
  "totalRows": null,
  "keywords": "开发人员选项",
  "avgScore": 0.0,
  "createDate": null,
  "totalPages": null
}