{
  "type": null,
  "faqId": 10154,
  "title": "G6-U00恢复出厂设置的操作",
  "answer": " 1.      在主屏幕，点击**设置**->**备份和重置**->**恢复出厂设置**。 \r\n\r\n 2.      点击**重置手机**->**重置手机**，恢复出厂设置。",
  "faqTypeId": 141,
  "faqType": "备份恢复与升级",
  "useful": 0,
  "unUseful": 2,
  "languageId": 2,
  "languageName": "zh_cn",
  "faqCode": "733",
  "faqTypeCode": "Handsets-Backup-Restore-Update",
  "isTop": "0",
  "moduleCode": "faq",
  "productId": null,
  "productCode": null,
  "postDate": 1396603566000,
  "seriesProductName": "",
  "visitedTimes": 87,
  "isUsefulFlag": null,
  "score": 0,
  "times": 0,
  "imageList": null,
  "displayType": "text",
  "justView": "0",
  "fileName": null,
  "filePath": null,
  "imagePath": null,
  "imageName": null,
  "productIdList": null,
  "curPage": null,
  "pageSize": null,
  "siteCode": null,
  "statusFlag": "Publish",
  "returnCode": 0,
  "totalRows": null,
  "keywords": "恢复出厂设置",
  "avgScore": 0.0,
  "createDate": null,
  "totalPages": null
}