{
  "type": null,
  "faqId": 10151,
  "title": "G6-U00调节屏幕亮度",
  "answer": " （1）   在主屏幕，点击**设置**->**显示**->**亮度**，可以通过勾选“**自动调整亮度**”或手动滑动下面的滑条设置亮度。 \r\n\r\n （2）下拉通知栏，通过点击亮度调节图标设置。 \r\n\n![](http://consumer.huawei.com/support/servlet/imageServlet?dlType=HtmlAreaImage&imageId=30717)",
  "faqTypeId": 134,
  "faqType": "硬件与外观",
  "useful": 0,
  "unUseful": 0,
  "languageId": 2,
  "languageName": "zh_cn",
  "faqCode": "730",
  "faqTypeCode": "Handsets-Hardware-Appearance",
  "isTop": "0",
  "moduleCode": "faq",
  "productId": null,
  "productCode": null,
  "postDate": 1396603475000,
  "seriesProductName": "",
  "visitedTimes": 18,
  "isUsefulFlag": null,
  "score": 0,
  "times": 0,
  "imageList": null,
  "displayType": "text",
  "justView": "0",
  "fileName": null,
  "filePath": null,
  "imagePath": null,
  "imageName": null,
  "productIdList": null,
  "curPage": null,
  "pageSize": null,
  "siteCode": null,
  "statusFlag": "Publish",
  "returnCode": 0,
  "totalRows": null,
  "keywords": "调节屏幕亮度",
  "avgScore": 0.0,
  "createDate": null,
  "totalPages": null
}