{
  "type": null,
  "faqId": 10150,
  "title": "G6-U00释放手机内部存储空间",
  "answer": " 删除手机多余文件或者卸载应用。 \r\n\r\n 删除无用的文件：在**文件管理**中，查看文件或文件夹，长按要删除的文件或文件夹，在弹出的菜单中选择**删除**。 \r\n\r\n 卸载应用：点击**设置**->**管理应用程序**->**全部**，选择需要卸载的应用程序，点击**卸载**->**确认**。",
  "faqTypeId": 140,
  "faqType": "存储与文件管理",
  "useful": 0,
  "unUseful": 0,
  "languageId": 2,
  "languageName": "zh_cn",
  "faqCode": "729",
  "faqTypeCode": "Handsets-Storage-File-management",
  "isTop": "0",
  "moduleCode": "faq",
  "productId": null,
  "productCode": null,
  "postDate": 1396603410000,
  "seriesProductName": "",
  "visitedTimes": 15,
  "isUsefulFlag": null,
  "score": 0,
  "times": 0,
  "imageList": null,
  "displayType": "text",
  "justView": "0",
  "fileName": null,
  "filePath": null,
  "imagePath": null,
  "imageName": null,
  "productIdList": null,
  "curPage": null,
  "pageSize": null,
  "siteCode": null,
  "statusFlag": "Publish",
  "returnCode": 0,
  "totalRows": null,
  "keywords": null,
  "avgScore": 0.0,
  "createDate": null,
  "totalPages": null
}