{
  "type": null,
  "faqId": 10153,
  "title": "G6-U00设置飞行模式",
  "answer": " （1）   屏幕，点击**设置**，点击**飞行模式**开关，打开或者关闭飞行模式。在飞行模式下，无线网络不可用。 \r\n\r\n （2）   可以在通知栏，快速打开或者关闭飞行模式。 \r\n\r\n （3）   长按电源键，在弹出的选项菜单中，可以设置打开或者关闭飞行模式。",
  "faqTypeId": 143,
  "faqType": "系统功能与设置",
  "useful": 0,
  "unUseful": 1,
  "languageId": 2,
  "languageName": "zh_cn",
  "faqCode": "732",
  "faqTypeCode": "Handsets-System-Settings",
  "isTop": "0",
  "moduleCode": "faq",
  "productId": null,
  "productCode": null,
  "postDate": 1396603530000,
  "seriesProductName": "",
  "visitedTimes": 13,
  "isUsefulFlag": null,
  "score": 0,
  "times": 0,
  "imageList": null,
  "displayType": "text",
  "justView": "0",
  "fileName": null,
  "filePath": null,
  "imagePath": null,
  "imageName": null,
  "productIdList": null,
  "curPage": null,
  "pageSize": null,
  "siteCode": null,
  "statusFlag": "Publish",
  "returnCode": 0,
  "totalRows": null,
  "keywords": "飞行模式",
  "avgScore": 0.0,
  "createDate": null,
  "totalPages": null
}