{"type":null,"faqId":10157,"title":"G6-U00是否支持TV-OUT？如何使用？","answer":"不支持","faqTypeId":144,"faqType":"其他","useful":0,"unUseful":0,"languageId":2,"languageName":"zh_cn","faqCode":"737","faqTypeCode":"Handsets-Others","isTop":"0","moduleCode":"faq","productId":null,"productCode":null,"postDate":1396603712000,"seriesProductName":"","visitedTimes":8,"isUsefulFlag":null,"score":0,"times":0,"imageList":null,"displayType":"text","justView":"0","fileName":null,"filePath":null,"imagePath":null,"imageName":null,"productIdList":null,"curPage":null,"pageSize":null,"siteCode":null,"statusFlag":"Publish","returnCode":0,"totalRows":null,"keywords":"TV-OUT","avgScore":0.0,"createDate":null,"totalPages":null}