{
  "type": null,
  "faqId": 10158,
  "title": "G6-U00是否支持OTG功能？如何使用？",
  "answer": " 均不支持。 \r\n\r\n **备注**：OTG是一种新的USB传输技术，可以通过OTG转接线让手机访问U盘，数码相机或键盘，鼠标等外接设备，高清视频输出的操作方式。",
  "faqTypeId": 144,
  "faqType": "其他",
  "useful": 0,
  "unUseful": 0,
  "languageId": 2,
  "languageName": "zh_cn",
  "faqCode": "694",
  "faqTypeCode": "Handsets-Others",
  "isTop": "0",
  "moduleCode": "faq",
  "productId": null,
  "productCode": null,
  "postDate": 1396603733000,
  "seriesProductName": "",
  "visitedTimes": 84,
  "isUsefulFlag": null,
  "score": 0,
  "times": 0,
  "imageList": null,
  "displayType": "text",
  "justView": "0",
  "fileName": null,
  "filePath": null,
  "imagePath": null,
  "imageName": null,
  "productIdList": null,
  "curPage": null,
  "pageSize": null,
  "siteCode": null,
  "statusFlag": "Publish",
  "returnCode": 0,
  "totalRows": null,
  "keywords": "OTG",
  "avgScore": 0.0,
  "createDate": null,
  "totalPages": null
}