{
  "type": null,
  "faqId": 10152,
  "title": "G6-U00手机按键背灯的节电功能",
  "answer": " 手机下面的三个按键会根据周围环境变化，当周边环境暗时，三个按键会亮，当周边环境亮时，三个按键会变暗，目的是节电。",
  "faqTypeId": 144,
  "faqType": "其他",
  "useful": 3,
  "unUseful": 1,
  "languageId": 2,
  "languageName": "zh_cn",
  "faqCode": "731",
  "faqTypeCode": "Handsets-Others",
  "isTop": "0",
  "moduleCode": "faq",
  "productId": null,
  "productCode": null,
  "postDate": 1396603505000,
  "seriesProductName": "",
  "visitedTimes": 26,
  "isUsefulFlag": null,
  "score": 0,
  "times": 0,
  "imageList": null,
  "displayType": "text",
  "justView": "1",
  "fileName": null,
  "filePath": null,
  "imagePath": null,
  "imageName": null,
  "productIdList": null,
  "curPage": null,
  "pageSize": null,
  "siteCode": null,
  "statusFlag": "Publish",
  "returnCode": 0,
  "totalRows": null,
  "keywords": null,
  "avgScore": 0.0,
  "createDate": null,
  "totalPages": null
}