{
  "type": null,
  "faqId": 10155,
  "title": "G6-U00如何进入和退出安全模式",
  "answer": " 在开机过程中一直点按手机硬件menu，直到屏幕左下角出现“**安全模式**”字样，进入安全模式。 \r\n\r\n 重启手机即可以退出安全模式。",
  "faqTypeId": 144,
  "faqType": "其他",
  "useful": 1,
  "unUseful": 2,
  "languageId": 2,
  "languageName": "zh_cn",
  "faqCode": "734",
  "faqTypeCode": "Handsets-Others",
  "isTop": "0",
  "moduleCode": "faq",
  "productId": null,
  "productCode": null,
  "postDate": 1396603639000,
  "seriesProductName": "",
  "visitedTimes": 193,
  "isUsefulFlag": null,
  "score": 1,
  "times": 1,
  "imageList": null,
  "displayType": "text",
  "justView": "0",
  "fileName": null,
  "filePath": null,
  "imagePath": null,
  "imageName": null,
  "productIdList": null,
  "curPage": null,
  "pageSize": null,
  "siteCode": null,
  "statusFlag": "Publish",
  "returnCode": 0,
  "totalRows": null,
  "keywords": "安全模式",
  "avgScore": 1.0,
  "createDate": null,
  "totalPages": null
}