{
  "type": null,
  "faqId": 10159,
  "title": "G6-U00省电小窍门",
  "answer": " （1）   不使用手机时，按电源键关闭屏幕。 \r\n\r\n （2）   缩短屏幕休眠时间：在主屏幕，点击**设置**->**全部**->**显示**->**休眠**，设置屏幕休眠时间。 \r\n\r\n （3）   降低屏幕亮度：在主屏幕，点击**设置**->**全部**->**显示**->**亮度**，设置屏幕亮度。 \r\n\r\n （4）   关闭蓝牙和WLAN：在主屏幕，点击**设置**->**全部**，在**无线和网络**区域关闭蓝牙和WLAN。 \r\n\r\n （5）   关闭后台数据同步：在主屏幕，点击**设置**->**全部**->**帐户**，关闭帐户与同步。 \r\n\r\n （6）   关闭数据业务：在主屏幕，点击**设置**->**全部**->**移动网络**，关闭**始终连接数据业务**开关。 \r\n\r\n （7）   关闭GPS：在主屏幕，点击 **设置**->**全部**->**位置信息访问权限**，关闭**访问我的位置信息**开关。 \r\n\r\n （8）   手机休眠关闭应用：在主屏幕，最左边一页，点击**“手机管理”文件夹->手机管家->省电管理->受保护的后台应用**：列表中的应用（点击“手动添加”可以添加应用）表示休眠时不会被清理，点击“禁止”应用程序会从列表中删除。",
  "faqTypeId": 133,
  "faqType": "电池与充电",
  "useful": 0,
  "unUseful": 1,
  "languageId": 2,
  "languageName": "zh_cn",
  "faqCode": "696",
  "faqTypeCode": "Handsets-Battery-Charging",
  "isTop": "0",
  "moduleCode": "faq",
  "productId": null,
  "productCode": null,
  "postDate": 1396603796000,
  "seriesProductName": "",
  "visitedTimes": 15,
  "isUsefulFlag": null,
  "score": 0,
  "times": 0,
  "imageList": null,
  "displayType": "text",
  "justView": "0",
  "fileName": null,
  "filePath": null,
  "imagePath": null,
  "imageName": null,
  "productIdList": null,
  "curPage": null,
  "pageSize": null,
  "siteCode": null,
  "statusFlag": "Publish",
  "returnCode": 0,
  "totalRows": null,
  "keywords": "省电小窍门",
  "avgScore": 0.0,
  "createDate": null,
  "totalPages": null
}