{
  "type": null,
  "faqId": 10160,
  "title": "G6-U00网络流量节省小窍门",
  "answer": " （1）   不使用数据业务时，关闭数据业务功能。 \r\n\r\n （2）   有WLAN环境时，使用WLAN网络，关闭数据业务。 \r\n\r\n （3）   登录wap网站比登录www网站更节省流量。 \r\n\r\n （4）   关闭数据业务：在主屏幕，点击**设置**->**全部**->**移动网络**，关闭**始终连接数据业务**开关。 \r\n\n关闭后台数据同步：在主屏幕，点击**设置**->**全部**->**帐户**，关闭帐户与同步。",
  "faqTypeId": 138,
  "faqType": "网络与数据共享",
  "useful": 0,
  "unUseful": 0,
  "languageId": 2,
  "languageName": "zh_cn",
  "faqCode": "738",
  "faqTypeCode": "Handsets-Network-Data-sharing",
  "isTop": "0",
  "moduleCode": "faq",
  "productId": null,
  "productCode": null,
  "postDate": 1396603821000,
  "seriesProductName": "",
  "visitedTimes": 4,
  "isUsefulFlag": null,
  "score": 0,
  "times": 0,
  "imageList": null,
  "displayType": "text",
  "justView": "0",
  "fileName": null,
  "filePath": null,
  "imagePath": null,
  "imageName": null,
  "productIdList": null,
  "curPage": null,
  "pageSize": null,
  "siteCode": null,
  "statusFlag": "Publish",
  "returnCode": 0,
  "totalRows": null,
  "keywords": "网络流量节省小窍门",
  "avgScore": 0.0,
  "createDate": null,
  "totalPages": null
}