{
  "type": null,
  "faqId": 10162,
  "title": "G6-U00拔除电池后时间是否归零，时间设置为自动同步是否会走网络流量",
  "answer": " 手机拔除电池20秒以上，时间会归零。如果手机在开机注册网络时从运营商获取到时间就不会通过上网的方式更新时间也不会占用网络流量。 \r\n\r\n 如果开机从运营商那里没有获取到时间且在设置里打开了自动更新时间，会占用很小的一部分网络流量。",
  "faqTypeId": 144,
  "faqType": "其他",
  "useful": 0,
  "unUseful": 0,
  "languageId": 2,
  "languageName": "zh_cn",
  "faqCode": "741",
  "faqTypeCode": "Handsets-Others",
  "isTop": "0",
  "moduleCode": "faq",
  "productId": null,
  "productCode": null,
  "postDate": 1396603915000,
  "seriesProductName": "",
  "visitedTimes": 17,
  "isUsefulFlag": null,
  "score": 12,
  "times": 4,
  "imageList": null,
  "displayType": "text",
  "justView": "0",
  "fileName": null,
  "filePath": null,
  "imagePath": null,
  "imageName": null,
  "productIdList": null,
  "curPage": null,
  "pageSize": null,
  "siteCode": null,
  "statusFlag": "Publish",
  "returnCode": 0,
  "totalRows": null,
  "keywords": "拔除电池后时间是否归零，时间设置为自动同步是否会走网络流量",
  "avgScore": 3.0,
  "createDate": null,
  "totalPages": null
}