{
  "type": null,
  "faqId": 10182,
  "title": "G620-L75 忘记屏幕解锁密码或图案，如何解决？",
  "answer": " 您可以通过升级手机的方法解决。升级后，手机内部存储中的数据将被删除。 \r\n\n通过 microSD 卡升级：  \r\n\n步骤 1 进入 http://consumer.huawei.com/cn ，根据手机型号下载软件升级包。  \r\n\n步骤 2 将升级包中的 dload 文件夹放入 microSD 卡根目录下。  \r\n\n步骤 3 手机在关机状态下，插入 microSD 卡，同时按住电源键和音量上下键直到出现安卓机器人图标，手机进入升级模式开始升级。  \r\n\n升级完成后手机将会恢复出厂设置。  \r\n\n若无法升级，请联系客服或携带购机发票前往服务网点检修。  \r\n\n进入http://consumer.huawei.com/cn/support/service-center/index.htm 查询全国服务网点； 或关注华为终端官方微信平台：华为终端（微信号：huaweizhongduan），在对话界面，点击“自助服务 > 服务中心查询”根据屏幕提示查询离您最近的服务网点。",
  "faqTypeId": 134,
  "faqType": "硬件与外观",
  "useful": 2,
  "unUseful": 2,
  "languageId": 2,
  "languageName": "zh_cn",
  "faqCode": "808",
  "faqTypeCode": "Handsets-Hardware-Appearance",
  "isTop": "0",
  "moduleCode": "faq",
  "productId": null,
  "productCode": null,
  "postDate": 1397026689000,
  "seriesProductName": "G620-L75",
  "visitedTimes": 465,
  "isUsefulFlag": null,
  "score": 0,
  "times": 0,
  "imageList": null,
  "displayType": "text",
  "justView": "0",
  "fileName": null,
  "filePath": null,
  "imagePath": null,
  "imageName": null,
  "productIdList": null,
  "curPage": null,
  "pageSize": null,
  "siteCode": null,
  "statusFlag": "Publish",
  "returnCode": 0,
  "totalRows": null,
  "keywords": null,
  "avgScore": 0.0,
  "createDate": null,
  "totalPages": null
}