{
  "type": null,
  "faqId": 10185,
  "title": "G620-L75 手机没有信号，如何解决？",
  "answer": " 无法识别 SIM 卡。当手机无法识别插入的 SIM卡时，状态栏会显示类似  \r\n\n的图标，具体请以您手机的实际显示为准。  \r\n\n请参考随机附送的快速指南，检查您的手机是否正确地插入了 SIM 卡。  \r\n\n请确认手机是否可以识别插入的 SIM 卡。不同制式的手机支持的 SIM 卡类型不一样，具体请咨询您的 SIM 卡提供商。  \r\n\n 无网络信号。当手机无网络信号时，状态会显示类似  \r\n\n的图标，具体请以您手机的实际显示为准。  \r\n\n可能是当前网络信号差导致手机无信号，请等待一段时间或移动到信号较好的地方后使用手机。  \r\n\n若依然无信号，建议您重启手机。  \r\n\r\n 若问题依然存在，请联系客服或携带购机发票前往服务网点检修。 \r\n\r\n 进入http://consumer.huawei.com/cn/support/service-center/index.htm 查询全国服务网点； 或关注华为终端官方微信平台：华为终端（微信号：huaweizhongduan），在对话界面，点击“自助服务 > 服务中心查询”根据屏幕提示查询离您最近的服务网点。",
  "faqTypeId": 144,
  "faqType": "其他",
  "useful": 2,
  "unUseful": 12,
  "languageId": 2,
  "languageName": "zh_cn",
  "faqCode": "811",
  "faqTypeCode": "Handsets-Others",
  "isTop": "0",
  "moduleCode": "faq",
  "productId": null,
  "productCode": null,
  "postDate": 1397028136000,
  "seriesProductName": "G620-L75",
  "visitedTimes": 559,
  "isUsefulFlag": null,
  "score": 3,
  "times": 1,
  "imageList": null,
  "displayType": "text",
  "justView": "0",
  "fileName": null,
  "filePath": null,
  "imagePath": null,
  "imageName": null,
  "productIdList": null,
  "curPage": null,
  "pageSize": null,
  "siteCode": null,
  "statusFlag": "Publish",
  "returnCode": 0,
  "totalRows": null,
  "keywords": null,
  "avgScore": 3.0,
  "createDate": null,
  "totalPages": null
}