{
  "type": null,
  "faqId": 10183,
  "title": "G620-L75 手机死机，如何解决？",
  "answer": " 长按电源键打开选项菜单，选择“重新启动”。  \r\n\n若无法打开选项菜单，请长按电源键 10 秒以上，强制重启。  \r\n\n 若运行某个第三方应用程序时死机，可能是由于该第三方应用程序与手机不兼容。  \r\n\n请重启手机，将其卸载后重新下载安装其他类似应用。  \r\n\n 若重启后仍然出现死机问题，建议您备份重要数据后将手机恢复出厂设置。  \r\n\r\n  若死机后无法操作手机，请将手机强制升级。 \r\n\r\n 进入 http://consumer.huawei.com/cn，根据手机型号下载软件升级包，参考软件升级包中的升级指导操作。  \r\n  若问题依然存在，请联系客服或携带购机发票前往服务网点检修。  \r\n 进入http://consumer.huawei.com/cn/support/service-center/index.htm 查询全国服务网点； 或关注华为终端官方微信平台：华为终端（微信号：huaweizhongduan），在对话界面，点击“自助服务 > 服务中心查询”根据屏幕提示查询离您最近的服务网点。  \r\n 如您接收到官网推送的版本升级通知，请及时在线升级，以体验更好的手机性能。",
  "faqTypeId": 144,
  "faqType": "其他",
  "useful": 2,
  "unUseful": 0,
  "languageId": 2,
  "languageName": "zh_cn",
  "faqCode": "823",
  "faqTypeCode": "Handsets-Others",
  "isTop": "0",
  "moduleCode": "faq",
  "productId": null,
  "productCode": null,
  "postDate": 1397026955000,
  "seriesProductName": "G620-L75",
  "visitedTimes": 350,
  "isUsefulFlag": null,
  "score": 0,
  "times": 0,
  "imageList": null,
  "displayType": "text",
  "justView": "0",
  "fileName": null,
  "filePath": null,
  "imagePath": null,
  "imageName": null,
  "productIdList": null,
  "curPage": null,
  "pageSize": null,
  "siteCode": null,
  "statusFlag": "Publish",
  "returnCode": 0,
  "totalRows": null,
  "keywords": null,
  "avgScore": 0.0,
  "createDate": null,
  "totalPages": null
}