{
  "type": null,
  "faqId": 10184,
  "title": "G620-L75 手机自动关机或重启，如何解决？",
  "answer": " 手机自动关机或重启，若是可拆卸电池，可能是由于电池接触不良造成。  \r\n\n请取下电池后，使用棉布蘸取酒精擦拭电池和手机上的触点，重装电池后开机。  \r\n\n 若问题依然存在，长按电源键打开选项菜单，选择“重新启动”。  \r\n\n若无法打开选项菜单，请长按电源键 10 秒以上，强制重启。  \r\n\n 若重启后仍然出现问题，可能是由于某些第三方应用程序不兼容。  \r\n\n建议备份重要数据后将手机恢复出厂设置。  \r\n\n 若无法操作手机，请将手机强制升级。  \r\n\n进入 http://consumer.huawei.com/cn，根据手机型号下载软件升级包，参考软件升级包中的升级指导操作。  \r\n\n 若问题依然存在，请联系客服或携带购机发票前往服务网点检修。  \r\n\n进入http://consumer.huawei.com/cn/support/service-center/index.htm 查询全国服务网点； 或关注华为终端官方微信平台：华为终端（微信号：huaweizhongduan），在对话界面，点击“自助服务 > 服务中心查询”根据屏幕提示查询离您最近的服务网点。  \r\n\n如您接收到官网推送的版本升级通知，请及时在线升级，以体验更好的手机性能。",
  "faqTypeId": 144,
  "faqType": "其他",
  "useful": 1,
  "unUseful": 2,
  "languageId": 2,
  "languageName": "zh_cn",
  "faqCode": "810",
  "faqTypeCode": "Handsets-Others",
  "isTop": "0",
  "moduleCode": "faq",
  "productId": null,
  "productCode": null,
  "postDate": 1397028079000,
  "seriesProductName": "G620-L75",
  "visitedTimes": 624,
  "isUsefulFlag": null,
  "score": 4,
  "times": 1,
  "imageList": null,
  "displayType": "text",
  "justView": "0",
  "fileName": null,
  "filePath": null,
  "imagePath": null,
  "imageName": null,
  "productIdList": null,
  "curPage": null,
  "pageSize": null,
  "siteCode": null,
  "statusFlag": "Publish",
  "returnCode": 0,
  "totalRows": null,
  "keywords": null,
  "avgScore": 4.0,
  "createDate": null,
  "totalPages": null
}