{
  "type": null,
  "faqId": 10181,
  "title": "G620-L75 如何验证手机真伪？",
  "answer": "进入www.tenaa.com.cn，根据网页提示输入相关信息进行验证。  \r\n\n网站 24 小时免费服务，方便快捷，建议使用此方式。  \r\n\n更多验证真伪方法请参考：http://www-back-beta.huawei.com/consumercn/support/distinguish/mobile-phone/index.htm。",
  "faqTypeId": 144,
  "faqType": "其他",
  "useful": 2,
  "unUseful": 1,
  "languageId": 2,
  "languageName": "zh_cn",
  "faqCode": "801",
  "faqTypeCode": "Handsets-Others",
  "isTop": "0",
  "moduleCode": "faq",
  "productId": null,
  "productCode": null,
  "postDate": 1397025153000,
  "seriesProductName": "G620-L75",
  "visitedTimes": 848,
  "isUsefulFlag": null,
  "score": 0,
  "times": 0,
  "imageList": null,
  "displayType": "text",
  "justView": "0",
  "fileName": null,
  "filePath": null,
  "imagePath": null,
  "imageName": null,
  "productIdList": null,
  "curPage": null,
  "pageSize": null,
  "siteCode": null,
  "statusFlag": "Publish",
  "returnCode": 0,
  "totalRows": null,
  "keywords": null,
  "avgScore": 0.0,
  "createDate": null,
  "totalPages": null
}