{
  "type": null,
  "faqId": 10207,
  "title": "G620-L75 恢复出厂设置后会删除哪些数据？",
  "answer": " 恢复出厂设置会删除您存储在手机上的个人数据，包括邮件帐户、系统设置、应用设置以及您安装的应用程序。",
  "faqTypeId": 141,
  "faqType": "备份恢复与升级",
  "useful": 0,
  "unUseful": 0,
  "languageId": 2,
  "languageName": "zh_cn",
  "faqCode": "814",
  "faqTypeCode": "Handsets-Backup-Restore-Update",
  "isTop": "0",
  "moduleCode": "faq",
  "productId": null,
  "productCode": null,
  "postDate": 1397030240000,
  "seriesProductName": "G620-L75",
  "visitedTimes": 165,
  "isUsefulFlag": null,
  "score": 0,
  "times": 0,
  "imageList": null,
  "displayType": "text",
  "justView": "0",
  "fileName": null,
  "filePath": null,
  "imagePath": null,
  "imageName": null,
  "productIdList": null,
  "curPage": null,
  "pageSize": null,
  "siteCode": null,
  "statusFlag": "Publish",
  "returnCode": 0,
  "totalRows": null,
  "keywords": null,
  "avgScore": 0.0,
  "createDate": null,
  "totalPages": null
}