{
  "type": null,
  "faqId": 10204,
  "title": "G620-L75 屏幕自动黑屏，如何解决？",
  "answer": " 通话过程中屏幕自动黑屏。  \r\n\n这是正常现象。手机听筒靠近头部时，听筒附近的接近光传感器被遮挡，屏幕自动关闭。当手机离开头部，屏幕自动点亮。  \r\n\n为了保证手机的正常使用，请注意不要用手机套或其他物体遮挡听筒附近的屏幕。  \r\n\n 运行某些不兼容的第三方应用程序时屏幕黑屏。  \r\n\n请卸载该应用程序或备份重要数据后将手机恢复出厂设置。  \r\n\n 同时运行过多应用程序可能会导致屏幕黑屏。  \r\n\r\n 关闭后台暂时不需要的应用程序：在主屏幕，点击“实用工具 > 手机管家”，点击“手机加速”，一键结束后台运行的应用。 \r\n\r\n ![](http://consumer.huawei.com/support/servlet/imageServlet?dlType=HtmlAreaImage&imageId=31044)",
  "faqTypeId": 134,
  "faqType": "硬件与外观",
  "useful": 0,
  "unUseful": 1,
  "languageId": 2,
  "languageName": "zh_cn",
  "faqCode": "822",
  "faqTypeCode": "Handsets-Hardware-Appearance",
  "isTop": "0",
  "moduleCode": "faq",
  "productId": null,
  "productCode": null,
  "postDate": 1397026839000,
  "seriesProductName": "G620-L75",
  "visitedTimes": 328,
  "isUsefulFlag": null,
  "score": 0,
  "times": 0,
  "imageList": null,
  "displayType": "text",
  "justView": "0",
  "fileName": null,
  "filePath": null,
  "imagePath": null,
  "imageName": null,
  "productIdList": null,
  "curPage": null,
  "pageSize": null,
  "siteCode": null,
  "statusFlag": "Publish",
  "returnCode": 0,
  "totalRows": null,
  "keywords": null,
  "avgScore": 0.0,
  "createDate": null,
  "totalPages": null
}