{
  "type": null,
  "faqId": 10201,
  "title": "G620-L75 手机待机时间短，耗电快，如何解决？",
  "answer": " l开启省电模式：进入“设置”界面，点击“省电管理”，根据需要选择省电模式为“智能省电”或“超级省电”或关闭后台耗电应用。 \r\n\r\n l清理后台暂不使用的应用程序。 \r\n\r\n l不使用手机时，请关闭屏幕。  \r\n l缩短屏幕待机时间。  \r\n l降低屏幕亮度。  \r\n l降低音量。  \r\n l不使用移动网络、蓝牙、WLAN或GPS时，请关闭对应功能。  \r\n l不使用4G网络或长时间搜索不到4G网络时，请关闭4G开关。  \r\n 若您认为手机待机时间过短，已影响正常使用，请联系客服或携带购机发票前往服务网点检修。  \r\n 进入http://consumer.huawei.com/cn/support/service-center/index.htm查询全国服务网点；或关注华为终端官方微信平台：华为终端（微信号：huaweizhongduan），在对话界面，点击“自助服务>服务中心查询”根据屏幕提示查询离您最近的服务网点。  \r\n 如您接收到官网推送的版本升级通知，请及时在线升级，以体验更好的手机性能。  \r\n （*图示仅供参考，具体操作请以手机实际界面为准。） \r\n\r\n ![](http://consumer.huawei.com/support/servlet/imageServlet?dlType=HtmlAreaImage&imageId=32272)",
  "faqTypeId": 133,
  "faqType": "电池与充电",
  "useful": 0,
  "unUseful": 2,
  "languageId": 2,
  "languageName": "zh_cn",
  "faqCode": "806",
  "faqTypeCode": "Handsets-Battery-Charging",
  "isTop": "0",
  "moduleCode": "faq",
  "productId": null,
  "productCode": null,
  "postDate": 1397026343000,
  "seriesProductName": "G620-L75",
  "visitedTimes": 303,
  "isUsefulFlag": null,
  "score": 0,
  "times": 0,
  "imageList": null,
  "displayType": "text",
  "justView": "0",
  "fileName": null,
  "filePath": null,
  "imagePath": null,
  "imageName": null,
  "productIdList": null,
  "curPage": null,
  "pageSize": null,
  "siteCode": null,
  "statusFlag": "Publish",
  "returnCode": 0,
  "totalRows": null,
  "keywords": null,
  "avgScore": 0.0,
  "createDate": null,
  "totalPages": null
}