{
  "type": null,
  "faqId": 10202,
  "title": "G620-L75 电池充电失败，如何解决？",
  "answer": "电池电量完全耗尽后充电失败。  \r\n\r\n 电池过度放电会导致电池的锁死保护，请连接充电器等待一段时间。 \r\n\r\n\n电池电量没有完全耗尽时充电失败。  \r\n\n请尽量使用标配充电器充电。若使用标配充电器仍然充电失败，请重新插拔 USB 线或更换插线板后重试。  \r\n\r\n 若仍然充电失败，请重启手机后重试。 \r\n\r\n 手机发热过大时充电失败。 \r\n\n华为手机中有特有的过热保护设计，当手机温度较高时，会停止充电功能。  \r\n\n请充电时不要进行玩游戏、看视频等大功耗的操作。建议您定期清理后台运行的应用程序。  \r\n\n若问题依然存在，请联系客服或携带购机发票前往服务网点检修。",
  "faqTypeId": 133,
  "faqType": "电池与充电",
  "useful": 0,
  "unUseful": 1,
  "languageId": 2,
  "languageName": "zh_cn",
  "faqCode": "807",
  "faqTypeCode": "Handsets-Battery-Charging",
  "isTop": "0",
  "moduleCode": "faq",
  "productId": null,
  "productCode": null,
  "postDate": 1397026496000,
  "seriesProductName": "G620-L75",
  "visitedTimes": 222,
  "isUsefulFlag": null,
  "score": 0,
  "times": 0,
  "imageList": null,
  "displayType": "text",
  "justView": "0",
  "fileName": null,
  "filePath": null,
  "imagePath": null,
  "imageName": null,
  "productIdList": null,
  "curPage": null,
  "pageSize": null,
  "siteCode": null,
  "statusFlag": "Publish",
  "returnCode": 0,
  "totalRows": null,
  "keywords": null,
  "avgScore": 0.0,
  "createDate": null,
  "totalPages": null
}