{
  "type": null,
  "faqId": 10209,
  "title": "G620-L75 打开数据业务开关后仍然无法上网，如何解决？",
  "answer": " 请参考随机附送的快速指南，检查您的手机是否正确地插入了 SIM 卡。  \r\n\n 请确认手机是否可以识别插入的 SIM 卡。不同制式的手机支持的 SIM 卡类型不一样，具体请咨询您的 SIM 卡提供商。  \r\n\n 请检查 SIM 卡是否开通了上网业务。您可以联系运营商开通上网功能。  \r\n\r\n  请确认 SIM 卡是否已欠费。网络运营商可能会停止向已欠费的SIM卡提供上网服务。 \r\n\r\n 请进入“设置”界面，点击“更多 > 流量使用情况”，查看是否设置了流量限制。若设置了限制，当使用的流量达到限制值时，将无法连接网络。请关闭流量限制或重新设置更高的限制值。  \r\n\r\n ![](http://consumer.huawei.com/support/servlet/imageServlet?dlType=HtmlAreaImage&imageId=31050)  \r\n\r\n  重置接入点默认设置。  \r\n 进入“设置”界面，点击“移动网络 > 接入点名称（APN）”，打开选项菜单，点击“重置为默认设置”。完成重置后重新连接。  \r\n\r\n ![](http://consumer.huawei.com/support/servlet/imageServlet?dlType=HtmlAreaImage&imageId=31051)",
  "faqTypeId": 138,
  "faqType": "网络与数据共享",
  "useful": 0,
  "unUseful": 2,
  "languageId": 2,
  "languageName": "zh_cn",
  "faqCode": "816",
  "faqTypeCode": "Handsets-Network-Data-sharing",
  "isTop": "0",
  "moduleCode": "faq",
  "productId": null,
  "productCode": null,
  "postDate": 1397030475000,
  "seriesProductName": "G620-L75",
  "visitedTimes": 229,
  "isUsefulFlag": null,
  "score": 3,
  "times": 1,
  "imageList": null,
  "displayType": "text",
  "justView": "0",
  "fileName": null,
  "filePath": null,
  "imagePath": null,
  "imageName": null,
  "productIdList": null,
  "curPage": null,
  "pageSize": null,
  "siteCode": null,
  "statusFlag": "Publish",
  "returnCode": 0,
  "totalRows": null,
  "keywords": null,
  "avgScore": 3.0,
  "createDate": null,
  "totalPages": null
}