{
  "type": null,
  "faqId": 10205,
  "title": "G620-L75 手机无法正常开机，如何解决？",
  "answer": " 第一次开机。  \r\n\n新手机首次开机前建议您为电池充电半小时后再开机。  \r\n\n首次开机时，系统进行初始化操作，开机较慢是正常现象，请您耐心等待。  \r\n\n 恢复出厂设置或系统升级后开机。  \r\n\n恢复出厂设置或升级成功后开机，系统会进行初始化操作，开机较慢是正常现象，请您耐心等待。  \r\n\n若屏幕长时间停留在一个画面，请长按电源键 10 秒以上，强制重启。  \r\n\n 使用过程中无法开机。  \r\n\n可能是电池电量不足自动关机，请连接充电器充电一段时间后开机。  \r\n\n 没有解决问题。  \r\n\n请联系客服或携带购机发票前往服务网点检修。  \r\n\n进入http://consumer.huawei.com/cn/support/service-center/index.htm 查询全国服务网点； 或关注华为终端官方微信平台：华为终端（微信号：huaweizhongduan），在对话界面，点击“自助服务 > 服务中心查询”根据屏幕提示查询离您最近的服务网点。  \r\n\r\n 如您接收到官网推送的版本升级通知，请及时在线升级，以体验更好的手机性能。",
  "faqTypeId": 144,
  "faqType": "其他",
  "useful": 0,
  "unUseful": 7,
  "languageId": 2,
  "languageName": "zh_cn",
  "faqCode": "809",
  "faqTypeCode": "Handsets-Others",
  "isTop": "0",
  "moduleCode": "faq",
  "productId": null,
  "productCode": null,
  "postDate": 1397026897000,
  "seriesProductName": "G620-L75",
  "visitedTimes": 752,
  "isUsefulFlag": null,
  "score": 0,
  "times": 0,
  "imageList": null,
  "displayType": "text",
  "justView": "0",
  "fileName": null,
  "filePath": null,
  "imagePath": null,
  "imageName": null,
  "productIdList": null,
  "curPage": null,
  "pageSize": null,
  "siteCode": null,
  "statusFlag": "Publish",
  "returnCode": 0,
  "totalRows": null,
  "keywords": null,
  "avgScore": 0.0,
  "createDate": null,
  "totalPages": null
}