{
  "type": null,
  "faqId": 10203,
  "title": "G620-L75 触摸屏失灵，如何解决？",
  "answer": " 手或触摸屏上有油或者水时，会导致触摸屏失灵。  \r\n\n用干布将手机表面擦干，保持手和触摸屏的清洁干燥。  \r\n\n连续按两次电源键，让触摸屏自身重新校准然后查看触摸屏是否有响应。  \r\n\n 连接充电器（尤其是使用车载和非标准充电器）时，手机触摸屏失效。  \r\n\n非标准充电器与触摸屏的信号频率相同，导致触摸屏失效。请使用手机标配充电器为手机充电。  \r\n\n若问题依然存在，请联系客服或携带购机发票前往服务网点检修。  \r\n\r\n 进入http://consumer.huawei.com/cn/support/service-center/index.htm 查询全国服务网点； 或关注华为终端官方微信平台：华为终端（微信号：huaweizhongduan），在对话界面，点击“自助服务 > 服务中心查询”根据屏幕提示查询离您最近的服务网点。",
  "faqTypeId": 134,
  "faqType": "硬件与外观",
  "useful": 0,
  "unUseful": 2,
  "languageId": 2,
  "languageName": "zh_cn",
  "faqCode": "821",
  "faqTypeCode": "Handsets-Hardware-Appearance",
  "isTop": "0",
  "moduleCode": "faq",
  "productId": null,
  "productCode": null,
  "postDate": 1397026753000,
  "seriesProductName": "G620-L75",
  "visitedTimes": 599,
  "isUsefulFlag": null,
  "score": 0,
  "times": 0,
  "imageList": null,
  "displayType": "text",
  "justView": "1",
  "fileName": null,
  "filePath": null,
  "imagePath": null,
  "imageName": null,
  "productIdList": null,
  "curPage": null,
  "pageSize": null,
  "siteCode": null,
  "statusFlag": "Publish",
  "returnCode": 0,
  "totalRows": null,
  "keywords": null,
  "avgScore": 0.0,
  "createDate": null,
  "totalPages": null
}