{
  "type": null,
  "faqId": 10214,
  "title": "G620-L75某些游戏等第三方应用程序意外终止，如何解决？",
  "answer": " 内存不足可能导致应用程序意外终止，请按照如下操作释放手机内存：  \r\n\r\n 在主屏幕，点击“实用工具 > 手机管家”，点击“空间清理”，根据屏幕提示选择清理应用程序缓存、系统残留垃圾、不常用的的应用和安装包，以及视频和压缩包等大文件。 \r\n\r\n ![](http://consumer.huawei.com/support/servlet/imageServlet?dlType=HtmlAreaImage&imageId=31057)  \r\n\r\n  某些第三方应用的兼容性不好，与手机软件不适配，请尝试下载安装其他类似的应用程序。  \r\n 若问题依然存在，请重启手机或备份重要数据后将手机恢复出厂设置。  \r\n * 图示仅供参考，具体操作请以手机实际界面为准。",
  "faqTypeId": 139,
  "faqType": "应用程序管理",
  "useful": 0,
  "unUseful": 2,
  "languageId": 2,
  "languageName": "zh_cn",
  "faqCode": "841",
  "faqTypeCode": "Handsets-Application-Management",
  "isTop": "0",
  "moduleCode": "faq",
  "productId": null,
  "productCode": null,
  "postDate": 1397031059000,
  "seriesProductName": "G620-L75",
  "visitedTimes": 83,
  "isUsefulFlag": null,
  "score": 0,
  "times": 0,
  "imageList": null,
  "displayType": "text",
  "justView": "0",
  "fileName": null,
  "filePath": null,
  "imagePath": null,
  "imageName": null,
  "productIdList": null,
  "curPage": null,
  "pageSize": null,
  "siteCode": null,
  "statusFlag": "Publish",
  "returnCode": 0,
  "totalRows": null,
  "keywords": null,
  "avgScore": 0.0,
  "createDate": null,
  "totalPages": null
}