{
  "type": null,
  "faqId": 10216,
  "title": "G620-L75 手机无法显示 SIM 卡中的联系人，如何解决？",
  "answer": "在联系人列表，打开选项菜单，点击“要显示的联系人”，然后选择“所有联系人”。  \r\n\r\n SIM 卡刚插入手机后，需要一段时间加载联系人，请耐心等待。 \r\n\r\n ![](http://consumer.huawei.com/support/servlet/imageServlet?dlType=HtmlAreaImage&imageId=31058)",
  "faqTypeId": 137,
  "faqType": "通话与联系人",
  "useful": 0,
  "unUseful": 1,
  "languageId": 2,
  "languageName": "zh_cn",
  "faqCode": "843",
  "faqTypeCode": "Handsets-Calls-contacts",
  "isTop": "0",
  "moduleCode": "faq",
  "productId": null,
  "productCode": null,
  "postDate": 1397031161000,
  "seriesProductName": "G620-L75",
  "visitedTimes": 114,
  "isUsefulFlag": null,
  "score": 0,
  "times": 0,
  "imageList": null,
  "displayType": "text",
  "justView": "0",
  "fileName": null,
  "filePath": null,
  "imagePath": null,
  "imageName": null,
  "productIdList": null,
  "curPage": null,
  "pageSize": null,
  "siteCode": null,
  "statusFlag": "Publish",
  "returnCode": 0,
  "totalRows": null,
  "keywords": null,
  "avgScore": 0.0,
  "createDate": null,
  "totalPages": null
}