{
  "type": null,
  "faqId": 10213,
  "title": "G620-L75 第三方应用程序安装失败，如何解决？",
  "answer": " 手机仅支持 APK 格式的第三方应用程序，请检查第三方应用程序的格式是否正确。  \r\n\n 若应用程序不是从电子市场上下载的，需要设置信任该程序来源，才能正常安装。  \r\n\n在“设置”界面，点击“安全”，勾选“未知来源”复选框，然后点击“确定”。  \r\n\r\n 图5-1 \r\n\r\n ![](http://consumer.huawei.com/support/servlet/imageServlet?dlType=HtmlAreaImage&imageId=31056)  \r\n\r\n  您下载的第三方应用可能和手机不兼容，因此无法成功安装。请尝试下载其他类似应用。  \r\n * 图示仅供参考，具体操作请以手机实际界面为准。",
  "faqTypeId": 139,
  "faqType": "应用程序管理",
  "useful": 0,
  "unUseful": 1,
  "languageId": 2,
  "languageName": "zh_cn",
  "faqCode": "820",
  "faqTypeCode": "Handsets-Application-Management",
  "isTop": "0",
  "moduleCode": "faq",
  "productId": null,
  "productCode": null,
  "postDate": 1397030910000,
  "seriesProductName": "G620-L75",
  "visitedTimes": 123,
  "isUsefulFlag": null,
  "score": 3,
  "times": 1,
  "imageList": null,
  "displayType": "text",
  "justView": "0",
  "fileName": null,
  "filePath": null,
  "imagePath": null,
  "imageName": null,
  "productIdList": null,
  "curPage": null,
  "pageSize": null,
  "siteCode": null,
  "statusFlag": "Publish",
  "returnCode": 0,
  "totalRows": null,
  "keywords": null,
  "avgScore": 3.0,
  "createDate": null,
  "totalPages": null
}