{
  "type": null,
  "faqId": 10219,
  "title": "G620-L75 是否可以取消手机拍照时的快门声音？",
  "answer": "手机拍照时的快门声音不能取消。快门声音可以帮助您更合理的使用手机拍照功能。比如：  \r\n\n 未经允许，不随意给他人拍照。  \r\n\n 不在禁止拍照的地方拍照。  \r\n\n 不在涉及他人隐私的地方拍照。",
  "faqTypeId": 1086,
  "faqType": "相机与图库",
  "useful": 0,
  "unUseful": 3,
  "languageId": 2,
  "languageName": "zh_cn",
  "faqCode": "846",
  "faqTypeCode": "Handsets-Camera-Gallery",
  "isTop": "0",
  "moduleCode": "faq",
  "productId": null,
  "productCode": null,
  "postDate": 1397031306000,
  "seriesProductName": "G620-L75",
  "visitedTimes": 174,
  "isUsefulFlag": null,
  "score": 0,
  "times": 0,
  "imageList": null,
  "displayType": "text",
  "justView": "0",
  "fileName": null,
  "filePath": null,
  "imagePath": null,
  "imageName": null,
  "productIdList": null,
  "curPage": null,
  "pageSize": null,
  "siteCode": null,
  "statusFlag": "Publish",
  "returnCode": 0,
  "totalRows": null,
  "keywords": null,
  "avgScore": 0.0,
  "createDate": null,
  "totalPages": null
}