{
  "type": null,
  "faqId": 10211,
  "title": "G620-L75 蓝牙无法被检测到，如何解决？",
  "answer": " 未开启蓝牙可检测性。  \r\n\n开启蓝牙后，点击“蓝牙”进入蓝牙设置界面，点击您手机的蓝牙名称即可开启可检测性。  \r\n\n 蓝牙可检测性超时。  \r\n\n您可以重新打开蓝牙可检测性或修改超时时间。在蓝牙设置界面，点击菜单打开选项菜单，点击“检测超时设置”，选择蓝牙可检测到的时长并同时开启可检测性。  \r\n\n 未在有效距离内。  \r\n\r\n 蓝牙的有效检测距离是10米，超过 10 米则无法被检测到。",
  "faqTypeId": 138,
  "faqType": "网络与数据共享",
  "useful": 0,
  "unUseful": 0,
  "languageId": 2,
  "languageName": "zh_cn",
  "faqCode": "818",
  "faqTypeCode": "Handsets-Network-Data-sharing",
  "isTop": "0",
  "moduleCode": "faq",
  "productId": null,
  "productCode": null,
  "postDate": 1397030724000,
  "seriesProductName": "G620-L75",
  "visitedTimes": 24,
  "isUsefulFlag": null,
  "score": 3,
  "times": 1,
  "imageList": null,
  "displayType": "text",
  "justView": "0",
  "fileName": null,
  "filePath": null,
  "imagePath": null,
  "imageName": null,
  "productIdList": null,
  "curPage": null,
  "pageSize": null,
  "siteCode": null,
  "statusFlag": "Publish",
  "returnCode": 0,
  "totalRows": null,
  "keywords": null,
  "avgScore": 3.0,
  "createDate": null,
  "totalPages": null
}