{
  "type": null,
  "faqId": 10215,
  "title": "G620-L75 通话声音很小或有杂音，如何解决？",
  "answer": " 通话过程中按音量上键可以提高通话音量。  \r\n\n 请在网络信号较好和噪音干扰小的环境下通话。  \r\n\n 将耳朵对准听筒的位置，可有效提高通话音量。  \r\n\n 请注意不要用手指或其他物体遮挡住麦克风（通常在手机底部），声源不要远离麦克风。  \r\n\n 请使用华为标配耳机进行通话，非标配耳机可能会出现不兼容的情况。  \r\n\n 若问题依然存在，请重启手机或备份重要数据后恢复出厂设置。  \r\n\n若重启手机或恢复出厂设置后通话仍然有问题，请联系客服或携带购机发票前往服务网点检修。  \r\n\n进入http://consumer.huawei.com/cn/support/service-center/index.htm 查询全国服务网点； 或关注华为终端官方微信平台：华为终端（微信号：huaweizhongduan），在对话界面，点击“自助服务 > 服务中心查询”根据屏幕提示查询离您最近的服务网点。",
  "faqTypeId": 137,
  "faqType": "通话与联系人",
  "useful": 0,
  "unUseful": 1,
  "languageId": 2,
  "languageName": "zh_cn",
  "faqCode": "842",
  "faqTypeCode": "Handsets-Calls-contacts",
  "isTop": "0",
  "moduleCode": "faq",
  "productId": null,
  "productCode": null,
  "postDate": 1397031100000,
  "seriesProductName": "G620-L75",
  "visitedTimes": 270,
  "isUsefulFlag": null,
  "score": 0,
  "times": 0,
  "imageList": null,
  "displayType": "text",
  "justView": "0",
  "fileName": null,
  "filePath": null,
  "imagePath": null,
  "imageName": null,
  "productIdList": null,
  "curPage": null,
  "pageSize": null,
  "siteCode": null,
  "statusFlag": "Publish",
  "returnCode": 0,
  "totalRows": null,
  "keywords": null,
  "avgScore": 0.0,
  "createDate": null,
  "totalPages": null
}