{
  "type": null,
  "faqId": 10212,
  "title": "G620-L75 蓝牙连接成功后，传输文件失败，如何解决？",
  "answer": " 向其他蓝牙设备发送文件时，若对方长时间无响应则会终止发送，请您在发送文件后提醒对方及时接收。  \r\n\n 如果对方设备的蓝牙不支持接受您发送的文件类型，将无法传输文件。因此，请在传输前确认对方设备支持的文件类型。  \r\n\n 在传输文件的过程中，超过了蓝牙的有效传输距离（10 米）也会导致传输失败，请在有效距离内重试。",
  "faqTypeId": 138,
  "faqType": "网络与数据共享",
  "useful": 0,
  "unUseful": 0,
  "languageId": 2,
  "languageName": "zh_cn",
  "faqCode": "819",
  "faqTypeCode": "Handsets-Network-Data-sharing",
  "isTop": "0",
  "moduleCode": "faq",
  "productId": null,
  "productCode": null,
  "postDate": 1397030814000,
  "seriesProductName": "G620-L75",
  "visitedTimes": 55,
  "isUsefulFlag": null,
  "score": 0,
  "times": 0,
  "imageList": null,
  "displayType": "text",
  "justView": "0",
  "fileName": null,
  "filePath": null,
  "imagePath": null,
  "imageName": null,
  "productIdList": null,
  "curPage": null,
  "pageSize": null,
  "siteCode": null,
  "statusFlag": "Publish",
  "returnCode": 0,
  "totalRows": null,
  "keywords": null,
  "avgScore": 0.0,
  "createDate": null,
  "totalPages": null
}