{
  "type": null,
  "faqId": 10217,
  "title": "G620-L75 信息发送或接收失败，如何解决？",
  "answer": " 手机处于无信号或信号强度较弱的地方时，可能无法成功发送信息。请到信号较强的地方重试。  \r\n\n 手机电池电量不足时，信息可能无法正常发送。请将手机连接充电器充电后重试。  \r\n\n 网络系统繁忙，特别是节假日信息发送高峰期，信息可能无法发送成功。请避开发送高峰期重试。  \r\n\n 发送号码格式不正确，可能导致信息发送失败。请输入正确的号码后重试。  \r\n\n 数据业务关闭时，无法发送和接收彩信。发送和下载彩信前，请先连接移动网络。  \r\n\r\n  附件大小超过 300KB 则无法发送，建议您拆分为多封彩信发送或更换其他发送方式。",
  "faqTypeId": 136,
  "faqType": "信息与邮件",
  "useful": 0,
  "unUseful": 3,
  "languageId": 2,
  "languageName": "zh_cn",
  "faqCode": "844",
  "faqTypeCode": "Handsets-SMS-Email",
  "isTop": "0",
  "moduleCode": "faq",
  "productId": null,
  "productCode": null,
  "postDate": 1397031218000,
  "seriesProductName": "G620-L75",
  "visitedTimes": 89,
  "isUsefulFlag": null,
  "score": 0,
  "times": 0,
  "imageList": null,
  "displayType": "text",
  "justView": "2",
  "fileName": null,
  "filePath": null,
  "imagePath": null,
  "imageName": null,
  "productIdList": null,
  "curPage": null,
  "pageSize": null,
  "siteCode": null,
  "statusFlag": "Publish",
  "returnCode": 0,
  "totalRows": null,
  "keywords": null,
  "avgScore": 0.0,
  "createDate": null,
  "totalPages": null
}