{
  "type": null,
  "faqId": 10210,
  "title": "G620-L75 通话时是否支持同时上网？",
  "answer": "在 3G 和 4G 网络下通话时，手机支持上网。  \r\n\n在2G网络下通话时，手机不支持上网。",
  "faqTypeId": 137,
  "faqType": "通话与联系人",
  "useful": 0,
  "unUseful": 0,
  "languageId": 2,
  "languageName": "zh_cn",
  "faqCode": "817",
  "faqTypeCode": "Handsets-Calls-contacts",
  "isTop": "0",
  "moduleCode": "faq",
  "productId": null,
  "productCode": null,
  "postDate": 1397030664000,
  "seriesProductName": "G620-L75",
  "visitedTimes": 69,
  "isUsefulFlag": null,
  "score": 0,
  "times": 0,
  "imageList": null,
  "displayType": "text",
  "justView": "0",
  "fileName": null,
  "filePath": null,
  "imagePath": null,
  "imageName": null,
  "productIdList": null,
  "curPage": null,
  "pageSize": null,
  "siteCode": null,
  "statusFlag": "Publish",
  "returnCode": 0,
  "totalRows": null,
  "keywords": null,
  "avgScore": 0.0,
  "createDate": null,
  "totalPages": null
}