{
  "type": null,
  "faqId": 10221,
  "title": "G620-L75 为什么手机实际可用内存小于宣称内存？",
  "answer": "在使用手机时，手机系统和后台运行的程序会占用一定的内存空间，所以实际可用内存会比宣称的总内存小。",
  "faqTypeId": 140,
  "faqType": "存储与文件管理",
  "useful": 1,
  "unUseful": 1,
  "languageId": 2,
  "languageName": "zh_cn",
  "faqCode": "848",
  "faqTypeCode": "Handsets-Storage-File-management",
  "isTop": "0",
  "moduleCode": "faq",
  "productId": null,
  "productCode": null,
  "postDate": 1397031365000,
  "seriesProductName": "G620-L75",
  "visitedTimes": 109,
  "isUsefulFlag": null,
  "score": 0,
  "times": 0,
  "imageList": null,
  "displayType": "text",
  "justView": "0",
  "fileName": null,
  "filePath": null,
  "imagePath": null,
  "imageName": null,
  "productIdList": null,
  "curPage": null,
  "pageSize": null,
  "siteCode": null,
  "statusFlag": "Publish",
  "returnCode": 0,
  "totalRows": null,
  "keywords": null,
  "avgScore": 0.0,
  "createDate": null,
  "totalPages": null
}