{
  "type": null,
  "faqId": 10220,
  "title": "G620-L75 如何将拍摄的照片和录像默认保存在 microSD 卡上？",
  "answer": "插入 microSD 卡后，拍摄的照片和录像会默认保存在 microSD 卡上。  \r\n\n进入“文件管理”界面，切换到“SD 卡”页签，点击 DCIM > Camera 查看拍摄的照片和录像。",
  "faqTypeId": 140,
  "faqType": "存储与文件管理",
  "useful": 0,
  "unUseful": 0,
  "languageId": 2,
  "languageName": "zh_cn",
  "faqCode": "847",
  "faqTypeCode": "Handsets-Storage-File-management",
  "isTop": "0",
  "moduleCode": "faq",
  "productId": null,
  "productCode": null,
  "postDate": 1397031340000,
  "seriesProductName": "G620-L75",
  "visitedTimes": 111,
  "isUsefulFlag": null,
  "score": 0,
  "times": 0,
  "imageList": null,
  "displayType": "text",
  "justView": "0",
  "fileName": null,
  "filePath": null,
  "imagePath": null,
  "imageName": null,
  "productIdList": null,
  "curPage": null,
  "pageSize": null,
  "siteCode": null,
  "statusFlag": "Publish",
  "returnCode": 0,
  "totalRows": null,
  "keywords": null,
  "avgScore": 0.0,
  "createDate": null,
  "totalPages": null
}