{
  "type": null,
  "faqId": 10225,
  "title": "G620-L75 取出 microSD 卡造成卡内数据丢失，如何解决？",
  "answer": "已丢失的数据无法找回。若手机已插入了 microSD 卡，请务必先卸载再从手机中取出，否则可能会导致 microSD 卡上的数据丢失。  \r\n\r\n 进入“设置”界面，在“设备”区域，点击“更多... > 存储 > 卸载 SD 卡”，然后小心取出 microSD 卡。 \r\n\r\n ![](http://consumer.huawei.com/support/servlet/imageServlet?dlType=HtmlAreaImage&imageId=31067)",
  "faqTypeId": 141,
  "faqType": "备份恢复与升级",
  "useful": 0,
  "unUseful": 0,
  "languageId": 2,
  "languageName": "zh_cn",
  "faqCode": "852",
  "faqTypeCode": "Handsets-Backup-Restore-Update",
  "isTop": "0",
  "moduleCode": "faq",
  "productId": null,
  "productCode": null,
  "postDate": 1397031610000,
  "seriesProductName": "G620-L75",
  "visitedTimes": 104,
  "isUsefulFlag": null,
  "score": 0,
  "times": 0,
  "imageList": null,
  "displayType": "text",
  "justView": "0",
  "fileName": null,
  "filePath": null,
  "imagePath": null,
  "imageName": null,
  "productIdList": null,
  "curPage": null,
  "pageSize": null,
  "siteCode": null,
  "statusFlag": "Publish",
  "returnCode": 0,
  "totalRows": null,
  "keywords": null,
  "avgScore": 0.0,
  "createDate": null,
  "totalPages": null
}