{
  "type": null,
  "faqId": 10222,
  "title": "G620-L75 手机提示内存不足，如何解决？",
  "answer": "  若手机插入了 microSD 卡，建议您将手机内部存储中的图片、音乐、视频等文件移至 microSD 卡中。 \r\n\r\n ![](http://consumer.huawei.com/support/servlet/imageServlet?dlType=HtmlAreaImage&imageId=31064)  \r\n\r\n ![](http://consumer.huawei.com/support/servlet/imageServlet?dlType=HtmlAreaImage&imageId=31065)  \r\n\r\n  清理存储空间。在主屏幕，点击“实用工具 > 手机管家”，点击“空间清理”，根据屏幕提示选择清理应用程序缓存、系统残留垃圾、不常用的的应用和安装包，以及视频和压缩包等大文件。 \r\n\r\n ![](http://consumer.huawei.com/support/servlet/imageServlet?dlType=HtmlAreaImage&imageId=31066)  \r\n\r\n 若尝试以上方法后仍然提示内存不足，建议备份重要数据后将手机恢复出厂设置。  \r\n * 图示仅供参考，具体操作请以手机实际界面为准。",
  "faqTypeId": 140,
  "faqType": "存储与文件管理",
  "useful": 0,
  "unUseful": 2,
  "languageId": 2,
  "languageName": "zh_cn",
  "faqCode": "849",
  "faqTypeCode": "Handsets-Storage-File-management",
  "isTop": "0",
  "moduleCode": "faq",
  "productId": null,
  "productCode": null,
  "postDate": 1397031504000,
  "seriesProductName": "G620-L75",
  "visitedTimes": 381,
  "isUsefulFlag": null,
  "score": 3,
  "times": 1,
  "imageList": null,
  "displayType": "text",
  "justView": "0",
  "fileName": null,
  "filePath": null,
  "imagePath": null,
  "imageName": null,
  "productIdList": null,
  "curPage": null,
  "pageSize": null,
  "siteCode": null,
  "statusFlag": "Publish",
  "returnCode": 0,
  "totalRows": null,
  "keywords": null,
  "avgScore": 3.0,
  "createDate": null,
  "totalPages": null
}