{
  "type": null,
  "faqId": 10224,
  "title": "G620-L75 手机无法识别插入的 microSD 卡，如何解决？",
  "answer": " 确认 microSD 卡是否已正确插入。请参考随机附送的快速指南正确插入 microSD 卡。  \r\n\n 确认手机是否兼容该 microSD 卡。一般最大支持 32GB 的 microSD 卡  \r\n\n 确认 microSD 卡是否损坏。您可以通过读卡器将 microSD 卡连接到电脑或者将 microSD 卡插入其他手机中以判断 microSD 卡是否损坏  \r\n\n若按以上步骤操作后仍然无法识别，建议备份重要数据后将手机恢复出厂设置或联系服务网点检修。  \r\n\n进入http://consumer.huawei.com/cn/support/service-center/index.htm 查询全国服务网点； 或关注华为终端官方微信平台：华为终端（微信号：huaweizhongduan），在对话界面，点击“自助服务 > 服务中心查询”根据屏幕提示查询离您最近的服务网点。",
  "faqTypeId": 144,
  "faqType": "其他",
  "useful": 0,
  "unUseful": 2,
  "languageId": 2,
  "languageName": "zh_cn",
  "faqCode": "851",
  "faqTypeCode": "Handsets-Others",
  "isTop": "0",
  "moduleCode": "faq",
  "productId": null,
  "productCode": null,
  "postDate": 1397031562000,
  "seriesProductName": "G620-L75",
  "visitedTimes": 182,
  "isUsefulFlag": null,
  "score": 6,
  "times": 2,
  "imageList": null,
  "displayType": "text",
  "justView": "0",
  "fileName": null,
  "filePath": null,
  "imagePath": null,
  "imageName": null,
  "productIdList": null,
  "curPage": null,
  "pageSize": null,
  "siteCode": null,
  "statusFlag": "Publish",
  "returnCode": 0,
  "totalRows": null,
  "keywords": null,
  "avgScore": 3.0,
  "createDate": null,
  "totalPages": null
}