{
  "type": null,
  "faqId": 10226,
  "title": "G620-L75 使用导航功能是否收费？",
  "answer": "导航本身不会收取任何费用。在使用导航功能浏览地图或进行路线规划时，会接入网络，由网络运营商收取一定的数据流量费用。  \r\n\n当开启数据业务接入网络时，网络运营商会收取数据流量费用。具体的资费标准，请咨询网络运营商。",
  "faqTypeId": 142,
  "faqType": "位置服务与导航",
  "useful": 0,
  "unUseful": 0,
  "languageId": 2,
  "languageName": "zh_cn",
  "faqCode": "853",
  "faqTypeCode": "Handsets-Location-Navigation",
  "isTop": "0",
  "moduleCode": "faq",
  "productId": null,
  "productCode": null,
  "postDate": 1397031639000,
  "seriesProductName": "G620-L75",
  "visitedTimes": 159,
  "isUsefulFlag": null,
  "score": 0,
  "times": 0,
  "imageList": null,
  "displayType": "text",
  "justView": "0",
  "fileName": null,
  "filePath": null,
  "imagePath": null,
  "imageName": null,
  "productIdList": null,
  "curPage": null,
  "pageSize": null,
  "siteCode": null,
  "statusFlag": "Publish",
  "returnCode": 0,
  "totalRows": null,
  "keywords": null,
  "avgScore": 0.0,
  "createDate": null,
  "totalPages": null
}