{
  "type": null,
  "faqId": 10223,
  "title": "G620-L75 如何查找各种常见文件的默认存储路径？",
  "answer": " 通过蓝牙接收的文件，默认存储在“文件管理”的 bluetooth 文件夹内。  \r\n\n 拍摄的照片和录像文件，默认存储在在“文件管理”的 DCIM 文件夹内。  \r\n\n 截取手机屏幕画面的图片，默认存储在“文件管理”的 Pictures 文件夹内。  \r\n\n 通过录音机录制的文件，默认存储在“文件管理”的 Recordings 文件夹内。",
  "faqTypeId": 140,
  "faqType": "存储与文件管理",
  "useful": 0,
  "unUseful": 0,
  "languageId": 2,
  "languageName": "zh_cn",
  "faqCode": "850",
  "faqTypeCode": "Handsets-Storage-File-management",
  "isTop": "0",
  "moduleCode": "faq",
  "productId": null,
  "productCode": null,
  "postDate": 1397031531000,
  "seriesProductName": "G620-L75",
  "visitedTimes": 89,
  "isUsefulFlag": null,
  "score": 5,
  "times": 1,
  "imageList": null,
  "displayType": "text",
  "justView": "0",
  "fileName": null,
  "filePath": null,
  "imagePath": null,
  "imageName": null,
  "productIdList": null,
  "curPage": null,
  "pageSize": null,
  "siteCode": null,
  "statusFlag": "Publish",
  "returnCode": 0,
  "totalRows": null,
  "keywords": null,
  "avgScore": 5.0,
  "createDate": null,
  "totalPages": null
}