{
  "type": null,
  "faqId": 10241,
  "title": "秘盒M310   什么是秘盒？",
  "answer": " 秘盒是一款高端互联网电视播放器。集高清互联网视频播放、微信图片分享、多屏互动于一身，采用蓝牙遥控器，支持SD卡及外接移动存储设备。可为您带来全新的媒体视听体验！",
  "faqTypeId": null,
  "faqType": null,
  "useful": 0,
  "unUseful": 0,
  "languageId": 2,
  "languageName": "zh_cn",
  "faqCode": "881",
  "faqTypeCode": null,
  "isTop": "0",
  "moduleCode": "faq",
  "productId": null,
  "productCode": null,
  "postDate": 1397114210000,
  "seriesProductName": "MediaQ M3,MediaQ M310",
  "visitedTimes": 199,
  "isUsefulFlag": null,
  "score": 3,
  "times": 1,
  "imageList": null,
  "displayType": "text",
  "justView": "0",
  "fileName": null,
  "filePath": null,
  "imagePath": null,
  "imageName": null,
  "productIdList": null,
  "curPage": null,
  "pageSize": null,
  "siteCode": null,
  "statusFlag": "Publish",
  "returnCode": 0,
  "totalRows": null,
  "keywords": null,
  "avgScore": 3.0,
  "createDate": null,
  "totalPages": null
}