{
  "type": null,
  "faqId": 10245,
  "title": "秘盒M310   秘盒可以收看哪些节目？",
  "answer": " l   CNTV网络电视上所有的节目都可以观看，包含电影电视、音乐MTV、综艺娱乐、新闻纪录、精彩赛事、最新选秀等节目。",
  "faqTypeId": null,
  "faqType": null,
  "useful": 0,
  "unUseful": 0,
  "languageId": 2,
  "languageName": "zh_cn",
  "faqCode": "886",
  "faqTypeCode": null,
  "isTop": "0",
  "moduleCode": "faq",
  "productId": null,
  "productCode": null,
  "postDate": 1397116404000,
  "seriesProductName": "MediaQ M3,MediaQ M310",
  "visitedTimes": 87,
  "isUsefulFlag": null,
  "score": 0,
  "times": 0,
  "imageList": null,
  "displayType": "text",
  "justView": "0",
  "fileName": null,
  "filePath": null,
  "imagePath": null,
  "imageName": null,
  "productIdList": null,
  "curPage": null,
  "pageSize": null,
  "siteCode": null,
  "statusFlag": "Publish",
  "returnCode": 0,
  "totalRows": null,
  "keywords": null,
  "avgScore": 0.0,
  "createDate": null,
  "totalPages": null
}