{
  "type": null,
  "faqId": 10246,
  "title": "秘盒M310    秘盒可以观看高清节目吗？",
  "answer": " l   CNTV的大部分节目是高清片源。而且大部分节目支持高清与标清播放形式，可以根据家中网络带宽与质量选择以高清或标清形式来观看 \r\n\r\n l   高清节目需有HDMI接口的高清电视支持；如果您的电视无HDMI接口，需通过转接线连接，但最终看到的只是标清效果",
  "faqTypeId": null,
  "faqType": null,
  "useful": 0,
  "unUseful": 0,
  "languageId": 2,
  "languageName": "zh_cn",
  "faqCode": "887",
  "faqTypeCode": null,
  "isTop": "0",
  "moduleCode": "faq",
  "productId": null,
  "productCode": null,
  "postDate": 1397116467000,
  "seriesProductName": "MediaQ M3,MediaQ M310",
  "visitedTimes": 67,
  "isUsefulFlag": null,
  "score": 0,
  "times": 0,
  "imageList": null,
  "displayType": "text",
  "justView": "0",
  "fileName": null,
  "filePath": null,
  "imagePath": null,
  "imageName": null,
  "productIdList": null,
  "curPage": null,
  "pageSize": null,
  "siteCode": null,
  "statusFlag": "Publish",
  "returnCode": 0,
  "totalRows": null,
  "keywords": null,
  "avgScore": 0.0,
  "createDate": null,
  "totalPages": null
}