{
  "type": null,
  "faqId": 10244,
  "title": "秘盒M310    页面介绍",
  "answer": " 1.主界面 \r\n\r\n ![](http://consumer.huawei.com/support/servlet/imageServlet?dlType=HtmlAreaImage&imageId=31137) <table border=\"1\" cellspacing=\"0\" cellpadding=\"0\" width=\"491\" style=\"width:13cm;border:none;\"> <tbody> <tr> <td width=\"50\" valign=\"top\" style=\"border:solid windowtext 1.0pt;background:#D9D9D9;\"> <p style=\"margin-left:0cm;\"> 序号 </p> </td> <td width=\"441\" valign=\"top\" style=\"border:solid windowtext 1.0pt;background:#D9D9D9;\"> <p style=\"margin-left:0cm;\"> 描述 </p> </td> </tr> <tr> <td width=\"50\" style=\"border:solid black 1.0pt;\"> <p align=\"center\" style=\"margin-left:0cm;text-align:center;\"> 1 </p> </td> <td width=\"441\" valign=\"top\" style=\"border:solid black 1.0pt;\"> <p style=\"margin-left:0cm;\"> 状态栏：微信消息提醒及显示SD卡、无线网络及蓝牙连接的状态。 </p> </td> </tr> <tr> <td width=\"50\" style=\"border:solid black 1.0pt;\"> <p align=\"center\" style=\"margin-left:0cm;text-align:center;\"> 2 </p> </td> <td width=\"441\" valign=\"top\" style=\"border:solid black 1.0pt;\"> <p style=\"margin-left:0cm;\"> 主屏幕：当前菜单的详细内容。 </p> <p> 使用蓝牙遥控器左右方向键可以切换各个菜单。 </p> </td> </tr> </tbody> </table> <table border=\"1\" cellspacing=\"0\" cellpadding=\"0\" width=\"491\" style=\"width:13cm;border:none;\"> <tbody> <tr> <td width=\"50\" style=\"border:solid windowtext 1.0pt;background:#D9D9D9;\"> <p align=\"center\" style=\"margin-left:0cm;text-align:center;\"> 3 </p> </td> <td width=\"441\" valign=\"top\" style=\"border:solid windowtext 1.0pt;background:#D9D9D9;\"> <p style=\"margin-left:0cm;\"> 主菜单：分搜索、影视、频道、本地资源、应用、设置。 </p> <p> 使用蓝牙遥控器向下方向键可以打开主菜单，使用左右方向键可以切换各个主菜单。 </p> </td> </tr> </tbody> </table> 2.搜索界面 \r\n\r\n l   选中主菜单下的“搜索”，出现以下界面。请参考搜索举例中的描述进行搜索 \r\n\r\n ![](http://consumer.huawei.com/support/servlet/imageServlet?dlType=HtmlAreaImage&imageId=31142) \r\n\r\n l   按![](http://consumer.huawei.com/support/servlet/imageServlet?dlType=HtmlAreaImage&imageId=31148)后出现键盘，输入节目名首字母进行搜索 \r\n\r\n ![](http://consumer.huawei.com/support/servlet/imageServlet?dlType=HtmlAreaImage&imageId=31149) \r\n\r\n l   搜索完成后点击“Done”光标转到就到搜索到的结果上面 \r\n\r\n 3. 设置页面 \r\n\r\n l   在主菜单下的“设置”界面，您可以设置无线，蓝牙、更新软件、及其它设置 \r\n\r\n ![](http://consumer.huawei.com/support/servlet/imageServlet?dlType=HtmlAreaImage&imageId=31150)  \r\n\r\n 在主屏幕上，按遥控器右方向键直至最右边。出现以下界面。您可以选择“所有设置”进入设置界面。 \r\n\r\n ![](http://consumer.huawei.com/support/servlet/imageServlet?dlType=HtmlAreaImage&imageId=31152)",
  "faqTypeId": null,
  "faqType": null,
  "useful": 0,
  "unUseful": 0,
  "languageId": 2,
  "languageName": "zh_cn",
  "faqCode": "885",
  "faqTypeCode": null,
  "isTop": "0",
  "moduleCode": "faq",
  "productId": null,
  "productCode": null,
  "postDate": 1397116322000,
  "seriesProductName": "MediaQ M3,MediaQ M310",
  "visitedTimes": 70,
  "isUsefulFlag": null,
  "score": 0,
  "times": 0,
  "imageList": null,
  "displayType": "text",
  "justView": "0",
  "fileName": null,
  "filePath": null,
  "imagePath": null,
  "imageName": null,
  "productIdList": null,
  "curPage": null,
  "pageSize": null,
  "siteCode": null,
  "statusFlag": "Publish",
  "returnCode": 0,
  "totalRows": null,
  "keywords": null,
  "avgScore": 0.0,
  "createDate": null,
  "totalPages": null
}