{
  "type": null,
  "faqId": 10253,
  "title": "秘盒M310    喜爱的节目内容可以保存吗？",
  "answer": " l   可以用秘盒的收藏功能将个人喜爱的节目保存至“我的收藏”。 \r\n\r\n l   在节目详情页点击遥控器上的“☆”键可收藏该节目；收藏节目数不超过30 \r\n\r\n l   用户可以在“我的收藏”观看所有收藏节目； \r\n\r\n ![](http://consumer.huawei.com/support/servlet/imageServlet?dlType=HtmlAreaImage&imageId=31154)",
  "faqTypeId": null,
  "faqType": null,
  "useful": 0,
  "unUseful": 0,
  "languageId": 2,
  "languageName": "zh_cn",
  "faqCode": "894",
  "faqTypeCode": null,
  "isTop": "0",
  "moduleCode": "faq",
  "productId": null,
  "productCode": null,
  "postDate": 1397116934000,
  "seriesProductName": "MediaQ M3,MediaQ M310",
  "visitedTimes": 44,
  "isUsefulFlag": null,
  "score": 0,
  "times": 0,
  "imageList": null,
  "displayType": "text",
  "justView": "0",
  "fileName": null,
  "filePath": null,
  "imagePath": null,
  "imageName": null,
  "productIdList": null,
  "curPage": null,
  "pageSize": null,
  "siteCode": null,
  "statusFlag": "Publish",
  "returnCode": 0,
  "totalRows": null,
  "keywords": null,
  "avgScore": 0.0,
  "createDate": null,
  "totalPages": null
}