{
  "type": null,
  "faqId": 10259,
  "title": "秘盒M310   USB接口的用途？",
  "answer": " l   Micro USB口是秘盒的供电接口，再配合华为专用的充电&数据线，可以作为USB数据口使用 \r\n\r\n l   通用USB口可做U盘存储的拓展口，也可用作便携硬盘、鼠标等外设的接口 \r\n\r\n l   USB口支持USB HUB，支持4个外设同时接入； \r\n\r\n l   USB接无线网卡或网线转USB转接器，实现网络接入",
  "faqTypeId": null,
  "faqType": null,
  "useful": 0,
  "unUseful": 0,
  "languageId": 2,
  "languageName": "zh_cn",
  "faqCode": "900",
  "faqTypeCode": null,
  "isTop": "0",
  "moduleCode": "faq",
  "productId": null,
  "productCode": null,
  "postDate": 1397117323000,
  "seriesProductName": "MediaQ M3,MediaQ M310",
  "visitedTimes": 129,
  "isUsefulFlag": null,
  "score": 0,
  "times": 0,
  "imageList": null,
  "displayType": "text",
  "justView": "0",
  "fileName": null,
  "filePath": null,
  "imagePath": null,
  "imageName": null,
  "productIdList": null,
  "curPage": null,
  "pageSize": null,
  "siteCode": null,
  "statusFlag": "Publish",
  "returnCode": 0,
  "totalRows": null,
  "keywords": null,
  "avgScore": 0.0,
  "createDate": null,
  "totalPages": null
}