{
  "type": null,
  "faqId": 10255,
  "title": "秘盒M310    可以观看到除CNTV以外的节目吗？",
  "answer": " l   秘盒网络内容由CNTV网络电视独立提供和运营 \r\n\r\n l   可以播放存储外设中的个人存档视音频节目 \r\n\r\n l   可观看DLNA共享的视音频节目",
  "faqTypeId": null,
  "faqType": null,
  "useful": 0,
  "unUseful": 0,
  "languageId": 2,
  "languageName": "zh_cn",
  "faqCode": "896",
  "faqTypeCode": null,
  "isTop": "0",
  "moduleCode": "faq",
  "productId": null,
  "productCode": null,
  "postDate": 1397117086000,
  "seriesProductName": "MediaQ M3,MediaQ M310",
  "visitedTimes": 198,
  "isUsefulFlag": null,
  "score": 0,
  "times": 0,
  "imageList": null,
  "displayType": "text",
  "justView": "0",
  "fileName": null,
  "filePath": null,
  "imagePath": null,
  "imageName": null,
  "productIdList": null,
  "curPage": null,
  "pageSize": null,
  "siteCode": null,
  "statusFlag": "Publish",
  "returnCode": 0,
  "totalRows": null,
  "keywords": null,
  "avgScore": 0.0,
  "createDate": null,
  "totalPages": null
}