{
  "type": null,
  "faqId": 10256,
  "title": "秘盒M310   秘盒可以在海外及港澳台地区使用吗？",
  "answer": " l   海外及港澳台地区都能使用",
  "faqTypeId": null,
  "faqType": null,
  "useful": 0,
  "unUseful": 0,
  "languageId": 2,
  "languageName": "zh_cn",
  "faqCode": "897",
  "faqTypeCode": null,
  "isTop": "0",
  "moduleCode": "faq",
  "productId": null,
  "productCode": null,
  "postDate": 1397117113000,
  "seriesProductName": "MediaQ M3,MediaQ M310",
  "visitedTimes": 162,
  "isUsefulFlag": null,
  "score": 6,
  "times": 2,
  "imageList": null,
  "displayType": "text",
  "justView": "2",
  "fileName": null,
  "filePath": null,
  "imagePath": null,
  "imageName": null,
  "productIdList": null,
  "curPage": null,
  "pageSize": null,
  "siteCode": null,
  "statusFlag": "Publish",
  "returnCode": 0,
  "totalRows": null,
  "keywords": null,
  "avgScore": 3.0,
  "createDate": null,
  "totalPages": null
}