{
  "type": null,
  "faqId": 10257,
  "title": "秘盒M310  HDMI的用途？两个HDMI口怎么使用？",
  "answer": " l   HDMI口用于与高清多媒体功能的设备的数据连接；通常电视机、显示器等都带有HDMI输入端，而机顶盒、蓝光播放器等带有HDMI的输出接口。 \r\n\r\n l   秘盒有两个HDMI接口，HDMI/Output是秘盒输出视音频信号给到电视机的HDMI端口；其它带HDMI接口的设备通过HDMI/In接口，将视音频输入到电视机。 \r\n\r\n l   按秘盒遥控器待机键![](http://consumer.huawei.com/support/servlet/imageServlet?dlType=HtmlAreaImage&imageId=31156)进入待机，可切换至HDMI/In连接的输入设备",
  "faqTypeId": null,
  "faqType": null,
  "useful": 0,
  "unUseful": 0,
  "languageId": 2,
  "languageName": "zh_cn",
  "faqCode": "898",
  "faqTypeCode": null,
  "isTop": "0",
  "moduleCode": "faq",
  "productId": null,
  "productCode": null,
  "postDate": 1397117254000,
  "seriesProductName": "MediaQ M3,MediaQ M310",
  "visitedTimes": 161,
  "isUsefulFlag": null,
  "score": 3,
  "times": 1,
  "imageList": null,
  "displayType": "text",
  "justView": "0",
  "fileName": null,
  "filePath": null,
  "imagePath": null,
  "imageName": null,
  "productIdList": null,
  "curPage": null,
  "pageSize": null,
  "siteCode": null,
  "statusFlag": "Publish",
  "returnCode": 0,
  "totalRows": null,
  "keywords": null,
  "avgScore": 3.0,
  "createDate": null,
  "totalPages": null
}