{
  "type": null,
  "faqId": 10258,
  "title": "秘盒M310   多功能Optical Audio音频口有哪些功能？怎么使用？",
  "answer": " l   Optical Audio音频口可作为3.5mm标准音频接口使用；同时兼容SPDIF光纤音频口输出功能； \r\n\r\n l   光纤音频输出必须适配SPDIF方头转3.5mm圆头转接头，见配件章节 \r\n\r\n l   Optical Audio口可连接音箱、功放等模拟音频输入设备，也可连接带SPDIF光纤音频输入的功放、电视机等设备。",
  "faqTypeId": null,
  "faqType": null,
  "useful": 0,
  "unUseful": 0,
  "languageId": 2,
  "languageName": "zh_cn",
  "faqCode": "899",
  "faqTypeCode": null,
  "isTop": "0",
  "moduleCode": "faq",
  "productId": null,
  "productCode": null,
  "postDate": 1397117289000,
  "seriesProductName": "MediaQ M3,MediaQ M310",
  "visitedTimes": 90,
  "isUsefulFlag": null,
  "score": 0,
  "times": 0,
  "imageList": null,
  "displayType": "text",
  "justView": "0",
  "fileName": null,
  "filePath": null,
  "imagePath": null,
  "imageName": null,
  "productIdList": null,
  "curPage": null,
  "pageSize": null,
  "siteCode": null,
  "statusFlag": "Publish",
  "returnCode": 0,
  "totalRows": null,
  "keywords": null,
  "avgScore": 0.0,
  "createDate": null,
  "totalPages": null
}