{
  "type": null,
  "faqId": 10268,
  "title": "秘盒M310  腾讯微信的使用？",
  "answer": " 秘盒可分享来自手机微信发来的照片；在“本地资源”菜单下，选择进入“微信”； \r\n\r\n### \n\t1.1.1 微信账号绑定 \n\r\n\r\n l   秘盒生成二维码；二维码的生成需先保证秘盒已登录华为账号 \r\n\r\n l   在手机微信上扫屏幕上的二维码添加秘盒为好友； \r\n\r\n ![](http://consumer.huawei.com/support/servlet/imageServlet?dlType=HtmlAreaImage&imageId=31194)  \r\n\r\n### \n\t1.1.2 照片分享 \n\r\n\r\n l   微信客户端和秘盒建立绑定关系后，微信客户端可以通过公共帐号发送图片给秘盒。 \r\n\r\n ![](http://consumer.huawei.com/support/servlet/imageServlet?dlType=HtmlAreaImage&imageId=31195) \r\n\r\n l   秘盒收到分享，点击查看 \r\n\r\n ![](http://consumer.huawei.com/support/servlet/imageServlet?dlType=HtmlAreaImage&imageId=31196) \r\n\r\n l   如果选择暂不查看，照片自动保存在微信相册中；在“本地资源”—>“全部资源”—>“微信分享”中查看微信照片",
  "faqTypeId": null,
  "faqType": null,
  "useful": 0,
  "unUseful": 1,
  "languageId": 2,
  "languageName": "zh_cn",
  "faqCode": "964",
  "faqTypeCode": null,
  "isTop": "0",
  "moduleCode": "faq",
  "productId": null,
  "productCode": null,
  "postDate": 1397121255000,
  "seriesProductName": "MediaQ M3,MediaQ M310",
  "visitedTimes": 204,
  "isUsefulFlag": null,
  "score": 7,
  "times": 3,
  "imageList": null,
  "displayType": "text",
  "justView": "0",
  "fileName": null,
  "filePath": null,
  "imagePath": null,
  "imageName": null,
  "productIdList": null,
  "curPage": null,
  "pageSize": null,
  "siteCode": null,
  "statusFlag": "Publish",
  "returnCode": 0,
  "totalRows": null,
  "keywords": null,
  "avgScore": 2.3,
  "createDate": null,
  "totalPages": null
}