{
  "type": null,
  "faqId": 10269,
  "title": "秘盒M310  华为随心控可实现什么功能？",
  "answer": " l   秘盒支持Airsharing（爱享），实现图片、视音频多屏分享功能 \r\n\r\n l   通过随心控可以实现手机、平板对秘盒的遥控功能 \r\n\r\n 需下载华为随心控APP到手机、平板上 \r\n\r\n ![](http://consumer.huawei.com/support/servlet/imageServlet?dlType=HtmlAreaImage&imageId=31197)",
  "faqTypeId": null,
  "faqType": null,
  "useful": 0,
  "unUseful": 0,
  "languageId": 2,
  "languageName": "zh_cn",
  "faqCode": "908",
  "faqTypeCode": null,
  "isTop": "0",
  "moduleCode": "faq",
  "productId": null,
  "productCode": null,
  "postDate": 1397121320000,
  "seriesProductName": "MediaQ M3,MediaQ M310",
  "visitedTimes": 320,
  "isUsefulFlag": null,
  "score": 6,
  "times": 2,
  "imageList": null,
  "displayType": "text",
  "justView": "2",
  "fileName": null,
  "filePath": null,
  "imagePath": null,
  "imageName": null,
  "productIdList": null,
  "curPage": null,
  "pageSize": null,
  "siteCode": null,
  "statusFlag": "Publish",
  "returnCode": 0,
  "totalRows": null,
  "keywords": null,
  "avgScore": 3.0,
  "createDate": null,
  "totalPages": null
}