{
  "type": null,
  "faqId": 10262,
  "title": "秘盒M310    快速配置",
  "answer": "                      步骤 1    步骤1  切换电视信号源 \r\n\r\n   使用**电视遥控器**将电视信号源切换至连接秘盒 的HDMI 输入。 \r\n\r\n                      步骤 2    步骤2    配对蓝牙遥控器 \r\n\r\n   根据电视画面提示，同时按住蓝牙遥控器 ![](http://consumer.huawei.com/support/servlet/imageServlet?dlType=HtmlAreaImage&imageId=31127) 和 ![](http://consumer.huawei.com/support/servlet/imageServlet?dlType=HtmlAreaImage&imageId=31128)，直到电视画面出现 ![](http://consumer.huawei.com/support/servlet/imageServlet?dlType=HtmlAreaImage&imageId=31129)，表示配对成功，再松开按键。![](http://consumer.huawei.com/support/servlet/imageServlet?dlType=HtmlAreaImage&imageId=31130) \r\n\r\n                      步骤 1    步骤3   连接无线网络 \r\n\r\n 根据电视画面提示，选择您要连接的无线网络，将秘盒连接至该无线网络。当电视画面出现![](http://consumer.huawei.com/support/servlet/imageServlet?dlType=HtmlAreaImage&imageId=31135)表示连网成功。 \r\n\r\n ![](http://consumer.huawei.com/support/servlet/imageServlet?dlType=HtmlAreaImage&imageId=31132) \r\n\r\n 您也可以选择WPS方式连接家庭无线网络。 \r\n\r\n 首先请用蓝牙遥控器选择“请选取WPS”。然后在两分钟内，按下家用无线路由器的 WPS 按钮，直至无线路由器的 WPS 指示灯变为闪烁状态，再松开。完成后，电视画面将显示连网成功。无线路由器的 WPS 指示灯将由闪烁变为常亮。 \r\n\n![](http://consumer.huawei.com/support/servlet/imageServlet?dlType=HtmlAreaImage&imageId=31133) \n\r\n\r\n                      步骤 1    步骤4   配置完成 \r\n\r\n 此时，您可以去手机应用市场选择下载“华为随心控”应用程序，使用手机控制秘盒。您也可以跳过该步骤，以后再下载或者进入秘盒设置界面选择其他下载方式。 \r\n\n![](http://consumer.huawei.com/support/servlet/imageServlet?dlType=HtmlAreaImage&imageId=31134)",
  "faqTypeId": null,
  "faqType": null,
  "useful": 0,
  "unUseful": 0,
  "languageId": 2,
  "languageName": "zh_cn",
  "faqCode": "884",
  "faqTypeCode": null,
  "isTop": "0",
  "moduleCode": "faq",
  "productId": null,
  "productCode": null,
  "postDate": 1397115590000,
  "seriesProductName": "MediaQ M3,MediaQ M310",
  "visitedTimes": 179,
  "isUsefulFlag": null,
  "score": 0,
  "times": 0,
  "imageList": null,
  "displayType": "text",
  "justView": "0",
  "fileName": null,
  "filePath": null,
  "imagePath": null,
  "imageName": null,
  "productIdList": null,
  "curPage": null,
  "pageSize": null,
  "siteCode": null,
  "statusFlag": "Publish",
  "returnCode": 0,
  "totalRows": null,
  "keywords": null,
  "avgScore": 0.0,
  "createDate": null,
  "totalPages": null
}