{
  "type": null,
  "faqId": 10267,
  "title": "秘盒M310  多米音乐的使用？",
  "answer": " l   多米音乐是一款内置的应用，可以通过它收听来自多米网络平台的众多动听音乐 \r\n\r\n ![](http://consumer.huawei.com/support/servlet/imageServlet?dlType=HtmlAreaImage&imageId=31191)  \r\n\r\n l   你可以使用以下功能： \r\n\r\n 【搜索】：可以搜索在线音乐 \r\n\r\n 【推荐】：由多米网站推荐的主流音乐 \r\n\r\n 【排行榜】：各大音乐的排行榜 \r\n\r\n 【电台】：收听音乐电台，有众多音乐频道可供选择 \r\n\r\n 【我的音乐】：登陆多米账号，可收藏自己的音乐列表 \r\n\r\n 【设置】：选择音乐，查看应用版本 \r\n\r\n 更多关于多米的信息，可访问多米网站[www.duomi.com](http://www.duomi.com/)",
  "faqTypeId": null,
  "faqType": null,
  "useful": 0,
  "unUseful": 0,
  "languageId": 2,
  "languageName": "zh_cn",
  "faqCode": "962",
  "faqTypeCode": null,
  "isTop": "0",
  "moduleCode": "faq",
  "productId": null,
  "productCode": null,
  "postDate": 1397121023000,
  "seriesProductName": "MediaQ M3,MediaQ M310",
  "visitedTimes": 44,
  "isUsefulFlag": null,
  "score": 0,
  "times": 0,
  "imageList": null,
  "displayType": "text",
  "justView": "0",
  "fileName": null,
  "filePath": null,
  "imagePath": null,
  "imageName": null,
  "productIdList": null,
  "curPage": null,
  "pageSize": null,
  "siteCode": null,
  "statusFlag": "Publish",
  "returnCode": 0,
  "totalRows": null,
  "keywords": null,
  "avgScore": 0.0,
  "createDate": null,
  "totalPages": null
}