{
  "type": null,
  "faqId": 10263,
  "title": "秘盒M310   恢复出厂设置是否会删除所有的用户文件",
  "answer": " 进入“设置”>“高级”>“用户设置”，选择“恢复出厂设置”，能将秘盒恢复出厂设置。 \r\n\r\n l   恢复出厂设置会重置秘盒的设置、清理节目缓存； \r\n\r\n l   恢复出厂设置不会重置内部存储和外部存储设备中的文件，如音乐和图片；如果在重置时勾选“格式化内部存储空间”，则会清理掉内部存储中的文件。",
  "faqTypeId": null,
  "faqType": null,
  "useful": 0,
  "unUseful": 0,
  "languageId": 2,
  "languageName": "zh_cn",
  "faqCode": "939",
  "faqTypeCode": null,
  "isTop": "0",
  "moduleCode": "faq",
  "productId": null,
  "productCode": null,
  "postDate": 1397118724000,
  "seriesProductName": "MediaQ M3,MediaQ M310",
  "visitedTimes": 150,
  "isUsefulFlag": null,
  "score": 0,
  "times": 0,
  "imageList": null,
  "displayType": "text",
  "justView": "0",
  "fileName": null,
  "filePath": null,
  "imagePath": null,
  "imageName": null,
  "productIdList": null,
  "curPage": null,
  "pageSize": null,
  "siteCode": null,
  "statusFlag": "Publish",
  "returnCode": 0,
  "totalRows": null,
  "keywords": null,
  "avgScore": 0.0,
  "createDate": null,
  "totalPages": null
}