{
  "type": null,
  "faqId": 10266,
  "title": "秘盒M310  怎样用SD卡升级？",
  "answer": " l   将dload文件夹拷贝到SD卡根目录下 \r\n\r\n l   确认秘盒处于关机状态 \r\n\r\n l   将SD卡插入到单板内 \r\n\r\n l   单板开机自动进入SD卡升级 \r\n\r\n l   机器通过HDMI线连接到显示器或电视，正常升级过程中，屏幕显示如下图： \r\n\r\n ![](http://consumer.huawei.com/support/servlet/imageServlet?dlType=HtmlAreaImage&imageId=31187) \r\n\r\n 升级时红色LED指示灯会以1Hz的频率闪烁。 \r\n\r\n l   升级成功后，屏幕显示如下图： \r\n\r\n ![](http://consumer.huawei.com/support/servlet/imageServlet?dlType=HtmlAreaImage&imageId=31188) \r\n\r\n 升级成功后蓝色LED指示灯会一直保持长亮。 \r\n\r\n l   升级失败时，屏幕显示如下图： \r\n\n![](http://consumer.huawei.com/support/servlet/imageServlet?dlType=HtmlAreaImage&imageId=31189) \n\r\n\r\n 如果升级失败，红色LED指示灯会以4Hz的频率闪烁。 \r\n\r\n l   升级完成后，移除SD卡，将自动重启机器。",
  "faqTypeId": null,
  "faqType": null,
  "useful": 3,
  "unUseful": 3,
  "languageId": 2,
  "languageName": "zh_cn",
  "faqCode": "957",
  "faqTypeCode": null,
  "isTop": "0",
  "moduleCode": "faq",
  "productId": null,
  "productCode": null,
  "postDate": 1397120795000,
  "seriesProductName": "MediaQ M3,MediaQ M310",
  "visitedTimes": 1206,
  "isUsefulFlag": null,
  "score": 0,
  "times": 0,
  "imageList": null,
  "displayType": "text",
  "justView": "2",
  "fileName": null,
  "filePath": null,
  "imagePath": null,
  "imageName": null,
  "productIdList": null,
  "curPage": null,
  "pageSize": null,
  "siteCode": null,
  "statusFlag": "Publish",
  "returnCode": 0,
  "totalRows": null,
  "keywords": null,
  "avgScore": 0.0,
  "createDate": null,
  "totalPages": null
}