{
  "type": null,
  "faqId": 10264,
  "title": "秘盒M310  新版本是否会有升级提示？",
  "answer": " l   系统升级：秘盒会每隔十天（后续可能会更新到2天）自动检测是否有新系统版本存在；在网络畅通情况下，如果发现新版本，屏幕右下角会有如以下图示升级提醒 \r\n\r\n ![](http://consumer.huawei.com/support/servlet/imageServlet?dlType=HtmlAreaImage&imageId=31179) \r\n\r\n 上电开机，秘盒也会检测系统是否有新版本 \r\n\r\n l   应用升级：网络畅通的情况下，如有新的CNTV应用版本需更新，秘盒在开机时会有提示应用升级 \r\n\r\n ![](http://consumer.huawei.com/support/servlet/imageServlet?dlType=HtmlAreaImage&imageId=31180)",
  "faqTypeId": null,
  "faqType": null,
  "useful": 0,
  "unUseful": 0,
  "languageId": 2,
  "languageName": "zh_cn",
  "faqCode": "904",
  "faqTypeCode": null,
  "isTop": "0",
  "moduleCode": "faq",
  "productId": null,
  "productCode": null,
  "postDate": 1397120040000,
  "seriesProductName": "MediaQ M3,MediaQ M310",
  "visitedTimes": 139,
  "isUsefulFlag": null,
  "score": 0,
  "times": 0,
  "imageList": null,
  "displayType": "text",
  "justView": "0",
  "fileName": null,
  "filePath": null,
  "imagePath": null,
  "imageName": null,
  "productIdList": null,
  "curPage": null,
  "pageSize": null,
  "siteCode": null,
  "statusFlag": "Publish",
  "returnCode": 0,
  "totalRows": null,
  "keywords": null,
  "avgScore": 0.0,
  "createDate": null,
  "totalPages": null
}