{
  "type": null,
  "faqId": 10276,
  "title": "秘盒M310    图像显示不正常，颜色失真或初选彩条该怎么处理？",
  "answer": " l   HDMI线没有接好。请尝试重新连接。 \r\n\r\n l   电视机或M310的图像设置不合理，比如饱和度、对比度等。请重新设置图象。 \r\n\r\n l   分辨率没有设置正确。请选择 “设置”à“所有设置”à “显示”à“分辨率” 更改分辨率设置，针对家中电视机更改 \r\n\r\n 建议使用Auto模式：此模式下会秘盒会自动适配电视机的分辨率。",
  "faqTypeId": null,
  "faqType": null,
  "useful": 0,
  "unUseful": 0,
  "languageId": 2,
  "languageName": "zh_cn",
  "faqCode": "910",
  "faqTypeCode": null,
  "isTop": "0",
  "moduleCode": "faq",
  "productId": null,
  "productCode": null,
  "postDate": 1397122555000,
  "seriesProductName": "MediaQ M3,MediaQ M310",
  "visitedTimes": 145,
  "isUsefulFlag": null,
  "score": 0,
  "times": 0,
  "imageList": null,
  "displayType": "text",
  "justView": "1",
  "fileName": null,
  "filePath": null,
  "imagePath": null,
  "imageName": null,
  "productIdList": null,
  "curPage": null,
  "pageSize": null,
  "siteCode": null,
  "statusFlag": "Publish",
  "returnCode": 0,
  "totalRows": null,
  "keywords": null,
  "avgScore": 0.0,
  "createDate": null,
  "totalPages": null
}