{
  "type": null,
  "faqId": 10272,
  "title": "秘盒M310   电源",
  "answer": "### \n\t1.1.1 电源规格？ \n\r\n\r\n l   电源规格输出为5V 2A \r\n\r\n### \n\t1.1.2 是否可以由其它USB端口供电？ \n\r\n\r\n l   请使用标配电源供电，请勿随意替代",
  "faqTypeId": null,
  "faqType": null,
  "useful": 0,
  "unUseful": 0,
  "languageId": 2,
  "languageName": "zh_cn",
  "faqCode": "971",
  "faqTypeCode": null,
  "isTop": "0",
  "moduleCode": "faq",
  "productId": null,
  "productCode": null,
  "postDate": 1397122098000,
  "seriesProductName": "MediaQ M3,MediaQ M310",
  "visitedTimes": 95,
  "isUsefulFlag": null,
  "score": 0,
  "times": 0,
  "imageList": null,
  "displayType": "text",
  "justView": "0",
  "fileName": null,
  "filePath": null,
  "imagePath": null,
  "imageName": null,
  "productIdList": null,
  "curPage": null,
  "pageSize": null,
  "siteCode": null,
  "statusFlag": "Publish",
  "returnCode": 0,
  "totalRows": null,
  "keywords": null,
  "avgScore": 0.0,
  "createDate": null,
  "totalPages": null
}