{
  "type": null,
  "faqId": 10278,
  "title": "秘盒M310  使用过程中感觉M310有发热的现象",
  "answer": " l   盒子周围环境不通风，散热慢。请将盒子安放在通风的环境中，并避免桌布等物体覆盖机箱左右侧面的通风口。 \r\n\r\n l   附近有热源，加速升温。请将盒子安放在远离热源、无直射光线的环境中。 \r\n\r\n l   长期不关机，使用时间太久。请在不使用盒子的情况下，请断开盒子的电源线。",
  "faqTypeId": null,
  "faqType": null,
  "useful": 0,
  "unUseful": 6,
  "languageId": 2,
  "languageName": "zh_cn",
  "faqCode": "914",
  "faqTypeCode": null,
  "isTop": "0",
  "moduleCode": "faq",
  "productId": null,
  "productCode": null,
  "postDate": 1397122694000,
  "seriesProductName": "MediaQ M3,MediaQ M310",
  "visitedTimes": 356,
  "isUsefulFlag": null,
  "score": 1,
  "times": 1,
  "imageList": null,
  "displayType": "text",
  "justView": "0",
  "fileName": null,
  "filePath": null,
  "imagePath": null,
  "imageName": null,
  "productIdList": null,
  "curPage": null,
  "pageSize": null,
  "siteCode": null,
  "statusFlag": "Publish",
  "returnCode": 0,
  "totalRows": null,
  "keywords": null,
  "avgScore": 1.0,
  "createDate": null,
  "totalPages": null
}