{
  "type": null,
  "faqId": 10275,
  "title": "秘盒M310  开机后电视机界面没有任何输出",
  "answer": " l   请先检查M310指示灯的状态。如果灯不亮，尝试重新连接电源。 \r\n\r\n l   待机了，按下遥控器待机键看是否恢复。 \r\n\r\n l   电视机输入模式没有正确选择，请使用电视机遥控器切换到对应的HDMI口输入。 \r\n\r\n l   所连的HDMI接口坏掉了，请更换其他HDMI口试试。 \r\n\r\n l   电源线或HDMI线未正常连接，请重新连接。",
  "faqTypeId": null,
  "faqType": null,
  "useful": 1,
  "unUseful": 17,
  "languageId": 2,
  "languageName": "zh_cn",
  "faqCode": "978",
  "faqTypeCode": null,
  "isTop": "0",
  "moduleCode": "faq",
  "productId": null,
  "productCode": null,
  "postDate": 1397122485000,
  "seriesProductName": "MediaQ M3,MediaQ M310",
  "visitedTimes": 671,
  "isUsefulFlag": null,
  "score": 7,
  "times": 3,
  "imageList": null,
  "displayType": "text",
  "justView": "0",
  "fileName": null,
  "filePath": null,
  "imagePath": null,
  "imageName": null,
  "productIdList": null,
  "curPage": null,
  "pageSize": null,
  "siteCode": null,
  "statusFlag": "Publish",
  "returnCode": 0,
  "totalRows": null,
  "keywords": null,
  "avgScore": 2.3,
  "createDate": null,
  "totalPages": null
}