{
  "type": null,
  "faqId": 10270,
  "title": "秘盒M310   Airsharing（爱享）多屏",
  "answer": "### \n\t1.1.1 Airsharing（爱享）多屏功能 \n\r\n\r\n l   通过爱享功能，可以将手机、平板上的图片、音乐、视频等推送到秘盒上； \r\n\r\n### \n\t1.1.2 Airsharing（爱享）多屏的使用 \n\r\n\r\n l   确保手机或平板与秘盒在同一网络下 \r\n\r\n l   打开手机或平板上的华为随心控APP，点击进入爱分享；选择图片或视音频文件进行推送",
  "faqTypeId": null,
  "faqType": null,
  "useful": 0,
  "unUseful": 0,
  "languageId": 2,
  "languageName": "zh_cn",
  "faqCode": "965",
  "faqTypeCode": null,
  "isTop": "0",
  "moduleCode": "faq",
  "productId": null,
  "productCode": null,
  "postDate": 1397121363000,
  "seriesProductName": "MediaQ M3,MediaQ M310",
  "visitedTimes": 194,
  "isUsefulFlag": null,
  "score": 6,
  "times": 2,
  "imageList": null,
  "displayType": "text",
  "justView": "0",
  "fileName": null,
  "filePath": null,
  "imagePath": null,
  "imageName": null,
  "productIdList": null,
  "curPage": null,
  "pageSize": null,
  "siteCode": null,
  "statusFlag": "Publish",
  "returnCode": 0,
  "totalRows": null,
  "keywords": null,
  "avgScore": 3.0,
  "createDate": null,
  "totalPages": null
}