{
  "type": null,
  "faqId": 10274,
  "title": "秘盒M310    鼠标与键盘",
  "answer": " l   目前不推荐使用鼠标及键盘，蓝牙遥控器可以完成全部操作，。 \r\n\r\n 软件会不断升级，后续版本会不断完善，提升使用鼠标及键盘的体验。",
  "faqTypeId": null,
  "faqType": null,
  "useful": 0,
  "unUseful": 0,
  "languageId": 2,
  "languageName": "zh_cn",
  "faqCode": "977",
  "faqTypeCode": null,
  "isTop": "0",
  "moduleCode": "faq",
  "productId": null,
  "productCode": null,
  "postDate": 1397122454000,
  "seriesProductName": "MediaQ M3,MediaQ M310",
  "visitedTimes": 184,
  "isUsefulFlag": null,
  "score": 0,
  "times": 0,
  "imageList": null,
  "displayType": "text",
  "justView": "0",
  "fileName": null,
  "filePath": null,
  "imagePath": null,
  "imageName": null,
  "productIdList": null,
  "curPage": null,
  "pageSize": null,
  "siteCode": null,
  "statusFlag": "Publish",
  "returnCode": 0,
  "totalRows": null,
  "keywords": null,
  "avgScore": 0.0,
  "createDate": null,
  "totalPages": null
}