{
  "type": null,
  "faqId": 10279,
  "title": "秘盒M310  蓝牙配套设备不能正常工作",
  "answer": " l   蓝牙设备未配对。请重新配对，配对方法请参考【无线连接】中的蓝牙配对。进入“设置”—> “网络”—> “蓝牙”。先点击搜索设备，然后选择您要连接的蓝牙设备，输入密码（如果有密码）后进行连接 \r\n\r\n l   蓝牙设备不兼容。蓝牙设备支持音箱、耳机，请使用用户手册内建议厂家和型号。",
  "faqTypeId": null,
  "faqType": null,
  "useful": 2,
  "unUseful": 1,
  "languageId": 2,
  "languageName": "zh_cn",
  "faqCode": "916",
  "faqTypeCode": null,
  "isTop": "0",
  "moduleCode": "faq",
  "productId": null,
  "productCode": null,
  "postDate": 1397122783000,
  "seriesProductName": "MediaQ M3,MediaQ M310",
  "visitedTimes": 341,
  "isUsefulFlag": null,
  "score": 0,
  "times": 0,
  "imageList": null,
  "displayType": "text",
  "justView": "0",
  "fileName": null,
  "filePath": null,
  "imagePath": null,
  "imageName": null,
  "productIdList": null,
  "curPage": null,
  "pageSize": null,
  "siteCode": null,
  "statusFlag": "Publish",
  "returnCode": 0,
  "totalRows": null,
  "keywords": null,
  "avgScore": 0.0,
  "createDate": null,
  "totalPages": null
}