{
  "type": null,
  "faqId": 10287,
  "title": "秘盒M310    为什么插入光纤音频插头后声音会变很小",
  "answer": " l   为避免插入光纤插头后外接音箱声音输出过大，秘盒会自动调节秘盒音量的一半； \r\n\r\n 如果音量不满足需求，可以自行调节秘盒音量；",
  "faqTypeId": null,
  "faqType": null,
  "useful": 0,
  "unUseful": 0,
  "languageId": 2,
  "languageName": "zh_cn",
  "faqCode": "928",
  "faqTypeCode": null,
  "isTop": "0",
  "moduleCode": "faq",
  "productId": null,
  "productCode": null,
  "postDate": 1397118034000,
  "seriesProductName": "MediaQ M3,MediaQ M310",
  "visitedTimes": 86,
  "isUsefulFlag": null,
  "score": 0,
  "times": 0,
  "imageList": null,
  "displayType": "text",
  "justView": "0",
  "fileName": null,
  "filePath": null,
  "imagePath": null,
  "imageName": null,
  "productIdList": null,
  "curPage": null,
  "pageSize": null,
  "siteCode": null,
  "statusFlag": "Publish",
  "returnCode": 0,
  "totalRows": null,
  "keywords": null,
  "avgScore": 0.0,
  "createDate": null,
  "totalPages": null
}