{
  "type": null,
  "faqId": 10281,
  "title": "秘盒M310    Micro SD卡槽有什么作用？",
  "answer": " l   Micro SD卡槽可以插入Micro SD存储卡；插拔方式：Push-Push \r\n\r\n l   可支持热插拔；但需尽量避免，以免造成数据丢失 \r\n\r\n l   插入Micro SD屏幕上方右侧会显示如下红圈内SD图标： \r\n\n![](http://consumer.huawei.com/support/servlet/imageServlet?dlType=HtmlAreaImage&imageId=31157)",
  "faqTypeId": null,
  "faqType": null,
  "useful": 0,
  "unUseful": 0,
  "languageId": 2,
  "languageName": "zh_cn",
  "faqCode": "922",
  "faqTypeCode": null,
  "isTop": "0",
  "moduleCode": "faq",
  "productId": null,
  "productCode": null,
  "postDate": 1397117433000,
  "seriesProductName": "MediaQ M3,MediaQ M310",
  "visitedTimes": 104,
  "isUsefulFlag": null,
  "score": 0,
  "times": 0,
  "imageList": null,
  "displayType": "text",
  "justView": "0",
  "fileName": null,
  "filePath": null,
  "imagePath": null,
  "imageName": null,
  "productIdList": null,
  "curPage": null,
  "pageSize": null,
  "siteCode": null,
  "statusFlag": "Publish",
  "returnCode": 0,
  "totalRows": null,
  "keywords": null,
  "avgScore": 0.0,
  "createDate": null,
  "totalPages": null
}