{
  "type": null,
  "faqId": 10280,
  "title": "秘盒M310  无法适配屏幕的宽高比，有黑边怎么办？",
  "answer": " l   片源问题。部分节目是使用固定的横宽比，屏幕会显示黑边 \r\n\r\n l   分辨率适配问题。需调节秘盒的分辨率： \r\n\r\n l   建议使用Auto模式：此模式下会秘盒会自动适配电视机的分辨率。",
  "faqTypeId": null,
  "faqType": null,
  "useful": 1,
  "unUseful": 1,
  "languageId": 2,
  "languageName": "zh_cn",
  "faqCode": "981",
  "faqTypeCode": null,
  "isTop": "0",
  "moduleCode": "faq",
  "productId": null,
  "productCode": null,
  "postDate": 1397122808000,
  "seriesProductName": "MediaQ M3,MediaQ M310",
  "visitedTimes": 194,
  "isUsefulFlag": null,
  "score": 4,
  "times": 1,
  "imageList": null,
  "displayType": "text",
  "justView": "0",
  "fileName": null,
  "filePath": null,
  "imagePath": null,
  "imageName": null,
  "productIdList": null,
  "curPage": null,
  "pageSize": null,
  "siteCode": null,
  "statusFlag": "Publish",
  "returnCode": 0,
  "totalRows": null,
  "keywords": null,
  "avgScore": 4.0,
  "createDate": null,
  "totalPages": null
}