{
  "type": null,
  "faqId": 10282,
  "title": "秘盒M310   LED指示灯",
  "answer": " l   蓝灯常亮，表示秘盒已连接上无线网络，处在正常工作中 \r\n\r\n l   蓝色闪烁，表示处于蓝牙配对状态 \r\n\r\n l   红色常亮，表示：1.开机初；2.秘盒正处于待机状态；3.系统IP丢失或系统启动自检 \r\n\r\n l   红色闪烁，表示软件升级中或正在恢复出厂设置 \r\n\r\n l   紫色常亮，表示处于AP模式",
  "faqTypeId": null,
  "faqType": null,
  "useful": 0,
  "unUseful": 0,
  "languageId": 2,
  "languageName": "zh_cn",
  "faqCode": "923",
  "faqTypeCode": null,
  "isTop": "0",
  "moduleCode": "faq",
  "productId": null,
  "productCode": null,
  "postDate": 1397117476000,
  "seriesProductName": "MediaQ M3,MediaQ M310",
  "visitedTimes": 109,
  "isUsefulFlag": null,
  "score": 0,
  "times": 0,
  "imageList": null,
  "displayType": "text",
  "justView": "0",
  "fileName": null,
  "filePath": null,
  "imagePath": null,
  "imageName": null,
  "productIdList": null,
  "curPage": null,
  "pageSize": null,
  "siteCode": null,
  "statusFlag": "Publish",
  "returnCode": 0,
  "totalRows": null,
  "keywords": null,
  "avgScore": 0.0,
  "createDate": null,
  "totalPages": null
}