{
  "type": null,
  "faqId": 10286,
  "title": "秘盒M310    秘盒可以在老式电视上播放节目吗？",
  "answer": " l   秘盒只提供HDMI视音频输出接口;根据需要，购买HDMI转VGA、HDMI转CVBS等转接器进行适配",
  "faqTypeId": null,
  "faqType": null,
  "useful": 1,
  "unUseful": 0,
  "languageId": 2,
  "languageName": "zh_cn",
  "faqCode": "927",
  "faqTypeCode": null,
  "isTop": "0",
  "moduleCode": "faq",
  "productId": null,
  "productCode": null,
  "postDate": 1397117976000,
  "seriesProductName": "MediaQ M3,MediaQ M310",
  "visitedTimes": 149,
  "isUsefulFlag": null,
  "score": 0,
  "times": 0,
  "imageList": null,
  "displayType": "text",
  "justView": "0",
  "fileName": null,
  "filePath": null,
  "imagePath": null,
  "imageName": null,
  "productIdList": null,
  "curPage": null,
  "pageSize": null,
  "siteCode": null,
  "statusFlag": "Publish",
  "returnCode": 0,
  "totalRows": null,
  "keywords": null,
  "avgScore": 0.0,
  "createDate": null,
  "totalPages": null
}