{
  "type": null,
  "faqId": 10298,
  "title": "秘盒M310   如何查看外部存储设备中的内容？",
  "answer": "    步骤 1    步骤1 .  进入“应用”>“文件管理器”菜单，找到“本地存储”，可查看内部存储和外部存储（USB）空间。 \r\n\r\n ![](http://consumer.huawei.com/support/servlet/imageServlet?dlType=HtmlAreaImage&imageId=31162)  \r\n\r\n    步骤 1    步骤2.  点击某一文件夹，如USB1。可访问文件夹中的文件内容。 \r\n\r\n ![](http://consumer.huawei.com/support/servlet/imageServlet?dlType=HtmlAreaImage&imageId=31163)",
  "faqTypeId": null,
  "faqType": null,
  "useful": 0,
  "unUseful": 0,
  "languageId": 2,
  "languageName": "zh_cn",
  "faqCode": "938",
  "faqTypeCode": null,
  "isTop": "0",
  "moduleCode": "faq",
  "productId": null,
  "productCode": null,
  "postDate": 1397118666000,
  "seriesProductName": "MediaQ M3,MediaQ M310",
  "visitedTimes": 59,
  "isUsefulFlag": null,
  "score": 0,
  "times": 0,
  "imageList": null,
  "displayType": "text",
  "justView": "0",
  "fileName": null,
  "filePath": null,
  "imagePath": null,
  "imageName": null,
  "productIdList": null,
  "curPage": null,
  "pageSize": null,
  "siteCode": null,
  "statusFlag": "Publish",
  "returnCode": 0,
  "totalRows": null,
  "keywords": null,
  "avgScore": 0.0,
  "createDate": null,
  "totalPages": null
}