{
  "type": null,
  "faqId": 10297,
  "title": "秘盒M310    可以将电影、图片等数据放在外部存储设备中吗？",
  "answer": " l   不可以将CNTV中的节目下载放入存储外设中； \r\n\n通过微信下载的图片也可以放入存储外设中.",
  "faqTypeId": null,
  "faqType": null,
  "useful": 0,
  "unUseful": 0,
  "languageId": 2,
  "languageName": "zh_cn",
  "faqCode": "937",
  "faqTypeCode": null,
  "isTop": "0",
  "moduleCode": "faq",
  "productId": null,
  "productCode": null,
  "postDate": 1397118506000,
  "seriesProductName": "MediaQ M3,MediaQ M310",
  "visitedTimes": 100,
  "isUsefulFlag": null,
  "score": 3,
  "times": 1,
  "imageList": null,
  "displayType": "text",
  "justView": "0",
  "fileName": null,
  "filePath": null,
  "imagePath": null,
  "imageName": null,
  "productIdList": null,
  "curPage": null,
  "pageSize": null,
  "siteCode": null,
  "statusFlag": "Publish",
  "returnCode": 0,
  "totalRows": null,
  "keywords": null,
  "avgScore": 3.0,
  "createDate": null,
  "totalPages": null
}