{
  "type": null,
  "faqId": 10293,
  "title": "秘盒M310   硬盘的使用",
  "answer": " l   外接硬盘请使用Y型线USB口接入； \r\n\r\n ![](http://consumer.huawei.com/support/servlet/imageServlet?dlType=HtmlAreaImage&imageId=31160)  \r\n\r\n 由于秘盒机身上的USB口有500mA的电流限制，请勿使用该口外接硬盘 \r\n\r\n l   如外接硬盘配置有外置电源，使用时必须接上电源；如下图 \r\n\n![](http://consumer.huawei.com/support/servlet/imageServlet?dlType=HtmlAreaImage&imageId=31161)",
  "faqTypeId": null,
  "faqType": null,
  "useful": 0,
  "unUseful": 0,
  "languageId": 2,
  "languageName": "zh_cn",
  "faqCode": "933",
  "faqTypeCode": null,
  "isTop": "0",
  "moduleCode": "faq",
  "productId": null,
  "productCode": null,
  "postDate": 1397118352000,
  "seriesProductName": "MediaQ M3,MediaQ M310",
  "visitedTimes": 112,
  "isUsefulFlag": null,
  "score": 0,
  "times": 0,
  "imageList": null,
  "displayType": "text",
  "justView": "0",
  "fileName": null,
  "filePath": null,
  "imagePath": null,
  "imageName": null,
  "productIdList": null,
  "curPage": null,
  "pageSize": null,
  "siteCode": null,
  "statusFlag": "Publish",
  "returnCode": 0,
  "totalRows": null,
  "keywords": null,
  "avgScore": 0.0,
  "createDate": null,
  "totalPages": null
}