{
  "type": null,
  "faqId": 10292,
  "title": "秘盒M310  支持外部存储（硬盘、U盘）设备的使用吗？",
  "answer": " l   可支持硬盘、U盘外部存储外设，通过USB口扩展 \r\n\r\n 如外接硬盘配置有外置电源，使用时必须接上电源；",
  "faqTypeId": null,
  "faqType": null,
  "useful": 0,
  "unUseful": 0,
  "languageId": 2,
  "languageName": "zh_cn",
  "faqCode": "932",
  "faqTypeCode": null,
  "isTop": "0",
  "moduleCode": "faq",
  "productId": null,
  "productCode": null,
  "postDate": 1397118180000,
  "seriesProductName": "MediaQ M3,MediaQ M310",
  "visitedTimes": 68,
  "isUsefulFlag": null,
  "score": 0,
  "times": 0,
  "imageList": null,
  "displayType": "text",
  "justView": "0",
  "fileName": null,
  "filePath": null,
  "imagePath": null,
  "imageName": null,
  "productIdList": null,
  "curPage": null,
  "pageSize": null,
  "siteCode": null,
  "statusFlag": "Publish",
  "returnCode": 0,
  "totalRows": null,
  "keywords": null,
  "avgScore": 0.0,
  "createDate": null,
  "totalPages": null
}