{
  "type": null,
  "faqId": 10296,
  "title": "秘盒M310   如何格式化内部存储数据？",
  "answer": " l   进入“设置”—>“所有设置”—>“高级”—>“设备设置”—>“存储”界面下，选择并点击“格式化内部存储空间”，此操作会清除内部存储空间上的所有文件，例如音和图片",
  "faqTypeId": null,
  "faqType": null,
  "useful": 0,
  "unUseful": 0,
  "languageId": 2,
  "languageName": "zh_cn",
  "faqCode": "936",
  "faqTypeCode": null,
  "isTop": "0",
  "moduleCode": "faq",
  "productId": null,
  "productCode": null,
  "postDate": 1397118465000,
  "seriesProductName": "MediaQ M3,MediaQ M310",
  "visitedTimes": 89,
  "isUsefulFlag": null,
  "score": 0,
  "times": 0,
  "imageList": null,
  "displayType": "text",
  "justView": "0",
  "fileName": null,
  "filePath": null,
  "imagePath": null,
  "imageName": null,
  "productIdList": null,
  "curPage": null,
  "pageSize": null,
  "siteCode": null,
  "statusFlag": "Publish",
  "returnCode": 0,
  "totalRows": null,
  "keywords": null,
  "avgScore": 0.0,
  "createDate": null,
  "totalPages": null
}