{
  "type": null,
  "faqId": 10290,
  "title": "秘盒M310   秘盒是否支持使用USB无线网卡？",
  "answer": " l   支持； \r\n\r\n USB许仙网卡的连接模式下，网络可以正常接入。但由于有线的MAC没有在CNTV注册，故暂时不支持CNTV网络平台的节目播放；建议客户如果要观看CNTV节目，请在无线Wi-Fi连接下进行。",
  "faqTypeId": null,
  "faqType": null,
  "useful": 0,
  "unUseful": 0,
  "languageId": 2,
  "languageName": "zh_cn",
  "faqCode": "902",
  "faqTypeCode": null,
  "isTop": "0",
  "moduleCode": "faq",
  "productId": null,
  "productCode": null,
  "postDate": 1397118125000,
  "seriesProductName": "MediaQ M3,MediaQ M310",
  "visitedTimes": 161,
  "isUsefulFlag": null,
  "score": 0,
  "times": 0,
  "imageList": null,
  "displayType": "text",
  "justView": "0",
  "fileName": null,
  "filePath": null,
  "imagePath": null,
  "imageName": null,
  "productIdList": null,
  "curPage": null,
  "pageSize": null,
  "siteCode": null,
  "statusFlag": "Publish",
  "returnCode": 0,
  "totalRows": null,
  "keywords": null,
  "avgScore": 0.0,
  "createDate": null,
  "totalPages": null
}