{
  "type": null,
  "faqId": 10295,
  "title": "秘盒M310    怎样查看内部存储容量？",
  "answer": " l   进入“设置”—>“所有设置”—>“高级”—>“设备设置”—>“存储”界面下， \r\n\r\n l   可查看到： \r\n\r\n 【内存总容量】 \r\n\r\n 【应用程序占用容量】 \r\n\r\n 【可用剩余容量】",
  "faqTypeId": null,
  "faqType": null,
  "useful": 0,
  "unUseful": 0,
  "languageId": 2,
  "languageName": "zh_cn",
  "faqCode": "935",
  "faqTypeCode": null,
  "isTop": "0",
  "moduleCode": "faq",
  "productId": null,
  "productCode": null,
  "postDate": 1397118438000,
  "seriesProductName": "MediaQ M3,MediaQ M310",
  "visitedTimes": 80,
  "isUsefulFlag": null,
  "score": 0,
  "times": 0,
  "imageList": null,
  "displayType": "text",
  "justView": "0",
  "fileName": null,
  "filePath": null,
  "imagePath": null,
  "imageName": null,
  "productIdList": null,
  "curPage": null,
  "pageSize": null,
  "siteCode": null,
  "statusFlag": "Publish",
  "returnCode": 0,
  "totalRows": null,
  "keywords": null,
  "avgScore": 0.0,
  "createDate": null,
  "totalPages": null
}