{
  "type": null,
  "faqId": 10302,
  "title": "秘盒M310  支持哪些无线接入模式？",
  "answer": " l   Wi-Fi可支持如下无线模式 \r\n\r\n −       802.11b/g/n 2.4G 2x2 20M；最高接入速率140M \r\n\r\n −       802.11n 5G 1x1 20M/40M；最高速率150M \r\n\r\n l   蓝牙可支持如下模式 \r\n\r\n −       2.1 EDR/3.0/4.0BLE",
  "faqTypeId": null,
  "faqType": null,
  "useful": 0,
  "unUseful": 0,
  "languageId": 2,
  "languageName": "zh_cn",
  "faqCode": "942",
  "faqTypeCode": null,
  "isTop": "0",
  "moduleCode": "faq",
  "productId": null,
  "productCode": null,
  "postDate": 1397118801000,
  "seriesProductName": "MediaQ M3,MediaQ M310",
  "visitedTimes": 79,
  "isUsefulFlag": null,
  "score": 0,
  "times": 0,
  "imageList": null,
  "displayType": "text",
  "justView": "0",
  "fileName": null,
  "filePath": null,
  "imagePath": null,
  "imageName": null,
  "productIdList": null,
  "curPage": null,
  "pageSize": null,
  "siteCode": null,
  "statusFlag": "Publish",
  "returnCode": 0,
  "totalRows": null,
  "keywords": null,
  "avgScore": 0.0,
  "createDate": null,
  "totalPages": null
}