{
  "type": null,
  "faqId": 10305,
  "title": "秘盒M310   连接蓝牙设备",
  "answer": "    步骤 1    步骤1.进入“设置”>“蓝牙”界面，使秘盒成为蓝牙配对状态。 \r\n\r\n    步骤 2    步骤2.选择“扫描查找设备”，在“可用设备栏”下选择需要配对的蓝牙设备进行配对。 \r\n\r\n            ![](http://consumer.huawei.com/support/servlet/imageServlet?dlType=HtmlAreaImage&imageId=31168)  \r\n\r\n        在配对前需保证蓝牙设备处于配对状态，具体操作需参考蓝牙设备的使用方法。 \r\n\r\n    配对成功后的蓝牙设备，将出现在“已配对设备栏”下。![](http://consumer.huawei.com/support/servlet/imageServlet?dlType=HtmlAreaImage&imageId=31169)",
  "faqTypeId": null,
  "faqType": null,
  "useful": 0,
  "unUseful": 0,
  "languageId": 2,
  "languageName": "zh_cn",
  "faqCode": "945",
  "faqTypeCode": null,
  "isTop": "0",
  "moduleCode": "faq",
  "productId": null,
  "productCode": null,
  "postDate": 1397119310000,
  "seriesProductName": "MediaQ M3,MediaQ M310",
  "visitedTimes": 92,
  "isUsefulFlag": null,
  "score": 6,
  "times": 2,
  "imageList": null,
  "displayType": "text",
  "justView": "0",
  "fileName": null,
  "filePath": null,
  "imagePath": null,
  "imageName": null,
  "productIdList": null,
  "curPage": null,
  "pageSize": null,
  "siteCode": null,
  "statusFlag": "Publish",
  "returnCode": 0,
  "totalRows": null,
  "keywords": null,
  "avgScore": 3.0,
  "createDate": null,
  "totalPages": null
}