{
  "type": null,
  "faqId": 10308,
  "title": "秘盒M310  可以检测当前的网络速度吗？",
  "answer": " l   可以；进入“设置”—>”所有设置”—>“网络”—>“网络诊断”，点击“开始测试”即可测试当前无线网络的连接速度",
  "faqTypeId": null,
  "faqType": null,
  "useful": 0,
  "unUseful": 1,
  "languageId": 2,
  "languageName": "zh_cn",
  "faqCode": "949",
  "faqTypeCode": null,
  "isTop": "0",
  "moduleCode": "faq",
  "productId": null,
  "productCode": null,
  "postDate": 1397119768000,
  "seriesProductName": "MediaQ M3,MediaQ M310",
  "visitedTimes": 78,
  "isUsefulFlag": null,
  "score": 3,
  "times": 1,
  "imageList": null,
  "displayType": "text",
  "justView": "0",
  "fileName": null,
  "filePath": null,
  "imagePath": null,
  "imageName": null,
  "productIdList": null,
  "curPage": null,
  "pageSize": null,
  "siteCode": null,
  "statusFlag": "Publish",
  "returnCode": 0,
  "totalRows": null,
  "keywords": null,
  "avgScore": 3.0,
  "createDate": null,
  "totalPages": null
}