{
  "type": null,
  "faqId": 10306,
  "title": "秘盒M310   换遥控器后怎么重新连接？",
  "answer": "    步骤 1   步骤1.   重启秘盒。 \r\n\r\n    步骤 2    步骤2  当主界面出现后，请等待约10秒。 \r\n\r\n    步骤 3    步骤3.  同时按住 ![](http://consumer.huawei.com/support/servlet/imageServlet?dlType=HtmlAreaImage&imageId=31170)和![](http://consumer.huawei.com/support/servlet/imageServlet?dlType=HtmlAreaImage&imageId=31171)键，直到主界面右上方显示![](http://consumer.huawei.com/support/servlet/imageServlet?dlType=HtmlAreaImage&imageId=31172)，表示配对成功。",
  "faqTypeId": null,
  "faqType": null,
  "useful": 0,
  "unUseful": 1,
  "languageId": 2,
  "languageName": "zh_cn",
  "faqCode": "946",
  "faqTypeCode": null,
  "isTop": "0",
  "moduleCode": "faq",
  "productId": null,
  "productCode": null,
  "postDate": 1397119439000,
  "seriesProductName": "MediaQ M3,MediaQ M310",
  "visitedTimes": 110,
  "isUsefulFlag": null,
  "score": 1,
  "times": 1,
  "imageList": null,
  "displayType": "text",
  "justView": "0",
  "fileName": null,
  "filePath": null,
  "imagePath": null,
  "imageName": null,
  "productIdList": null,
  "curPage": null,
  "pageSize": null,
  "siteCode": null,
  "statusFlag": "Publish",
  "returnCode": 0,
  "totalRows": null,
  "keywords": null,
  "avgScore": 1.0,
  "createDate": null,
  "totalPages": null
}