{
  "type": null,
  "faqId": 10307,
  "title": "秘盒M310   AP模式、Client模式？怎样设置？",
  "answer": " l   Client模式，连接无线AP接入网络；Client的无线标志在屏幕上方右侧显示： \r\n\r\n ![](http://consumer.huawei.com/support/servlet/imageServlet?dlType=HtmlAreaImage&imageId=31174) \r\n\r\n l   AP模式，秘盒被设置为热点，外部设备如手机、平板等连接秘盒后可以实现DLNA和Airsharing功能；AP的无线标志在屏幕上方右侧显示： \r\n\r\n ![](http://consumer.huawei.com/support/servlet/imageServlet?dlType=HtmlAreaImage&imageId=31175) \r\n\r\n Client和AP模式间可手动切换 \r\n\r\n l   切换至Client模式，如以下操作：进入“设置”—>”所有设置”—>“网络”—>“网络设置”—>“无线网络开关”，选中“开启”即可设置成Client模式 \r\n\r\n ![](http://consumer.huawei.com/support/servlet/imageServlet?dlType=HtmlAreaImage&imageId=31176) \r\n\r\n l   切换至AP模式，如以下操作：进入“设置”—>”所有设置”—>“网络”—>“无线热点”—>“便携式WLAN热点”，选中“开启”即可设置成AP模式； \r\n\n![](http://consumer.huawei.com/support/servlet/imageServlet?dlType=HtmlAreaImage&imageId=31177)",
  "faqTypeId": null,
  "faqType": null,
  "useful": 0,
  "unUseful": 1,
  "languageId": 2,
  "languageName": "zh_cn",
  "faqCode": "947",
  "faqTypeCode": null,
  "isTop": "0",
  "moduleCode": "faq",
  "productId": null,
  "productCode": null,
  "postDate": 1397119731000,
  "seriesProductName": "MediaQ M3,MediaQ M310",
  "visitedTimes": 216,
  "isUsefulFlag": null,
  "score": 0,
  "times": 0,
  "imageList": null,
  "displayType": "text",
  "justView": "0",
  "fileName": null,
  "filePath": null,
  "imagePath": null,
  "imageName": null,
  "productIdList": null,
  "curPage": null,
  "pageSize": null,
  "siteCode": null,
  "statusFlag": "Publish",
  "returnCode": 0,
  "totalRows": null,
  "keywords": null,
  "avgScore": 0.0,
  "createDate": null,
  "totalPages": null
}