{
  "type": null,
  "faqId": 10304,
  "title": "秘盒M310  怎样连接无线网络网络？",
  "answer": "    步骤 1        步骤1  .   搜索Wi-Fi网络：打开“无线网络”菜单，选择“搜索网络”，出现如下界面。 \r\n\r\n                   ![](http://consumer.huawei.com/support/servlet/imageServlet?dlType=HtmlAreaImage&imageId=31165) \r\n\r\n                        选择“重新搜索“，可刷新可用网络。 \r\n\r\n               选择“添加网络”，可添加隐藏的网络。需要输入隐藏的网络名称和密码。 \r\n\r\n ![](http://consumer.huawei.com/support/servlet/imageServlet?dlType=HtmlAreaImage&imageId=31166)  \r\n\r\n    步骤 1    步骤2. 选中需要接入的家中无线网络，输入密码（如果有密码）。 \r\n\r\n ![](http://consumer.huawei.com/support/servlet/imageServlet?dlType=HtmlAreaImage&imageId=31167)",
  "faqTypeId": null,
  "faqType": null,
  "useful": 0,
  "unUseful": 0,
  "languageId": 2,
  "languageName": "zh_cn",
  "faqCode": "944",
  "faqTypeCode": null,
  "isTop": "0",
  "moduleCode": "faq",
  "productId": null,
  "productCode": null,
  "postDate": 1397119141000,
  "seriesProductName": "MediaQ M3,MediaQ M310",
  "visitedTimes": 173,
  "isUsefulFlag": null,
  "score": 3,
  "times": 1,
  "imageList": null,
  "displayType": "text",
  "justView": "0",
  "fileName": null,
  "filePath": null,
  "imagePath": null,
  "imageName": null,
  "productIdList": null,
  "curPage": null,
  "pageSize": null,
  "siteCode": null,
  "statusFlag": "Publish",
  "returnCode": 0,
  "totalRows": null,
  "keywords": null,
  "avgScore": 3.0,
  "createDate": null,
  "totalPages": null
}