{
  "type": null,
  "faqId": 10303,
  "title": "秘盒M310   通过无线可实现哪些功能？",
  "answer": " l   Wi-Fi可实现如下功能 \r\n\r\n −       支持无线DLNA、Airsharing技术，可用于连接支持DLNA或Airsharing技术的外设（如手机、平板等）；此功能需通过手机、平板中的第三方APK、APP（如华为随心控）来实现 \r\n\r\n l   蓝牙可实现如下功能 \r\n\r\n −       可连接除秘盒自带遥控器以外的蓝牙设备，如音箱、耳机",
  "faqTypeId": null,
  "faqType": null,
  "useful": 0,
  "unUseful": 0,
  "languageId": 2,
  "languageName": "zh_cn",
  "faqCode": "943",
  "faqTypeCode": null,
  "isTop": "0",
  "moduleCode": "faq",
  "productId": null,
  "productCode": null,
  "postDate": 1397118826000,
  "seriesProductName": "MediaQ M3,MediaQ M310",
  "visitedTimes": 117,
  "isUsefulFlag": null,
  "score": 0,
  "times": 0,
  "imageList": null,
  "displayType": "text",
  "justView": "0",
  "fileName": null,
  "filePath": null,
  "imagePath": null,
  "imageName": null,
  "productIdList": null,
  "curPage": null,
  "pageSize": null,
  "siteCode": null,
  "statusFlag": "Publish",
  "returnCode": 0,
  "totalRows": null,
  "keywords": null,
  "avgScore": 0.0,
  "createDate": null,
  "totalPages": null
}