{
  "type": null,
  "faqId": 10313,
  "title": "秘盒M310  升级对秘盒会有什么影响？用户数据与信息会丢失吗？",
  "answer": " l   升级持续更新优化系统，可使系统更稳定地运行 \r\n\r\n l   用户数据不会丢失；",
  "faqTypeId": null,
  "faqType": null,
  "useful": 1,
  "unUseful": 0,
  "languageId": 2,
  "languageName": "zh_cn",
  "faqCode": "906",
  "faqTypeCode": null,
  "isTop": "0",
  "moduleCode": "faq",
  "productId": null,
  "productCode": null,
  "postDate": 1397120583000,
  "seriesProductName": "MediaQ M3,MediaQ M310",
  "visitedTimes": 160,
  "isUsefulFlag": null,
  "score": 1,
  "times": 1,
  "imageList": null,
  "displayType": "text",
  "justView": "0",
  "fileName": null,
  "filePath": null,
  "imagePath": null,
  "imageName": null,
  "productIdList": null,
  "curPage": null,
  "pageSize": null,
  "siteCode": null,
  "statusFlag": "Publish",
  "returnCode": 0,
  "totalRows": null,
  "keywords": null,
  "avgScore": 1.0,
  "createDate": null,
  "totalPages": null
}