{
  "type": null,
  "faqId": 10318,
  "title": "秘盒M310  文件管理器？",
  "answer": "### \n\t1.1.1 文件管理器有哪些接口？ \n\r\n\r\n l   文件管理器内设本地存储、蓝牙访问接口，可以访问本地存储、其它Bluetooth设备传输到秘盒的数据内容 \r\n\r\n### \n\t1.1.2 文件管理器中可放置哪些可被识别格式的文件？ \n\r\n\r\n l   图片格式：JPEG，PNG，GIF，BMP \r\n\r\n l   视频格式：MKV/ RM/ RMVB/ AVI/ WMV/ ASF/ MP4/ MOV/ M4V/ TS/ FLV/ SWF/ 3GP/ 3GPP/ 3GP2/DivX/M2TS/MTS \r\n\r\n l   音频格式：MP3、WMA、WAV、AAC、MID、OGG、M4A",
  "faqTypeId": null,
  "faqType": null,
  "useful": 0,
  "unUseful": 1,
  "languageId": 2,
  "languageName": "zh_cn",
  "faqCode": "960",
  "faqTypeCode": null,
  "isTop": "0",
  "moduleCode": "faq",
  "productId": null,
  "productCode": null,
  "postDate": 1397120914000,
  "seriesProductName": "MediaQ M3,MediaQ M310",
  "visitedTimes": 136,
  "isUsefulFlag": null,
  "score": 3,
  "times": 1,
  "imageList": null,
  "displayType": "text",
  "justView": "0",
  "fileName": null,
  "filePath": null,
  "imagePath": null,
  "imageName": null,
  "productIdList": null,
  "curPage": null,
  "pageSize": null,
  "siteCode": null,
  "statusFlag": "Publish",
  "returnCode": 0,
  "totalRows": null,
  "keywords": null,
  "avgScore": 3.0,
  "createDate": null,
  "totalPages": null
}