{
  "type": null,
  "faqId": 10317,
  "title": "秘盒M310  怎样查看应用程序？",
  "answer": " l   进入“设置”—>“所有设置”—>“高级”—>“其他设置”—>“应用程序”，可查看应用程序 \r\n\r\n### \n\t1.1.1 已下载程序 \n\r\n\r\n l   会显示已更新的中国互联网电视 \r\n\r\n### \n\t1.1.2 正在运行程序 \n\r\n\r\n l   显示正在运行的所有程序，关停可能会导致系统数据丢失，请慎用 \r\n\r\n### \n\t1.1.3 所有程序 \n\r\n\r\n l   显示所有已安装和系统自带程序",
  "faqTypeId": null,
  "faqType": null,
  "useful": 0,
  "unUseful": 0,
  "languageId": 2,
  "languageName": "zh_cn",
  "faqCode": "907",
  "faqTypeCode": null,
  "isTop": "0",
  "moduleCode": "faq",
  "productId": null,
  "productCode": null,
  "postDate": 1397120878000,
  "seriesProductName": "MediaQ M3,MediaQ M310",
  "visitedTimes": 118,
  "isUsefulFlag": null,
  "score": 0,
  "times": 0,
  "imageList": null,
  "displayType": "text",
  "justView": "0",
  "fileName": null,
  "filePath": null,
  "imagePath": null,
  "imageName": null,
  "productIdList": null,
  "curPage": null,
  "pageSize": null,
  "siteCode": null,
  "statusFlag": "Publish",
  "returnCode": 0,
  "totalRows": null,
  "keywords": null,
  "avgScore": 0.0,
  "createDate": null,
  "totalPages": null
}