{
  "type": null,
  "faqId": 10315,
  "title": "秘盒M310  是否支持SD卡和USB升级？如何操作",
  "answer": " l   支持SD卡升级，暂不支持USB升级",
  "faqTypeId": null,
  "faqType": null,
  "useful": 0,
  "unUseful": 5,
  "languageId": 2,
  "languageName": "zh_cn",
  "faqCode": "956",
  "faqTypeCode": null,
  "isTop": "0",
  "moduleCode": "faq",
  "productId": null,
  "productCode": null,
  "postDate": 1397120632000,
  "seriesProductName": "MediaQ M3,MediaQ M310",
  "visitedTimes": 550,
  "isUsefulFlag": null,
  "score": 0,
  "times": 0,
  "imageList": null,
  "displayType": "text",
  "justView": "0",
  "fileName": null,
  "filePath": null,
  "imagePath": null,
  "imageName": null,
  "productIdList": null,
  "curPage": null,
  "pageSize": null,
  "siteCode": null,
  "statusFlag": "Publish",
  "returnCode": 0,
  "totalRows": null,
  "keywords": null,
  "avgScore": 0.0,
  "createDate": null,
  "totalPages": null
}