{
  "type": null,
  "faqId": 10321,
  "title": "秘盒M310  Mirror功能",
  "answer": " l   部分华为手机（P6、Mate、荣耀3等）、平板（S7 Vogue、S10 Link）与秘盒处于同一网络下可以使用Mirror功能：即把手机屏幕中显示的内容全部映射到秘盒上输出 \r\n\r\n Mirror的使用，请参考手机的使用说明详情",
  "faqTypeId": null,
  "faqType": null,
  "useful": 0,
  "unUseful": 1,
  "languageId": 2,
  "languageName": "zh_cn",
  "faqCode": "966",
  "faqTypeCode": null,
  "isTop": "0",
  "moduleCode": "faq",
  "productId": null,
  "productCode": null,
  "postDate": 1397121394000,
  "seriesProductName": "MediaQ M3,MediaQ M310",
  "visitedTimes": 415,
  "isUsefulFlag": null,
  "score": 0,
  "times": 0,
  "imageList": null,
  "displayType": "text",
  "justView": "0",
  "fileName": null,
  "filePath": null,
  "imagePath": null,
  "imageName": null,
  "productIdList": null,
  "curPage": null,
  "pageSize": null,
  "siteCode": null,
  "statusFlag": "Publish",
  "returnCode": 0,
  "totalRows": null,
  "keywords": null,
  "avgScore": 0.0,
  "createDate": null,
  "totalPages": null
}