{
  "type": null,
  "faqId": 10327,
  "title": "秘盒M310   游戏手柄",
  "answer": " l   目前手柄支持罗技F710、北通蝙蝠 BTP-2126、北通战戟  BTP-2118、北通战戟2 BTP-2165（固件版本B010上体现更新） \r\n\r\n 请用户自行购买",
  "faqTypeId": null,
  "faqType": null,
  "useful": 0,
  "unUseful": 0,
  "languageId": 2,
  "languageName": "zh_cn",
  "faqCode": "973",
  "faqTypeCode": null,
  "isTop": "0",
  "moduleCode": "faq",
  "productId": null,
  "productCode": null,
  "postDate": 1397122142000,
  "seriesProductName": "MediaQ M3,MediaQ M310",
  "visitedTimes": 159,
  "isUsefulFlag": null,
  "score": 0,
  "times": 0,
  "imageList": null,
  "displayType": "text",
  "justView": "0",
  "fileName": null,
  "filePath": null,
  "imagePath": null,
  "imageName": null,
  "productIdList": null,
  "curPage": null,
  "pageSize": null,
  "siteCode": null,
  "statusFlag": "Publish",
  "returnCode": 0,
  "totalRows": null,
  "keywords": null,
  "avgScore": 0.0,
  "createDate": null,
  "totalPages": null
}