{
  "type": null,
  "faqId": 10325,
  "title": "秘盒M310  视音频播放问题",
  "answer": "### \n\t1.1.1 秘盒支持哪些格式的字幕？ \n\r\n\r\n l  秘盒支持三种主流外挂字幕格式：SRT,SSA,ASS \r\n\r\n 视频播放器会在当前播放文件的路径下搜索与视频文件同名的字幕文件，将字幕文件装载到视频播放引擎中，在视频解码时对字幕文件做解析并合成显示。 \r\n\r\n### \n\t1.1.2 能否支持3D？ \n\r\n\r\n l  支持；秘盒支持主流的上下和左右扫描方式的3D片源 \r\n\r\n l  需配置3D电视观看3D节目 \r\n\r\n### \n\t1.1.3 蓝光高清对网速有没有要求 \n\r\n\r\n l  蓝光高清媒体文件播放，码流比较高，主要取决于网络。 \r\n\r\n### \n\t1.1.4 秘盒能头解码H265节目吗？ \n\r\n\r\n l  暂时不支持 \r\n\r\n### \n\t1.1.5 秘盒自带解码器支支持5.1声道的源码输出？ \n\r\n\r\n l  暂时不支持 \r\n\r\n### \n\t1.1.6 秘盒带有DTS 5.1声道吗？ \n\r\n\r\n l  秘盒规格不支持",
  "faqTypeId": null,
  "faqType": null,
  "useful": 0,
  "unUseful": 0,
  "languageId": 2,
  "languageName": "zh_cn",
  "faqCode": "909",
  "faqTypeCode": null,
  "isTop": "0",
  "moduleCode": "faq",
  "productId": null,
  "productCode": null,
  "postDate": 1397121980000,
  "seriesProductName": "MediaQ M3,MediaQ M310",
  "visitedTimes": 187,
  "isUsefulFlag": null,
  "score": 6,
  "times": 2,
  "imageList": null,
  "displayType": "text",
  "justView": "0",
  "fileName": null,
  "filePath": null,
  "imagePath": null,
  "imageName": null,
  "productIdList": null,
  "curPage": null,
  "pageSize": null,
  "siteCode": null,
  "statusFlag": "Publish",
  "returnCode": 0,
  "totalRows": null,
  "keywords": null,
  "avgScore": 3.0,
  "createDate": null,
  "totalPages": null
}