{
  "type": null,
  "faqId": 10328,
  "title": "秘盒M310   SPDIF方头转3.5mm圆头转接头",
  "answer": " l   秘盒不附带SPDIF方头转3.5mm圆头转接头 \r\n\r\n 请户自行购买（客服可引导客户上淘宝等网点搜索购买，价格十元不到） \r\n\r\n 实物举例 \r\n\r\n ![](http://consumer.huawei.com/support/servlet/imageServlet?dlType=HtmlAreaImage&imageId=31216)",
  "faqTypeId": null,
  "faqType": null,
  "useful": 0,
  "unUseful": 0,
  "languageId": 2,
  "languageName": "zh_cn",
  "faqCode": "974",
  "faqTypeCode": null,
  "isTop": "0",
  "moduleCode": "faq",
  "productId": null,
  "productCode": null,
  "postDate": 1397122210000,
  "seriesProductName": "MediaQ M3,MediaQ M310",
  "visitedTimes": 141,
  "isUsefulFlag": null,
  "score": 0,
  "times": 0,
  "imageList": null,
  "displayType": "text",
  "justView": "0",
  "fileName": null,
  "filePath": null,
  "imagePath": null,
  "imageName": null,
  "productIdList": null,
  "curPage": null,
  "pageSize": null,
  "siteCode": null,
  "statusFlag": "Publish",
  "returnCode": 0,
  "totalRows": null,
  "keywords": null,
  "avgScore": 0.0,
  "createDate": null,
  "totalPages": null
}