{
  "type": null,
  "faqId": 10320,
  "title": "秘盒M310  华为账号",
  "answer": " l   添加华为账号 \r\n\r\n 进入“设置”—>“所有设置”—>“分享”—>“账户与同步”，点击“添加账户”进行添加 \r\n\r\n ![](http://consumer.huawei.com/support/servlet/imageServlet?dlType=HtmlAreaImage&imageId=31192)  \r\n\r\n l   解除华为账号： \r\n\r\n 进入“设置”—>“所有设置”—>“分享”—>“账户与同步”，点击已绑定账号进行绑定解除或删除账号操作",
  "faqTypeId": null,
  "faqType": null,
  "useful": 0,
  "unUseful": 0,
  "languageId": 2,
  "languageName": "zh_cn",
  "faqCode": "963",
  "faqTypeCode": null,
  "isTop": "0",
  "moduleCode": "faq",
  "productId": null,
  "productCode": null,
  "postDate": 1397121089000,
  "seriesProductName": "MediaQ M3,MediaQ M310",
  "visitedTimes": 372,
  "isUsefulFlag": null,
  "score": 0,
  "times": 0,
  "imageList": null,
  "displayType": "text",
  "justView": "0",
  "fileName": null,
  "filePath": null,
  "imagePath": null,
  "imageName": null,
  "productIdList": null,
  "curPage": null,
  "pageSize": null,
  "siteCode": null,
  "statusFlag": "Publish",
  "returnCode": 0,
  "totalRows": null,
  "keywords": null,
  "avgScore": 0.0,
  "createDate": null,
  "totalPages": null
}