{
  "type": null,
  "faqId": 10323,
  "title": "秘盒M310  CNTV节目点播",
  "answer": "### \n\t1.1.1 怎么选择节目与收藏节目？ \n\r\n\r\n l   方法一：在节目的播放介绍界面，点击“收藏”可以将节目添加到“收藏”里，如下收藏图示： \r\n\r\n ![](http://consumer.huawei.com/support/servlet/imageServlet?dlType=HtmlAreaImage&imageId=31201)  \r\n\r\n l   方法二：在节目详情页按遥控器上“☆”键也可收藏节目 \r\n\r\n l   进入“影视”—>“更多影视”—>“我的收藏”中找到已收藏节目 \r\n\r\n### \n\t1.1.1 如何选择高清标清？ \n\r\n\r\n l   在点击“播放”后，会出现提示：选择“高清”还是“标清”。请根据家中的实际网络带宽与流畅度来选择，以免影响观看体验 \r\n\n![](http://consumer.huawei.com/support/servlet/imageServlet?dlType=HtmlAreaImage&imageId=31202) \n\r\n\r\n### \n\t1.1.1 节目暂停、快进退、声音调节？ \n\r\n\r\n l   节目暂停，请按遥控器上的“OK”键暂停，再按“OK”键可恢复播放 \r\n\n![](http://consumer.huawei.com/support/servlet/imageServlet?dlType=HtmlAreaImage&imageId=31203) \n\r\n\r\n l   节目快进，请长按遥控器上的“向右”键 ![](http://consumer.huawei.com/support/servlet/imageServlet?dlType=HtmlAreaImage&imageId=31205)；节目快退，请长按“向左”方向键![](http://consumer.huawei.com/support/servlet/imageServlet?dlType=HtmlAreaImage&imageId=31206)。 \r\n\r\n 快进的速度视节目长度而定 \r\n\r\n l   声音调节，请按![](http://consumer.huawei.com/support/servlet/imageServlet?dlType=HtmlAreaImage&imageId=31207)进行音量增减，屏幕显示音量大小 \r\n\r\n ![](http://consumer.huawei.com/support/servlet/imageServlet?dlType=HtmlAreaImage&imageId=31208) \r\n\r\n### \n\t1.1.1 节目搜索怎么使用？ \n\r\n\r\n l   在“搜索”界面输入节目首字母，可搜索到想观看的节目 \r\n\n![](http://consumer.huawei.com/support/servlet/imageServlet?dlType=HtmlAreaImage&imageId=31209)  \r\n\r\n### \n\t1.1.1 播放记录会清空吗？可以手动清空吗？ \n\r\n\r\n l   秘盒的收看记录是不能被手动清除的 \r\n\r\n l   保留30个最近记录，自动删除老记录 \r\n\r\n l   进入“影视”->“最近观看”可查看到观看记录，如下图示： \r\n\n![](http://consumer.huawei.com/support/servlet/imageServlet?dlType=HtmlAreaImage&imageId=31210)",
  "faqTypeId": null,
  "faqType": null,
  "useful": 0,
  "unUseful": 0,
  "languageId": 2,
  "languageName": "zh_cn",
  "faqCode": "968",
  "faqTypeCode": null,
  "isTop": "0",
  "moduleCode": "faq",
  "productId": null,
  "productCode": null,
  "postDate": 1397121903000,
  "seriesProductName": "MediaQ M3,MediaQ M310",
  "visitedTimes": 293,
  "isUsefulFlag": null,
  "score": 0,
  "times": 0,
  "imageList": null,
  "displayType": "text",
  "justView": "0",
  "fileName": null,
  "filePath": null,
  "imagePath": null,
  "imageName": null,
  "productIdList": null,
  "curPage": null,
  "pageSize": null,
  "siteCode": null,
  "statusFlag": "Publish",
  "returnCode": 0,
  "totalRows": null,
  "keywords": null,
  "avgScore": 0.0,
  "createDate": null,
  "totalPages": null
}