{
  "type": null,
  "faqId": 10331,
  "title": "秘盒M310 播放节目很卡是什么原因？怎么解决？",
  "answer": " l   可能是家庭无线网络质量不佳，观看高清节目需保障网络网速 \r\n\r\n l   检查无线网络，确保网络畅通； \r\n\r\n l   如果网速较慢，请将高清节目切换至标清",
  "faqTypeId": null,
  "faqType": null,
  "useful": 0,
  "unUseful": 4,
  "languageId": 2,
  "languageName": "zh_cn",
  "faqCode": "980",
  "faqTypeCode": null,
  "isTop": "0",
  "moduleCode": "faq",
  "productId": null,
  "productCode": null,
  "postDate": 1397122534000,
  "seriesProductName": "MediaQ M3,MediaQ M310",
  "visitedTimes": 273,
  "isUsefulFlag": null,
  "score": 3,
  "times": 1,
  "imageList": null,
  "displayType": "text",
  "justView": "0",
  "fileName": null,
  "filePath": null,
  "imagePath": null,
  "imageName": null,
  "productIdList": null,
  "curPage": null,
  "pageSize": null,
  "siteCode": null,
  "statusFlag": "Publish",
  "returnCode": 0,
  "totalRows": null,
  "keywords": null,
  "avgScore": 3.0,
  "createDate": null,
  "totalPages": null
}