{
  "type": null,
  "faqId": 10332,
  "title": "秘盒M310   使用时有节目图像，但是没有声音",
  "answer": " l   电视机设置了静音。请按<静音>键打开声音。 \r\n\r\n l   电视机或盒子的音量调到了最小。请按音量调节键调大音量。 \r\n\nl 连接了蓝牙耳机或音箱，请确保耳机和音箱有声音输出\n",
  "faqTypeId": null,
  "faqType": null,
  "useful": 0,
  "unUseful": 4,
  "languageId": 2,
  "languageName": "zh_cn",
  "faqCode": "911",
  "faqTypeCode": null,
  "isTop": "0",
  "moduleCode": "faq",
  "productId": null,
  "productCode": null,
  "postDate": 1397122604000,
  "seriesProductName": "MediaQ M3,MediaQ M310",
  "visitedTimes": 66,
  "isUsefulFlag": null,
  "score": 9,
  "times": 3,
  "imageList": null,
  "displayType": "text",
  "justView": "0",
  "fileName": null,
  "filePath": null,
  "imagePath": null,
  "imageName": null,
  "productIdList": null,
  "curPage": null,
  "pageSize": null,
  "siteCode": null,
  "statusFlag": "Publish",
  "returnCode": 0,
  "totalRows": null,
  "keywords": null,
  "avgScore": 3.0,
  "createDate": null,
  "totalPages": null
}