{
  "type": null,
  "faqId": 10336,
  "title": "秘盒M310  不识别外部存储设备（USB、SD卡、硬盘）怎么办？",
  "answer": " l   请确保外部存储设备能正常使用 \r\n\r\n l   如果外部存储设备正常，请重启秘盒 \r\n\r\n l   请尝试多次插拔外部设备连接口，看秘盒能否识别",
  "faqTypeId": null,
  "faqType": null,
  "useful": 0,
  "unUseful": 1,
  "languageId": 2,
  "languageName": "zh_cn",
  "faqCode": "983",
  "faqTypeCode": null,
  "isTop": "0",
  "moduleCode": "faq",
  "productId": null,
  "productCode": null,
  "postDate": 1397122871000,
  "seriesProductName": "MediaQ M3,MediaQ M310",
  "visitedTimes": 359,
  "isUsefulFlag": null,
  "score": 1,
  "times": 1,
  "imageList": null,
  "displayType": "text",
  "justView": "0",
  "fileName": null,
  "filePath": null,
  "imagePath": null,
  "imageName": null,
  "productIdList": null,
  "curPage": null,
  "pageSize": null,
  "siteCode": null,
  "statusFlag": "Publish",
  "returnCode": 0,
  "totalRows": null,
  "keywords": null,
  "avgScore": 1.0,
  "createDate": null,
  "totalPages": null
}