{
  "type": null,
  "faqId": 10330,
  "title": "秘盒M310  无线连接无问题，但不能播放节目怎么办？",
  "answer": " l   检查同一无线环境下，其它设备是否能正常使用网络；如果其它设备也不能正常访问网络，请检查家中接入网络是否有问题； \r\n\r\n l   检测网络速度，如果家中网络速度过慢，则不能正常播放节目 \r\n\r\n l   换其它节目试一下能否正常观看，如果其它节目能正常观看则是片源问题",
  "faqTypeId": null,
  "faqType": null,
  "useful": 0,
  "unUseful": 8,
  "languageId": 2,
  "languageName": "zh_cn",
  "faqCode": "979",
  "faqTypeCode": null,
  "isTop": "0",
  "moduleCode": "faq",
  "productId": null,
  "productCode": null,
  "postDate": 1397122509000,
  "seriesProductName": "MediaQ M3,MediaQ M310",
  "visitedTimes": 419,
  "isUsefulFlag": null,
  "score": 25,
  "times": 9,
  "imageList": null,
  "displayType": "text",
  "justView": "0",
  "fileName": null,
  "filePath": null,
  "imagePath": null,
  "imageName": null,
  "productIdList": null,
  "curPage": null,
  "pageSize": null,
  "siteCode": null,
  "statusFlag": "Publish",
  "returnCode": 0,
  "totalRows": null,
  "keywords": null,
  "avgScore": 2.8,
  "createDate": null,
  "totalPages": null
}