{
  "type": null,
  "faqId": 10334,
  "title": "秘盒M310   使用过程中出现遥控器失灵的现象",
  "answer": " l   遥控器电池电量不足。请更换电池。 \r\n\r\n l   遥控器电池正负极装反。请重装电池。 \r\n\r\n l   遥控器未成功配对，重新启动M310，将遥控配和M310进行配对。配对方法：将M310 断电后重启，同时按住确认键和音量+ 键，持续5 秒后松开。 \r\n\nl 遥控器超过工作范围（5米内）。请置于工作范围内",
  "faqTypeId": null,
  "faqType": null,
  "useful": 0,
  "unUseful": 18,
  "languageId": 2,
  "languageName": "zh_cn",
  "faqCode": "915",
  "faqTypeCode": null,
  "isTop": "0",
  "moduleCode": "faq",
  "productId": null,
  "productCode": null,
  "postDate": 1397122716000,
  "seriesProductName": "MediaQ M3,MediaQ M310",
  "visitedTimes": 755,
  "isUsefulFlag": null,
  "score": 15,
  "times": 5,
  "imageList": null,
  "displayType": "text",
  "justView": "0",
  "fileName": null,
  "filePath": null,
  "imagePath": null,
  "imageName": null,
  "productIdList": null,
  "curPage": null,
  "pageSize": null,
  "siteCode": null,
  "statusFlag": "Publish",
  "returnCode": 0,
  "totalRows": null,
  "keywords": null,
  "avgScore": 3.0,
  "createDate": null,
  "totalPages": null
}