{
  "type": null,
  "faqId": 10339,
  "title": "G620-L75智能机常见问题",
  "answer": " 如果想了解更多关于 G620-L75智能机常见问题，请点击以下网址： \r\n\r\n [http://consumer.huawei.com/cn/support/manuals/detail/index.htm?id=19441](http://consumer.huawei.com/cn/support/manuals/detail/index.htm?id=19441)",
  "faqTypeId": null,
  "faqType": null,
  "useful": 3,
  "unUseful": 0,
  "languageId": 2,
  "languageName": "zh_cn",
  "faqCode": "984",
  "faqTypeCode": null,
  "isTop": "0",
  "moduleCode": "faq",
  "productId": null,
  "productCode": null,
  "postDate": 1397123210000,
  "seriesProductName": "G620-L75",
  "visitedTimes": 822,
  "isUsefulFlag": null,
  "score": 0,
  "times": 0,
  "imageList": null,
  "displayType": "text",
  "justView": "0",
  "fileName": null,
  "filePath": null,
  "imagePath": null,
  "imageName": null,
  "productIdList": null,
  "curPage": null,
  "pageSize": null,
  "siteCode": null,
  "statusFlag": "Publish",
  "returnCode": 0,
  "totalRows": null,
  "keywords": "G620-L75 常见问题",
  "avgScore": 0.0,
  "createDate": null,
  "totalPages": null
}