{
  "type": null,
  "faqId": 10333,
  "title": "秘盒M310  怎么关掉遥控器按键声音？",
  "answer": " l   进入“设置”—>“所有设置”—>“高级”—>“设备设置”—>“声音”—>“点击提示音”进行关闭与开启操作",
  "faqTypeId": null,
  "faqType": null,
  "useful": 0,
  "unUseful": 0,
  "languageId": 2,
  "languageName": "zh_cn",
  "faqCode": "913",
  "faqTypeCode": null,
  "isTop": "0",
  "moduleCode": "faq",
  "productId": null,
  "productCode": null,
  "postDate": 1397122665000,
  "seriesProductName": "MediaQ M3,MediaQ M310",
  "visitedTimes": 61,
  "isUsefulFlag": null,
  "score": 0,
  "times": 0,
  "imageList": null,
  "displayType": "text",
  "justView": "0",
  "fileName": null,
  "filePath": null,
  "imagePath": null,
  "imageName": null,
  "productIdList": null,
  "curPage": null,
  "pageSize": null,
  "siteCode": null,
  "statusFlag": "Publish",
  "returnCode": 0,
  "totalRows": null,
  "keywords": null,
  "avgScore": 0.0,
  "createDate": null,
  "totalPages": null
}