{
  "type": null,
  "faqId": 10338,
  "title": "秘盒M310   CNTV网络视频无法播放怎么办？",
  "answer": "### \n\t1.1.1 “无法获取视频地址”故障 \n\r\n\r\n l  故障现象：点播节目时均提示“无法获取视频地址” \r\n\r\n 【解决方案】： \r\n\r\n    步骤 1    步骤1.  用户登录CNTV提供的测试网页[http://webtest.icntv.tv/webtest/?from=HUAWEI ](http://webtest.icntv.tv/webtest/?from=HUAWEI%20)；准确填写用户具体信息；在故障描述中统一填写“所有CNTV源均无法播放，提示信息为无法获取视频地址”，按照网站的相应提示进行操作，此数据会回传至CNTV后台 \r\n\r\n    步骤 2    步骤2.  手动配置网关或路由器设备中的DNS为8.8.8.8或114.114.114.114（此为临时方案），重启终端设备或断电重启，重新尝试点播 \r\n\r\n 步骤3  若故障依旧没有解决，请在[http://webtest.icntv.tv/webtest/?from=HUAWEI ](http://webtest.icntv.tv/webtest/?from=HUAWEI%20)网站下载我们的测试工具包，解压缩到您电脑本地磁盘，解压缩到C盘以外的其他磁盘，例如D盘=>点击cdn-net-main.bat=>在弹出的黑色窗口，请按照提示操作（测试工具中有4项需要您填写。分别是your name(姓名)、city(城市)、referrer(宽带运营商)、network bandwidth(带宽大小)）直到提示“按下任意键退出”（整个过程大约15-20分钟，切勿手动关闭）=>测试工具正常关闭后，请将存放工具的文件夹下新生成的“RESULT_”开头的.log文件发送给我们（E-MAIL：[service@icntv.tv](mailto:service@icntv.tv)） \r\n\r\n### \n\t1.1.1 CNTV无法登录怎么办? \n\r\n\r\n l  情况一，网速不好；CNTV应用发送认证请求时，如果网速不好到时失败，之后要等十分钟后才能重新发送认证请求，属于CNTV应用问题。目前CNTV正在处理中。 \r\n\r\n 【处理方法】 \r\n\r\n 测试家中的网络速度，见FAQ **可以检测当前的网络速度吗？** \r\n\r\n 确保家中网速恢复正常后，重启秘盒进行点播 \r\n\r\n l  情况二，DNS服务器解析问题；各地小电信运营商提供的服务器不能解析域名。其它厂商盒子也存在同样的问题 \r\n\r\n 【处理方法】 \r\n\r\n 将家中无线网关或路由器的DNS为8.8.8.8或114.114.114.114（此举暂行处理方法，待CNTV升级应用解决） \r\n\r\n 以上两种情况，请指导用户做以下处理： \r\n\n用户登录CNTV提供的测试网页[http://webtest.icntv.tv/webtest/?from=HUAWEI ](http://webtest.icntv.tv/webtest/?from=HUAWEI%20)；准确填写用户具体信息；在故障描述中统一填写“所有CNTV源均无法播放，提示信息  为无法获取视频地址”，按照网站的相应提示进行操作，此数据会回传至CNTV后台. \n\r\n\r\n### \n\t1.1.1 CNTV节目播放时提示“认证权限失败”怎么? \n\r\n\r\n l  情况一，属于CNTV服务器后台问题，认证同步时有时延造成认证失败；（其它带CNTV平台的盒子也会出现此类问题），CNTV正在定位修复中。 \r\n\r\n 【处理方法】 \r\n\r\n 确保家中网速正常，重启秘盒稍后重试； \r\n\r\n l  情况二，MAC未被CNTV授权 \r\n\r\n 需确认MAC是否已经在CNTV授权范围内（出现情况较少） \r\n\r\n 【处理方法】请用户提供MAC地址，反馈到公司做调查 \r\n\r\n               上述问题都需提供MAC地址、用户联系方式，以便定位",
  "faqTypeId": null,
  "faqType": null,
  "useful": 0,
  "unUseful": 0,
  "languageId": 2,
  "languageName": "zh_cn",
  "faqCode": "918",
  "faqTypeCode": null,
  "isTop": "0",
  "moduleCode": "faq",
  "productId": null,
  "productCode": null,
  "postDate": 1397123181000,
  "seriesProductName": "MediaQ M3,MediaQ M310",
  "visitedTimes": 1461,
  "isUsefulFlag": null,
  "score": 12,
  "times": 4,
  "imageList": null,
  "displayType": "text",
  "justView": "0",
  "fileName": null,
  "filePath": null,
  "imagePath": null,
  "imageName": null,
  "productIdList": null,
  "curPage": null,
  "pageSize": null,
  "siteCode": null,
  "statusFlag": "Publish",
  "returnCode": 0,
  "totalRows": null,
  "keywords": null,
  "avgScore": 3.0,
  "createDate": null,
  "totalPages": null
}