{
  "type": null,
  "faqId": 10335,
  "title": "秘盒M310  为什么第一次开机（包括升级后第一次开机）比较慢",
  "answer": " l   第一次开机时，秘盒需配置系统参数、安装预置APK、初始化分辨率等，所以第一次开机速度会比后面每一次开机要稍慢一些。",
  "faqTypeId": null,
  "faqType": null,
  "useful": 0,
  "unUseful": 0,
  "languageId": 2,
  "languageName": "zh_cn",
  "faqCode": "982",
  "faqTypeCode": null,
  "isTop": "0",
  "moduleCode": "faq",
  "productId": null,
  "productCode": null,
  "postDate": 1397122845000,
  "seriesProductName": "MediaQ M3,MediaQ M310",
  "visitedTimes": 181,
  "isUsefulFlag": null,
  "score": 0,
  "times": 0,
  "imageList": null,
  "displayType": "text",
  "justView": "0",
  "fileName": null,
  "filePath": null,
  "imagePath": null,
  "imageName": null,
  "productIdList": null,
  "curPage": null,
  "pageSize": null,
  "siteCode": null,
  "statusFlag": "Publish",
  "returnCode": 0,
  "totalRows": null,
  "keywords": null,
  "avgScore": 0.0,
  "createDate": null,
  "totalPages": null
}