{
  "type": null,
  "faqId": 10337,
  "title": "秘盒M310   恢复出厂设置",
  "answer": "### \n\t1.1.1 什么情况下需要恢复出厂设置？ \n\r\n\r\n l   对于下电重启不能解决的系统问题，可通过恢复出厂设置来解决。 \r\n\r\n### \n\t1.1.1 怎么恢复出厂设置？ \n\r\n\r\n l   进入“设置”—>“所有设置”—>“高级”—>“恢复出厂设置”，选中并点击“重置MediaQ”。请注意“是否格式化内部存储空间”是否选中，选中后重置MediaQ会导致内部存储数据的清除 \r\n\r\n ![](http://consumer.huawei.com/support/servlet/imageServlet?dlType=HtmlAreaImage&imageId=31222)  \r\n\r\n### \n\t1.1.2 恢复出厂设置对秘盒会有什么影响？ \n\r\n\r\n l   恢复出厂设置回使秘盒恢复到产品最后一次升级的状态",
  "faqTypeId": null,
  "faqType": null,
  "useful": 1,
  "unUseful": 5,
  "languageId": 2,
  "languageName": "zh_cn",
  "faqCode": "917",
  "faqTypeCode": null,
  "isTop": "0",
  "moduleCode": "faq",
  "productId": null,
  "productCode": null,
  "postDate": 1397122898000,
  "seriesProductName": "MediaQ M3,MediaQ M310",
  "visitedTimes": 1215,
  "isUsefulFlag": null,
  "score": 7,
  "times": 3,
  "imageList": null,
  "displayType": "text",
  "justView": "1",
  "fileName": null,
  "filePath": null,
  "imagePath": null,
  "imageName": null,
  "productIdList": null,
  "curPage": null,
  "pageSize": null,
  "siteCode": null,
  "statusFlag": "Publish",
  "returnCode": 0,
  "totalRows": null,
  "keywords": null,
  "avgScore": 2.3,
  "createDate": null,
  "totalPages": null
}