{
  "type": null,
  "faqId": 10341,
  "title": "秘盒M310   随心控搜索不到秘盒怎么办？",
  "answer": " l   确保秘盒跟手机在同一个网络中 \r\n\r\n l   如果还找不到，建议重启路由器和手机",
  "faqTypeId": null,
  "faqType": null,
  "useful": 0,
  "unUseful": 4,
  "languageId": 2,
  "languageName": "zh_cn",
  "faqCode": "986",
  "faqTypeCode": null,
  "isTop": "0",
  "moduleCode": "faq",
  "productId": null,
  "productCode": null,
  "postDate": 1397123284000,
  "seriesProductName": "MediaQ M3,MediaQ M310",
  "visitedTimes": 581,
  "isUsefulFlag": null,
  "score": 5,
  "times": 3,
  "imageList": null,
  "displayType": "text",
  "justView": "0",
  "fileName": null,
  "filePath": null,
  "imagePath": null,
  "imageName": null,
  "productIdList": null,
  "curPage": null,
  "pageSize": null,
  "siteCode": null,
  "statusFlag": "Publish",
  "returnCode": 0,
  "totalRows": null,
  "keywords": null,
  "avgScore": 1.7,
  "createDate": null,
  "totalPages": null
}