{
  "type": null,
  "faqId": 10340,
  "title": "秘盒M310   秘盒在播放手机或平板图片的时候会有停顿",
  "answer": " l   推送图片，受无线网络环境因素影响很大，如：家中的微波炉、周边路由器数量、接入网关设备的数量等 \r\n\r\n l   可以把秘盒设置为热点模式（即AP模式），试试效果，体验一定有大的提升；",
  "faqTypeId": null,
  "faqType": null,
  "useful": 0,
  "unUseful": 0,
  "languageId": 2,
  "languageName": "zh_cn",
  "faqCode": "985",
  "faqTypeCode": null,
  "isTop": "0",
  "moduleCode": "faq",
  "productId": null,
  "productCode": null,
  "postDate": 1397123260000,
  "seriesProductName": "MediaQ M3,MediaQ M310",
  "visitedTimes": 176,
  "isUsefulFlag": null,
  "score": 12,
  "times": 4,
  "imageList": null,
  "displayType": "text",
  "justView": "0",
  "fileName": null,
  "filePath": null,
  "imagePath": null,
  "imageName": null,
  "productIdList": null,
  "curPage": null,
  "pageSize": null,
  "siteCode": null,
  "statusFlag": "Publish",
  "returnCode": 0,
  "totalRows": null,
  "keywords": null,
  "avgScore": 3.0,
  "createDate": null,
  "totalPages": null
}