{
  "type": null,
  "faqId": 10485,
  "title": "P6-U06    手机按键介绍",
  "answer": " 任意界面下， \r\n\r\n l  点击![](http://consumer.huawei.com/support/servlet/imageServlet?dlType=HtmlAreaImage&imageId=31637)，返回到上级界面或退出程序。 \r\n\r\n l  点击![](http://consumer.huawei.com/support/servlet/imageServlet?dlType=HtmlAreaImage&imageId=31638)，返回主屏幕。 \r\n\r\n l  点击![](http://consumer.huawei.com/support/servlet/imageServlet?dlType=HtmlAreaImage&imageId=31639)，打开最近使用的应用列表。 \r\n\r\n l 点击![](http://consumer.huawei.com/support/servlet/imageServlet?dlType=HtmlAreaImage&imageId=31640)，隐藏虚拟键导航栏；从界面底部向上滑动可打开虚拟键导航栏。您可以在中开或关闭导航栏虚拟按键的隐藏功能。 \r\n\r\n l  按电源键，关闭或点亮屏幕；长按电源键10秒以上，强制重启手机。 \r\n\r\n l  同时按住电源键和音量下键，截取屏幕。 \r\n\r\n ![](http://consumer.huawei.com/support/servlet/imageServlet?dlType=HtmlAreaImage&imageId=31641)",
  "faqTypeId": 144,
  "faqType": "其他",
  "useful": 0,
  "unUseful": 0,
  "languageId": 2,
  "languageName": "zh_cn",
  "faqCode": "1221",
  "faqTypeCode": "Handsets-Others",
  "isTop": "0",
  "moduleCode": "faq",
  "productId": null,
  "productCode": null,
  "postDate": 1397621969000,
  "seriesProductName": "EDGE-U00",
  "visitedTimes": 43,
  "isUsefulFlag": null,
  "score": 0,
  "times": 0,
  "imageList": null,
  "displayType": "text",
  "justView": "0",
  "fileName": null,
  "filePath": null,
  "imagePath": null,
  "imageName": null,
  "productIdList": null,
  "curPage": null,
  "pageSize": null,
  "siteCode": null,
  "statusFlag": "Publish",
  "returnCode": 0,
  "totalRows": null,
  "keywords": null,
  "avgScore": 0.0,
  "createDate": null,
  "totalPages": null
}