{
  "type": null,
  "faqId": 10486,
  "title": "P6-U06    安装手机",
  "answer": " HUAWEI P6-U06电池盖不可拆卸。 \r\n\r\n HUAWEI P6-U06支持微型SIM卡。请咨询您的网络运营商更换或购买微型SIM卡。 \r\n\r\n HUAWEI P6-U06 支持单SIM 卡及microSD 卡。安装时，请将顶针插入 microSD 卡座或微型 SIM 卡座旁的小孔中，使卡座弹出。并请根据卡座上的提示正确安装微型SIM 卡和microSD 卡。 \r\n\r\n 安装完成后，按住电源键几秒钟，开启您的HUAWEI P6-U06 之旅。 \r\n\r\n **注意**：请勿在开机状态下插拔微型SIM卡 \r\n\r\n ![](http://consumer.huawei.com/support/servlet/imageServlet?dlType=HtmlAreaImage&imageId=31642) \r\n\r\n 为避免因为错误安装导致网络注册失败，安装微型 SIM 卡时，请勿交换SIM卡和Micro SD 卡的位置。 \r\n\r\n 使用顶针时，请注意安全，防止戳伤手指或损伤手机。请保管好您的顶针，将其放置在儿童接触不到的地方，防止儿童无意中吞食或戳伤自己。",
  "faqTypeId": 144,
  "faqType": "其他",
  "useful": 0,
  "unUseful": 0,
  "languageId": 2,
  "languageName": "zh_cn",
  "faqCode": "1187",
  "faqTypeCode": "Handsets-Others",
  "isTop": "0",
  "moduleCode": "faq",
  "productId": null,
  "productCode": null,
  "postDate": 1397622106000,
  "seriesProductName": "EDGE-U00",
  "visitedTimes": 405,
  "isUsefulFlag": null,
  "score": 0,
  "times": 0,
  "imageList": null,
  "displayType": "text",
  "justView": "0",
  "fileName": null,
  "filePath": null,
  "imagePath": null,
  "imageName": null,
  "productIdList": null,
  "curPage": null,
  "pageSize": null,
  "siteCode": null,
  "statusFlag": "Publish",
  "returnCode": 0,
  "totalRows": null,
  "keywords": null,
  "avgScore": 0.0,
  "createDate": null,
  "totalPages": null
}