{
  "type": null,
  "faqId": 10490,
  "title": "P6-U06   主屏幕简介",
  "answer": "### \n\t1. 快速添加/删除主屏幕 \n\r\n\r\n 在主屏幕使用缩小手势，就可触发快速添加/删除主屏幕。 \r\n\r\n ![](http://consumer.huawei.com/support/servlet/imageServlet?dlType=HtmlAreaImage&imageId=31659)  \r\n\r\n 图1 编辑主屏幕 \r\n\n切换2D/3D界面：此产品不支持3D桌面，所以不支持切换  \r\n\r\n### \n\t2.主菜单简介 \n\r\n\r\n EmotionUI界面，主菜单即是idle界面，默认为四个屏幕，可以左右滑动来翻页。用户可以将应用程序和控件的快捷方式放置在主界面上，并可在主界面上点击图标启动应用程序。 \r\n\r\n 图1.5.2为开机主屏幕的截图，由上到下各标记为： \r\n\r\n 1、信号栏区域； \r\n\r\n 2、MeWigdet区域； \r\n\r\n 3、桌面快捷方式； \r\n\r\n 4、dock区域，放置应用程序的快捷方式，翻屏时该区域的应用快捷方式不随着移动。 \r\n\r\n 放置在主屏幕的元素可以是应用程序的快捷方式和窗口小部件。用户可以将一个应用程序的快捷方式拖动到已经放置快捷方式的位置，这样会形成一个文件夹，里面包含两个应用程序的快捷方式。 \r\n\r\n ![](http://consumer.huawei.com/support/servlet/imageServlet?dlType=HtmlAreaImage&imageId=31661)  \r\n\r\n 图2 主屏幕简介  \r\n\r\n### \n\t3. 编辑主菜单 \n\r\n\r\n 主屏幕上的快捷方式和窗口小部件都可以通过长按它触发编辑。编辑操作包括任意拖动，也可以拖动到图示位置1，触发卸载应用将其删除。 \r\n\r\n ![](http://consumer.huawei.com/support/servlet/imageServlet?dlType=HtmlAreaImage&imageId=31662)  \r\n\r\n **注意**：系统关键应用是无法删除的 \r\n\r\n### \n\t4. 如何添加快捷图标到桌面 \n\r\n\r\n 长按主屏幕空白处或者按菜单键触发，选择进入窗口小工具。长按一个窗口小工具，将其拖动到桌面空白处即可。 \r\n\n![](http://consumer.huawei.com/support/servlet/imageServlet?dlType=HtmlAreaImage&imageId=31663)",
  "faqTypeId": 134,
  "faqType": "硬件与外观",
  "useful": 0,
  "unUseful": 2,
  "languageId": 2,
  "languageName": "zh_cn",
  "faqCode": "1225",
  "faqTypeCode": "Handsets-Hardware-Appearance",
  "isTop": "0",
  "moduleCode": "faq",
  "productId": null,
  "productCode": null,
  "postDate": 1397629229000,
  "seriesProductName": "EDGE-U00",
  "visitedTimes": 54,
  "isUsefulFlag": null,
  "score": 0,
  "times": 0,
  "imageList": null,
  "displayType": "text",
  "justView": "0",
  "fileName": null,
  "filePath": null,
  "imagePath": null,
  "imageName": null,
  "productIdList": null,
  "curPage": null,
  "pageSize": null,
  "siteCode": null,
  "statusFlag": "Publish",
  "returnCode": 0,
  "totalRows": null,
  "keywords": null,
  "avgScore": 0.0,
  "createDate": null,
  "totalPages": null
}