{
  "type": null,
  "faqId": 10491,
  "title": "P6-U06   联系人",
  "answer": "### \n\t1 新建联系人，建立来电大头贴 \n\r\n\r\n l  新建联系人 \r\n\r\n 打开通信录 > 点击下方添加联系人图标 > 选择存储类型。 \r\n\r\n 进入联系人编辑界面 > 输入联系人信息 > 返回/完成。 \r\n\r\n ![](http://consumer.huawei.com/support/servlet/imageServlet?dlType=HtmlAreaImage&imageId=31668) \r\n\r\n l  建立来电大头贴 \r\n\r\n 注：不支持SIM联系人设置来电大头贴 \r\n\r\n 方法一：联系人列表 > 打开联系人详情界面 > 点击联系人头像 > 拍照或从图库中选择照； \r\n\r\n 方法二：打开联系人详情界面 > menu > 修改，进入编辑界面 > 点击联系人头像 > 拍照或从图库中选择照； \r\n\r\n ![](http://consumer.huawei.com/support/servlet/imageServlet?dlType=HtmlAreaImage&imageId=31669)  \r\n\r\n### \n\t2 联系人通过SIM卡导入、导出 \n\r\n\r\n### \n\tl  将手机联系人导入到SIM卡： \n\r\n\r\n### \n\t  a)      联系人 > Menu > 管理联系人 > 复制联系人 > 手机 。 \n\r\n\r\n### \n\t  b)     选择要复制的手机上的联系人 > 点击“拷贝”按钮 > SIM\n> 确定。 \n\r\n\r\n ![](http://consumer.huawei.com/support/servlet/imageServlet?dlType=HtmlAreaImage&imageId=31670)  \r\n\r\n l   将SIM卡的联系人导出到手机 \r\n\r\n    a)      联系人 > Menu > 管理联系人 > 拷贝联系人 > SIM  。   \r\n\r\n    b)选择要复制的SIM卡上的联系人 > 点击“拷贝”按钮 > 手机 > 确定。   \r\n\r\n### \n\t3. 最多支持多少联系人 \n\r\n\r\n 支持  手机联系人不少于2000条(这取决于用户的存储空间是否足够)，SIM卡联系人数与卡相关。 \r\n\r\n### \n\t4. 设置群组联系人 \n\r\n\r\n 有两种方式将联系人加入群组： \r\n\r\n  l  第一种：在编辑联系人界面，在“群组”项，选择群组。 \r\n\r\n ![](http://consumer.huawei.com/support/servlet/imageServlet?dlType=HtmlAreaImage&imageId=31675) \r\n\r\n l 第二种：联系人 > 切tab页到群组界面 > 选择群组 > menu > 修改 > 在群组编辑界面，点击![](http://consumer.huawei.com/support/servlet/imageServlet?dlType=HtmlAreaImage&imageId=31679)添加成员。 \r\n\r\n ![](http://consumer.huawei.com/support/servlet/imageServlet?dlType=HtmlAreaImage&imageId=31680)  \r\n\r\n### \n\t5.如何管理联系人(复制、备份) \n\r\n\r\n\n![](http://consumer.huawei.com/support/servlet/imageServlet?dlType=HtmlAreaImage&imageId=31681)",
  "faqTypeId": 137,
  "faqType": "通话与联系人",
  "useful": 0,
  "unUseful": 0,
  "languageId": 2,
  "languageName": "zh_cn",
  "faqCode": "1191",
  "faqTypeCode": "Handsets-Calls-contacts",
  "isTop": "0",
  "moduleCode": "faq",
  "productId": null,
  "productCode": null,
  "postDate": 1397629899000,
  "seriesProductName": "EDGE-U00",
  "visitedTimes": 21,
  "isUsefulFlag": null,
  "score": 0,
  "times": 0,
  "imageList": null,
  "displayType": "text",
  "justView": "0",
  "fileName": null,
  "filePath": null,
  "imagePath": null,
  "imageName": null,
  "productIdList": null,
  "curPage": null,
  "pageSize": null,
  "siteCode": null,
  "statusFlag": "Publish",
  "returnCode": 0,
  "totalRows": null,
  "keywords": null,
  "avgScore": 0.0,
  "createDate": null,
  "totalPages": null
}