{
  "type": null,
  "faqId": 10494,
  "title": "P6-U06   短信",
  "answer": "### \n\t1.编辑短信时如何切换手写输入法 \n\r\n\r\n 新建一封短信，点击输入框，下面弹出软键盘，默认为华为输入法，点击软键盘上方键盘图标，选择“全屏手写”或“半屏手写”输入方式。 \r\n\r\n ![](http://consumer.huawei.com/support/servlet/imageServlet?dlType=HtmlAreaImage&imageId=31682)  \r\n\r\n### \n\t2. 删除或者锁定同一个会话中的特定短信，批量删除 \n\r\n\r\n\n![](http://consumer.huawei.com/support/servlet/imageServlet?dlType=HtmlAreaImage&imageId=31683)  \r\n\r\n 会话模式下，读信息界面，长按需要锁定的一条短信，选择锁定信息，便可以锁定该短信。 \r\n\r\n 信息界面，长按一条会话，选择需要删除的会话，按删除，从便可以删除该短信。 \r\n\r\n### \n\t3. 短信转发/群发与保存草稿方法，最多群发条数 \n\r\n\r\n 短信转发：会话模式下，读信息界面，点击需要转发的某一条短信，选择转发，转发给指定联系人。 \r\n\n![](http://consumer.huawei.com/support/servlet/imageServlet?dlType=HtmlAreaImage&imageId=31685)  \r\n\r\n 短信群发：新建一条短信，点击 ![](http://consumer.huawei.com/support/servlet/imageServlet?dlType=HtmlAreaImage&imageId=31686) 进入添加联系人界面，选择需要添加的联系人，点击**确定**，群发短信到选择的联系人。 \r\n\r\n### \n\t4.长短信支持汉英字数 \n\r\n\r\n 长短信最多支持英文1377个，中文607个 \r\n\r\n### \n\t5.手机最多支持保存多少条短信 \n\r\n\r\n 一个会话里边短信支持500条或彩信50条（用户可以在设置中修改）。 \r\n\r\n 对于手机总的短彩信条数没有限制，与手机剩余存储空间相关。 \r\n\r\n### \n\t6.如何设置短信中心号码 \n\r\n\r\n HUAWEI P6-U06不支持编辑短信中心号码。",
  "faqTypeId": 136,
  "faqType": "信息与邮件",
  "useful": 0,
  "unUseful": 0,
  "languageId": 2,
  "languageName": "zh_cn",
  "faqCode": "1231",
  "faqTypeCode": "Handsets-SMS-Email",
  "isTop": "0",
  "moduleCode": "faq",
  "productId": null,
  "productCode": null,
  "postDate": 1397630260000,
  "seriesProductName": "EDGE-U00",
  "visitedTimes": 67,
  "isUsefulFlag": null,
  "score": 0,
  "times": 0,
  "imageList": null,
  "displayType": "text",
  "justView": "0",
  "fileName": null,
  "filePath": null,
  "imagePath": null,
  "imageName": null,
  "productIdList": null,
  "curPage": null,
  "pageSize": null,
  "siteCode": null,
  "statusFlag": "Publish",
  "returnCode": 0,
  "totalRows": null,
  "keywords": null,
  "avgScore": 0.0,
  "createDate": null,
  "totalPages": null
}