{
  "type": null,
  "faqId": 10495,
  "title": "P6-U06  通话功能",
  "answer": "### \n\t1. 通话录音，以及存储路径 \n\r\n\r\n HUAWEI P6-U06不支持通话录音 \r\n\n2.在通话过程中如何三方通话？通话切换？ \n\r\n\r\n HUAWEI P6-U06支持三方通话，三方通话又称多方通话或会议电话，它是建立在呼叫等待与保持基础上的一项新业务。最多可同时接入5路通话，当用户需要激活2路以上的电话时， \r\n\r\n 需要把当前通话合并成会议电话才能正常建立连接。 \r\n\r\n 手机支持反方通话需要用户的卡支持该项服务，可以致电运营商查询自己的相关功能(呼叫等待/保持)是否开通。 \r\n\r\n### \n\t3. 双卡双通/双卡单通手机，其中一张卡通话中，另一张卡来电时有什么提示？ \n\r\n\r\n\nHUAWEI\nP6-U06不支持双卡",
  "faqTypeId": 137,
  "faqType": "通话与联系人",
  "useful": 0,
  "unUseful": 1,
  "languageId": 2,
  "languageName": "zh_cn",
  "faqCode": "1235",
  "faqTypeCode": "Handsets-Calls-contacts",
  "isTop": "0",
  "moduleCode": "faq",
  "productId": null,
  "productCode": null,
  "postDate": 1397630446000,
  "seriesProductName": "EDGE-U00",
  "visitedTimes": 119,
  "isUsefulFlag": null,
  "score": 0,
  "times": 0,
  "imageList": null,
  "displayType": "text",
  "justView": "0",
  "fileName": null,
  "filePath": null,
  "imagePath": null,
  "imageName": null,
  "productIdList": null,
  "curPage": null,
  "pageSize": null,
  "siteCode": null,
  "statusFlag": "Publish",
  "returnCode": 0,
  "totalRows": null,
  "keywords": null,
  "avgScore": 0.0,
  "createDate": null,
  "totalPages": null
}