{
  "type": null,
  "faqId": 10500,
  "title": "P6-U06  照相/摄像文件默认保存路径和更改方法",
  "answer": " l HUAWEI P6-U06中照相机不能自行设置默认保存路径，其保存路径与设置 > 存储 > 默认存储位置保持一致。 \r\n\r\n l 当默认存储位置为手机存储时，照相机的存储路径为文件管理：内部存储\\DCIM\\Camera。 \r\n\r\n l 当默认存储位置为SD卡时，照相机的存储路径为文件管理：SD卡\\DCIM\\Camera。",
  "faqTypeId": 140,
  "faqType": "存储与文件管理",
  "useful": 0,
  "unUseful": 2,
  "languageId": 2,
  "languageName": "zh_cn",
  "faqCode": "1243",
  "faqTypeCode": "Handsets-Storage-File-management",
  "isTop": "0",
  "moduleCode": "faq",
  "productId": null,
  "productCode": null,
  "postDate": 1397631601000,
  "seriesProductName": "EDGE-U00",
  "visitedTimes": 56,
  "isUsefulFlag": null,
  "score": 0,
  "times": 0,
  "imageList": null,
  "displayType": "text",
  "justView": "0",
  "fileName": null,
  "filePath": null,
  "imagePath": null,
  "imageName": null,
  "productIdList": null,
  "curPage": null,
  "pageSize": null,
  "siteCode": null,
  "statusFlag": "Publish",
  "returnCode": 0,
  "totalRows": null,
  "keywords": null,
  "avgScore": 0.0,
  "createDate": null,
  "totalPages": null
}