{
  "type": null,
  "faqId": 10519,
  "title": "P6-U06   手机自带什么导航软件？",
  "answer": " 图吧导航",
  "faqTypeId": 142,
  "faqType": "位置服务与导航",
  "useful": 0,
  "unUseful": 0,
  "languageId": 2,
  "languageName": "zh_cn",
  "faqCode": "1262",
  "faqTypeCode": "Handsets-Location-Navigation",
  "isTop": "0",
  "moduleCode": "faq",
  "productId": null,
  "productCode": null,
  "postDate": 1397632390000,
  "seriesProductName": "EDGE-U00",
  "visitedTimes": 86,
  "isUsefulFlag": null,
  "score": 0,
  "times": 0,
  "imageList": null,
  "displayType": "text",
  "justView": "0",
  "fileName": null,
  "filePath": null,
  "imagePath": null,
  "imageName": null,
  "productIdList": null,
  "curPage": null,
  "pageSize": null,
  "siteCode": null,
  "statusFlag": "Publish",
  "returnCode": 0,
  "totalRows": null,
  "keywords": null,
  "avgScore": 0.0,
  "createDate": null,
  "totalPages": null
}