{
  "type": null,
  "faqId": 10512,
  "title": "P6-U06   音乐",
  "answer": "### \n\t1.艺术家、专辑、歌曲、播放列表的含义介绍 \n\r\n\r\n 专    辑：按照专辑名分类的，属同一专辑的歌曲放在一个目录下。 \r\n\r\n 艺 术 家：按演唱者分类的，属同一个演唱者的歌曲放在一个目录下。 \r\n\r\n 歌    曲：按照命名规则排序存放在一个大目录下。 \r\n\r\n 风    格：按照风格类型分类的，属同一种风格的歌曲放在一个目录下。 \r\n\r\n 播放列表：可以自定义列表添加喜欢的音乐文件。 \r\n\r\n### \n\t2. 建立音乐播放列表 \n\r\n\r\n l   在音乐+应用中打开我的歌单，并点击新建歌单。 \r\n\r\n l   在弹出的界面上输入歌单的名称，输入后点击保存。 \r\n\r\n l   接着会弹出一个提醒框，提醒添加歌曲到歌单中，点击**确定**。然后选择自己想要添加的歌曲，选择完后，点击完成。 \r\n\n![](http://consumer.huawei.com/support/servlet/imageServlet?dlType=HtmlAreaImage&imageId=31691)  \r\n\r\n ![](http://consumer.huawei.com/support/servlet/imageServlet?dlType=HtmlAreaImage&imageId=31693) \r\n\r\n### \n\t3. 播放模式介绍 \n\r\n\r\n l  顺序播放（默认）：播放列表中歌曲从第一首到最后一首，顺序播放，播完停止。 \r\n\r\n l  随机播放：播放列表中的歌曲被无序播放，每首都播过一次后，播放停止。 \r\n\r\n l  全曲循环播放：播放列表中的歌曲从头到尾按顺序播放，播完一遍后会再重新播放。 \r\n\r\n l  单曲循环播放：当前播放的歌曲被反复播放。 \r\n\r\n l  随机播放+全曲循环播放：播放列表中的歌曲被无序播放，播完后仍重复播放。 \r\n\r\n### \n\t4. 后台播放与退出音乐，歌词同步 \n\r\n\r\n l 后台播放：进入音乐+播放器播放任意音频文件播放过程中按back或home键。 \r\n\r\n l 退出音乐：在音乐播放界面，点击手机Menu键，选择退出，在弹出的框上选择确定，即可退出音乐+应用。 \r\n\r\n          l 歌词同步：当歌曲和对应的歌词存储在手机同一目录时，用户播放这首歌曲，歌词会自动加载。在播放界面， \r\n\r\n           点击播放进度条上方的小三角按钮，可以打开歌词界面。在歌词界面，点击歌词，在界面会有两个按钮“延迟1秒”、“快进1秒”，分别会将歌词延迟1秒和快进1秒。",
  "faqTypeId": 1086,
  "faqType": "相机与图库",
  "useful": 0,
  "unUseful": 0,
  "languageId": 2,
  "languageName": "zh_cn",
  "faqCode": "1200",
  "faqTypeCode": "Handsets-Camera-Gallery",
  "isTop": "0",
  "moduleCode": "faq",
  "productId": null,
  "productCode": null,
  "postDate": 1397631475000,
  "seriesProductName": "EDGE-U00",
  "visitedTimes": 22,
  "isUsefulFlag": null,
  "score": 0,
  "times": 0,
  "imageList": null,
  "displayType": "text",
  "justView": "0",
  "fileName": null,
  "filePath": null,
  "imagePath": null,
  "imageName": null,
  "productIdList": null,
  "curPage": null,
  "pageSize": null,
  "siteCode": null,
  "statusFlag": "Publish",
  "returnCode": 0,
  "totalRows": null,
  "keywords": null,
  "avgScore": 0.0,
  "createDate": null,
  "totalPages": null
}