{
  "type": null,
  "faqId": 10511,
  "title": "P6-U06  彩信",
  "answer": "### \n\t1. 发送彩信\n\t\r\n\r\n l   进入消息菜单，选择**新信息**，撰写新信息； \r\n\r\n l   输入收件人和编辑消息内容； \r\n\r\n l   按菜单键，再选择**添加主题**（添加主题后自动转换为彩信）； \r\n\r\n l   点击文本框左边按钮添加附件，可以加入图片、音频或视频（添加多媒体文件自动转成彩信）； \r\n\n![](http://consumer.huawei.com/support/servlet/imageServlet?dlType=HtmlAreaImage&imageId=31687) \n\t\r\n\r\n l   编辑完成后，点击**发送**。 \r\n\r\n### \n\t\t2. 彩信发送/接收失败的可能原因，解决方法 \n\t\r\n\r\n l 网络繁忙或信号不好时，会导致彩信发送失败。 \r\n\r\n  通俗说法：由于网络侧繁忙或信号不好等原因，不能处理发送彩信。导致发送失败。 \r\n\r\n  解决方法：稍后重试发送。 \r\n\r\n l 被网络侧（彩信中心）拒绝时，会导致彩信发送失败。 \r\n\r\n 通俗说法1：收件人号码信息填写不正确，导致发送失败。 \r\n\r\n 解决方法1：检查收件人号码是否正确，如果错误，请更正后，重发彩信。 \r\n\r\n 通俗说法2：编辑的彩信超过了300KB，导致不能发送。 \r\n\r\n 解决方法2：删除一些彩信内容，另彩信小于300KB，再尝试发送。 \r\n\r\n l 是否欠费了。 \r\n\r\n  通俗说法：欠费导致发送失败。 \r\n\r\n  解决方法：缴费后，重新发送。 \r\n\r\n l 手机内存不足时，无法接收彩信 \r\n\r\n 通俗说法：欠费导致发送失败。 \r\n\r\n 解决方法：释放手机内存，使剩余空间大于300K。 \r\n\r\n### \n\t\t3.彩信是否受文件大小/视频格式/分辨率等因素限制\n\t\t\r\n\r\n 视频和音频文件超过规定大小（通常是300k）则无法添加为附件。图片文件过大时会自动压缩图片分辨率，再以附件添加到彩信中，接收方收到的图片文件也是低分辨率的图片。 \r\n\r\n### \n\t\t\t4. 彩信的附件保存位置 \n\t\t\r\n\r\n 用到彩信后，彩信的附件是存在/data 路径下，用户不可见。 \r\n\r\n 当用户将附件保存后，附件的存储位置为： \r\n\r\n 手机内部存储/storage/emulated/0/DCIM/Camera \r\n\n![](http://consumer.huawei.com/support/servlet/imageServlet?dlType=HtmlAreaImage&imageId=31688)",
  "faqTypeId": 136,
  "faqType": "信息与邮件",
  "useful": 0,
  "unUseful": 0,
  "languageId": 2,
  "languageName": "zh_cn",
  "faqCode": "1236",
  "faqTypeCode": "Handsets-SMS-Email",
  "isTop": "0",
  "moduleCode": "faq",
  "productId": null,
  "productCode": null,
  "postDate": 1397630739000,
  "seriesProductName": "EDGE-U00",
  "visitedTimes": 32,
  "isUsefulFlag": null,
  "score": 0,
  "times": 0,
  "imageList": null,
  "displayType": "text",
  "justView": "0",
  "fileName": null,
  "filePath": null,
  "imagePath": null,
  "imageName": null,
  "productIdList": null,
  "curPage": null,
  "pageSize": null,
  "siteCode": null,
  "statusFlag": "Publish",
  "returnCode": 0,
  "totalRows": null,
  "keywords": null,
  "avgScore": 0.0,
  "createDate": null,
  "totalPages": null
}