{
  "type": null,
  "faqId": 10529,
  "title": "P6-U06  如何通过蓝牙传输数据文件",
  "answer": " 进入音乐播放器或图库选择任意要发送的文件，长按该文件，在弹出的菜单中选择**分享** > **蓝牙**，即可传输文件。 \r\n\r\n\n\t![](http://consumer.huawei.com/support/servlet/imageServlet?dlType=HtmlAreaImage&imageId=31709) \n\t\r\n\r\n 打开浏览器，进入任意页面，按![](http://consumer.huawei.com/support/servlet/imageServlet?dlType=HtmlAreaImage&imageId=31710) > **分享网页** > **蓝牙**。 \r\n\n进入通讯录，按![](http://consumer.huawei.com/support/servlet/imageServlet?dlType=HtmlAreaImage&imageId=31711) > **分享** > **蓝牙**。",
  "faqTypeId": 143,
  "faqType": "系统功能与设置",
  "useful": 0,
  "unUseful": 0,
  "languageId": 2,
  "languageName": "zh_cn",
  "faqCode": "1254",
  "faqTypeCode": "Handsets-System-Settings",
  "isTop": "0",
  "moduleCode": "faq",
  "productId": null,
  "productCode": null,
  "postDate": 1397632102000,
  "seriesProductName": "EDGE-U00",
  "visitedTimes": 11,
  "isUsefulFlag": null,
  "score": 0,
  "times": 0,
  "imageList": null,
  "displayType": "text",
  "justView": "0",
  "fileName": null,
  "filePath": null,
  "imagePath": null,
  "imageName": null,
  "productIdList": null,
  "curPage": null,
  "pageSize": null,
  "siteCode": null,
  "statusFlag": "Publish",
  "returnCode": 0,
  "totalRows": null,
  "keywords": null,
  "avgScore": 0.0,
  "createDate": null,
  "totalPages": null
}