{
  "type": null,
  "faqId": 10527,
  "title": "P6-U06  流媒体",
  "answer": "### \n\t1.流媒体在通话过程中是否能后台播放？是否能自动恢复？ \n\r\n\r\n l 播放流媒体时接通电话，流媒体自动停止； \r\n\r\n l 通话三分钟以内，挂断电话后流媒体自动连接播放，超过三分钟，需要手动点击播放； \r\n\r\n### \n\t2.为何有些流媒体手机无法播放 \n\r\n\r\n l 手机不支持的文件格式。 \r\n\r\n 流媒体支持以下音视频编码及文件格式： \r\n\r\n -- 视频编码：MPEG4，H263，H264 \r\n\r\n -- 音频编码：AAC，AMR-NB/WB \r\n\r\n -- 支持的文件格式：3gp，mp4 \r\n\r\n -- 最大编码速率：4Mbps \r\n\r\n l 网络不稳定。 \r\n\r\n l 手机内存不足。 \r\n\r\n### \n\t3. 在线播放流媒体时效果较差的可能原因 \n\r\n\r\n l 源文件本身的效果就不好。 \r\n\r\n l 网络不好。 \r\n\r\n l 手机硬件出现问题，如显示器损坏，对比下本地视频。 \r\n\r\n l 手机内存空间不足。 \r\n\r\n l 手机CPU使用较高。 \r\n\r\n l 当前运行的程序过多。 \r\n\r\n### \n\t4. 播放在线视频时会不会因为一边播放一边下载导致手机内存不足 \n\r\n\r\n 播放流媒体时下载的文件不会占用手机存储空间，占用的是RAM，不会导致手机内存不足。",
  "faqTypeId": 1086,
  "faqType": "相机与图库",
  "useful": 0,
  "unUseful": 0,
  "languageId": 2,
  "languageName": "zh_cn",
  "faqCode": "1251",
  "faqTypeCode": "Handsets-Camera-Gallery",
  "isTop": "0",
  "moduleCode": "faq",
  "productId": null,
  "productCode": null,
  "postDate": 1397631921000,
  "seriesProductName": "EDGE-U00",
  "visitedTimes": 9,
  "isUsefulFlag": null,
  "score": 0,
  "times": 0,
  "imageList": null,
  "displayType": "text",
  "justView": "0",
  "fileName": null,
  "filePath": null,
  "imagePath": null,
  "imageName": null,
  "productIdList": null,
  "curPage": null,
  "pageSize": null,
  "siteCode": null,
  "statusFlag": "Publish",
  "returnCode": 0,
  "totalRows": null,
  "keywords": null,
  "avgScore": 0.0,
  "createDate": null,
  "totalPages": null
}