{
  "type": null,
  "faqId": 10528,
  "title": "P6-U06   蓝牙支持传输数据文件格式",
  "answer": " 图片、音频、视频、网页、通讯录等常用数据都可以通过蓝牙发送。",
  "faqTypeId": 140,
  "faqType": "存储与文件管理",
  "useful": 0,
  "unUseful": 0,
  "languageId": 2,
  "languageName": "zh_cn",
  "faqCode": "1253",
  "faqTypeCode": "Handsets-Storage-File-management",
  "isTop": "0",
  "moduleCode": "faq",
  "productId": null,
  "productCode": null,
  "postDate": 1397631967000,
  "seriesProductName": "EDGE-U00",
  "visitedTimes": 8,
  "isUsefulFlag": null,
  "score": 0,
  "times": 0,
  "imageList": null,
  "displayType": "text",
  "justView": "0",
  "fileName": null,
  "filePath": null,
  "imagePath": null,
  "imageName": null,
  "productIdList": null,
  "curPage": null,
  "pageSize": null,
  "siteCode": null,
  "statusFlag": "Publish",
  "returnCode": 0,
  "totalRows": null,
  "keywords": null,
  "avgScore": 0.0,
  "createDate": null,
  "totalPages": null
}