{
  "type": null,
  "faqId": 10533,
  "title": "P6-U06  导航软件搜星搜不到应该怎样处理？",
  "answer": " l  如果您在室内，由于GPS在室内无法定位，请移步室外进行搜星。 \r\n\n     l 如果您在室外，请查看周围是否有高楼等遮蔽物，高楼的遮蔽会导致卫星信号无法接收，请尽量选择室外空旷的地方进行GPS搜星。",
  "faqTypeId": 142,
  "faqType": "位置服务与导航",
  "useful": 0,
  "unUseful": 2,
  "languageId": 2,
  "languageName": "zh_cn",
  "faqCode": "1259",
  "faqTypeCode": "Handsets-Location-Navigation",
  "isTop": "0",
  "moduleCode": "faq",
  "productId": null,
  "productCode": null,
  "postDate": 1397632501000,
  "seriesProductName": "EDGE-U00",
  "visitedTimes": 59,
  "isUsefulFlag": null,
  "score": 3,
  "times": 1,
  "imageList": null,
  "displayType": "text",
  "justView": "0",
  "fileName": null,
  "filePath": null,
  "imagePath": null,
  "imageName": null,
  "productIdList": null,
  "curPage": null,
  "pageSize": null,
  "siteCode": null,
  "statusFlag": "Publish",
  "returnCode": 0,
  "totalRows": null,
  "keywords": null,
  "avgScore": 3.0,
  "createDate": null,
  "totalPages": null
}