{
  "type": null,
  "faqId": 10536,
  "title": "P6-U06  耳机线序",
  "answer": " 标配耳机的线序是美式线序，为目前业界主流线序。 \r\n\r\n 标配耳机带hook键，按键可以接听或挂断电话，也可以播放/暂停音乐，不带音量调节键，但是支持用户使用其他耳机上的上下键，按键可调节通话音量，听歌时能可进行控制播发与停止和音量调整。",
  "faqTypeId": 143,
  "faqType": "系统功能与设置",
  "useful": 0,
  "unUseful": 0,
  "languageId": 2,
  "languageName": "zh_cn",
  "faqCode": "1284",
  "faqTypeCode": "Handsets-System-Settings",
  "isTop": "0",
  "moduleCode": "faq",
  "productId": null,
  "productCode": null,
  "postDate": 1397632867000,
  "seriesProductName": "EDGE-U00",
  "visitedTimes": 41,
  "isUsefulFlag": null,
  "score": 0,
  "times": 0,
  "imageList": null,
  "displayType": "text",
  "justView": "0",
  "fileName": null,
  "filePath": null,
  "imagePath": null,
  "imageName": null,
  "productIdList": null,
  "curPage": null,
  "pageSize": null,
  "siteCode": null,
  "statusFlag": "Publish",
  "returnCode": 0,
  "totalRows": null,
  "keywords": null,
  "avgScore": 0.0,
  "createDate": null,
  "totalPages": null
}