{
  "type": null,
  "faqId": 10532,
  "title": "P6-U06   导航软件数据丢失如何处理？授权文件或激活码丢失如何处理？",
  "answer": " 如果图吧导航软件数据丢失,建议连接上wifi重新下载地图数据 \r\n\r\n 若授权文件丢失,当图吧导航启动时,若处于联网状态,则图吧导航会自动下载授权文件",
  "faqTypeId": 142,
  "faqType": "位置服务与导航",
  "useful": 0,
  "unUseful": 0,
  "languageId": 2,
  "languageName": "zh_cn",
  "faqCode": "1258",
  "faqTypeCode": "Handsets-Location-Navigation",
  "isTop": "0",
  "moduleCode": "faq",
  "productId": null,
  "productCode": null,
  "postDate": 1397632416000,
  "seriesProductName": "EDGE-U00",
  "visitedTimes": 42,
  "isUsefulFlag": null,
  "score": 0,
  "times": 0,
  "imageList": null,
  "displayType": "text",
  "justView": "0",
  "fileName": null,
  "filePath": null,
  "imagePath": null,
  "imageName": null,
  "productIdList": null,
  "curPage": null,
  "pageSize": null,
  "siteCode": null,
  "statusFlag": "Publish",
  "returnCode": 0,
  "totalRows": null,
  "keywords": null,
  "avgScore": 0.0,
  "createDate": null,
  "totalPages": null
}