{
  "type": null,
  "faqId": 10549,
  "title": "P6-U06    使用WLAN连接上网",
  "answer": " 在主屏幕，点击 设置 > 无线和网络 > WLAN。 \r\n\r\n ![](http://consumer.huawei.com/support/servlet/imageServlet?dlType=HtmlAreaImage&imageId=31744)  \r\n\r\n l  如果WLAN开关是关闭的，拖动按钮打开； \r\n\n![](http://consumer.huawei.com/support/servlet/imageServlet?dlType=HtmlAreaImage&imageId=31745)  \r\n\r\n l 如果是打开的，手机会自动扫描附近可用的热点。点击需要连接的热点，在弹出的对话框中输入正确的密码后，点击连接；成功连接热点后，就可以通过WLAN上网了。",
  "faqTypeId": 138,
  "faqType": "网络与数据共享",
  "useful": 0,
  "unUseful": 0,
  "languageId": 2,
  "languageName": "zh_cn",
  "faqCode": "1269",
  "faqTypeCode": "Handsets-Network-Data-sharing",
  "isTop": "0",
  "moduleCode": "faq",
  "productId": null,
  "productCode": null,
  "postDate": 1397633808000,
  "seriesProductName": "EDGE-U00",
  "visitedTimes": 42,
  "isUsefulFlag": null,
  "score": 0,
  "times": 0,
  "imageList": null,
  "displayType": "text",
  "justView": "0",
  "fileName": null,
  "filePath": null,
  "imagePath": null,
  "imageName": null,
  "productIdList": null,
  "curPage": null,
  "pageSize": null,
  "siteCode": null,
  "statusFlag": "Publish",
  "returnCode": 0,
  "totalRows": null,
  "keywords": null,
  "avgScore": 0.0,
  "createDate": null,
  "totalPages": null
}