{
  "type": null,
  "faqId": 10545,
  "title": "P6-U06    邮箱设置",
  "answer": " l 添加Email帐户 \r\n\r\n 进入 **设置** > **账户 > ****添加账户**。选择**电子邮件**添加Email账户，选择**公司**添加Exchange账户。 \r\n\r\n ![](http://consumer.huawei.com/support/servlet/imageServlet?dlType=HtmlAreaImage&imageId=31728) \r\n\r\n **-- ****手动设置：** \r\n\r\n l   账户设置界面 > 输入账号和密码。 \r\n\r\n l   点击手动设置。 \r\n\r\n l   点击POP3，进入接收服务器设置界面。 \r\n\r\n l   点击下一步，进入外发服务器设置界面。 \r\n\r\n l   点击下一步，进入邮件接收设置界面，可选择收件箱检查频率。 \r\n\r\n l   点击下一步，进入设置电子邮件界面为此账户创建名称和您的姓名。 \r\n\r\n l   点击下一步，完成登录并进入收件箱界面。 \r\n\n![](http://consumer.huawei.com/support/servlet/imageServlet?dlType=HtmlAreaImage&imageId=31730) \n\r\n\r\n **-- ****自动设置**（自动设置需要手机中预置该类型Email的参数）： \r\n\r\n a)      账户设置界面 > 输入账号和密码。 \r\n\r\n b)     点击下一步。 \r\n\r\n c)      点击下一步，进入邮件接收设置界面可选择收件箱检查频率。 \r\n\r\n d)     点击下一步，进入设置电子邮件界面为此账户创建名称和您的姓名。 \r\n\r\n e)     点击下一步，完成登录并进入收件箱界面。 \r\n\n![](http://consumer.huawei.com/support/servlet/imageServlet?dlType=HtmlAreaImage&imageId=31731) \n\r\n\r\n 对于未预置的Email账户，登录过程中的设置，用户可以登录电子邮件服务供应商的网站进行查询。 \r\n\r\n l 发送电子邮件 \r\n\n收件箱界面，点击 ![](http://consumer.huawei.com/support/servlet/imageServlet?dlType=HtmlAreaImage&imageId=31732) 进入写邮件界面，编辑**收件人**、**主题**、**内容**，再点击**发送邮件**。  \r\n\r\n ![](http://consumer.huawei.com/support/servlet/imageServlet?dlType=HtmlAreaImage&imageId=31738)  \r\n\r\n l 查看、删除电子邮件 \r\n\r\n 收件箱界面，点击某一封邮件，可以查看该邮件；点击 ![](http://consumer.huawei.com/support/servlet/imageServlet?dlType=HtmlAreaImage&imageId=31735) 可以删除该邮件。 \r\n\r\n ![](http://consumer.huawei.com/support/servlet/imageServlet?dlType=HtmlAreaImage&imageId=31741)  \r\n\r\n l 删除Email帐户 \r\n\r\n 进入Email，按菜单键 > **设置**，点击要删除的帐户，滑动到最底部选择删除账户。 \r\n\n![](http://consumer.huawei.com/support/servlet/imageServlet?dlType=HtmlAreaImage&imageId=31742)",
  "faqTypeId": 136,
  "faqType": "信息与邮件",
  "useful": 0,
  "unUseful": 0,
  "languageId": 2,
  "languageName": "zh_cn",
  "faqCode": "1265",
  "faqTypeCode": "Handsets-SMS-Email",
  "isTop": "0",
  "moduleCode": "faq",
  "productId": null,
  "productCode": null,
  "postDate": 1397633503000,
  "seriesProductName": "EDGE-U00",
  "visitedTimes": 31,
  "isUsefulFlag": null,
  "score": 0,
  "times": 0,
  "imageList": null,
  "displayType": "text",
  "justView": "0",
  "fileName": null,
  "filePath": null,
  "imagePath": null,
  "imageName": null,
  "productIdList": null,
  "curPage": null,
  "pageSize": null,
  "siteCode": null,
  "statusFlag": "Publish",
  "returnCode": 0,
  "totalRows": null,
  "keywords": null,
  "avgScore": 0.0,
  "createDate": null,
  "totalPages": null
}