{
  "type": null,
  "faqId": 10547,
  "title": "P6-U06    同步联系人，日程，无法同步时如何操作",
  "answer": " 同步联系人需要至少登陆一个Exchange账户。 \r\n\r\n 帐户设置界面，选择**Exchange**，从电子邮件服务供应商的网站进行查询邮箱服务器的配置，配置完成并成功登陆。 \r\n\r\n 进入主菜单，选择**设置** > **公司**，选择需要同步的账户并勾选需要同步的选项；再点击菜单键 > **立即同步**，从服务器同步勾选的内容到手机。 \r\n\r\n ![](http://consumer.huawei.com/support/servlet/imageServlet?dlType=HtmlAreaImage&imageId=31743)  \r\n\r\n 如果同步联系人失败，请检查手机数据连接是否打开以及邮箱服务器是否支持联系人同步。",
  "faqTypeId": 138,
  "faqType": "网络与数据共享",
  "useful": 0,
  "unUseful": 1,
  "languageId": 2,
  "languageName": "zh_cn",
  "faqCode": "1289",
  "faqTypeCode": "Handsets-Network-Data-sharing",
  "isTop": "0",
  "moduleCode": "faq",
  "productId": null,
  "productCode": null,
  "postDate": 1397633674000,
  "seriesProductName": "EDGE-U00",
  "visitedTimes": 51,
  "isUsefulFlag": null,
  "score": 0,
  "times": 0,
  "imageList": null,
  "displayType": "text",
  "justView": "0",
  "fileName": null,
  "filePath": null,
  "imagePath": null,
  "imageName": null,
  "productIdList": null,
  "curPage": null,
  "pageSize": null,
  "siteCode": null,
  "statusFlag": "Publish",
  "returnCode": 0,
  "totalRows": null,
  "keywords": null,
  "avgScore": 0.0,
  "createDate": null,
  "totalPages": null
}