{
  "type": null,
  "faqId": 10546,
  "title": "P6-U06   是否支持离线观看邮箱邮件",
  "answer": "对于已经下载完成的邮件，支持离线观看邮箱邮件。",
  "faqTypeId": 136,
  "faqType": "信息与邮件",
  "useful": 0,
  "unUseful": 0,
  "languageId": 2,
  "languageName": "zh_cn",
  "faqCode": "1267",
  "faqTypeCode": "Handsets-SMS-Email",
  "isTop": "0",
  "moduleCode": "faq",
  "productId": null,
  "productCode": null,
  "postDate": 1397633599000,
  "seriesProductName": "EDGE-U00",
  "visitedTimes": 6,
  "isUsefulFlag": null,
  "score": 0,
  "times": 0,
  "imageList": null,
  "displayType": "text",
  "justView": "0",
  "fileName": null,
  "filePath": null,
  "imagePath": null,
  "imageName": null,
  "productIdList": null,
  "curPage": null,
  "pageSize": null,
  "siteCode": null,
  "statusFlag": "Publish",
  "returnCode": 0,
  "totalRows": null,
  "keywords": null,
  "avgScore": 0.0,
  "createDate": null,
  "totalPages": null
}