{
  "type": null,
  "faqId": 10555,
  "title": "P6-U06   如何设置自选音乐为来电/短信铃音？",
  "answer": " 进入文件管理器，自选音乐文件,长按，弹出菜单中选择设置为铃声。 \r\n\r\n **注意：**若设置为铃声的自选音乐文件保存在SD卡上,则拔出SD卡会导致该铃声自动变回默认铃声。(MTP模式无影响) \r\n\r\n ![](http://consumer.huawei.com/support/servlet/imageServlet?dlType=HtmlAreaImage&imageId=31757)",
  "faqTypeId": 1086,
  "faqType": "相机与图库",
  "useful": 0,
  "unUseful": 0,
  "languageId": 2,
  "languageName": "zh_cn",
  "faqCode": "1279",
  "faqTypeCode": "Handsets-Camera-Gallery",
  "isTop": "0",
  "moduleCode": "faq",
  "productId": null,
  "productCode": null,
  "postDate": 1397635120000,
  "seriesProductName": "EDGE-U00",
  "visitedTimes": 14,
  "isUsefulFlag": null,
  "score": 0,
  "times": 0,
  "imageList": null,
  "displayType": "text",
  "justView": "0",
  "fileName": null,
  "filePath": null,
  "imagePath": null,
  "imageName": null,
  "productIdList": null,
  "curPage": null,
  "pageSize": null,
  "siteCode": null,
  "statusFlag": "Publish",
  "returnCode": 0,
  "totalRows": null,
  "keywords": null,
  "avgScore": 0.0,
  "createDate": null,
  "totalPages": null
}