{
  "type": null,
  "faqId": 10566,
  "title": "P6-U06   作为modem连接电脑上网",
  "answer": " l 在主屏幕，点击 **设置**。 \r\n\r\n l 在“**无线和网络**”区域，点击“**更多****…** > **网络共享与便携式热点**”。 \r\n\r\n l 选择“**USB****共享网络**”。 \r\n\r\n l 安装好驱动后（驱动程序可以通过Hisuite安装），在PC侧，右键点击“**我的电脑**”，在弹出的菜单中选择“**管理**”，界面会显示新的网卡设备。 \r\n\r\n **    备注**：使用USB共享网络方式上网时必须打开数据连接，否则无法上网。 \r\n\n          如果PC上有无线网卡等，可以用手机开启WLAN热点，PC通过WLAN连接到手机上网（目前支持Windows操作系统）。",
  "faqTypeId": 143,
  "faqType": "系统功能与设置",
  "useful": 0,
  "unUseful": 1,
  "languageId": 2,
  "languageName": "zh_cn",
  "faqCode": "1276",
  "faqTypeCode": "Handsets-System-Settings",
  "isTop": "0",
  "moduleCode": "faq",
  "productId": null,
  "productCode": null,
  "postDate": 1397634229000,
  "seriesProductName": "EDGE-U00",
  "visitedTimes": 89,
  "isUsefulFlag": null,
  "score": 0,
  "times": 0,
  "imageList": null,
  "displayType": "text",
  "justView": "0",
  "fileName": null,
  "filePath": null,
  "imagePath": null,
  "imageName": null,
  "productIdList": null,
  "curPage": null,
  "pageSize": null,
  "siteCode": null,
  "statusFlag": "Publish",
  "returnCode": 0,
  "totalRows": null,
  "keywords": null,
  "avgScore": 0.0,
  "createDate": null,
  "totalPages": null
}