{
  "type": null,
  "faqId": 10562,
  "title": "P6-U06   通过WLAN 连接网络有时打不开网页",
  "answer": " 原因如下： \r\n\r\n l xDSL拨号失败。如果连接的热点（比如无线路由器），使用xDSL方式连接Internet，xDSL拨号失败时，会导致无法上网。保证xDSL拨号成功后再进行尝试。 \r\n\r\n l DNS域名解析问题。如果无法打开网页，QQ可以登录使用，说明DNS域名解析有问题。（验证一下能否配置DNS）。 \r\n\r\n l WLAN 热点访问限制。如果当前连接的热点本身处于访问受限状态，手机将不能访问网页。",
  "faqTypeId": null,
  "faqType": null,
  "useful": 0,
  "unUseful": 3,
  "languageId": 2,
  "languageName": "zh_cn",
  "faqCode": "1271",
  "faqTypeCode": null,
  "isTop": "0",
  "moduleCode": "faq",
  "productId": null,
  "productCode": null,
  "postDate": 1397633861000,
  "seriesProductName": "EDGE-U00",
  "visitedTimes": 105,
  "isUsefulFlag": null,
  "score": 0,
  "times": 0,
  "imageList": null,
  "displayType": "text",
  "justView": "0",
  "fileName": null,
  "filePath": null,
  "imagePath": null,
  "imageName": null,
  "productIdList": null,
  "curPage": null,
  "pageSize": null,
  "siteCode": null,
  "statusFlag": "Publish",
  "returnCode": 0,
  "totalRows": null,
  "keywords": null,
  "avgScore": 0.0,
  "createDate": null,
  "totalPages": null
}