{
  "type": null,
  "faqId": 10576,
  "title": "P6-U06   手机无法上网，网络参数设置方法",
  "answer": " 插入SIM卡，APN会自动配置网络参数。 \r\n\r\n 查看方法：选择设置 > 移动网络 > 接入点名称（APN）。 \r\n\r\n 当出现参数设置不正确的时候，可以通过点击apn界面的菜单键![](http://consumer.huawei.com/support/servlet/imageServlet?dlType=HtmlAreaImage&imageId=31770)，选择**重置为默认设置**来恢复。",
  "faqTypeId": 138,
  "faqType": "网络与数据共享",
  "useful": 1,
  "unUseful": 7,
  "languageId": 2,
  "languageName": "zh_cn",
  "faqCode": "1324",
  "faqTypeCode": "Handsets-Network-Data-sharing",
  "isTop": "0",
  "moduleCode": "faq",
  "productId": null,
  "productCode": null,
  "postDate": 1397635954000,
  "seriesProductName": "EDGE-U00",
  "visitedTimes": 208,
  "isUsefulFlag": null,
  "score": 0,
  "times": 0,
  "imageList": null,
  "displayType": "text",
  "justView": "0",
  "fileName": null,
  "filePath": null,
  "imagePath": null,
  "imageName": null,
  "productIdList": null,
  "curPage": null,
  "pageSize": null,
  "siteCode": null,
  "statusFlag": "Publish",
  "returnCode": 0,
  "totalRows": null,
  "keywords": null,
  "avgScore": 0.0,
  "createDate": null,
  "totalPages": null
}