{
  "type": null,
  "faqId": 10578,
  "title": "P6-U06    数据业务有什么限制(如CDMA双卡手机不支持GSM上网)",
  "answer": " 目前我们手机不支持CDMA2000数据业务。 \r\n\r\n 支持中国移动发行的SIM卡(2G，3G业务)和USIM卡(2G，3G业务)，还有联通的SIM卡(2G ,3G业务)和USIM卡(2G ,3G业务)；",
  "faqTypeId": 143,
  "faqType": "系统功能与设置",
  "useful": 0,
  "unUseful": 0,
  "languageId": 2,
  "languageName": "zh_cn",
  "faqCode": "1327",
  "faqTypeCode": "Handsets-System-Settings",
  "isTop": "0",
  "moduleCode": "faq",
  "productId": null,
  "productCode": null,
  "postDate": 1397636355000,
  "seriesProductName": "EDGE-U00",
  "visitedTimes": 121,
  "isUsefulFlag": null,
  "score": 0,
  "times": 0,
  "imageList": null,
  "displayType": "text",
  "justView": "0",
  "fileName": null,
  "filePath": null,
  "imagePath": null,
  "imageName": null,
  "productIdList": null,
  "curPage": null,
  "pageSize": null,
  "siteCode": null,
  "statusFlag": "Publish",
  "returnCode": 0,
  "totalRows": null,
  "keywords": null,
  "avgScore": 0.0,
  "createDate": null,
  "totalPages": null
}