{
  "type": null,
  "faqId": 10572,
  "title": "P6-U06   如何关闭输入法振动",
  "answer": " 输入法振动的开启/关闭在输入法键盘设置项中，下面以华为输入法为例介绍关闭振动方法。 \r\n\r\n 设置 > 语言和输入法 > 华为输入法 > 键盘设置，关闭按键振动即可。 \r\n\r\n ![](http://consumer.huawei.com/support/servlet/imageServlet?dlType=HtmlAreaImage&imageId=31764)",
  "faqTypeId": 143,
  "faqType": "系统功能与设置",
  "useful": 0,
  "unUseful": 0,
  "languageId": 2,
  "languageName": "zh_cn",
  "faqCode": "1307",
  "faqTypeCode": "Handsets-System-Settings",
  "isTop": "0",
  "moduleCode": "faq",
  "productId": null,
  "productCode": null,
  "postDate": 1397635605000,
  "seriesProductName": "EDGE-U00",
  "visitedTimes": 21,
  "isUsefulFlag": null,
  "score": 0,
  "times": 0,
  "imageList": null,
  "displayType": "text",
  "justView": "0",
  "fileName": null,
  "filePath": null,
  "imagePath": null,
  "imageName": null,
  "productIdList": null,
  "curPage": null,
  "pageSize": null,
  "siteCode": null,
  "statusFlag": "Publish",
  "returnCode": 0,
  "totalRows": null,
  "keywords": null,
  "avgScore": 0.0,
  "createDate": null,
  "totalPages": null
}