{
  "type": null,
  "faqId": 10575,
  "title": "P6-U06    保存网页中的图片",
  "answer": " 在浏览器界面，长按网页中的图片，在弹出的对话框中选择**保存图片**。 \r\n\r\n ![](http://consumer.huawei.com/support/servlet/imageServlet?dlType=HtmlAreaImage&imageId=31766)",
  "faqTypeId": 143,
  "faqType": "系统功能与设置",
  "useful": 0,
  "unUseful": 0,
  "languageId": 2,
  "languageName": "zh_cn",
  "faqCode": "1322",
  "faqTypeCode": "Handsets-System-Settings",
  "isTop": "0",
  "moduleCode": "faq",
  "productId": null,
  "productCode": null,
  "postDate": 1397635793000,
  "seriesProductName": "EDGE-U00",
  "visitedTimes": 9,
  "isUsefulFlag": null,
  "score": 0,
  "times": 0,
  "imageList": null,
  "displayType": "text",
  "justView": "0",
  "fileName": null,
  "filePath": null,
  "imagePath": null,
  "imageName": null,
  "productIdList": null,
  "curPage": null,
  "pageSize": null,
  "siteCode": null,
  "statusFlag": "Publish",
  "returnCode": 0,
  "totalRows": null,
  "keywords": null,
  "avgScore": 0.0,
  "createDate": null,
  "totalPages": null
}