{
  "type": null,
  "faqId": 10579,
  "title": "P6-U06   虚拟专用网络VPN设置的用途是什么,如何设置?",
  "answer": " 虚拟专用网络（Virtual Private Network ，简称VPN)指的是在公用网络上建立专用网络的技术。是一种常用于连接中、大型企业或团体与团体间的私人网络的通讯方法。 \r\n\r\n 设置步骤如下： \r\n\r\n 进入主菜单，选择**设置** > **更多** > **VPN**。（使用VPN要求使用PIN或者密码解锁，请参照2.9设置。） \r\n\r\n 在VPN界面，点击右上角的![](http://consumer.huawei.com/support/servlet/imageServlet?dlType=HtmlAreaImage&imageId=31778)，在弹出窗口中输入VPN名称和服务器地址点击**确定**。 \r\n\r\n ![](http://consumer.huawei.com/support/servlet/imageServlet?dlType=HtmlAreaImage&imageId=31779)",
  "faqTypeId": 143,
  "faqType": "系统功能与设置",
  "useful": 0,
  "unUseful": 0,
  "languageId": 2,
  "languageName": "zh_cn",
  "faqCode": "1319",
  "faqTypeCode": "Handsets-System-Settings",
  "isTop": "0",
  "moduleCode": "faq",
  "productId": null,
  "productCode": null,
  "postDate": 1397636464000,
  "seriesProductName": "EDGE-U00",
  "visitedTimes": 83,
  "isUsefulFlag": null,
  "score": 0,
  "times": 0,
  "imageList": null,
  "displayType": "text",
  "justView": "0",
  "fileName": null,
  "filePath": null,
  "imagePath": null,
  "imageName": null,
  "productIdList": null,
  "curPage": null,
  "pageSize": null,
  "siteCode": null,
  "statusFlag": "Publish",
  "returnCode": 0,
  "totalRows": null,
  "keywords": null,
  "avgScore": 0.0,
  "createDate": null,
  "totalPages": null
}