{
  "type": null,
  "faqId": 10609,
  "title": "P6-U06   手机预置哪些软件？哪些是运营商定制？哪些是手机自带软件？是否能够删除？",
  "answer": " 1)     可以在**设置**->**管理应用程序**->**全部**中查看手机预置的软件。 \r\n\r\n 2)     运营商定制的软件是可以卸载的。 \r\n\r\n 3)     预置的第三方软件如下并且这些软件都可以卸载： \r\n\nCamera 360，图吧导航，查周边，搜狐新闻，新浪微博，有道词典，淘宝，快捷支付，搜狐视频，搜狐视频，捕鱼达人2，腾讯安全助手，掌阅，UC浏览器，百度搜索，航班管家，WPS office",
  "faqTypeId": 139,
  "faqType": "应用程序管理",
  "useful": 3,
  "unUseful": 1,
  "languageId": 2,
  "languageName": "zh_cn",
  "faqCode": "1334",
  "faqTypeCode": "Handsets-Application-Management",
  "isTop": "0",
  "moduleCode": "faq",
  "productId": null,
  "productCode": null,
  "postDate": 1397637432000,
  "seriesProductName": "EDGE-U00",
  "visitedTimes": 262,
  "isUsefulFlag": null,
  "score": 0,
  "times": 0,
  "imageList": null,
  "displayType": "text",
  "justView": "0",
  "fileName": null,
  "filePath": null,
  "imagePath": null,
  "imageName": null,
  "productIdList": null,
  "curPage": null,
  "pageSize": null,
  "siteCode": null,
  "statusFlag": "Publish",
  "returnCode": 0,
  "totalRows": null,
  "keywords": null,
  "avgScore": 0.0,
  "createDate": null,
  "totalPages": null
}