{
  "type": null,
  "faqId": 10604,
  "title": "P6-U06    添加/取消闹钟",
  "answer": " a)      点击 **时钟**。再点击 ![](http://consumer.huawei.com/support/servlet/imageServlet?dlType=HtmlAreaImage&imageId=31783) 进入闹钟界面。 \r\n\r\n ![](http://consumer.huawei.com/support/servlet/imageServlet?dlType=HtmlAreaImage&imageId=31784)  \r\n\r\n b)      选择![](http://consumer.huawei.com/support/servlet/imageServlet?dlType=HtmlAreaImage&imageId=31785) **添加闹钟**，进入设置闹钟界面，可以进行如下操作： \r\n\r\n c)     点击**时间**，设置闹钟铃响的时间。 \r\n\r\n d)      点击**重复**，选择需要闹钟重复的周期。 \r\n\r\n e)      点击**铃声**，选择闹钟铃声。 \r\n\r\n f)     勾选**振动**，设置手机在闹钟铃响时振动。 \r\n\r\n g)      点击**标签，**输入闹钟时间名称。 \r\n\r\n h)     点击**完成**，完成闹钟的添加。 \r\n\r\n 在闹钟界面，可以看到当前所有闹钟的列表，去掉一条闹钟前面的勾选，就表示取消了这个闹钟。或长按一条闹钟记录，在弹出菜单中选择“**删除闹钟**”删除您选择的闹钟。",
  "faqTypeId": 143,
  "faqType": "系统功能与设置",
  "useful": 0,
  "unUseful": 0,
  "languageId": 2,
  "languageName": "zh_cn",
  "faqCode": "1346",
  "faqTypeCode": "Handsets-System-Settings",
  "isTop": "0",
  "moduleCode": "faq",
  "productId": null,
  "productCode": null,
  "postDate": 1397636972000,
  "seriesProductName": "EDGE-U00",
  "visitedTimes": 10,
  "isUsefulFlag": null,
  "score": 0,
  "times": 0,
  "imageList": null,
  "displayType": "text",
  "justView": "0",
  "fileName": null,
  "filePath": null,
  "imagePath": null,
  "imageName": null,
  "productIdList": null,
  "curPage": null,
  "pageSize": null,
  "siteCode": null,
  "statusFlag": "Publish",
  "returnCode": 0,
  "totalRows": null,
  "keywords": null,
  "avgScore": 0.0,
  "createDate": null,
  "totalPages": null
}