{
  "type": null,
  "faqId": 10603,
  "title": "P6-U06   如何锁定与解锁屏幕",
  "answer": " 锁定：按电源键锁定屏幕。 \r\n\n解锁：按电源键唤醒屏幕，之后按照屏幕显示，通过拖动、输入PIN、输入图案等方式解锁。",
  "faqTypeId": 134,
  "faqType": "硬件与外观",
  "useful": 0,
  "unUseful": 0,
  "languageId": 2,
  "languageName": "zh_cn",
  "faqCode": "1331",
  "faqTypeCode": "Handsets-Hardware-Appearance",
  "isTop": "0",
  "moduleCode": "faq",
  "productId": null,
  "productCode": null,
  "postDate": 1397636688000,
  "seriesProductName": "EDGE-U00",
  "visitedTimes": 48,
  "isUsefulFlag": null,
  "score": 0,
  "times": 0,
  "imageList": null,
  "displayType": "text",
  "justView": "0",
  "fileName": null,
  "filePath": null,
  "imagePath": null,
  "imageName": null,
  "productIdList": null,
  "curPage": null,
  "pageSize": null,
  "siteCode": null,
  "statusFlag": "Publish",
  "returnCode": 0,
  "totalRows": null,
  "keywords": null,
  "avgScore": 0.0,
  "createDate": null,
  "totalPages": null
}