{
  "type": null,
  "faqId": 10608,
  "title": "P6-U06    程序安装失败的原因与解决方法",
  "answer": " l  APK 本身有缺陷。 \r\n\r\n l  系统中已经存在程序，请卸载该程序。 \r\n\r\n l  系统空间不足。",
  "faqTypeId": 139,
  "faqType": "应用程序管理",
  "useful": 1,
  "unUseful": 1,
  "languageId": 2,
  "languageName": "zh_cn",
  "faqCode": "1354",
  "faqTypeCode": "Handsets-Application-Management",
  "isTop": "0",
  "moduleCode": "faq",
  "productId": null,
  "productCode": null,
  "postDate": 1397637399000,
  "seriesProductName": "EDGE-U00",
  "visitedTimes": 86,
  "isUsefulFlag": null,
  "score": 0,
  "times": 0,
  "imageList": null,
  "displayType": "text",
  "justView": "0",
  "fileName": null,
  "filePath": null,
  "imagePath": null,
  "imageName": null,
  "productIdList": null,
  "curPage": null,
  "pageSize": null,
  "siteCode": null,
  "statusFlag": "Publish",
  "returnCode": 0,
  "totalRows": null,
  "keywords": null,
  "avgScore": 0.0,
  "createDate": null,
  "totalPages": null
}