{
  "type": null,
  "faqId": 10602,
  "title": "P6-U06   如何启用屏幕解锁图案？",
  "answer": " l 点击 设置 > 安全 > 屏幕锁定 > 图案。 \r\n\r\n l 在“选择您的图案”界面，通过手指在屏幕连续划过几个圆的圆心设定解锁时使用的图形样式，再点击“继续”。 \r\n\r\n l 再次在屏幕上划过刚才的样式，点击“确认”完成解锁图形的设置。 \r\n\r\n l 当点电源键或开关机时，手机会默认进入图案解锁界面，在该界面划过刚才的图案样式，进行解锁。 \r\n\r\n ![](http://consumer.huawei.com/support/servlet/imageServlet?dlType=HtmlAreaImage&imageId=31782)",
  "faqTypeId": 134,
  "faqType": "硬件与外观",
  "useful": 0,
  "unUseful": 0,
  "languageId": 2,
  "languageName": "zh_cn",
  "faqCode": "1329",
  "faqTypeCode": "Handsets-Hardware-Appearance",
  "isTop": "0",
  "moduleCode": "faq",
  "productId": null,
  "productCode": null,
  "postDate": 1397636640000,
  "seriesProductName": "EDGE-U00",
  "visitedTimes": 44,
  "isUsefulFlag": null,
  "score": 0,
  "times": 0,
  "imageList": null,
  "displayType": "text",
  "justView": "2",
  "fileName": null,
  "filePath": null,
  "imagePath": null,
  "imageName": null,
  "productIdList": null,
  "curPage": null,
  "pageSize": null,
  "siteCode": null,
  "statusFlag": "Publish",
  "returnCode": 0,
  "totalRows": null,
  "keywords": null,
  "avgScore": 0.0,
  "createDate": null,
  "totalPages": null
}