{
  "type": null,
  "faqId": 10610,
  "title": "P6-U06    QQ相关",
  "answer": " 是否支持QQ后台?是否支持QQ视频？是否支持发送图片，下载聊天记录？如何在手机中清理登陆QQ帐号的聊天记录信息？ \r\n\r\n 支持QQ后台。QQ视频，发送图片与聊天记录的下载为QQ应用自己提供的功能，最新的版本支持以上的功能。以QQ2012版本为例，在登陆界面，选择设置功能，点击清除记录，弹出清除账号的对话框，勾选**同时删除相关聊天记录**即可。",
  "faqTypeId": 139,
  "faqType": "应用程序管理",
  "useful": 1,
  "unUseful": 0,
  "languageId": 2,
  "languageName": "zh_cn",
  "faqCode": "1335",
  "faqTypeCode": "Handsets-Application-Management",
  "isTop": "0",
  "moduleCode": "faq",
  "productId": null,
  "productCode": null,
  "postDate": 1397637464000,
  "seriesProductName": "EDGE-U00",
  "visitedTimes": 64,
  "isUsefulFlag": null,
  "score": 3,
  "times": 1,
  "imageList": null,
  "displayType": "text",
  "justView": "0",
  "fileName": null,
  "filePath": null,
  "imagePath": null,
  "imageName": null,
  "productIdList": null,
  "curPage": null,
  "pageSize": null,
  "siteCode": null,
  "statusFlag": "Publish",
  "returnCode": 0,
  "totalRows": null,
  "keywords": null,
  "avgScore": 3.0,
  "createDate": null,
  "totalPages": null
}