{
  "type": null,
  "faqId": 10611,
  "title": "P6-U06   第三方应用软件安装到microSD卡上，可能会占手机系统内存",
  "answer": " 手机不支持第三方应用直接安装在microSD卡上。只能通过“管理应用程序”将应用挪到microSD卡。是否能成功挪动，视应用本身。",
  "faqTypeId": 143,
  "faqType": "系统功能与设置",
  "useful": 0,
  "unUseful": 0,
  "languageId": 2,
  "languageName": "zh_cn",
  "faqCode": "1336",
  "faqTypeCode": "Handsets-System-Settings",
  "isTop": "0",
  "moduleCode": "faq",
  "productId": null,
  "productCode": null,
  "postDate": 1397637486000,
  "seriesProductName": "EDGE-U00",
  "visitedTimes": 115,
  "isUsefulFlag": null,
  "score": 0,
  "times": 0,
  "imageList": null,
  "displayType": "text",
  "justView": "0",
  "fileName": null,
  "filePath": null,
  "imagePath": null,
  "imageName": null,
  "productIdList": null,
  "curPage": null,
  "pageSize": null,
  "siteCode": null,
  "statusFlag": "Publish",
  "returnCode": 0,
  "totalRows": null,
  "keywords": null,
  "avgScore": 0.0,
  "createDate": null,
  "totalPages": null
}