{
  "type": null,
  "faqId": 10614,
  "title": "P6-U06   通讯录中备份和恢复联系人",
  "answer": " 手机备份> **备份**，进行备份和恢复联系人。 \r\n\r\n ![](http://consumer.huawei.com/support/servlet/imageServlet?dlType=HtmlAreaImage&imageId=31789)  \r\n\r\n l 备份 \r\n\r\n 选择 **备份到内部存储** 启动备份，数据备份在内部存储的根目录下的backup/Data文件夹下。 \r\n\r\n l 恢复 \r\n\r\n 选择 **从内部存储恢复** 启动恢复。将备份数据恢复到手机本地。",
  "faqTypeId": 144,
  "faqType": "其他",
  "useful": 0,
  "unUseful": 0,
  "languageId": 2,
  "languageName": "zh_cn",
  "faqCode": "1339",
  "faqTypeCode": "Handsets-Others",
  "isTop": "0",
  "moduleCode": "faq",
  "productId": null,
  "productCode": null,
  "postDate": 1397637603000,
  "seriesProductName": "EDGE-U00",
  "visitedTimes": 124,
  "isUsefulFlag": null,
  "score": 0,
  "times": 0,
  "imageList": null,
  "displayType": "text",
  "justView": "0",
  "fileName": null,
  "filePath": null,
  "imagePath": null,
  "imageName": null,
  "productIdList": null,
  "curPage": null,
  "pageSize": null,
  "siteCode": null,
  "statusFlag": "Publish",
  "returnCode": 0,
  "totalRows": null,
  "keywords": null,
  "avgScore": 0.0,
  "createDate": null,
  "totalPages": null
}