{
  "type": null,
  "faqId": 10612,
  "title": "P6-U06    部分电话号码不显示归属地的原因",
  "answer": " 支持来电归属地查询，查询方法为：在主屏幕，选择**安全卫士** > **来电归属地**，输入电话号码即可查询。但由于来电归属地的数据保存在手机中，不会自动更新，而运营商的号段不断更新，因此存在部分电话号码不显示归属地。",
  "faqTypeId": 143,
  "faqType": "系统功能与设置",
  "useful": 0,
  "unUseful": 0,
  "languageId": 2,
  "languageName": "zh_cn",
  "faqCode": "1337",
  "faqTypeCode": "Handsets-System-Settings",
  "isTop": "0",
  "moduleCode": "faq",
  "productId": null,
  "productCode": null,
  "postDate": 1397637508000,
  "seriesProductName": "EDGE-U00",
  "visitedTimes": 46,
  "isUsefulFlag": null,
  "score": 0,
  "times": 0,
  "imageList": null,
  "displayType": "text",
  "justView": "0",
  "fileName": null,
  "filePath": null,
  "imagePath": null,
  "imageName": null,
  "productIdList": null,
  "curPage": null,
  "pageSize": null,
  "siteCode": null,
  "statusFlag": "Publish",
  "returnCode": 0,
  "totalRows": null,
  "keywords": null,
  "avgScore": 0.0,
  "createDate": null,
  "totalPages": null
}