{
  "type": null,
  "faqId": 10622,
  "title": "P6-U06  连续输错几次图形锁后手机是否会被锁死？忘记图案如何解锁，能否通过GMAIL邮件解锁",
  "answer": " 连续输错几次图形锁后手机是否会有提示，不会被锁死，但会延迟下一次的尝试时间。 \r\n\r\n 忘记图案请送到客户服务部解锁或重新刷版本，在这款手机上不能通过Gmail邮件解锁。",
  "faqTypeId": 134,
  "faqType": "硬件与外观",
  "useful": 0,
  "unUseful": 0,
  "languageId": 2,
  "languageName": "zh_cn",
  "faqCode": "1330",
  "faqTypeCode": "Handsets-Hardware-Appearance",
  "isTop": "0",
  "moduleCode": "faq",
  "productId": null,
  "productCode": null,
  "postDate": 1397636665000,
  "seriesProductName": "EDGE-U00",
  "visitedTimes": 199,
  "isUsefulFlag": null,
  "score": 0,
  "times": 0,
  "imageList": null,
  "displayType": "text",
  "justView": "0",
  "fileName": null,
  "filePath": null,
  "imagePath": null,
  "imageName": null,
  "productIdList": null,
  "curPage": null,
  "pageSize": null,
  "siteCode": null,
  "statusFlag": "Publish",
  "returnCode": 0,
  "totalRows": null,
  "keywords": null,
  "avgScore": 0.0,
  "createDate": null,
  "totalPages": null
}