{
  "type": null,
  "faqId": 10636,
  "title": "P6-U06    释放手机内部存储空间",
  "answer": "删除无用的文件：点击**文件管理**，查看文件或文件夹，长按要删除的文件或文件夹，在弹出的菜单中选择**删除**",
  "faqTypeId": 140,
  "faqType": "存储与文件管理",
  "useful": 0,
  "unUseful": 0,
  "languageId": 2,
  "languageName": "zh_cn",
  "faqCode": "1381",
  "faqTypeCode": "Handsets-Storage-File-management",
  "isTop": "0",
  "moduleCode": "faq",
  "productId": null,
  "productCode": null,
  "postDate": 1397638425000,
  "seriesProductName": "EDGE-U00",
  "visitedTimes": 121,
  "isUsefulFlag": null,
  "score": 0,
  "times": 0,
  "imageList": null,
  "displayType": "text",
  "justView": "0",
  "fileName": null,
  "filePath": null,
  "imagePath": null,
  "imageName": null,
  "productIdList": null,
  "curPage": null,
  "pageSize": null,
  "siteCode": null,
  "statusFlag": "Publish",
  "returnCode": 0,
  "totalRows": null,
  "keywords": null,
  "avgScore": 0.0,
  "createDate": null,
  "totalPages": null
}