{
  "type": null,
  "faqId": 10633,
  "title": "P6-U06    如何打开任务管理器",
  "answer": " 手机中的任务管理器，类似与电脑中的任务管理器，当手机中多个应用同步运行时，为方便用户进行查看以及操作而设置的。管理已下载、正在运行、全部的应用程序。 \r\n\r\n 在任意界面点击![](http://consumer.huawei.com/support/servlet/imageServlet?dlType=HtmlAreaImage&imageId=31795)，即可进入任务管理器界面。",
  "faqTypeId": 139,
  "faqType": "应用程序管理",
  "useful": 0,
  "unUseful": 1,
  "languageId": 2,
  "languageName": "zh_cn",
  "faqCode": "1364",
  "faqTypeCode": "Handsets-Application-Management",
  "isTop": "0",
  "moduleCode": "faq",
  "productId": null,
  "productCode": null,
  "postDate": 1397637929000,
  "seriesProductName": "EDGE-U00",
  "visitedTimes": 44,
  "isUsefulFlag": null,
  "score": 0,
  "times": 0,
  "imageList": null,
  "displayType": "text",
  "justView": "0",
  "fileName": null,
  "filePath": null,
  "imagePath": null,
  "imageName": null,
  "productIdList": null,
  "curPage": null,
  "pageSize": null,
  "siteCode": null,
  "statusFlag": "Publish",
  "returnCode": 0,
  "totalRows": null,
  "keywords": null,
  "avgScore": 0.0,
  "createDate": null,
  "totalPages": null
}