{
  "type": null,
  "faqId": 10632,
  "title": "P6-U06    任务管理器的作用",
  "answer": " 管理已下载、正在运行、全部的应用程序。",
  "faqTypeId": 143,
  "faqType": "系统功能与设置",
  "useful": 0,
  "unUseful": 0,
  "languageId": 2,
  "languageName": "zh_cn",
  "faqCode": "1363",
  "faqTypeCode": "Handsets-System-Settings",
  "isTop": "0",
  "moduleCode": "faq",
  "productId": null,
  "productCode": null,
  "postDate": 1397637875000,
  "seriesProductName": "EDGE-U00",
  "visitedTimes": 24,
  "isUsefulFlag": null,
  "score": 0,
  "times": 0,
  "imageList": null,
  "displayType": "text",
  "justView": "0",
  "fileName": null,
  "filePath": null,
  "imagePath": null,
  "imageName": null,
  "productIdList": null,
  "curPage": null,
  "pageSize": null,
  "siteCode": null,
  "statusFlag": "Publish",
  "returnCode": 0,
  "totalRows": null,
  "keywords": null,
  "avgScore": 0.0,
  "createDate": null,
  "totalPages": null
}