{
  "type": null,
  "faqId": 10647,
  "title": "P6-U06   与电脑连接做U盘",
  "answer": " 把手机和电脑通过USB相连，可以识别microSD卡和手机内部存储空间，但不能识别手机内存。 \r\n\r\n ![](http://consumer.huawei.com/support/servlet/imageServlet?dlType=HtmlAreaImage&imageId=31806)  \r\n\r\n **媒体设备（MTP****）**：用来和电脑（需要支持MTP功能）进行媒体文件(图片，录音，电影等文件)的传输。 \r\n\r\n **相机（PTP****）**：用来和电脑进行图片文件的传输，对于不支持MTP功能的电脑这是一个好的共享方法。 \r\n\r\n **HiSuite**：用来打开和HiSuite的连接，打开它可以通过电脑上的HiSuite软件对手机里的图片，音乐，短信，联系人进行操作，也可以安装和删除手机上的应用。 \r\n\r\n **备注**：连接MAC电脑后我们可以通过MTP功能操作手机上的文件，暂时不支持在MAC上的拨号功能",
  "faqTypeId": 143,
  "faqType": "系统功能与设置",
  "useful": 0,
  "unUseful": 0,
  "languageId": 2,
  "languageName": "zh_cn",
  "faqCode": "1359",
  "faqTypeCode": "Handsets-System-Settings",
  "isTop": "0",
  "moduleCode": "faq",
  "productId": null,
  "productCode": null,
  "postDate": 1397638402000,
  "seriesProductName": "EDGE-U00",
  "visitedTimes": 399,
  "isUsefulFlag": null,
  "score": 0,
  "times": 0,
  "imageList": null,
  "displayType": "text",
  "justView": "0",
  "fileName": null,
  "filePath": null,
  "imagePath": null,
  "imageName": null,
  "productIdList": null,
  "curPage": null,
  "pageSize": null,
  "siteCode": null,
  "statusFlag": "Publish",
  "returnCode": 0,
  "totalRows": null,
  "keywords": null,
  "avgScore": 0.0,
  "createDate": null,
  "totalPages": null
}