{
  "type": null,
  "faqId": 10645,
  "title": "P6-U06   开发人员选项",
  "answer": " 用户可以通过在 **设置**=>**关于手机** 中快速地点击7次 “**版本号**”，得以进入开发者模式并显示开发人员选项。 \r\n\r\n l  USB调试：用于启用调试模式，可以通过adb命令调试手机 \r\n\r\n l  保持唤醒状态：用于充电时屏幕不会休眠 \r\n\r\n l  允许模拟地点：用于启用允许模拟地点功能 \r\n\r\n l  桌面备份密码：设置备份密码 \r\n\r\n l  指针位置：触摸屏幕时显示当前触摸数据 \r\n\r\n l  显示触摸操作：为触摸操作提供视觉提示 \r\n\r\n l  显示CPU使用情况：显示当前系统CPU的使用情况 \r\n\r\n l  强制进行GPU渲染：在应用程序中使用2D硬件加速 \r\n\r\n l  动画缩放：控制缩放的速度 \r\n\r\n l  后台进程限制：限制后台进程的个数 \r\n\r\n l  显示所有“应用程序无反应”：为后台应用程序显示“应用程序无响应”对话框",
  "faqTypeId": 143,
  "faqType": "系统功能与设置",
  "useful": 1,
  "unUseful": 0,
  "languageId": 2,
  "languageName": "zh_cn",
  "faqCode": "1372",
  "faqTypeCode": "Handsets-System-Settings",
  "isTop": "0",
  "moduleCode": "faq",
  "productId": null,
  "productCode": null,
  "postDate": 1397638310000,
  "seriesProductName": "EDGE-U00",
  "visitedTimes": 137,
  "isUsefulFlag": null,
  "score": 0,
  "times": 0,
  "imageList": null,
  "displayType": "text",
  "justView": "0",
  "fileName": null,
  "filePath": null,
  "imagePath": null,
  "imageName": null,
  "productIdList": null,
  "curPage": null,
  "pageSize": null,
  "siteCode": null,
  "statusFlag": "Publish",
  "returnCode": 0,
  "totalRows": null,
  "keywords": null,
  "avgScore": 0.0,
  "createDate": null,
  "totalPages": null
}