{
  "type": null,
  "faqId": 10655,
  "title": "P6-U06    省电小窍门",
  "answer": " l 不使用手机时，按电源键关闭屏幕。 \r\n\r\n l 缩短屏幕休眠时间：在主屏幕，点击**设置** > **显示** > **休眠**，设置屏幕休眠时间。 \r\n\r\n l 降低屏幕亮度：在主屏幕，点击**设置** > **显示** > **亮度**，设置屏幕亮度。 \r\n\r\n l 关闭蓝牙和WLAN：在主屏幕，点击**设置**，在**无线和网络**区域关闭蓝牙和WLAN。 \r\n\r\n l 关闭后台数据同步：在主屏幕，点击**设置** > **账户**，然后选择已存在帐户，关闭帐户与同步。 \r\n\r\n l 关闭数据业务：在主屏幕，点击**设置** > **移动网络**，取消勾选**启用数据流量**。 \r\n\r\n l 关闭GPS：在主屏幕，点击**设置** > **位置信息访问权限**，取消勾选**GPS****卫星**。",
  "faqTypeId": 143,
  "faqType": "系统功能与设置",
  "useful": 0,
  "unUseful": 0,
  "languageId": 2,
  "languageName": "zh_cn",
  "faqCode": "1421",
  "faqTypeCode": "Handsets-System-Settings",
  "isTop": "0",
  "moduleCode": "faq",
  "productId": null,
  "productCode": null,
  "postDate": 1397699494000,
  "seriesProductName": "EDGE-U00",
  "visitedTimes": 211,
  "isUsefulFlag": null,
  "score": 0,
  "times": 0,
  "imageList": null,
  "displayType": "text",
  "justView": "0",
  "fileName": null,
  "filePath": null,
  "imagePath": null,
  "imageName": null,
  "productIdList": null,
  "curPage": null,
  "pageSize": null,
  "siteCode": null,
  "statusFlag": "Publish",
  "returnCode": 0,
  "totalRows": null,
  "keywords": null,
  "avgScore": 0.0,
  "createDate": null,
  "totalPages": null
}