{
  "type": null,
  "faqId": 10650,
  "title": "P6-U06   恢复出厂设置的操作",
  "answer": " l  在主屏幕，点击“**设置** > **备份与重置** > **恢复出厂设置**”。 \r\n\r\n l  点击“**重置手机**”，恢复出厂设置。 \r\n\r\n ![](http://consumer.huawei.com/support/servlet/imageServlet?dlType=HtmlAreaImage&imageId=31812)",
  "faqTypeId": 143,
  "faqType": "系统功能与设置",
  "useful": 3,
  "unUseful": 4,
  "languageId": 2,
  "languageName": "zh_cn",
  "faqCode": "1376",
  "faqTypeCode": "Handsets-System-Settings",
  "isTop": "0",
  "moduleCode": "faq",
  "productId": null,
  "productCode": null,
  "postDate": 1397639145000,
  "seriesProductName": "EDGE-U00",
  "visitedTimes": 196,
  "isUsefulFlag": null,
  "score": 0,
  "times": 0,
  "imageList": null,
  "displayType": "text",
  "justView": "0",
  "fileName": null,
  "filePath": null,
  "imagePath": null,
  "imageName": null,
  "productIdList": null,
  "curPage": null,
  "pageSize": null,
  "siteCode": null,
  "statusFlag": "Publish",
  "returnCode": 0,
  "totalRows": null,
  "keywords": null,
  "avgScore": 0.0,
  "createDate": null,
  "totalPages": null
}