{
  "type": null,
  "faqId": 10659,
  "title": "P6-U06    手机内部存储空间和microSD卡剩余存储空间",
  "answer": " 在主界面，点击**设置** > **存储**，分别在“**内存设备**”和“**SD ****卡**”区域查看存储空间的情况。 \r\n\r\n 内存设备是手机自带的存储，存储大小是生产时就确定的。SD卡的容量是由您所插入的SD卡的容量所确定。 \r\n\r\n ![](http://consumer.huawei.com/support/servlet/imageServlet?dlType=HtmlAreaImage&imageId=31847)",
  "faqTypeId": 143,
  "faqType": "系统功能与设置",
  "useful": 0,
  "unUseful": 2,
  "languageId": 2,
  "languageName": "zh_cn",
  "faqCode": "1408",
  "faqTypeCode": "Handsets-System-Settings",
  "isTop": "0",
  "moduleCode": "faq",
  "productId": null,
  "productCode": null,
  "postDate": 1397699867000,
  "seriesProductName": "EDGE-U00",
  "visitedTimes": 225,
  "isUsefulFlag": null,
  "score": 12,
  "times": 4,
  "imageList": null,
  "displayType": "text",
  "justView": "0",
  "fileName": null,
  "filePath": null,
  "imagePath": null,
  "imageName": null,
  "productIdList": null,
  "curPage": null,
  "pageSize": null,
  "siteCode": null,
  "statusFlag": "Publish",
  "returnCode": 0,
  "totalRows": null,
  "keywords": null,
  "avgScore": 3.0,
  "createDate": null,
  "totalPages": null
}