{
  "type": null,
  "faqId": 10658,
  "title": "P6-U06    是否支持word，excel，ppt，pdf的编辑与浏览？",
  "answer": " 手机自带wps应用 \r\n\r\n 支持word，excel，ppt，pdf的浏览 \r\n\n支持word，excel，ppt的编辑",
  "faqTypeId": 143,
  "faqType": "系统功能与设置",
  "useful": 0,
  "unUseful": 1,
  "languageId": 2,
  "languageName": "zh_cn",
  "faqCode": "1407",
  "faqTypeCode": "Handsets-System-Settings",
  "isTop": "0",
  "moduleCode": "faq",
  "productId": null,
  "productCode": null,
  "postDate": 1397699800000,
  "seriesProductName": "EDGE-U00",
  "visitedTimes": 119,
  "isUsefulFlag": null,
  "score": 0,
  "times": 0,
  "imageList": null,
  "displayType": "text",
  "justView": "0",
  "fileName": null,
  "filePath": null,
  "imagePath": null,
  "imageName": null,
  "productIdList": null,
  "curPage": null,
  "pageSize": null,
  "siteCode": null,
  "statusFlag": "Publish",
  "returnCode": 0,
  "totalRows": null,
  "keywords": null,
  "avgScore": 0.0,
  "createDate": null,
  "totalPages": null
}