{
  "type": null,
  "faqId": 10677,
  "title": "P6-U06   充电器能否混用",
  "answer": " 华为公司配置的充电器可以，手机中有充电保护电路。但是建议用户使用**标配充电器**，长期使用过大电流充电，对手机和电池寿命不好。使用小电流充电，会使充电时间延长。",
  "faqTypeId": 143,
  "faqType": "系统功能与设置",
  "useful": 0,
  "unUseful": 0,
  "languageId": 2,
  "languageName": "zh_cn",
  "faqCode": "1401",
  "faqTypeCode": "Handsets-System-Settings",
  "isTop": "0",
  "moduleCode": "faq",
  "productId": null,
  "productCode": null,
  "postDate": 1397699458000,
  "seriesProductName": "EDGE-U00",
  "visitedTimes": 359,
  "isUsefulFlag": null,
  "score": 0,
  "times": 0,
  "imageList": null,
  "displayType": "text",
  "justView": "0",
  "fileName": null,
  "filePath": null,
  "imagePath": null,
  "imageName": null,
  "productIdList": null,
  "curPage": null,
  "pageSize": null,
  "siteCode": null,
  "statusFlag": "Publish",
  "returnCode": 0,
  "totalRows": null,
  "keywords": null,
  "avgScore": 0.0,
  "createDate": null,
  "totalPages": null
}