{
  "type": null,
  "faqId": 10675,
  "title": "P6-U06   是否支持OTG功能？如何使用？",
  "answer": " 支持。 \r\n\r\n a)      把OTG线的一端插入手机的充电插口。 \r\n\r\n b)     另一端插上USB设备就可使用。 \r\n\r\n OTG是一种新的USB传输技术，可以通过OTG转接线让手机访问U盘，数码相机或键盘，鼠标等外接设备，高清视频输出的操作方式。",
  "faqTypeId": 143,
  "faqType": "系统功能与设置",
  "useful": 0,
  "unUseful": 0,
  "languageId": 2,
  "languageName": "zh_cn",
  "faqCode": "1399",
  "faqTypeCode": "Handsets-System-Settings",
  "isTop": "0",
  "moduleCode": "faq",
  "productId": null,
  "productCode": null,
  "postDate": 1397699407000,
  "seriesProductName": "EDGE-U00",
  "visitedTimes": 251,
  "isUsefulFlag": null,
  "score": 0,
  "times": 0,
  "imageList": null,
  "displayType": "text",
  "justView": "0",
  "fileName": null,
  "filePath": null,
  "imagePath": null,
  "imageName": null,
  "productIdList": null,
  "curPage": null,
  "pageSize": null,
  "siteCode": null,
  "statusFlag": "Publish",
  "returnCode": 0,
  "totalRows": null,
  "keywords": null,
  "avgScore": 0.0,
  "createDate": null,
  "totalPages": null
}