{
  "type": null,
  "faqId": 10680,
  "title": "P6-U06  恢复出厂设置",
  "answer": "恢复出厂设置：在主屏幕，点击 **设置** > **备份和重置** > **恢复出厂设置**，再点击**重置手机**",
  "faqTypeId": 141,
  "faqType": "备份恢复与升级",
  "useful": 3,
  "unUseful": 6,
  "languageId": 2,
  "languageName": "zh_cn",
  "faqCode": "1424",
  "faqTypeCode": "Handsets-Backup-Restore-Update",
  "isTop": "0",
  "moduleCode": "faq",
  "productId": null,
  "productCode": null,
  "postDate": 1397699639000,
  "seriesProductName": "EDGE-U00",
  "visitedTimes": 576,
  "isUsefulFlag": null,
  "score": 9,
  "times": 3,
  "imageList": null,
  "displayType": "text",
  "justView": "1",
  "fileName": null,
  "filePath": null,
  "imagePath": null,
  "imageName": null,
  "productIdList": null,
  "curPage": null,
  "pageSize": null,
  "siteCode": null,
  "statusFlag": "Publish",
  "returnCode": 0,
  "totalRows": null,
  "keywords": null,
  "avgScore": 3.0,
  "createDate": null,
  "totalPages": null
}