{
  "type": null,
  "faqId": 10726,
  "title": "荣耀3C （H30-T10&H30-U10）  主菜单简介",
  "answer": " H30主界面，主菜单即是idle界面，默认为三个屏幕，可以左右滑动来翻页,用户也可以自行设置主屏切换效果。用户可以将应用程序和控件的快捷方式放置在主界面上，并可在主界面上点击图标启动应用程序。 \r\n\r\n 1、信号栏区域； \r\n\r\n 2、Wigdet区域； \r\n\r\n 3、桌面快捷方式； \r\n\r\n 4、dock区域，放置应用程序的快捷方式，翻屏时该区域的应用快捷方式不随着移动。 \r\n\r\n 放置在主屏幕的元素可以是应用程序的快捷方式和窗口小部件。用户可以将一个应用程序的快捷方式拖动到已经放置快捷方式的位置，这样会形成一个文件夹，里面包含两个应用程序的快捷方式。 \r\n\r\n ![](http://consumer.huawei.com/support/servlet/imageServlet?dlType=HtmlAreaImage&imageId=31885)",
  "faqTypeId": 143,
  "faqType": "系统功能与设置",
  "useful": 0,
  "unUseful": 2,
  "languageId": 2,
  "languageName": "zh_cn",
  "faqCode": "1462",
  "faqTypeCode": "Handsets-System-Settings",
  "isTop": "0",
  "moduleCode": "faq",
  "productId": null,
  "productCode": null,
  "postDate": 1397707945000,
  "seriesProductName": "H30-T10,H30-U10",
  "visitedTimes": 271,
  "isUsefulFlag": null,
  "score": 0,
  "times": 0,
  "imageList": null,
  "displayType": "text",
  "justView": "0",
  "fileName": null,
  "filePath": null,
  "imagePath": null,
  "imageName": null,
  "productIdList": null,
  "curPage": null,
  "pageSize": null,
  "siteCode": null,
  "statusFlag": "Publish",
  "returnCode": 0,
  "totalRows": null,
  "keywords": null,
  "avgScore": 0.0,
  "createDate": null,
  "totalPages": null
}