{
  "type": null,
  "faqId": 10722,
  "title": "荣耀3C （H30-T10&H30-U10）  安装手机",
  "answer": " H30-T10&H30-U10的电池盖可拆卸。 \r\n\r\n H30-T10&H30-U10支持微型SIM卡。请咨询您的网络运营商更换或购买微型SIM卡。 \r\n\r\n H30-T10&H30-U10支持双SIM 卡及microSD 卡。安装时，请根据卡座上对应的提示正确安装对应的微型SIM 卡和microSD 卡。 \r\n\r\n ![](http://consumer.huawei.com/support/servlet/imageServlet?dlType=HtmlAreaImage&imageId=31878)  \r\n\r\n 安装完成后，按住电源键几秒钟，开启您的H30之旅。 \r\n\r\n **注意**：请勿在开机状态下插拔微型SIM卡 \r\n\r\n 为避免因为错误安装导致网络注册失败，安装微型 SIM 卡时，请勿交换SIM卡和Micro SD 卡的位置。",
  "faqTypeId": 143,
  "faqType": "系统功能与设置",
  "useful": 18,
  "unUseful": 13,
  "languageId": 2,
  "languageName": "zh_cn",
  "faqCode": "1440",
  "faqTypeCode": "Handsets-System-Settings",
  "isTop": "0",
  "moduleCode": "faq",
  "productId": null,
  "productCode": null,
  "postDate": 1397706556000,
  "seriesProductName": "H30-T10,H30-U10",
  "visitedTimes": 11305,
  "isUsefulFlag": null,
  "score": 0,
  "times": 0,
  "imageList": null,
  "displayType": "text",
  "justView": "7",
  "fileName": null,
  "filePath": null,
  "imagePath": null,
  "imageName": null,
  "productIdList": null,
  "curPage": null,
  "pageSize": null,
  "siteCode": null,
  "statusFlag": "Publish",
  "returnCode": 0,
  "totalRows": null,
  "keywords": null,
  "avgScore": 0.0,
  "createDate": null,
  "totalPages": null
}