{
  "type": null,
  "faqId": 10727,
  "title": "荣耀3C （H30-T10&H30-U10）   编辑主菜单",
  "answer": " 主屏幕上的快捷方式和窗口小部件都可以通过长按它触发编辑。编辑操作包括任意拖动和分享，拖动到图示位置![](http://consumer.huawei.com/support/servlet/imageServlet?dlType=HtmlAreaImage&imageId=31886)，触发卸载应用将其删除，也可以拖动到图示位置![](http://consumer.huawei.com/support/servlet/imageServlet?dlType=HtmlAreaImage&imageId=31887)，分享应用。 \r\n\r\n\n\t![](http://consumer.huawei.com/support/servlet/imageServlet?dlType=HtmlAreaImage&imageId=31888) \n\t\r\n\r\n **注意**：系统关键应用是无法删除和分享的",
  "faqTypeId": 143,
  "faqType": "系统功能与设置",
  "useful": 0,
  "unUseful": 0,
  "languageId": 2,
  "languageName": "zh_cn",
  "faqCode": "1452",
  "faqTypeCode": "Handsets-System-Settings",
  "isTop": "0",
  "moduleCode": "faq",
  "productId": null,
  "productCode": null,
  "postDate": 1397708083000,
  "seriesProductName": "H30-T10,H30-U10",
  "visitedTimes": 54,
  "isUsefulFlag": null,
  "score": 0,
  "times": 0,
  "imageList": null,
  "displayType": "text",
  "justView": "0",
  "fileName": null,
  "filePath": null,
  "imagePath": null,
  "imageName": null,
  "productIdList": null,
  "curPage": null,
  "pageSize": null,
  "siteCode": null,
  "statusFlag": "Publish",
  "returnCode": 0,
  "totalRows": null,
  "keywords": null,
  "avgScore": 0.0,
  "createDate": null,
  "totalPages": null
}