{
  "type": null,
  "faqId": 10746,
  "title": "荣耀3C （H30-T10&H30-U10）  联系人通过SIM卡导入、导出",
  "answer": " l  将手机联系人导入到SIM卡： \r\n\r\n a)      联系人 > Menu > 导入/导出 > 导出到sim卡2 。 \r\n\r\n b)     选择要复制的手机上的联系人 > 点击“导出”按钮 >点击“确定”。 \r\n\r\n ![](http://consumer.huawei.com/support/servlet/imageServlet?dlType=HtmlAreaImage&imageId=31899)  \r\n\r\n l   将SIM卡的联系人导出到手机 \r\n\r\n a)      联系人 > Menu > 导入/导出 > 从sim卡2导入 。 \r\n\r\n b)     选择要复制的SIM卡上的联系人 >点击“导入”按钮 >点击“确定”。 \r\n\r\n ![](http://consumer.huawei.com/support/servlet/imageServlet?dlType=HtmlAreaImage&imageId=31900)",
  "faqTypeId": 143,
  "faqType": "系统功能与设置",
  "useful": 0,
  "unUseful": 0,
  "languageId": 2,
  "languageName": "zh_cn",
  "faqCode": "1460",
  "faqTypeCode": "Handsets-System-Settings",
  "isTop": "0",
  "moduleCode": "faq",
  "productId": null,
  "productCode": null,
  "postDate": 1397715980000,
  "seriesProductName": "H30-T10,H30-U10",
  "visitedTimes": 60,
  "isUsefulFlag": null,
  "score": 0,
  "times": 0,
  "imageList": null,
  "displayType": "text",
  "justView": "0",
  "fileName": null,
  "filePath": null,
  "imagePath": null,
  "imageName": null,
  "productIdList": null,
  "curPage": null,
  "pageSize": null,
  "siteCode": null,
  "statusFlag": "Publish",
  "returnCode": 0,
  "totalRows": null,
  "keywords": null,
  "avgScore": 0.0,
  "createDate": null,
  "totalPages": null
}