{
  "type": null,
  "faqId": 10741,
  "title": "荣耀3C （H30-T10&H30-U10）  如何添加快捷图标到桌面",
  "answer": " 长按主屏幕空白处或者按菜单键触发，选择进入窗口小工具。长按一个窗口小工具，将其拖动到桌面空白处即可。 \r\n\r\n ![](http://consumer.huawei.com/support/servlet/imageServlet?dlType=HtmlAreaImage&imageId=31892)",
  "faqTypeId": 143,
  "faqType": "系统功能与设置",
  "useful": 0,
  "unUseful": 3,
  "languageId": 2,
  "languageName": "zh_cn",
  "faqCode": "1456",
  "faqTypeCode": "Handsets-System-Settings",
  "isTop": "0",
  "moduleCode": "faq",
  "productId": null,
  "productCode": null,
  "postDate": 1397715721000,
  "seriesProductName": "H30-T10,H30-U10",
  "visitedTimes": 71,
  "isUsefulFlag": null,
  "score": 0,
  "times": 0,
  "imageList": null,
  "displayType": "text",
  "justView": "0",
  "fileName": null,
  "filePath": null,
  "imagePath": null,
  "imageName": null,
  "productIdList": null,
  "curPage": null,
  "pageSize": null,
  "siteCode": null,
  "statusFlag": "Publish",
  "returnCode": 0,
  "totalRows": null,
  "keywords": null,
  "avgScore": 0.0,
  "createDate": null,
  "totalPages": null
}