{
  "type": null,
  "faqId": 10749,
  "title": "荣耀3C （H30-T10&H30-U10）  设置群组联系人",
  "answer": " 有两种方式将联系人加入群组： \r\n\r\n l  第一种：在编辑联系人界面，在“群组名称”项，选择群组。 \r\n\r\n ![](http://consumer.huawei.com/support/servlet/imageServlet?dlType=HtmlAreaImage&imageId=31907)  \r\n\r\n l 第二种：联系人 > 切tab页到收藏界面 > 手机群组 > 在群组编辑界面，点击按钮添加成员。 \r\n\n![](http://consumer.huawei.com/support/servlet/imageServlet?dlType=HtmlAreaImage&imageId=31908)",
  "faqTypeId": 143,
  "faqType": "系统功能与设置",
  "useful": 0,
  "unUseful": 0,
  "languageId": 2,
  "languageName": "zh_cn",
  "faqCode": "1484",
  "faqTypeCode": "Handsets-System-Settings",
  "isTop": "0",
  "moduleCode": "faq",
  "productId": null,
  "productCode": null,
  "postDate": 1397716181000,
  "seriesProductName": "H30-T10,H30-U10",
  "visitedTimes": 17,
  "isUsefulFlag": null,
  "score": 0,
  "times": 0,
  "imageList": null,
  "displayType": "text",
  "justView": "0",
  "fileName": null,
  "filePath": null,
  "imagePath": null,
  "imageName": null,
  "productIdList": null,
  "curPage": null,
  "pageSize": null,
  "siteCode": null,
  "statusFlag": "Publish",
  "returnCode": 0,
  "totalRows": null,
  "keywords": null,
  "avgScore": 0.0,
  "createDate": null,
  "totalPages": null
}