{
  "type": null,
  "faqId": 10744,
  "title": "荣耀3C （H30-T10&H30-U10）   新建联系人，建立来电大头贴",
  "answer": " l  新建联系人 \r\n\r\n 打开通信录 > 点击下方添加联系人图标 > 选择存储类型。 \r\n\r\n 进入联系人编辑界面 > 输入联系人信息 > 返回/完成。 \r\n\r\n ![](http://consumer.huawei.com/support/servlet/imageServlet?dlType=HtmlAreaImage&imageId=31893)  \r\n\r\n l  建立来电大头贴 \r\n\r\n 注：不支持SIM联系人设置来电大头贴 \r\n\r\n 方法一：联系人列表 > 打开联系人详情界面 > 点击联系人头像 > 拍照或从图库中选择照； \r\n\r\n 方法二：打开联系人详情界面 > menu > 修改，进入编辑界面 > 点击联系人头像 > 拍照或从图库中选择照； \r\n\n![](http://consumer.huawei.com/support/servlet/imageServlet?dlType=HtmlAreaImage&imageId=31895)",
  "faqTypeId": 137,
  "faqType": "通话与联系人",
  "useful": 0,
  "unUseful": 0,
  "languageId": 2,
  "languageName": "zh_cn",
  "faqCode": "1457",
  "faqTypeCode": "Handsets-Calls-contacts",
  "isTop": "0",
  "moduleCode": "faq",
  "productId": null,
  "productCode": null,
  "postDate": 1397715865000,
  "seriesProductName": "H30-T10,H30-U10",
  "visitedTimes": 59,
  "isUsefulFlag": null,
  "score": 3,
  "times": 1,
  "imageList": null,
  "displayType": "text",
  "justView": "0",
  "fileName": null,
  "filePath": null,
  "imagePath": null,
  "imageName": null,
  "productIdList": null,
  "curPage": null,
  "pageSize": null,
  "siteCode": null,
  "statusFlag": "Publish",
  "returnCode": 0,
  "totalRows": null,
  "keywords": null,
  "avgScore": 3.0,
  "createDate": null,
  "totalPages": null
}