{
  "type": null,
  "faqId": 10759,
  "title": "荣耀3C （H30-T10&H30-U10） 手机最多支持保存多少条短信",
  "answer": " 一个会话里边短信支持500条或彩信50条（用户可以在设置中修改）。 \r\n\r\n 对于手机总的短彩信条数没有限制，与手机剩余存储空间相关。",
  "faqTypeId": 143,
  "faqType": "系统功能与设置",
  "useful": 0,
  "unUseful": 0,
  "languageId": 2,
  "languageName": "zh_cn",
  "faqCode": "1494",
  "faqTypeCode": "Handsets-System-Settings",
  "isTop": "0",
  "moduleCode": "faq",
  "productId": null,
  "productCode": null,
  "postDate": 1397716583000,
  "seriesProductName": "H30-T10,H30-U10",
  "visitedTimes": 65,
  "isUsefulFlag": null,
  "score": 0,
  "times": 0,
  "imageList": null,
  "displayType": "text",
  "justView": "0",
  "fileName": null,
  "filePath": null,
  "imagePath": null,
  "imageName": null,
  "productIdList": null,
  "curPage": null,
  "pageSize": null,
  "siteCode": null,
  "statusFlag": "Publish",
  "returnCode": 0,
  "totalRows": null,
  "keywords": null,
  "avgScore": 0.0,
  "createDate": null,
  "totalPages": null
}