{
  "type": null,
  "faqId": 10757,
  "title": "荣耀3C （H30-T10&H30-U10）  短信转发/群发与保存草稿方法，最多群发条数",
  "answer": " 短信转发：会话模式下，读信息界面，点击需要转发的某一条短信，选择转发，转发给指定联系人。 \r\n\r\n 短信群发：新建一条短信，点击 ![](http://consumer.huawei.com/support/servlet/imageServlet?dlType=HtmlAreaImage&imageId=31913) 进入添加联系人界面，选择需要添加的联系人，点击**确定**，群发短信到选择的联系人。",
  "faqTypeId": 143,
  "faqType": "系统功能与设置",
  "useful": 0,
  "unUseful": 0,
  "languageId": 2,
  "languageName": "zh_cn",
  "faqCode": "1491",
  "faqTypeCode": "Handsets-System-Settings",
  "isTop": "0",
  "moduleCode": "faq",
  "productId": null,
  "productCode": null,
  "postDate": 1397716507000,
  "seriesProductName": "H30-T10,H30-U10",
  "visitedTimes": 34,
  "isUsefulFlag": null,
  "score": 0,
  "times": 0,
  "imageList": null,
  "displayType": "text",
  "justView": "0",
  "fileName": null,
  "filePath": null,
  "imagePath": null,
  "imageName": null,
  "productIdList": null,
  "curPage": null,
  "pageSize": null,
  "siteCode": null,
  "statusFlag": "Publish",
  "returnCode": 0,
  "totalRows": null,
  "keywords": null,
  "avgScore": 0.0,
  "createDate": null,
  "totalPages": null
}