{
  "type": null,
  "faqId": 10754,
  "title": "荣耀3C （H30-T10&H30-U10）   删除或者锁定同一个会话中的特定短信，批量删除",
  "answer": " ![](http://consumer.huawei.com/support/servlet/imageServlet?dlType=HtmlAreaImage&imageId=31911) \r\n\r\n 会话模式下，读信息界面，长按需要锁定的一条短信，选择锁定信息，便可以锁定该短信。 \r\n\r\n 信息界面，长按一条会话，选择需要删除的会话，按删除，从便可以删除该短信。",
  "faqTypeId": 143,
  "faqType": "系统功能与设置",
  "useful": 1,
  "unUseful": 3,
  "languageId": 2,
  "languageName": "zh_cn",
  "faqCode": "1488",
  "faqTypeCode": "Handsets-System-Settings",
  "isTop": "0",
  "moduleCode": "faq",
  "productId": null,
  "productCode": null,
  "postDate": 1397716375000,
  "seriesProductName": "H30-T10,H30-U10",
  "visitedTimes": 30,
  "isUsefulFlag": null,
  "score": 0,
  "times": 0,
  "imageList": null,
  "displayType": "text",
  "justView": "0",
  "fileName": null,
  "filePath": null,
  "imagePath": null,
  "imageName": null,
  "productIdList": null,
  "curPage": null,
  "pageSize": null,
  "siteCode": null,
  "statusFlag": "Publish",
  "returnCode": 0,
  "totalRows": null,
  "keywords": null,
  "avgScore": 0.0,
  "createDate": null,
  "totalPages": null
}