{
  "type": null,
  "faqId": 10767,
  "title": "荣耀3C （H30-T10&H30-U10） 彩信发送/接收失败的可能原因，解决方法",
  "answer": " l 网络繁忙或信号不好时，会导致彩信发送失败。 \r\n\r\n  通俗说法：由于网络侧繁忙或信号不好等原因，不能处理发送彩信。导致发送失败。 \r\n\r\n  解决方法：稍后重试发送。 \r\n\r\n l 被网络侧（彩信中心）拒绝时，会导致彩信发送失败。 \r\n\r\n 通俗说法1：收件人号码信息填写不正确，导致发送失败。 \r\n\r\n 解决方法1：检查收件人号码是否正确，如果错误，请更正后，重发彩信。 \r\n\r\n 通俗说法2：编辑的彩信超过了300KB，导致不能发送。 \r\n\r\n 解决方法2：删除一些彩信内容，另彩信小于300KB，再尝试发送。 \r\n\r\n l 是否欠费了。 \r\n\r\n  通俗说法：欠费导致发送失败。 \r\n\r\n  解决方法：缴费后，重新发送。 \r\n\r\n l 手机内存不足时，无法接收彩信 \r\n\r\n 通俗说法：欠费导致发送失败。 \r\n\r\n 解决方法：释放手机内存，使剩余空间大于300K。",
  "faqTypeId": 143,
  "faqType": "系统功能与设置",
  "useful": 0,
  "unUseful": 0,
  "languageId": 2,
  "languageName": "zh_cn",
  "faqCode": "1501",
  "faqTypeCode": "Handsets-System-Settings",
  "isTop": "0",
  "moduleCode": "faq",
  "productId": null,
  "productCode": null,
  "postDate": 1397716981000,
  "seriesProductName": "H30-T10,H30-U10",
  "visitedTimes": 103,
  "isUsefulFlag": null,
  "score": 0,
  "times": 0,
  "imageList": null,
  "displayType": "text",
  "justView": "0",
  "fileName": null,
  "filePath": null,
  "imagePath": null,
  "imageName": null,
  "productIdList": null,
  "curPage": null,
  "pageSize": null,
  "siteCode": null,
  "statusFlag": "Publish",
  "returnCode": 0,
  "totalRows": null,
  "keywords": null,
  "avgScore": 0.0,
  "createDate": null,
  "totalPages": null
}