{
  "type": null,
  "faqId": 10763,
  "title": "荣耀3C （H30-T10&H30-U10）  在通话过程中如何三方通话？通话切换？",
  "answer": " H30支持三方通话，通话过程中，可以在通话界面下方进行其他操作： \r\n\r\n 在同一个卡接入的两个通话中，点击![](http://consumer.huawei.com/support/servlet/imageServlet?dlType=HtmlAreaImage&imageId=31914) 可以进行通话切换。 \r\n\r\n 在同一个卡接入的两个通话中，点击![](http://consumer.huawei.com/support/servlet/imageServlet?dlType=HtmlAreaImage&imageId=31915)可以将两个通话合并为电话会议（注：此功能需要网络运营商支持才能使用）。",
  "faqTypeId": 143,
  "faqType": "系统功能与设置",
  "useful": 2,
  "unUseful": 0,
  "languageId": 2,
  "languageName": "zh_cn",
  "faqCode": "1497",
  "faqTypeCode": "Handsets-System-Settings",
  "isTop": "0",
  "moduleCode": "faq",
  "productId": null,
  "productCode": null,
  "postDate": 1397716775000,
  "seriesProductName": "H30-T10,H30-U10",
  "visitedTimes": 214,
  "isUsefulFlag": null,
  "score": 0,
  "times": 0,
  "imageList": null,
  "displayType": "text",
  "justView": "0",
  "fileName": null,
  "filePath": null,
  "imagePath": null,
  "imageName": null,
  "productIdList": null,
  "curPage": null,
  "pageSize": null,
  "siteCode": null,
  "statusFlag": "Publish",
  "returnCode": 0,
  "totalRows": null,
  "keywords": null,
  "avgScore": 0.0,
  "createDate": null,
  "totalPages": null
}