{
  "type": null,
  "faqId": 10766,
  "title": "荣耀3C （H30-T10&H30-U10）  发送彩信",
  "answer": " l   进入消息菜单，选择**新信息**，撰写新信息； \r\n\r\n l   输入收件人和编辑消息内容； \r\n\r\n l   按菜单键，再选择**添加主题**（添加主题后自动转换为彩信）； \r\n\r\n l   点击文本框左边![](http://consumer.huawei.com/support/servlet/imageServlet?dlType=HtmlAreaImage&imageId=31916)按钮添加附件，可以加入图片、音频或视频（添加多媒体文件自动转成彩信）； \r\n\r\n ![](http://consumer.huawei.com/support/servlet/imageServlet?dlType=HtmlAreaImage&imageId=31917)  \r\n\r\n l   编辑完成后，点击**发送**。",
  "faqTypeId": 143,
  "faqType": "系统功能与设置",
  "useful": 0,
  "unUseful": 0,
  "languageId": 2,
  "languageName": "zh_cn",
  "faqCode": "1500",
  "faqTypeCode": "Handsets-System-Settings",
  "isTop": "0",
  "moduleCode": "faq",
  "productId": null,
  "productCode": null,
  "postDate": 1397716920000,
  "seriesProductName": "H30-T10,H30-U10",
  "visitedTimes": 20,
  "isUsefulFlag": null,
  "score": 0,
  "times": 0,
  "imageList": null,
  "displayType": "text",
  "justView": "0",
  "fileName": null,
  "filePath": null,
  "imagePath": null,
  "imageName": null,
  "productIdList": null,
  "curPage": null,
  "pageSize": null,
  "siteCode": null,
  "statusFlag": "Publish",
  "returnCode": 0,
  "totalRows": null,
  "keywords": null,
  "avgScore": 0.0,
  "createDate": null,
  "totalPages": null
}