{
  "type": null,
  "faqId": 10761,
  "title": "荣耀3C （H30-T10&H30-U10）  通话录音，以及存储路径",
  "answer": " H30支持通话录音,录音格式为3gpp \r\n\r\n 存储路径为： \r\n\r\n 如果设置 > 存储 > 默认存储器选中手机存储，录音文件默认保存在：文件管理/手机存储/PhoneRecord \r\n\r\n 如果设置 > 存储 > 默认存储器选中SD卡，录音文件默认保存在：文件管理/SD卡/PhoneRecord",
  "faqTypeId": 143,
  "faqType": "系统功能与设置",
  "useful": 0,
  "unUseful": 0,
  "languageId": 2,
  "languageName": "zh_cn",
  "faqCode": "1496",
  "faqTypeCode": "Handsets-System-Settings",
  "isTop": "0",
  "moduleCode": "faq",
  "productId": null,
  "productCode": null,
  "postDate": 1397716653000,
  "seriesProductName": "H30-T10,H30-U10",
  "visitedTimes": 172,
  "isUsefulFlag": null,
  "score": 0,
  "times": 0,
  "imageList": null,
  "displayType": "text",
  "justView": "0",
  "fileName": null,
  "filePath": null,
  "imagePath": null,
  "imageName": null,
  "productIdList": null,
  "curPage": null,
  "pageSize": null,
  "siteCode": null,
  "statusFlag": "Publish",
  "returnCode": 0,
  "totalRows": null,
  "keywords": null,
  "avgScore": 0.0,
  "createDate": null,
  "totalPages": null
}