{
  "type": null,
  "faqId": 10768,
  "title": "荣耀3C （H30-T10&H30-U10）  彩信是否受文件大小/视频格式/分辨率等因素限制",
  "answer": " 视频和音频文件超过规定大小（通常是300k）则无法添加为附件。图片文件过大时会自动压缩图片分辨率，再以附件添加到彩信中，接收方收到的图片文件也是低分辨率的图片。",
  "faqTypeId": 143,
  "faqType": "系统功能与设置",
  "useful": 0,
  "unUseful": 0,
  "languageId": 2,
  "languageName": "zh_cn",
  "faqCode": "1502",
  "faqTypeCode": "Handsets-System-Settings",
  "isTop": "0",
  "moduleCode": "faq",
  "productId": null,
  "productCode": null,
  "postDate": 1397717023000,
  "seriesProductName": "H30-T10,H30-U10",
  "visitedTimes": 19,
  "isUsefulFlag": null,
  "score": 0,
  "times": 0,
  "imageList": null,
  "displayType": "text",
  "justView": "0",
  "fileName": null,
  "filePath": null,
  "imagePath": null,
  "imageName": null,
  "productIdList": null,
  "curPage": null,
  "pageSize": null,
  "siteCode": null,
  "statusFlag": "Publish",
  "returnCode": 0,
  "totalRows": null,
  "keywords": null,
  "avgScore": 0.0,
  "createDate": null,
  "totalPages": null
}