{
  "type": null,
  "faqId": 10764,
  "title": "荣耀3C （H30-T10&H30-U10）   双卡双通/双卡单通手机，其中一张卡通话中，另一张卡来电时有什么提示？",
  "answer": " H30 手机采用“ 双卡双待单通” 设计，插入手机中的两张卡无法同时使用语音业务或数据业务。 \r\n\r\n • 当其中一张卡正在通话时，另一张卡无法接打电话。若此时正好有人拨打另一张卡，可能会听到“您拨打的电话不在服务区”、“ 您拨打的用户暂时无法接通，请稍后再拨” 等语音提示。 \r\n\r\n • 当其中一张卡正在使用数据业务时，另一张卡的数据业务无法使用。 \r\n\r\n 上述情况为手机的单通特性，可显著降低功耗、提升待机时间，与运营商网络状况无关。 \r\n\n建议您咨询当地运营商，开通“ 漏话提醒”、“ 来电提醒”、“ 秘书服务” 等业务，避免在上所述场景下漏接电话无提醒的问题。,",
  "faqTypeId": 143,
  "faqType": "系统功能与设置",
  "useful": 0,
  "unUseful": 1,
  "languageId": 2,
  "languageName": "zh_cn",
  "faqCode": "1499",
  "faqTypeCode": "Handsets-System-Settings",
  "isTop": "0",
  "moduleCode": "faq",
  "productId": null,
  "productCode": null,
  "postDate": 1397716815000,
  "seriesProductName": "H30-T10,H30-U10",
  "visitedTimes": 382,
  "isUsefulFlag": null,
  "score": 0,
  "times": 0,
  "imageList": null,
  "displayType": "text",
  "justView": "0",
  "fileName": null,
  "filePath": null,
  "imagePath": null,
  "imageName": null,
  "productIdList": null,
  "curPage": null,
  "pageSize": null,
  "siteCode": null,
  "statusFlag": "Publish",
  "returnCode": 0,
  "totalRows": null,
  "keywords": null,
  "avgScore": 0.0,
  "createDate": null,
  "totalPages": null
}