{
  "type": null,
  "faqId": 10769,
  "title": "荣耀3C （H30-T10&H30-U10）  彩信的附件保存位置",
  "answer": " 用户收到彩信后，彩信的附件是存在/data 路径下，用户不可见。 \r\n\r\n 当用户将附件保存后，附件的存储位置为：手机内部存储或SD卡/Download",
  "faqTypeId": 143,
  "faqType": "系统功能与设置",
  "useful": 0,
  "unUseful": 2,
  "languageId": 2,
  "languageName": "zh_cn",
  "faqCode": "1503",
  "faqTypeCode": "Handsets-System-Settings",
  "isTop": "0",
  "moduleCode": "faq",
  "productId": null,
  "productCode": null,
  "postDate": 1397717063000,
  "seriesProductName": "H30-T10,H30-U10",
  "visitedTimes": 50,
  "isUsefulFlag": null,
  "score": 0,
  "times": 0,
  "imageList": null,
  "displayType": "text",
  "justView": "0",
  "fileName": null,
  "filePath": null,
  "imagePath": null,
  "imageName": null,
  "productIdList": null,
  "curPage": null,
  "pageSize": null,
  "siteCode": null,
  "statusFlag": "Publish",
  "returnCode": 0,
  "totalRows": null,
  "keywords": null,
  "avgScore": 0.0,
  "createDate": null,
  "totalPages": null
}