{
  "type": null,
  "faqId": 10779,
  "title": "荣耀3C （H30-T10&H30-U10）   某些相片/视频文件无法打开的原因",
  "answer": " l  手机不支持的文件格式 \r\n\r\n l  手机内存空间不足 \r\n\r\n l  文件已损坏 \r\n\r\n l  受版权保护的文件（格式为dcf的文件） \r\n\r\n l  手机资源低，请关闭一些已经打开的消耗手机资源的第三方应用 \r\n\r\n l  极少情况下手机应用或系统发生未知错误，尝试下重启手机",
  "faqTypeId": 143,
  "faqType": "系统功能与设置",
  "useful": 0,
  "unUseful": 1,
  "languageId": 2,
  "languageName": "zh_cn",
  "faqCode": "1514",
  "faqTypeCode": "Handsets-System-Settings",
  "isTop": "0",
  "moduleCode": "faq",
  "productId": null,
  "productCode": null,
  "postDate": 1397717351000,
  "seriesProductName": "H30-T10,H30-U10",
  "visitedTimes": 63,
  "isUsefulFlag": null,
  "score": 0,
  "times": 0,
  "imageList": null,
  "displayType": "text",
  "justView": "0",
  "fileName": null,
  "filePath": null,
  "imagePath": null,
  "imageName": null,
  "productIdList": null,
  "curPage": null,
  "pageSize": null,
  "siteCode": null,
  "statusFlag": "Publish",
  "returnCode": 0,
  "totalRows": null,
  "keywords": null,
  "avgScore": 0.0,
  "createDate": null,
  "totalPages": null
}