{
  "type": null,
  "faqId": 10776,
  "title": "荣耀3C （H30-T10&H30-U10）  播放模式介绍",
  "answer": " l  顺序播放（默认）：播放列表中歌曲从第一首到最后一首，顺序播放，播完停止。 \r\n\r\n l  随机播放：播放列表中的歌曲被无序播放，每首都播过一次后，播放停止。 \r\n\r\n l  全曲循环播放：播放列表中的歌曲从头到尾按顺序播放，播完一遍后会再重新播放。 \r\n\r\n l  单曲循环播放：当前播放的歌曲被反复播放。",
  "faqTypeId": 1086,
  "faqType": "相机与图库",
  "useful": 0,
  "unUseful": 0,
  "languageId": 2,
  "languageName": "zh_cn",
  "faqCode": "1510",
  "faqTypeCode": "Handsets-Camera-Gallery",
  "isTop": "0",
  "moduleCode": "faq",
  "productId": null,
  "productCode": null,
  "postDate": 1397717235000,
  "seriesProductName": "H30-T10,H30-U10",
  "visitedTimes": 47,
  "isUsefulFlag": null,
  "score": 0,
  "times": 0,
  "imageList": null,
  "displayType": "text",
  "justView": "0",
  "fileName": null,
  "filePath": null,
  "imagePath": null,
  "imageName": null,
  "productIdList": null,
  "curPage": null,
  "pageSize": null,
  "siteCode": null,
  "statusFlag": "Publish",
  "returnCode": 0,
  "totalRows": null,
  "keywords": null,
  "avgScore": 0.0,
  "createDate": null,
  "totalPages": null
}