{
  "type": null,
  "faqId": 10771,
  "title": "荣耀3C （H30-T10&H30-U10）  艺术家、专辑、歌曲、播放列表的含义介绍",
  "answer": " 专    辑：按照专辑名分类的，属同一专辑的歌曲放在一个目录下。 \r\n\r\n 艺 术 家：按演唱者分类的，属同一个演唱者的歌曲放在一个目录下。 \r\n\r\n 歌    曲：按照命名规则排序存放在一个大目录下。 \r\n\r\n 风    格：按照风格类型分类的，属同一种风格的歌曲放在一个目录下。 \r\n\r\n 播放列表：可以自定义列表添加喜欢的音乐文件。",
  "faqTypeId": 143,
  "faqType": "系统功能与设置",
  "useful": 0,
  "unUseful": 0,
  "languageId": 2,
  "languageName": "zh_cn",
  "faqCode": "1505",
  "faqTypeCode": "Handsets-System-Settings",
  "isTop": "0",
  "moduleCode": "faq",
  "productId": null,
  "productCode": null,
  "postDate": 1397717102000,
  "seriesProductName": "H30-T10,H30-U10",
  "visitedTimes": 18,
  "isUsefulFlag": null,
  "score": 0,
  "times": 0,
  "imageList": null,
  "displayType": "text",
  "justView": "0",
  "fileName": null,
  "filePath": null,
  "imagePath": null,
  "imageName": null,
  "productIdList": null,
  "curPage": null,
  "pageSize": null,
  "siteCode": null,
  "statusFlag": "Publish",
  "returnCode": 0,
  "totalRows": null,
  "keywords": null,
  "avgScore": 0.0,
  "createDate": null,
  "totalPages": null
}