{
  "type": null,
  "faqId": 10774,
  "title": "荣耀3C （H30-T10&H30-U10）  建立音乐播放列表",
  "answer": " l   在音乐+应用中打开我的歌单，并点击新建歌单。 \r\n\r\n l   在弹出的界面上输入歌单的名称，输入后点击保存。 \r\n\r\n l   接着会弹出一个提醒框，提醒添加歌曲到歌单中，点击**确定**。然后选择自己想要添加的歌曲，选择完后，点击完成。 \r\n\r\n ![](http://consumer.huawei.com/support/servlet/imageServlet?dlType=HtmlAreaImage&imageId=31918)",
  "faqTypeId": 143,
  "faqType": "系统功能与设置",
  "useful": 0,
  "unUseful": 0,
  "languageId": 2,
  "languageName": "zh_cn",
  "faqCode": "1507",
  "faqTypeCode": "Handsets-System-Settings",
  "isTop": "0",
  "moduleCode": "faq",
  "productId": null,
  "productCode": null,
  "postDate": 1397717190000,
  "seriesProductName": "H30-T10,H30-U10",
  "visitedTimes": 19,
  "isUsefulFlag": null,
  "score": 0,
  "times": 0,
  "imageList": null,
  "displayType": "text",
  "justView": "0",
  "fileName": null,
  "filePath": null,
  "imagePath": null,
  "imageName": null,
  "productIdList": null,
  "curPage": null,
  "pageSize": null,
  "siteCode": null,
  "statusFlag": "Publish",
  "returnCode": 0,
  "totalRows": null,
  "keywords": null,
  "avgScore": 0.0,
  "createDate": null,
  "totalPages": null
}