{
  "type": null,
  "faqId": 10781,
  "title": "荣耀3C （H30-T10&H30-U10）   照相/摄像文件默认保存路径和更改方法",
  "answer": " l H30照相机的拍摄文件会优先存储在SD卡中，如果手机中未插入SD卡，则会默认保存到手机内部存储。当SD卡在位时，如需更换保存路径可通过如下的方法: \r\n\r\n l 相机->设置->优先保存位置，如下图所示： \r\n\r\n ![](http://consumer.huawei.com/support/servlet/imageServlet?dlType=HtmlAreaImage&imageId=31921)  \r\n\r\n 在优先保存位置中可以切换SD卡或者内部存储，如下图所示： \r\n\r\n\n\t\t![](http://consumer.huawei.com/support/servlet/imageServlet?dlType=HtmlAreaImage&imageId=31922) \n\t\t\r\n\r\n l 当默认存储位置为手机存储时，照相机的存储路径为文件管理：内部存储\\DCIM\\Camera。 \r\n\r\n l 当默认存储位置为SD卡时，照相机的存储路径为文件管理：SD卡\\DCIM\\Camera。",
  "faqTypeId": 143,
  "faqType": "系统功能与设置",
  "useful": 0,
  "unUseful": 1,
  "languageId": 2,
  "languageName": "zh_cn",
  "faqCode": "1515",
  "faqTypeCode": "Handsets-System-Settings",
  "isTop": "0",
  "moduleCode": "faq",
  "productId": null,
  "productCode": null,
  "postDate": 1397717456000,
  "seriesProductName": "H30-T10,H30-U10",
  "visitedTimes": 251,
  "isUsefulFlag": null,
  "score": 0,
  "times": 0,
  "imageList": null,
  "displayType": "text",
  "justView": "0",
  "fileName": null,
  "filePath": null,
  "imagePath": null,
  "imageName": null,
  "productIdList": null,
  "curPage": null,
  "pageSize": null,
  "siteCode": null,
  "statusFlag": "Publish",
  "returnCode": 0,
  "totalRows": null,
  "keywords": null,
  "avgScore": 0.0,
  "createDate": null,
  "totalPages": null
}