{
  "type": null,
  "faqId": 10782,
  "title": "荣耀3C （H30-T10&H30-U10）    照片/视频文件的编辑，给相片加相框",
  "answer": " l  编辑照片：浏览相片时，按menu键选择向左旋转、向右旋转、修剪或者编辑等等。 \r\n\r\n l  视频无法编辑。 \r\n\r\n l  不支持添加相框。",
  "faqTypeId": 143,
  "faqType": "系统功能与设置",
  "useful": 0,
  "unUseful": 0,
  "languageId": 2,
  "languageName": "zh_cn",
  "faqCode": "1517",
  "faqTypeCode": "Handsets-System-Settings",
  "isTop": "0",
  "moduleCode": "faq",
  "productId": null,
  "productCode": null,
  "postDate": 1397717497000,
  "seriesProductName": "H30-T10,H30-U10",
  "visitedTimes": 44,
  "isUsefulFlag": null,
  "score": 0,
  "times": 0,
  "imageList": null,
  "displayType": "text",
  "justView": "0",
  "fileName": null,
  "filePath": null,
  "imagePath": null,
  "imageName": null,
  "productIdList": null,
  "curPage": null,
  "pageSize": null,
  "siteCode": null,
  "statusFlag": "Publish",
  "returnCode": 0,
  "totalRows": null,
  "keywords": null,
  "avgScore": 0.0,
  "createDate": null,
  "totalPages": null
}