{
  "type": null,
  "faqId": 10784,
  "title": "荣耀3C （H30-T10&H30-U10）   是否支持高清视频播放",
  "answer": "能够支持高清视频播放，支持1080P高清播放，支持30fps。",
  "faqTypeId": 143,
  "faqType": "系统功能与设置",
  "useful": 0,
  "unUseful": 0,
  "languageId": 2,
  "languageName": "zh_cn",
  "faqCode": "1519",
  "faqTypeCode": "Handsets-System-Settings",
  "isTop": "0",
  "moduleCode": "faq",
  "productId": null,
  "productCode": null,
  "postDate": 1397717532000,
  "seriesProductName": "H30-T10,H30-U10",
  "visitedTimes": 73,
  "isUsefulFlag": null,
  "score": 0,
  "times": 0,
  "imageList": null,
  "displayType": "text",
  "justView": "0",
  "fileName": null,
  "filePath": null,
  "imagePath": null,
  "imageName": null,
  "productIdList": null,
  "curPage": null,
  "pageSize": null,
  "siteCode": null,
  "statusFlag": "Publish",
  "returnCode": 0,
  "totalRows": null,
  "keywords": null,
  "avgScore": 0.0,
  "createDate": null,
  "totalPages": null
}