{
  "type": null,
  "faqId": 10790,
  "title": "荣耀3C （H30-T10&H30-U10）  摄像的格式是?录像的图像支持的大小?",
  "answer": " 摄像的格式是3gp，可以录制的大小和剩余存储空间成正比。 \r\n\r\n 1、 后置摄像头： FHD (1920*1080) 、HD（1280*720）、VGA（640*480）、MMS（176*144） \r\n\r\n 2、 前置摄像头：HD（1280*720）、VGA（640*480）、MMS（176*144）",
  "faqTypeId": 143,
  "faqType": "系统功能与设置",
  "useful": 0,
  "unUseful": 1,
  "languageId": 2,
  "languageName": "zh_cn",
  "faqCode": "1524",
  "faqTypeCode": "Handsets-System-Settings",
  "isTop": "0",
  "moduleCode": "faq",
  "productId": null,
  "productCode": null,
  "postDate": 1397717733000,
  "seriesProductName": "H30-T10,H30-U10",
  "visitedTimes": 34,
  "isUsefulFlag": null,
  "score": 6,
  "times": 2,
  "imageList": null,
  "displayType": "text",
  "justView": "0",
  "fileName": null,
  "filePath": null,
  "imagePath": null,
  "imageName": null,
  "productIdList": null,
  "curPage": null,
  "pageSize": null,
  "siteCode": null,
  "statusFlag": "Publish",
  "returnCode": 0,
  "totalRows": null,
  "keywords": null,
  "avgScore": 3.0,
  "createDate": null,
  "totalPages": null
}