{
  "type": null,
  "faqId": 10793,
  "title": "荣耀3C （H30-T10&H30-U10）  为何有些流媒体手机无法播放",
  "answer": " l 手机不支持的文件格式。 \r\n\r\n 流媒体支持以下音视频编码及文件格式： \r\n\r\n -- 视频编码：MPEG4，H263，H264 \r\n\r\n -- 音频编码：AAC，AMR-NB/WB \r\n\r\n -- 支持的文件格式：3gp，mp4 \r\n\r\n -- 最大编码速率：4Mbps \r\n\r\n l 网络不稳定。 \r\n\r\n l 手机内存不足。",
  "faqTypeId": 143,
  "faqType": "系统功能与设置",
  "useful": 0,
  "unUseful": 1,
  "languageId": 2,
  "languageName": "zh_cn",
  "faqCode": "1528",
  "faqTypeCode": "Handsets-System-Settings",
  "isTop": "0",
  "moduleCode": "faq",
  "productId": null,
  "productCode": null,
  "postDate": 1397717834000,
  "seriesProductName": "H30-T10,H30-U10",
  "visitedTimes": 52,
  "isUsefulFlag": null,
  "score": 0,
  "times": 0,
  "imageList": null,
  "displayType": "text",
  "justView": "0",
  "fileName": null,
  "filePath": null,
  "imagePath": null,
  "imageName": null,
  "productIdList": null,
  "curPage": null,
  "pageSize": null,
  "siteCode": null,
  "statusFlag": "Publish",
  "returnCode": 0,
  "totalRows": null,
  "keywords": null,
  "avgScore": 0.0,
  "createDate": null,
  "totalPages": null
}