{
  "type": null,
  "faqId": 10791,
  "title": "荣耀3C （H30-T10&H30-U10）   手机拍照的格式是? 拍照的图像支持的大小?",
  "answer": " 照相的格式是JPG，最大支持3264X2448(800万像素). \r\n\r\n 后置摄像头：8M（3264*2448）、6M（3328*1872）、5M（2560*1920）、3.6M（2560*1440）、0.3M（640*480） \r\n\r\n 前置摄像头：5M（2560*1920）、3.6M（2560*1440）、1.3M（1280*960）、0.9M（1280*720）、0.3M（640*480）",
  "faqTypeId": 143,
  "faqType": "系统功能与设置",
  "useful": 0,
  "unUseful": 0,
  "languageId": 2,
  "languageName": "zh_cn",
  "faqCode": "1526",
  "faqTypeCode": "Handsets-System-Settings",
  "isTop": "0",
  "moduleCode": "faq",
  "productId": null,
  "productCode": null,
  "postDate": 1397717764000,
  "seriesProductName": "H30-T10,H30-U10",
  "visitedTimes": 70,
  "isUsefulFlag": null,
  "score": 6,
  "times": 2,
  "imageList": null,
  "displayType": "text",
  "justView": "1",
  "fileName": null,
  "filePath": null,
  "imagePath": null,
  "imageName": null,
  "productIdList": null,
  "curPage": null,
  "pageSize": null,
  "siteCode": null,
  "statusFlag": "Publish",
  "returnCode": 0,
  "totalRows": null,
  "keywords": null,
  "avgScore": 3.0,
  "createDate": null,
  "totalPages": null
}