{
  "type": null,
  "faqId": 10792,
  "title": "荣耀3C （H30-T10&H30-U10）   流媒体在通话过程中是否能后台播放？是否能自动恢复？",
  "answer": " l 播放流媒体时接通电话，流媒体自动停止； \r\n\r\n l 通话三分钟以内，挂断电话后流媒体自动连接播放，超过三分钟，需要手动点击播放；",
  "faqTypeId": 143,
  "faqType": "系统功能与设置",
  "useful": 0,
  "unUseful": 0,
  "languageId": 2,
  "languageName": "zh_cn",
  "faqCode": "1527",
  "faqTypeCode": "Handsets-System-Settings",
  "isTop": "0",
  "moduleCode": "faq",
  "productId": null,
  "productCode": null,
  "postDate": 1397717805000,
  "seriesProductName": "H30-T10,H30-U10",
  "visitedTimes": 20,
  "isUsefulFlag": null,
  "score": 0,
  "times": 0,
  "imageList": null,
  "displayType": "text",
  "justView": "0",
  "fileName": null,
  "filePath": null,
  "imagePath": null,
  "imageName": null,
  "productIdList": null,
  "curPage": null,
  "pageSize": null,
  "siteCode": null,
  "statusFlag": "Publish",
  "returnCode": 0,
  "totalRows": null,
  "keywords": null,
  "avgScore": 0.0,
  "createDate": null,
  "totalPages": null
}