{
  "type": null,
  "faqId": 10837,
  "title": "荣耀3C （H30-T10&H30-U10）  导航软件搜星搜不到应该怎样处理？",
  "answer": " l  如果您在室内，由于GPS在室内无法定位，请移步室外进行搜星。 \r\n\n     l 如果您在室外，请查看周围是否有高楼等遮蔽物，高楼的遮蔽会导致卫星信号无法接收，请尽量选择室外空旷的地方进行GPS搜星。",
  "faqTypeId": 143,
  "faqType": "系统功能与设置",
  "useful": 0,
  "unUseful": 3,
  "languageId": 2,
  "languageName": "zh_cn",
  "faqCode": "1592",
  "faqTypeCode": "Handsets-System-Settings",
  "isTop": "0",
  "moduleCode": "faq",
  "productId": null,
  "productCode": null,
  "postDate": 1397723393000,
  "seriesProductName": "H30-T10,H30-U10",
  "visitedTimes": 123,
  "isUsefulFlag": null,
  "score": 0,
  "times": 0,
  "imageList": null,
  "displayType": "text",
  "justView": "0",
  "fileName": null,
  "filePath": null,
  "imagePath": null,
  "imageName": null,
  "productIdList": null,
  "curPage": null,
  "pageSize": null,
  "siteCode": null,
  "statusFlag": "Publish",
  "returnCode": 0,
  "totalRows": null,
  "keywords": null,
  "avgScore": 0.0,
  "createDate": null,
  "totalPages": null
}