{
  "type": null,
  "faqId": 10833,
  "title": "荣耀3C （H30-T10&H30-U10）   蓝牙与电脑连接上网，蓝牙传输文件",
  "answer": " 支持与电脑共享网络，支持蓝牙游戏。 \r\n\r\n 手机支持PAN（Personal Area Network Profile），支持其他设备共享手机的网络资源。 \r\n\r\n 在**设置** -> **更多...** ->**网络共享与便携式热点**中，勾选蓝牙共享网络；接受对方发起的连接后，即可建立自己的个人局域网络。 \r\n\r\n ![](http://consumer.huawei.com/support/servlet/imageServlet?dlType=HtmlAreaImage&imageId=31947)  \r\n\r\n 手机支持蓝牙游戏。此功能更多取决于三方应用的设计，一般的步骤为： \r\n\r\n a)         在游戏中选择搜索其他蓝牙设备。 \r\n\r\n b)        找到你连接的蓝牙设备预置配对OK。 \r\n\r\n c)         开始游戏。",
  "faqTypeId": 143,
  "faqType": "系统功能与设置",
  "useful": 0,
  "unUseful": 0,
  "languageId": 2,
  "languageName": "zh_cn",
  "faqCode": "1587",
  "faqTypeCode": "Handsets-System-Settings",
  "isTop": "0",
  "moduleCode": "faq",
  "productId": null,
  "productCode": null,
  "postDate": 1397723273000,
  "seriesProductName": "H30-T10,H30-U10",
  "visitedTimes": 72,
  "isUsefulFlag": null,
  "score": 0,
  "times": 0,
  "imageList": null,
  "displayType": "text",
  "justView": "0",
  "fileName": null,
  "filePath": null,
  "imagePath": null,
  "imageName": null,
  "productIdList": null,
  "curPage": null,
  "pageSize": null,
  "siteCode": null,
  "statusFlag": "Publish",
  "returnCode": 0,
  "totalRows": null,
  "keywords": null,
  "avgScore": 0.0,
  "createDate": null,
  "totalPages": null
}