{
  "type": null,
  "faqId": 10832,
  "title": "荣耀3C （H30-T10&H30-U10）  与其他蓝牙设备连接不上的可能原因",
  "answer": " 手机能够支持A2DP,HSP,HFP,PAN,HIDH,OPP,PBAP等profile；若确认连接设备也支持这些profile但仍无法连接，请参考以下情形： \r\n\r\n l 无法搜索到其他手机 \r\n\r\n 解决办法：其他手机蓝牙是否已经打开，并已经处于可被搜索状态 \r\n\r\n l 无法搜索到蓝牙耳机 \r\n\r\n 解决办法：请确认耳机已经处于可被搜索状态，相关设置请参考耳机的使用手册 \r\n\r\n l 发送文件时无法与其他手机连接 \r\n\r\n 解决办法：请确认其他手机是否允许支持接收文件，或者是否支持接收该类型的文件。",
  "faqTypeId": 143,
  "faqType": "系统功能与设置",
  "useful": 0,
  "unUseful": 2,
  "languageId": 2,
  "languageName": "zh_cn",
  "faqCode": "1586",
  "faqTypeCode": "Handsets-System-Settings",
  "isTop": "0",
  "moduleCode": "faq",
  "productId": null,
  "productCode": null,
  "postDate": 1397723202000,
  "seriesProductName": "H30-T10,H30-U10",
  "visitedTimes": 65,
  "isUsefulFlag": null,
  "score": 0,
  "times": 0,
  "imageList": null,
  "displayType": "text",
  "justView": "0",
  "fileName": null,
  "filePath": null,
  "imagePath": null,
  "imageName": null,
  "productIdList": null,
  "curPage": null,
  "pageSize": null,
  "siteCode": null,
  "statusFlag": "Publish",
  "returnCode": 0,
  "totalRows": null,
  "keywords": null,
  "avgScore": 0.0,
  "createDate": null,
  "totalPages": null
}