{
  "type": null,
  "faqId": 10836,
  "title": "荣耀3C （H30-T10&H30-U10）   导航软件数据丢失如何处理？授权文件或激活码丢失如何处理？",
  "answer": " 如果预装的导航软件数据丢失,建议连接上wifi重新下载地图数据.",
  "faqTypeId": null,
  "faqType": null,
  "useful": 0,
  "unUseful": 0,
  "languageId": 2,
  "languageName": "zh_cn",
  "faqCode": "1591",
  "faqTypeCode": null,
  "isTop": "0",
  "moduleCode": "faq",
  "productId": null,
  "productCode": null,
  "postDate": 1397723352000,
  "seriesProductName": "H30-T10,H30-U10",
  "visitedTimes": 60,
  "isUsefulFlag": null,
  "score": 0,
  "times": 0,
  "imageList": null,
  "displayType": "text",
  "justView": "0",
  "fileName": null,
  "filePath": null,
  "imagePath": null,
  "imageName": null,
  "productIdList": null,
  "curPage": null,
  "pageSize": null,
  "siteCode": null,
  "statusFlag": "Publish",
  "returnCode": 0,
  "totalRows": null,
  "keywords": null,
  "avgScore": 0.0,
  "createDate": null,
  "totalPages": null
}