{
  "type": null,
  "faqId": 10845,
  "title": "荣耀3C （H30-T10&H30-U10）   是否支持Flash？下载flash软件是否可用？",
  "answer": " 本手机不预置flash。 \r\n\r\n 下载flash软件无法使用，Adobe没有发布Android4.2以后的插件，老版本的插件在Android4.2上无法使用。",
  "faqTypeId": 142,
  "faqType": "位置服务与导航",
  "useful": 1,
  "unUseful": 0,
  "languageId": 2,
  "languageName": "zh_cn",
  "faqCode": "1599",
  "faqTypeCode": "Handsets-Location-Navigation",
  "isTop": "0",
  "moduleCode": "faq",
  "productId": null,
  "productCode": null,
  "postDate": 1397723678000,
  "seriesProductName": "H30-T10,H30-U10",
  "visitedTimes": 183,
  "isUsefulFlag": null,
  "score": 3,
  "times": 1,
  "imageList": null,
  "displayType": "text",
  "justView": "0",
  "fileName": null,
  "filePath": null,
  "imagePath": null,
  "imageName": null,
  "productIdList": null,
  "curPage": null,
  "pageSize": null,
  "siteCode": null,
  "statusFlag": "Publish",
  "returnCode": 0,
  "totalRows": null,
  "keywords": null,
  "avgScore": 3.0,
  "createDate": null,
  "totalPages": null
}