{
  "type": null,
  "faqId": 10843,
  "title": "荣耀3C （H30-T10&H30-U10）   是否支持截图（截屏），截屏方式？",
  "answer": " 方式一：非待机状态下，进入要截屏的界面，同时按住音量下键和电源键2秒，可以截屏。 \r\n\r\n 方式二：通过HiSuite软件截图。",
  "faqTypeId": 143,
  "faqType": "系统功能与设置",
  "useful": 0,
  "unUseful": 0,
  "languageId": 2,
  "languageName": "zh_cn",
  "faqCode": "1597",
  "faqTypeCode": "Handsets-System-Settings",
  "isTop": "0",
  "moduleCode": "faq",
  "productId": null,
  "productCode": null,
  "postDate": 1397723596000,
  "seriesProductName": "H30-T10,H30-U10",
  "visitedTimes": 144,
  "isUsefulFlag": null,
  "score": 0,
  "times": 0,
  "imageList": null,
  "displayType": "text",
  "justView": "0",
  "fileName": null,
  "filePath": null,
  "imagePath": null,
  "imageName": null,
  "productIdList": null,
  "curPage": null,
  "pageSize": null,
  "siteCode": null,
  "statusFlag": "Publish",
  "returnCode": 0,
  "totalRows": null,
  "keywords": null,
  "avgScore": 0.0,
  "createDate": null,
  "totalPages": null
}