{
  "type": null,
  "faqId": 10840,
  "title": "荣耀3C （H30-T10&H30-U10）  手机是否支持主题下载? 是否支持动态壁纸？",
  "answer": " 支持主题下载和支持动态壁纸。 \r\n\r\n l  下载主题： \r\n\r\n 选择 主题=>在线=>选择一个您喜欢的主题=>下载 \r\n\r\n l  切换动态壁纸： \r\n\r\n 长按桌面-壁纸-桌面壁纸-动态壁纸 \r\n\r\n ![](http://consumer.huawei.com/support/servlet/imageServlet?dlType=HtmlAreaImage&imageId=31950)",
  "faqTypeId": 143,
  "faqType": "系统功能与设置",
  "useful": 0,
  "unUseful": 1,
  "languageId": 2,
  "languageName": "zh_cn",
  "faqCode": "1595",
  "faqTypeCode": "Handsets-System-Settings",
  "isTop": "0",
  "moduleCode": "faq",
  "productId": null,
  "productCode": null,
  "postDate": 1397723528000,
  "seriesProductName": "H30-T10,H30-U10",
  "visitedTimes": 116,
  "isUsefulFlag": null,
  "score": 0,
  "times": 0,
  "imageList": null,
  "displayType": "text",
  "justView": "0",
  "fileName": null,
  "filePath": null,
  "imagePath": null,
  "imageName": null,
  "productIdList": null,
  "curPage": null,
  "pageSize": null,
  "siteCode": null,
  "statusFlag": "Publish",
  "returnCode": 0,
  "totalRows": null,
  "keywords": null,
  "avgScore": 0.0,
  "createDate": null,
  "totalPages": null
}