{
  "type": null,
  "faqId": 10842,
  "title": "荣耀3C （H30-T10&H30-U10） 手机是否支持视频通话或视频聊天？",
  "answer": " 手机不支持视频通话；但手机有前置摄像头，可以通过安装手机QQ（2012及以上版本）等第三方软件进行视频聊天。",
  "faqTypeId": 143,
  "faqType": "系统功能与设置",
  "useful": 0,
  "unUseful": 0,
  "languageId": 2,
  "languageName": "zh_cn",
  "faqCode": "1596",
  "faqTypeCode": "Handsets-System-Settings",
  "isTop": "0",
  "moduleCode": "faq",
  "productId": null,
  "productCode": null,
  "postDate": 1397723566000,
  "seriesProductName": "H30-T10,H30-U10",
  "visitedTimes": 148,
  "isUsefulFlag": null,
  "score": 0,
  "times": 0,
  "imageList": null,
  "displayType": "text",
  "justView": "0",
  "fileName": null,
  "filePath": null,
  "imagePath": null,
  "imageName": null,
  "productIdList": null,
  "curPage": null,
  "pageSize": null,
  "siteCode": null,
  "statusFlag": "Publish",
  "returnCode": 0,
  "totalRows": null,
  "keywords": null,
  "avgScore": 0.0,
  "createDate": null,
  "totalPages": null
}