{
  "type": null,
  "faqId": 10846,
  "title": "荣耀3C （H30-T10&H30-U10）  耳机线序",
  "answer": " H30不标配耳机, 可支持的耳机线序是美式线序，为目前业界主流线序。 \r\n\r\n 用户可以选配带hook键的耳机，按键可以接听或挂断电话，也可以播放/暂停音乐，不带音量调节键，但是支持用户使用其他耳机上的上下键，按键可调节通话音量，听歌时能可进行控制播发与停止和音量调整。",
  "faqTypeId": 143,
  "faqType": "系统功能与设置",
  "useful": 0,
  "unUseful": 2,
  "languageId": 2,
  "languageName": "zh_cn",
  "faqCode": "1601",
  "faqTypeCode": "Handsets-System-Settings",
  "isTop": "0",
  "moduleCode": "faq",
  "productId": null,
  "productCode": null,
  "postDate": 1397723714000,
  "seriesProductName": "H30-T10,H30-U10",
  "visitedTimes": 358,
  "isUsefulFlag": null,
  "score": 0,
  "times": 0,
  "imageList": null,
  "displayType": "text",
  "justView": "0",
  "fileName": null,
  "filePath": null,
  "imagePath": null,
  "imageName": null,
  "productIdList": null,
  "curPage": null,
  "pageSize": null,
  "siteCode": null,
  "statusFlag": "Publish",
  "returnCode": 0,
  "totalRows": null,
  "keywords": null,
  "avgScore": 0.0,
  "createDate": null,
  "totalPages": null
}