{
  "type": null,
  "faqId": 10857,
  "title": "荣耀3C （H30-T10&H30-U10）  无法搜索到WLAN信号",
  "answer": " 开启WLAN后,无法搜索到无线路由器的WLAN信号，其他设备搜索WLAN 信号正常,如何处理? \r\n\r\n l 确定无线路由器SSID 是否隐藏。 \r\n\r\n l 重新关闭再开启WLAN。 \r\n\r\n l 重启手机。",
  "faqTypeId": 143,
  "faqType": "系统功能与设置",
  "useful": 0,
  "unUseful": 1,
  "languageId": 2,
  "languageName": "zh_cn",
  "faqCode": "1612",
  "faqTypeCode": "Handsets-System-Settings",
  "isTop": "0",
  "moduleCode": "faq",
  "productId": null,
  "productCode": null,
  "postDate": 1397724147000,
  "seriesProductName": "H30-T10,H30-U10",
  "visitedTimes": 99,
  "isUsefulFlag": null,
  "score": 3,
  "times": 1,
  "imageList": null,
  "displayType": "text",
  "justView": "0",
  "fileName": null,
  "filePath": null,
  "imagePath": null,
  "imageName": null,
  "productIdList": null,
  "curPage": null,
  "pageSize": null,
  "siteCode": null,
  "statusFlag": "Publish",
  "returnCode": 0,
  "totalRows": null,
  "keywords": null,
  "avgScore": 3.0,
  "createDate": null,
  "totalPages": null
}