{
  "type": null,
  "faqId": 10855,
  "title": "荣耀3C （H30-T10&H30-U10）   支持WLAN 的什么协议，各协议的传输速率是多少？",
  "answer": " 支持的协议是 802.11 b/g/n。802.11b是指11M的速率标准，802.11g是指54M的速率标准，802.11n是指150M的速率标准。",
  "faqTypeId": 143,
  "faqType": "系统功能与设置",
  "useful": 1,
  "unUseful": 0,
  "languageId": 2,
  "languageName": "zh_cn",
  "faqCode": "1610",
  "faqTypeCode": "Handsets-System-Settings",
  "isTop": "0",
  "moduleCode": "faq",
  "productId": null,
  "productCode": null,
  "postDate": 1397724072000,
  "seriesProductName": "H30-T10,H30-U10",
  "visitedTimes": 71,
  "isUsefulFlag": null,
  "score": 0,
  "times": 0,
  "imageList": null,
  "displayType": "text",
  "justView": "0",
  "fileName": null,
  "filePath": null,
  "imagePath": null,
  "imageName": null,
  "productIdList": null,
  "curPage": null,
  "pageSize": null,
  "siteCode": null,
  "statusFlag": "Publish",
  "returnCode": 0,
  "totalRows": null,
  "keywords": null,
  "avgScore": 0.0,
  "createDate": null,
  "totalPages": null
}