{
  "type": null,
  "faqId": 10867,
  "title": "荣耀3C （H30-T10&H30-U10）   网络共享与便携式热点",
  "answer": " 手机WLAN热点是测试机开启热点后，辅助机通过连接测试机上网。 \r\n\r\n 开启方法：设置 > 无线和网络 > 更多… > 网络共享与便携式热点 > WLAN 热点。 \r\n\r\n 开启后，辅助机使用WLAN搜索到测试机后进行连接即可上网。 \r\n\r\n 也可以在 **设置WLAN****热点** 中配置热点名称及加密方式等功能。",
  "faqTypeId": 143,
  "faqType": "系统功能与设置",
  "useful": 0,
  "unUseful": 0,
  "languageId": 2,
  "languageName": "zh_cn",
  "faqCode": "1620",
  "faqTypeCode": "Handsets-System-Settings",
  "isTop": "0",
  "moduleCode": "faq",
  "productId": null,
  "productCode": null,
  "postDate": 1397724576000,
  "seriesProductName": "H30-T10,H30-U10",
  "visitedTimes": 76,
  "isUsefulFlag": null,
  "score": 0,
  "times": 0,
  "imageList": null,
  "displayType": "text",
  "justView": "0",
  "fileName": null,
  "filePath": null,
  "imagePath": null,
  "imageName": null,
  "productIdList": null,
  "curPage": null,
  "pageSize": null,
  "siteCode": null,
  "statusFlag": "Publish",
  "returnCode": 0,
  "totalRows": null,
  "keywords": null,
  "avgScore": 0.0,
  "createDate": null,
  "totalPages": null
}