{
  "type": null,
  "faqId": 10863,
  "title": "荣耀3C （H30-T10&H30-U10）   WLAN待机的时候会自动断开，怎么解决，手机默认是什么设置？",
  "answer": " 这个问题是休眠策略的问题。进入的方法：在主屏幕，点击 设置 > 无线和网络 > WLAN，再点击菜单键并进入高级 > 在休眠状态下保持WLAN连接，设置为“始终”。 \r\n\r\n ![](http://consumer.huawei.com/support/servlet/imageServlet?dlType=HtmlAreaImage&imageId=31962)  \r\n\r\n 注：手机默认设置是始终，也就是一直可以正常连接。如果调整休眠策略就会使得在待机时自动断开。3个选项的含义如下： \r\n\r\n **始终**：一直保持WLAN的连接。 \r\n\r\n **仅限充电时**：只有在充电时才一直保持连接，如果不充电，待机后3分钟断开连接。 \r\n\r\n **从不**（会增加数据网络流量）：待机后3分钟断开连接。",
  "faqTypeId": 143,
  "faqType": "系统功能与设置",
  "useful": 1,
  "unUseful": 0,
  "languageId": 2,
  "languageName": "zh_cn",
  "faqCode": "1617",
  "faqTypeCode": "Handsets-System-Settings",
  "isTop": "0",
  "moduleCode": "faq",
  "productId": null,
  "productCode": null,
  "postDate": 1397724397000,
  "seriesProductName": "H30-T10,H30-U10",
  "visitedTimes": 165,
  "isUsefulFlag": null,
  "score": 3,
  "times": 1,
  "imageList": null,
  "displayType": "text",
  "justView": "0",
  "fileName": null,
  "filePath": null,
  "imagePath": null,
  "imageName": null,
  "productIdList": null,
  "curPage": null,
  "pageSize": null,
  "siteCode": null,
  "statusFlag": "Publish",
  "returnCode": 0,
  "totalRows": null,
  "keywords": null,
  "avgScore": 3.0,
  "createDate": null,
  "totalPages": null
}