{
  "type": null,
  "faqId": 10861,
  "title": "荣耀3C （H30-T10&H30-U10）  连接WLAN失败的原因",
  "answer": " l 用户输入的密码错误导致，所以请用户注意大小写字母的开启。 \r\n\nl突然信号变弱或者热点没有信号，会导致连接失败。",
  "faqTypeId": 143,
  "faqType": "系统功能与设置",
  "useful": 0,
  "unUseful": 0,
  "languageId": 2,
  "languageName": "zh_cn",
  "faqCode": "1616",
  "faqTypeCode": "Handsets-System-Settings",
  "isTop": "0",
  "moduleCode": "faq",
  "productId": null,
  "productCode": null,
  "postDate": 1397724265000,
  "seriesProductName": "H30-T10,H30-U10",
  "visitedTimes": 132,
  "isUsefulFlag": null,
  "score": 0,
  "times": 0,
  "imageList": null,
  "displayType": "text",
  "justView": "0",
  "fileName": null,
  "filePath": null,
  "imagePath": null,
  "imageName": null,
  "productIdList": null,
  "curPage": null,
  "pageSize": null,
  "siteCode": null,
  "statusFlag": "Publish",
  "returnCode": 0,
  "totalRows": null,
  "keywords": null,
  "avgScore": 0.0,
  "createDate": null,
  "totalPages": null
}