{
  "type": null,
  "faqId": 10860,
  "title": "荣耀3C （H30-T10&H30-U10）  如何判断使用的是SIM还是WLAN上网",
  "answer": " 连接WLAN 后，就不使用USIM 卡上的资费，WLAN优先级高于数据业务，屏幕右上角查看WLAN图标，如果有WLAN图标![](http://consumer.huawei.com/support/servlet/imageServlet?dlType=HtmlAreaImage&imageId=31960)就代表已经在使用WLAN上网。",
  "faqTypeId": 143,
  "faqType": "系统功能与设置",
  "useful": 0,
  "unUseful": 0,
  "languageId": 2,
  "languageName": "zh_cn",
  "faqCode": "1613",
  "faqTypeCode": "Handsets-System-Settings",
  "isTop": "0",
  "moduleCode": "faq",
  "productId": null,
  "productCode": null,
  "postDate": 1397724223000,
  "seriesProductName": "H30-T10,H30-U10",
  "visitedTimes": 106,
  "isUsefulFlag": null,
  "score": 0,
  "times": 0,
  "imageList": null,
  "displayType": "text",
  "justView": "0",
  "fileName": null,
  "filePath": null,
  "imagePath": null,
  "imageName": null,
  "productIdList": null,
  "curPage": null,
  "pageSize": null,
  "siteCode": null,
  "statusFlag": "Publish",
  "returnCode": 0,
  "totalRows": null,
  "keywords": null,
  "avgScore": 0.0,
  "createDate": null,
  "totalPages": null
}