{
  "type": null,
  "faqId": 10901,
  "title": "荣耀3C （H30-T10&H30-U10）  静态IP进行使用WLAN上网",
  "answer": " **设置** > **无线和网络** > **WLAN**，点击要连接的热点，在弹出的对话框中，勾选**高级选项**，在IP设置里选择**静态**，依次填写**IP****地址**（通常设置为192.168.1.***）、**网关**（通常都是192.168.1.1）、**子网掩码或网络掩码**（255.255.255.0）和**域名**（dns地址）就可以了。 \r\n\r\n ![](http://consumer.huawei.com/support/servlet/imageServlet?dlType=HtmlAreaImage&imageId=31977)  \r\n\r\n 使用WLAN入网络最大的问题就是不能实现免等待连接网络，移动设备连接上路由器之后会获取一个动态的IP地址，比较费时。使用静态IP的进行WLAN上网，就可以实现急速上网。",
  "faqTypeId": 143,
  "faqType": "系统功能与设置",
  "useful": 1,
  "unUseful": 1,
  "languageId": 2,
  "languageName": "zh_cn",
  "faqCode": "1661",
  "faqTypeCode": "Handsets-System-Settings",
  "isTop": "0",
  "moduleCode": "faq",
  "productId": null,
  "productCode": null,
  "postDate": 1397785833000,
  "seriesProductName": "H30-T10,H30-U10",
  "visitedTimes": 334,
  "isUsefulFlag": null,
  "score": 3,
  "times": 1,
  "imageList": null,
  "displayType": "text",
  "justView": "0",
  "fileName": null,
  "filePath": null,
  "imagePath": null,
  "imageName": null,
  "productIdList": null,
  "curPage": null,
  "pageSize": null,
  "siteCode": null,
  "statusFlag": "Publish",
  "returnCode": 0,
  "totalRows": null,
  "keywords": "荣耀3C （H30-T10&H30-U10）",
  "avgScore": 3.0,
  "createDate": null,
  "totalPages": null
}