{
  "type": null,
  "faqId": 10905,
  "title": "荣耀3C （H30-T10&H30-U10）   如何设置自选音乐为来电/短信铃音？",
  "answer": " 进入文件管理器，自选音乐文件,长按，弹出菜单中选择设置为铃声。 \r\n\r\n **注意：**若设置为铃声的自选音乐文件保存在SD卡上,则拔出SD卡会导致该铃声自动变回默认铃声。(MTP模式无影响)",
  "faqTypeId": 143,
  "faqType": "系统功能与设置",
  "useful": 0,
  "unUseful": 0,
  "languageId": 2,
  "languageName": "zh_cn",
  "faqCode": "1665",
  "faqTypeCode": "Handsets-System-Settings",
  "isTop": "0",
  "moduleCode": "faq",
  "productId": null,
  "productCode": null,
  "postDate": 1397786022000,
  "seriesProductName": "H30-T10,H30-U10",
  "visitedTimes": 153,
  "isUsefulFlag": null,
  "score": 0,
  "times": 0,
  "imageList": null,
  "displayType": "text",
  "justView": "0",
  "fileName": null,
  "filePath": null,
  "imagePath": null,
  "imageName": null,
  "productIdList": null,
  "curPage": null,
  "pageSize": null,
  "siteCode": null,
  "statusFlag": "Publish",
  "returnCode": 0,
  "totalRows": null,
  "keywords": "荣耀3C （H30-T10&H30-U10）",
  "avgScore": 0.0,
  "createDate": null,
  "totalPages": null
}