{
  "type": null,
  "faqId": 10917,
  "title": "荣耀3C （H30-T10&H30-U10）  是否支持登陆网上银行",
  "answer": "支持。需要在有网络的情况下安装对应网上银行的客户端即可。通过浏览器访问可能会存在问题，因为部分银行的登录插件需要在微软IE环境下运行。",
  "faqTypeId": 143,
  "faqType": "系统功能与设置",
  "useful": 2,
  "unUseful": 2,
  "languageId": 2,
  "languageName": "zh_cn",
  "faqCode": "1677",
  "faqTypeCode": "Handsets-System-Settings",
  "isTop": "0",
  "moduleCode": "faq",
  "productId": null,
  "productCode": null,
  "postDate": 1397786642000,
  "seriesProductName": "H30-T10,H30-U10",
  "visitedTimes": 760,
  "isUsefulFlag": null,
  "score": 0,
  "times": 0,
  "imageList": null,
  "displayType": "text",
  "justView": "0",
  "fileName": null,
  "filePath": null,
  "imagePath": null,
  "imageName": null,
  "productIdList": null,
  "curPage": null,
  "pageSize": null,
  "siteCode": null,
  "statusFlag": "Publish",
  "returnCode": 0,
  "totalRows": null,
  "keywords": "荣耀3C （H30-T10&H30-U10）",
  "avgScore": 0.0,
  "createDate": null,
  "totalPages": null
}