{
  "type": null,
  "faqId": 10915,
  "title": "荣耀3C （H30-T10&H30-U10）  浏览器全屏及书签设置",
  "answer": " 全屏：在浏览器界面，点击菜单键，选择**设置** > **实验室**，**勾选全屏**。 \r\n\r\n 书签：在浏览器界面，点击菜单键，选择**保存到书签**，再点击**确定**可以添加书签。",
  "faqTypeId": 143,
  "faqType": "系统功能与设置",
  "useful": 0,
  "unUseful": 0,
  "languageId": 2,
  "languageName": "zh_cn",
  "faqCode": "1675",
  "faqTypeCode": "Handsets-System-Settings",
  "isTop": "0",
  "moduleCode": "faq",
  "productId": null,
  "productCode": null,
  "postDate": 1397786575000,
  "seriesProductName": "H30-T10,H30-U10",
  "visitedTimes": 56,
  "isUsefulFlag": null,
  "score": 0,
  "times": 0,
  "imageList": null,
  "displayType": "text",
  "justView": "0",
  "fileName": null,
  "filePath": null,
  "imagePath": null,
  "imageName": null,
  "productIdList": null,
  "curPage": null,
  "pageSize": null,
  "siteCode": null,
  "statusFlag": "Publish",
  "returnCode": 0,
  "totalRows": null,
  "keywords": "荣耀3C （H30-T10&H30-U10）",
  "avgScore": 0.0,
  "createDate": null,
  "totalPages": null
}