{
  "type": null,
  "faqId": 10910,
  "title": "荣耀3C （H30-T10&H30-U10）  是否是否能够调试系统字体大小？",
  "answer": " 点击 **设置** > **显示** > **字体大小**，在字体大小列表中选择即可。 \r\n\r\n ![](http://consumer.huawei.com/support/servlet/imageServlet?dlType=HtmlAreaImage&imageId=31980)",
  "faqTypeId": 143,
  "faqType": "系统功能与设置",
  "useful": 2,
  "unUseful": 4,
  "languageId": 2,
  "languageName": "zh_cn",
  "faqCode": "1670",
  "faqTypeCode": "Handsets-System-Settings",
  "isTop": "0",
  "moduleCode": "faq",
  "productId": null,
  "productCode": null,
  "postDate": 1397786284000,
  "seriesProductName": "H30-T10,H30-U10",
  "visitedTimes": 622,
  "isUsefulFlag": null,
  "score": 0,
  "times": 0,
  "imageList": null,
  "displayType": "text",
  "justView": "0",
  "fileName": null,
  "filePath": null,
  "imagePath": null,
  "imageName": null,
  "productIdList": null,
  "curPage": null,
  "pageSize": null,
  "siteCode": null,
  "statusFlag": "Publish",
  "returnCode": 0,
  "totalRows": null,
  "keywords": "荣耀3C （H30-T10&H30-U10）",
  "avgScore": 0.0,
  "createDate": null,
  "totalPages": null
}