{
  "type": null,
  "faqId": 10924,
  "title": "荣耀3C （H30-T10&H30-U10）   打电话的时候同时是否支持上网？",
  "answer": " 在3G网络下打电话的时候同时上网，3G协议支持打电话的时候同时上网。 \r\n\r\n 2G下不支持，2G协议不支持该功能。",
  "faqTypeId": 138,
  "faqType": "网络与数据共享",
  "useful": 0,
  "unUseful": 0,
  "languageId": 2,
  "languageName": "zh_cn",
  "faqCode": "1684",
  "faqTypeCode": "Handsets-Network-Data-sharing",
  "isTop": "0",
  "moduleCode": "faq",
  "productId": null,
  "productCode": null,
  "postDate": 1397788420000,
  "seriesProductName": "H30-T10,H30-U10",
  "visitedTimes": 367,
  "isUsefulFlag": null,
  "score": 0,
  "times": 0,
  "imageList": null,
  "displayType": "text",
  "justView": "0",
  "fileName": null,
  "filePath": null,
  "imagePath": null,
  "imageName": null,
  "productIdList": null,
  "curPage": null,
  "pageSize": null,
  "siteCode": null,
  "statusFlag": "Publish",
  "returnCode": 0,
  "totalRows": null,
  "keywords": "荣耀3C （H30-T10&H30-U10）",
  "avgScore": 0.0,
  "createDate": null,
  "totalPages": null
}