{
  "type": null,
  "faqId": 10920,
  "title": "荣耀3C （H30-T10&H30-U10）   保存我喜爱的网页",
  "answer": " 在浏览器界面，点击菜单键，再点击**保存以供离线阅读**。",
  "faqTypeId": 143,
  "faqType": "系统功能与设置",
  "useful": 0,
  "unUseful": 0,
  "languageId": 2,
  "languageName": "zh_cn",
  "faqCode": "1680",
  "faqTypeCode": "Handsets-System-Settings",
  "isTop": "0",
  "moduleCode": "faq",
  "productId": null,
  "productCode": null,
  "postDate": 1397788054000,
  "seriesProductName": "H30-T10,H30-U10",
  "visitedTimes": 262,
  "isUsefulFlag": null,
  "score": 0,
  "times": 0,
  "imageList": null,
  "displayType": "text",
  "justView": "0",
  "fileName": null,
  "filePath": null,
  "imagePath": null,
  "imageName": null,
  "productIdList": null,
  "curPage": null,
  "pageSize": null,
  "siteCode": null,
  "statusFlag": "Publish",
  "returnCode": 0,
  "totalRows": null,
  "keywords": "荣耀3C （H30-T10&H30-U10）",
  "avgScore": 0.0,
  "createDate": null,
  "totalPages": null
}