{
  "type": null,
  "faqId": 10925,
  "title": "荣耀3C （H30-T10&H30-U10）  数据业务有什么限制(如CDMA双卡手机不支持GSM上网)",
  "answer": " 目前我们手机不支持CDMA2000数据业务。 \r\n\r\n H30-T10支持中国移动发行的SIM卡(2G，3G业务)和USIM卡(2G，3G业务)，还有中国联通的SIM卡(2G业务)和USIM卡(2G业务)； \r\n\r\n H30-U10支持中国联通发行的SIM卡(2G，3G业务)和USIM卡(2G，3G业务)，还有中国移动的SIM卡(2G业务)和USIM卡(2G业务)；",
  "faqTypeId": 143,
  "faqType": "系统功能与设置",
  "useful": 9,
  "unUseful": 0,
  "languageId": 2,
  "languageName": "zh_cn",
  "faqCode": "1685",
  "faqTypeCode": "Handsets-System-Settings",
  "isTop": "0",
  "moduleCode": "faq",
  "productId": null,
  "productCode": null,
  "postDate": 1397788449000,
  "seriesProductName": "H30-T10,H30-U10",
  "visitedTimes": 1089,
  "isUsefulFlag": null,
  "score": 12,
  "times": 4,
  "imageList": null,
  "displayType": "text",
  "justView": "4",
  "fileName": null,
  "filePath": null,
  "imagePath": null,
  "imageName": null,
  "productIdList": null,
  "curPage": null,
  "pageSize": null,
  "siteCode": null,
  "statusFlag": "Publish",
  "returnCode": 0,
  "totalRows": null,
  "keywords": "荣耀3C （H30-T10&H30-U10）",
  "avgScore": 3.0,
  "createDate": null,
  "totalPages": null
}