{
  "type": null,
  "faqId": 10923,
  "title": "荣耀3C （H30-T10&H30-U10）  查看或者断开当前数据连接",
  "answer": " 下拉状态栏，查看数据开关是否高亮。 \r\n\r\n l 如果高亮![](http://consumer.huawei.com/support/servlet/imageServlet?dlType=HtmlAreaImage&imageId=31987)，则表示开启；点击后变灰![](http://consumer.huawei.com/support/servlet/imageServlet?dlType=HtmlAreaImage&imageId=31988)，即可断开数据链接。 \r\n\r\n l 如果灰显![](http://consumer.huawei.com/support/servlet/imageServlet?dlType=HtmlAreaImage&imageId=31989)，则表示关闭，点击后高亮![](http://consumer.huawei.com/support/servlet/imageServlet?dlType=HtmlAreaImage&imageId=31990)，即可打开数据链接。",
  "faqTypeId": 138,
  "faqType": "网络与数据共享",
  "useful": 1,
  "unUseful": 0,
  "languageId": 2,
  "languageName": "zh_cn",
  "faqCode": "1683",
  "faqTypeCode": "Handsets-Network-Data-sharing",
  "isTop": "0",
  "moduleCode": "faq",
  "productId": null,
  "productCode": null,
  "postDate": 1397788382000,
  "seriesProductName": "H30-T10,H30-U10",
  "visitedTimes": 208,
  "isUsefulFlag": null,
  "score": 0,
  "times": 0,
  "imageList": null,
  "displayType": "text",
  "justView": "0",
  "fileName": null,
  "filePath": null,
  "imagePath": null,
  "imageName": null,
  "productIdList": null,
  "curPage": null,
  "pageSize": null,
  "siteCode": null,
  "statusFlag": "Publish",
  "returnCode": 0,
  "totalRows": null,
  "keywords": "荣耀3C （H30-T10&H30-U10）",
  "avgScore": 0.0,
  "createDate": null,
  "totalPages": null
}