{
  "type": null,
  "faqId": 10927,
  "title": "荣耀3C （H30-T10&H30-U10）  如何启用PIN码锁定屏幕？",
  "answer": " l 点击 设置 > 安全 > 屏幕安全保护 > 屏幕锁定。 \r\n\r\n l 选择一种方式进行屏幕锁定，当点电源键或开关机时，需要进行解锁。",
  "faqTypeId": 143,
  "faqType": "系统功能与设置",
  "useful": 1,
  "unUseful": 3,
  "languageId": 2,
  "languageName": "zh_cn",
  "faqCode": "1687",
  "faqTypeCode": "Handsets-System-Settings",
  "isTop": "0",
  "moduleCode": "faq",
  "productId": null,
  "productCode": null,
  "postDate": 1397788541000,
  "seriesProductName": "H30-T10,H30-U10",
  "visitedTimes": 177,
  "isUsefulFlag": null,
  "score": 0,
  "times": 0,
  "imageList": null,
  "displayType": "text",
  "justView": "0",
  "fileName": null,
  "filePath": null,
  "imagePath": null,
  "imageName": null,
  "productIdList": null,
  "curPage": null,
  "pageSize": null,
  "siteCode": null,
  "statusFlag": "Publish",
  "returnCode": 0,
  "totalRows": null,
  "keywords": "荣耀3C （H30-T10&H30-U10）",
  "avgScore": 0.0,
  "createDate": null,
  "totalPages": null
}