{
  "type": null,
  "faqId": 10930,
  "title": "荣耀3C （H30-T10&H30-U10）  连续输错几次图形锁后手机是否会被锁死？忘记图案如何解锁，能否通过GMAIL邮件解锁",
  "answer": " 连续输错几次图形锁后手机是否会有提示，不会被锁死，但会延迟下一次的尝试时间。 \r\n\r\n 忘记图案请送到客户服务部解锁或重新刷版本，在这款手机上不能通过Gmail邮件解锁。",
  "faqTypeId": 143,
  "faqType": "系统功能与设置",
  "useful": 1,
  "unUseful": 4,
  "languageId": 2,
  "languageName": "zh_cn",
  "faqCode": "1690",
  "faqTypeCode": "Handsets-System-Settings",
  "isTop": "0",
  "moduleCode": "faq",
  "productId": null,
  "productCode": null,
  "postDate": 1397788682000,
  "seriesProductName": "H30-T10,H30-U10",
  "visitedTimes": 687,
  "isUsefulFlag": null,
  "score": 0,
  "times": 0,
  "imageList": null,
  "displayType": "text",
  "justView": "1",
  "fileName": null,
  "filePath": null,
  "imagePath": null,
  "imageName": null,
  "productIdList": null,
  "curPage": null,
  "pageSize": null,
  "siteCode": null,
  "statusFlag": "Publish",
  "returnCode": 0,
  "totalRows": null,
  "keywords": "荣耀3C （H30-T10&H30-U10）",
  "avgScore": 0.0,
  "createDate": null,
  "totalPages": null
}