{
  "type": null,
  "faqId": 10939,
  "title": "荣耀3C （H30-T10&H30-U10）   手机预置哪些软件？哪些是运营商定制？哪些是手机自带软件？是否能够删除？",
  "answer": " 1)     可以在**设置**->**管理应用程序**->**全部**中查看手机预置的软件。 \r\n\r\n 2)     无运营商定制软件。 \r\n\r\n 3)     预置的第三方软件如下并且这些软件都可以卸载： \r\n\n              京东商城",
  "faqTypeId": 139,
  "faqType": "应用程序管理",
  "useful": 1,
  "unUseful": 7,
  "languageId": 2,
  "languageName": "zh_cn",
  "faqCode": "1699",
  "faqTypeCode": "Handsets-Application-Management",
  "isTop": "0",
  "moduleCode": "faq",
  "productId": null,
  "productCode": null,
  "postDate": 1397789213000,
  "seriesProductName": "H30-T10,H30-U10",
  "visitedTimes": 1312,
  "isUsefulFlag": null,
  "score": 3,
  "times": 1,
  "imageList": null,
  "displayType": "text",
  "justView": "1",
  "fileName": null,
  "filePath": null,
  "imagePath": null,
  "imageName": null,
  "productIdList": null,
  "curPage": null,
  "pageSize": null,
  "siteCode": null,
  "statusFlag": "Publish",
  "returnCode": 0,
  "totalRows": null,
  "keywords": "荣耀3C （H30-T10&H30-U10）",
  "avgScore": 3.0,
  "createDate": null,
  "totalPages": null
}