{
  "type": null,
  "faqId": 10931,
  "title": "荣耀3C （H30-T10&H30-U10）  如何锁定与解锁屏幕",
  "answer": " 锁定：按电源键锁定屏幕。 \r\n\n解锁：按电源键唤醒屏幕，之后按照屏幕显示，通过拖动、输入PIN、输入图案等方式解锁。",
  "faqTypeId": 143,
  "faqType": "系统功能与设置",
  "useful": 2,
  "unUseful": 8,
  "languageId": 2,
  "languageName": "zh_cn",
  "faqCode": "1691",
  "faqTypeCode": "Handsets-System-Settings",
  "isTop": "0",
  "moduleCode": "faq",
  "productId": null,
  "productCode": null,
  "postDate": 1397788718000,
  "seriesProductName": "H30-T10,H30-U10",
  "visitedTimes": 909,
  "isUsefulFlag": null,
  "score": 6,
  "times": 2,
  "imageList": null,
  "displayType": "text",
  "justView": "5",
  "fileName": null,
  "filePath": null,
  "imagePath": null,
  "imageName": null,
  "productIdList": null,
  "curPage": null,
  "pageSize": null,
  "siteCode": null,
  "statusFlag": "Publish",
  "returnCode": 0,
  "totalRows": null,
  "keywords": "荣耀3C （H30-T10&H30-U10）",
  "avgScore": 3.0,
  "createDate": null,
  "totalPages": null
}