{
  "type": null,
  "faqId": 10937,
  "title": "荣耀3C （H30-T10&H30-U10）   如何安装、管理与卸载程序？",
  "answer": " 前提条件：进入主菜单->**设置**->**安全**->勾选“**未知来源**” \r\n\r\n ![](http://consumer.huawei.com/support/servlet/imageServlet?dlType=HtmlAreaImage&imageId=31996)  \r\n\r\n 直接从华为智汇云或android market客户端上下载，点击开始安装。 \r\n\r\n 进入文件管理器找到已有的应用程序，点击应用程序开始安装。",
  "faqTypeId": 139,
  "faqType": "应用程序管理",
  "useful": 1,
  "unUseful": 2,
  "languageId": 2,
  "languageName": "zh_cn",
  "faqCode": "1697",
  "faqTypeCode": "Handsets-Application-Management",
  "isTop": "0",
  "moduleCode": "faq",
  "productId": null,
  "productCode": null,
  "postDate": 1397789110000,
  "seriesProductName": "H30-T10,H30-U10",
  "visitedTimes": 666,
  "isUsefulFlag": null,
  "score": 0,
  "times": 0,
  "imageList": null,
  "displayType": "text",
  "justView": "0",
  "fileName": null,
  "filePath": null,
  "imagePath": null,
  "imageName": null,
  "productIdList": null,
  "curPage": null,
  "pageSize": null,
  "siteCode": null,
  "statusFlag": "Publish",
  "returnCode": 0,
  "totalRows": null,
  "keywords": "荣耀3C （H30-T10&H30-U10）",
  "avgScore": 0.0,
  "createDate": null,
  "totalPages": null
}