{
  "type": null,
  "faqId": 10938,
  "title": "荣耀3C （H30-T10&H30-U10）  程序安装失败的原因与解决方法",
  "answer": " l  APK 本身有缺陷。 \r\n\r\n l  系统中已经存在程序，请卸载该程序 \r\n\r\n l  系统空间不足。",
  "faqTypeId": 139,
  "faqType": "应用程序管理",
  "useful": 0,
  "unUseful": 14,
  "languageId": 2,
  "languageName": "zh_cn",
  "faqCode": "1698",
  "faqTypeCode": "Handsets-Application-Management",
  "isTop": "0",
  "moduleCode": "faq",
  "productId": null,
  "productCode": null,
  "postDate": 1397789158000,
  "seriesProductName": "H30-T10,H30-U10",
  "visitedTimes": 782,
  "isUsefulFlag": null,
  "score": 0,
  "times": 0,
  "imageList": null,
  "displayType": "text",
  "justView": "1",
  "fileName": null,
  "filePath": null,
  "imagePath": null,
  "imageName": null,
  "productIdList": null,
  "curPage": null,
  "pageSize": null,
  "siteCode": null,
  "statusFlag": "Publish",
  "returnCode": 0,
  "totalRows": null,
  "keywords": "荣耀3C （H30-T10&H30-U10）",
  "avgScore": 0.0,
  "createDate": null,
  "totalPages": null
}