{
  "type": null,
  "faqId": 10942,
  "title": "荣耀3C （H30-T10&H30-U10）  部分电话号码不显示归属地的原因",
  "answer": " 支持来电归属地查询，查询方法为：在主屏幕，选择**安全卫士** > **来电归属地**，输入电话号码即可查询。但由于来电归属地的数据保存在手机中，不会自动更新，而运营商的号段不断更新，因此存在部分电话号码不显示归属地。",
  "faqTypeId": 137,
  "faqType": "通话与联系人",
  "useful": 0,
  "unUseful": 3,
  "languageId": 2,
  "languageName": "zh_cn",
  "faqCode": "1703",
  "faqTypeCode": "Handsets-Calls-contacts",
  "isTop": "0",
  "moduleCode": "faq",
  "productId": null,
  "productCode": null,
  "postDate": 1397789967000,
  "seriesProductName": "H30-T10,H30-U10",
  "visitedTimes": 516,
  "isUsefulFlag": null,
  "score": 3,
  "times": 1,
  "imageList": null,
  "displayType": "text",
  "justView": "0",
  "fileName": null,
  "filePath": null,
  "imagePath": null,
  "imageName": null,
  "productIdList": null,
  "curPage": null,
  "pageSize": null,
  "siteCode": null,
  "statusFlag": "Publish",
  "returnCode": 0,
  "totalRows": null,
  "keywords": "荣耀3C （H30-T10&H30-U10）",
  "avgScore": 3.0,
  "createDate": null,
  "totalPages": null
}