{
  "type": null,
  "faqId": 10943,
  "title": "荣耀3C （H30-T10&H30-U10）  网银交易（淘宝，阿里旺旺，支付宝，财付通，网银）",
  "answer": " 支持，需要下载相应的客户端以提供服务。",
  "faqTypeId": 143,
  "faqType": "系统功能与设置",
  "useful": 1,
  "unUseful": 0,
  "languageId": 2,
  "languageName": "zh_cn",
  "faqCode": "1704",
  "faqTypeCode": "Handsets-System-Settings",
  "isTop": "0",
  "moduleCode": "faq",
  "productId": null,
  "productCode": null,
  "postDate": 1397790001000,
  "seriesProductName": "H30-T10,H30-U10",
  "visitedTimes": 228,
  "isUsefulFlag": null,
  "score": 0,
  "times": 0,
  "imageList": null,
  "displayType": "text",
  "justView": "0",
  "fileName": null,
  "filePath": null,
  "imagePath": null,
  "imageName": null,
  "productIdList": null,
  "curPage": null,
  "pageSize": null,
  "siteCode": null,
  "statusFlag": "Publish",
  "returnCode": 0,
  "totalRows": null,
  "keywords": "荣耀3C （H30-T10&H30-U10）",
  "avgScore": 0.0,
  "createDate": null,
  "totalPages": null
}