{
  "type": null,
  "faqId": 10940,
  "title": "荣耀3C （H30-T10&H30-U10） QQ相关",
  "answer": " 是否支持QQ后台?是否支持QQ视频？是否支持发送图片，下载聊天记录？如何在手机中清理登陆QQ帐号的聊天记录信息？ \r\n\r\n 支持QQ后台,需要用户下载应用。QQ视频，发送图片与聊天记录的下载为QQ应用自己提供的功能，最新的版本支持以上的功能。以QQ2012版本为例，在登陆界面，选择设置功能，点击清除记录，弹出清除账号的对话框，勾选**同时删除相关聊天记录**即可。",
  "faqTypeId": 143,
  "faqType": "系统功能与设置",
  "useful": 3,
  "unUseful": 2,
  "languageId": 2,
  "languageName": "zh_cn",
  "faqCode": "1700",
  "faqTypeCode": "Handsets-System-Settings",
  "isTop": "0",
  "moduleCode": "faq",
  "productId": null,
  "productCode": null,
  "postDate": 1397789901000,
  "seriesProductName": "H30-T10,H30-U10",
  "visitedTimes": 355,
  "isUsefulFlag": null,
  "score": 0,
  "times": 0,
  "imageList": null,
  "displayType": "text",
  "justView": "0",
  "fileName": null,
  "filePath": null,
  "imagePath": null,
  "imageName": null,
  "productIdList": null,
  "curPage": null,
  "pageSize": null,
  "siteCode": null,
  "statusFlag": "Publish",
  "returnCode": 0,
  "totalRows": null,
  "keywords": "荣耀3C （H30-T10&H30-U10）",
  "avgScore": 0.0,
  "createDate": null,
  "totalPages": null
}