{
  "type": null,
  "faqId": 10944,
  "title": "荣耀3C （H30-T10&H30-U10） 通讯录中备份和恢复联系人",
  "answer": " 手机备份> **备份**，进行备份和恢复联系人。 \r\n\r\n l 备份 \r\n\r\n 选择 **备份到内部存储** 启动备份，数据备份在内部存储的根目录下的huaweibackup文件夹下。 \r\n\r\n l 恢复 \r\n\r\n 选择 **从内部存储恢复** 启动恢复。将备份数据恢复到手机本地。",
  "faqTypeId": 137,
  "faqType": "通话与联系人",
  "useful": 1,
  "unUseful": 2,
  "languageId": 2,
  "languageName": "zh_cn",
  "faqCode": "1705",
  "faqTypeCode": "Handsets-Calls-contacts",
  "isTop": "0",
  "moduleCode": "faq",
  "productId": null,
  "productCode": null,
  "postDate": 1397790036000,
  "seriesProductName": "H30-T10,H30-U10",
  "visitedTimes": 359,
  "isUsefulFlag": null,
  "score": 0,
  "times": 0,
  "imageList": null,
  "displayType": "text",
  "justView": "1",
  "fileName": null,
  "filePath": null,
  "imagePath": null,
  "imageName": null,
  "productIdList": null,
  "curPage": null,
  "pageSize": null,
  "siteCode": null,
  "statusFlag": "Publish",
  "returnCode": 0,
  "totalRows": null,
  "keywords": "荣耀3C （H30-T10&H30-U10）",
  "avgScore": 0.0,
  "createDate": null,
  "totalPages": null
}