{
  "type": null,
  "faqId": 10949,
  "title": "荣耀3C （H30-T10&H30-U10）  如何打开任务管理器",
  "answer": " 手机中的任务管理器，类似与电脑中的任务管理器，当手机中多个应用同步运行时，为方便用户进行查看以及操作而设置的。管理已下载、正在运行、全部的应用程序。 \r\n\r\n 在任意界面点击![](http://consumer.huawei.com/support/servlet/imageServlet?dlType=HtmlAreaImage&imageId=32002)，即可进入任务管理器界面。",
  "faqTypeId": 143,
  "faqType": "系统功能与设置",
  "useful": 0,
  "unUseful": 2,
  "languageId": 2,
  "languageName": "zh_cn",
  "faqCode": "1711",
  "faqTypeCode": "Handsets-System-Settings",
  "isTop": "0",
  "moduleCode": "faq",
  "productId": null,
  "productCode": null,
  "postDate": 1397790302000,
  "seriesProductName": "H30-T10,H30-U10",
  "visitedTimes": 229,
  "isUsefulFlag": null,
  "score": 0,
  "times": 0,
  "imageList": null,
  "displayType": "text",
  "justView": "1",
  "fileName": null,
  "filePath": null,
  "imagePath": null,
  "imageName": null,
  "productIdList": null,
  "curPage": null,
  "pageSize": null,
  "siteCode": null,
  "statusFlag": "Publish",
  "returnCode": 0,
  "totalRows": null,
  "keywords": "荣耀3C （H30-T10&H30-U10）",
  "avgScore": 0.0,
  "createDate": null,
  "totalPages": null
}