{
  "type": null,
  "faqId": 10946,
  "title": "荣耀3C （H30-T10&H30-U10）    如何使用云备份--备份，恢复",
  "answer": " 该手机目前支持云备份和恢复。 \r\n\r\n a)      进入到备份应用，选择云端。 \r\n\r\n b)     有账号的话可以直接登录，如果没有账号，请选择免费注册。 \r\n\r\n c)      在注册或者登录成功后。可以选择备份到云端或者从云端恢复。 \r\n\r\n ![](http://consumer.huawei.com/support/servlet/imageServlet?dlType=HtmlAreaImage&imageId=31998)",
  "faqTypeId": 141,
  "faqType": "备份恢复与升级",
  "useful": 1,
  "unUseful": 0,
  "languageId": 2,
  "languageName": "zh_cn",
  "faqCode": "1708",
  "faqTypeCode": "Handsets-Backup-Restore-Update",
  "isTop": "0",
  "moduleCode": "faq",
  "productId": null,
  "productCode": null,
  "postDate": 1397790138000,
  "seriesProductName": "H30-T10,H30-U10",
  "visitedTimes": 347,
  "isUsefulFlag": null,
  "score": 0,
  "times": 0,
  "imageList": null,
  "displayType": "text",
  "justView": "0",
  "fileName": null,
  "filePath": null,
  "imagePath": null,
  "imageName": null,
  "productIdList": null,
  "curPage": null,
  "pageSize": null,
  "siteCode": null,
  "statusFlag": "Publish",
  "returnCode": 0,
  "totalRows": null,
  "keywords": "荣耀3C （H30-T10&H30-U10）",
  "avgScore": 0.0,
  "createDate": null,
  "totalPages": null
}