{
  "type": null,
  "faqId": 10957,
  "title": "荣耀3C （H30-T10&H30-U10）  释放手机内部存储空间",
  "answer": "删除无用的文件：点击**文件管理**，查看文件或文件夹，长按要删除的文件或文件夹，在弹出的菜单中选择**删除**。",
  "faqTypeId": 139,
  "faqType": "应用程序管理",
  "useful": 1,
  "unUseful": 0,
  "languageId": 2,
  "languageName": "zh_cn",
  "faqCode": "1719",
  "faqTypeCode": "Handsets-Application-Management",
  "isTop": "0",
  "moduleCode": "faq",
  "productId": null,
  "productCode": null,
  "postDate": 1397790717000,
  "seriesProductName": "H30-T10,H30-U10",
  "visitedTimes": 848,
  "isUsefulFlag": null,
  "score": 0,
  "times": 0,
  "imageList": null,
  "displayType": "text",
  "justView": "0",
  "fileName": null,
  "filePath": null,
  "imagePath": null,
  "imageName": null,
  "productIdList": null,
  "curPage": null,
  "pageSize": null,
  "siteCode": null,
  "statusFlag": "Publish",
  "returnCode": 0,
  "totalRows": null,
  "keywords": "荣耀3C （H30-T10&H30-U10）",
  "avgScore": 0.0,
  "createDate": null,
  "totalPages": null
}