{
  "type": null,
  "faqId": 10951,
  "title": "荣耀3C （H30-T10&H30-U10）  任务管理器的相关操作",
  "answer": " l 可以上下滚动查看所有的列表信息，向左拉动或者向右拉动，可以关闭掉某个应用程序。 \r\n\r\n l 点击某个应用程序图标，可以打开此应用程序。 \r\n\r\n l 通过点击![](http://consumer.huawei.com/support/servlet/imageServlet?dlType=HtmlAreaImage&imageId=32005)可以清除所有应用程序。",
  "faqTypeId": 143,
  "faqType": "系统功能与设置",
  "useful": 0,
  "unUseful": 0,
  "languageId": 2,
  "languageName": "zh_cn",
  "faqCode": "1713",
  "faqTypeCode": "Handsets-System-Settings",
  "isTop": "0",
  "moduleCode": "faq",
  "productId": null,
  "productCode": null,
  "postDate": 1397790439000,
  "seriesProductName": "H30-T10,H30-U10",
  "visitedTimes": 178,
  "isUsefulFlag": null,
  "score": 3,
  "times": 1,
  "imageList": null,
  "displayType": "text",
  "justView": "0",
  "fileName": null,
  "filePath": null,
  "imagePath": null,
  "imageName": null,
  "productIdList": null,
  "curPage": null,
  "pageSize": null,
  "siteCode": null,
  "statusFlag": "Publish",
  "returnCode": 0,
  "totalRows": null,
  "keywords": "荣耀3C （H30-T10&H30-U10）",
  "avgScore": 3.0,
  "createDate": null,
  "totalPages": null
}