{
  "type": null,
  "faqId": 10953,
  "title": "荣耀3C （H30-T10&H30-U10）  天气时钟",
  "answer": " l  天气时钟在主界面显示，可以直接在主界面点击进入设置界面。 \r\n\r\n l  也可以在主界面 选择**实用工具**** > ****天气。**进行显示方式和地域的设置。",
  "faqTypeId": 143,
  "faqType": "系统功能与设置",
  "useful": 2,
  "unUseful": 6,
  "languageId": 2,
  "languageName": "zh_cn",
  "faqCode": "1715",
  "faqTypeCode": "Handsets-System-Settings",
  "isTop": "0",
  "moduleCode": "faq",
  "productId": null,
  "productCode": null,
  "postDate": 1397790506000,
  "seriesProductName": "H30-T10,H30-U10",
  "visitedTimes": 471,
  "isUsefulFlag": null,
  "score": 4,
  "times": 2,
  "imageList": null,
  "displayType": "text",
  "justView": "1",
  "fileName": null,
  "filePath": null,
  "imagePath": null,
  "imageName": null,
  "productIdList": null,
  "curPage": null,
  "pageSize": null,
  "siteCode": null,
  "statusFlag": "Publish",
  "returnCode": 0,
  "totalRows": null,
  "keywords": "荣耀3C （H30-T10&H30-U10）",
  "avgScore": 2.0,
  "createDate": null,
  "totalPages": null
}