{
  "type": null,
  "faqId": 10961,
  "title": "荣耀3C （H30-T10&H30-U10）  手机按键背灯的节电功能",
  "answer": " H30的按键没有背光灯。",
  "faqTypeId": 143,
  "faqType": "系统功能与设置",
  "useful": 18,
  "unUseful": 1,
  "languageId": 2,
  "languageName": "zh_cn",
  "faqCode": "1722",
  "faqTypeCode": "Handsets-System-Settings",
  "isTop": "0",
  "moduleCode": "faq",
  "productId": null,
  "productCode": null,
  "postDate": 1397791253000,
  "seriesProductName": "H30-T10,H30-U10",
  "visitedTimes": 1623,
  "isUsefulFlag": null,
  "score": 12,
  "times": 4,
  "imageList": null,
  "displayType": "text",
  "justView": "0",
  "fileName": null,
  "filePath": null,
  "imagePath": null,
  "imageName": null,
  "productIdList": null,
  "curPage": null,
  "pageSize": null,
  "siteCode": null,
  "statusFlag": "Publish",
  "returnCode": 0,
  "totalRows": null,
  "keywords": "荣耀3C （H30-T10&H30-U10）",
  "avgScore": 3.0,
  "createDate": null,
  "totalPages": null
}