{
  "type": null,
  "faqId": 10966,
  "title": "荣耀3C （H30-T10&H30-U10）   是否支持HDMI？",
  "answer": " H30不支持HDMI",
  "faqTypeId": 143,
  "faqType": "系统功能与设置",
  "useful": 4,
  "unUseful": 1,
  "languageId": 2,
  "languageName": "zh_cn",
  "faqCode": "1727",
  "faqTypeCode": "Handsets-System-Settings",
  "isTop": "0",
  "moduleCode": "faq",
  "productId": null,
  "productCode": null,
  "postDate": 1397791511000,
  "seriesProductName": "H30-T10,H30-U10",
  "visitedTimes": 1778,
  "isUsefulFlag": null,
  "score": 1,
  "times": 1,
  "imageList": null,
  "displayType": "text",
  "justView": "0",
  "fileName": null,
  "filePath": null,
  "imagePath": null,
  "imageName": null,
  "productIdList": null,
  "curPage": null,
  "pageSize": null,
  "siteCode": null,
  "statusFlag": "Publish",
  "returnCode": 0,
  "totalRows": null,
  "keywords": "荣耀3C （H30-T10&H30-U10）",
  "avgScore": 1.0,
  "createDate": null,
  "totalPages": null
}