{
  "type": null,
  "faqId": 10962,
  "title": "荣耀3C （H30-T10&H30-U10）   设置飞行模式",
  "answer": " **注意**：在飞行模式下，无线网络不可用。 \r\n\r\n l 方法一：在主屏幕，点击**设置** > **更多…**，勾选**飞行模式**，打开飞行模式；取消勾选即可关闭飞行模式。 \r\n\r\n l  方法二：长按电源键->选择**飞行模式。****** \r\n\r\n **![](http://consumer.huawei.com/support/servlet/imageServlet?dlType=HtmlAreaImage&imageId=32012)  \r\n **",
  "faqTypeId": 143,
  "faqType": "系统功能与设置",
  "useful": 0,
  "unUseful": 0,
  "languageId": 2,
  "languageName": "zh_cn",
  "faqCode": "1723",
  "faqTypeCode": "Handsets-System-Settings",
  "isTop": "0",
  "moduleCode": "faq",
  "productId": null,
  "productCode": null,
  "postDate": 1397791314000,
  "seriesProductName": "H30-T10,H30-U10",
  "visitedTimes": 74,
  "isUsefulFlag": null,
  "score": 0,
  "times": 0,
  "imageList": null,
  "displayType": "text",
  "justView": "0",
  "fileName": null,
  "filePath": null,
  "imagePath": null,
  "imageName": null,
  "productIdList": null,
  "curPage": null,
  "pageSize": null,
  "siteCode": null,
  "statusFlag": "Publish",
  "returnCode": 0,
  "totalRows": null,
  "keywords": "荣耀3C （H30-T10&H30-U10）",
  "avgScore": 0.0,
  "createDate": null,
  "totalPages": null
}