{
  "type": null,
  "faqId": 10965,
  "title": "荣耀3C （H30-T10&H30-U10）   HiSuite",
  "answer": " 手机支持并自带Hisuite。 \r\n\r\n 手机接入USB连接线后，手机接入USB连接线后，在手机下拉通知栏中选择“作为USB存储设备使用”的模式选择，选择“**Hisuite**”。 \r\n\r\n 在PC侧打开我的电脑，双击内置光盘安装即可使用。 \r\n\r\n 可以通过Hisuite自动安装驱动，打开Hisuite连接手机即可。",
  "faqTypeId": 143,
  "faqType": "系统功能与设置",
  "useful": 5,
  "unUseful": 16,
  "languageId": 2,
  "languageName": "zh_cn",
  "faqCode": "1726",
  "faqTypeCode": "Handsets-System-Settings",
  "isTop": "0",
  "moduleCode": "faq",
  "productId": null,
  "productCode": null,
  "postDate": 1397791475000,
  "seriesProductName": "H30-T10,H30-U10",
  "visitedTimes": 2513,
  "isUsefulFlag": null,
  "score": 6,
  "times": 2,
  "imageList": null,
  "displayType": "text",
  "justView": "0",
  "fileName": null,
  "filePath": null,
  "imagePath": null,
  "imageName": null,
  "productIdList": null,
  "curPage": null,
  "pageSize": null,
  "siteCode": null,
  "statusFlag": "Publish",
  "returnCode": 0,
  "totalRows": null,
  "keywords": "荣耀3C （H30-T10&H30-U10）",
  "avgScore": 3.0,
  "createDate": null,
  "totalPages": null
}