{
  "type": null,
  "faqId": 10963,
  "title": "荣耀3C （H30-T10&H30-U10）   恢复出厂设置的操作",
  "answer": " l  在主屏幕，点击“**设置** > **备份与重置** > **恢复出厂设置**”。 \r\n\r\n l  点击“**重置手机**”，恢复出厂设置。 \r\n\r\n ![](http://consumer.huawei.com/support/servlet/imageServlet?dlType=HtmlAreaImage&imageId=32013)",
  "faqTypeId": 141,
  "faqType": "备份恢复与升级",
  "useful": 0,
  "unUseful": 9,
  "languageId": 2,
  "languageName": "zh_cn",
  "faqCode": "1724",
  "faqTypeCode": "Handsets-Backup-Restore-Update",
  "isTop": "0",
  "moduleCode": "faq",
  "productId": null,
  "productCode": null,
  "postDate": 1397791379000,
  "seriesProductName": "H30-T10,H30-U10",
  "visitedTimes": 806,
  "isUsefulFlag": null,
  "score": 0,
  "times": 0,
  "imageList": null,
  "displayType": "text",
  "justView": "0",
  "fileName": null,
  "filePath": null,
  "imagePath": null,
  "imageName": null,
  "productIdList": null,
  "curPage": null,
  "pageSize": null,
  "siteCode": null,
  "statusFlag": "Publish",
  "returnCode": 0,
  "totalRows": null,
  "keywords": "荣耀3C （H30-T10&H30-U10）",
  "avgScore": 0.0,
  "createDate": null,
  "totalPages": null
}