{
  "type": null,
  "faqId": 10968,
  "title": "荣耀3C （H30-T10&H30-U10）   是否支持OTG功能？",
  "answer": " H30 不支持OTG。",
  "faqTypeId": 143,
  "faqType": "系统功能与设置",
  "useful": 3,
  "unUseful": 0,
  "languageId": 2,
  "languageName": "zh_cn",
  "faqCode": "1729",
  "faqTypeCode": "Handsets-System-Settings",
  "isTop": "0",
  "moduleCode": "faq",
  "productId": null,
  "productCode": null,
  "postDate": 1397791572000,
  "seriesProductName": "H30-T10,H30-U10",
  "visitedTimes": 1656,
  "isUsefulFlag": null,
  "score": 16,
  "times": 6,
  "imageList": null,
  "displayType": "text",
  "justView": "2",
  "fileName": null,
  "filePath": null,
  "imagePath": null,
  "imageName": null,
  "productIdList": null,
  "curPage": null,
  "pageSize": null,
  "siteCode": null,
  "statusFlag": "Publish",
  "returnCode": 0,
  "totalRows": null,
  "keywords": "荣耀3C （H30-T10&H30-U10）",
  "avgScore": 2.7,
  "createDate": null,
  "totalPages": null
}