{
  "type": null,
  "faqId": 10969,
  "title": "荣耀3C （H30-T10&H30-U10）  状态指示灯",
  "answer": " 1.低电量时红灯闪烁、有短信或未接来电时绿灯闪烁 \r\n\r\n 2.充电时，低电量红灯亮，中等电量黄灯亮，90%以上绿灯亮",
  "faqTypeId": 144,
  "faqType": "其他",
  "useful": 0,
  "unUseful": 1,
  "languageId": 2,
  "languageName": "zh_cn",
  "faqCode": "1730",
  "faqTypeCode": "Handsets-Others",
  "isTop": "0",
  "moduleCode": "faq",
  "productId": null,
  "productCode": null,
  "postDate": 1397791606000,
  "seriesProductName": "H30-T10,H30-U10",
  "visitedTimes": 352,
  "isUsefulFlag": null,
  "score": 8,
  "times": 4,
  "imageList": null,
  "displayType": "text",
  "justView": "0",
  "fileName": null,
  "filePath": null,
  "imagePath": null,
  "imageName": null,
  "productIdList": null,
  "curPage": null,
  "pageSize": null,
  "siteCode": null,
  "statusFlag": "Publish",
  "returnCode": 0,
  "totalRows": null,
  "keywords": "荣耀3C （H30-T10&H30-U10）",
  "avgScore": 2.0,
  "createDate": null,
  "totalPages": null
}