{
  "type": null,
  "faqId": 10964,
  "title": "荣耀3C （H30-T10&H30-U10）  如何进入和退出安全模式",
  "answer": " 在开机过程中开机动画消失之后按音量下键，直到屏幕左下角出现“**安全模式**”字样，进入安全模式。 \r\n\r\n 重启手机即可以退出安全模式。 \r\n\r\n ![](http://consumer.huawei.com/support/servlet/imageServlet?dlType=HtmlAreaImage&imageId=32014)",
  "faqTypeId": 143,
  "faqType": "系统功能与设置",
  "useful": 4,
  "unUseful": 2,
  "languageId": 2,
  "languageName": "zh_cn",
  "faqCode": "1725",
  "faqTypeCode": "Handsets-System-Settings",
  "isTop": "0",
  "moduleCode": "faq",
  "productId": null,
  "productCode": null,
  "postDate": 1397791436000,
  "seriesProductName": "H30-T10,H30-U10",
  "visitedTimes": 919,
  "isUsefulFlag": null,
  "score": 3,
  "times": 1,
  "imageList": null,
  "displayType": "text",
  "justView": "0",
  "fileName": null,
  "filePath": null,
  "imagePath": null,
  "imageName": null,
  "productIdList": null,
  "curPage": null,
  "pageSize": null,
  "siteCode": null,
  "statusFlag": "Publish",
  "returnCode": 0,
  "totalRows": null,
  "keywords": "荣耀3C （H30-T10&H30-U10）",
  "avgScore": 3.0,
  "createDate": null,
  "totalPages": null
}