{
  "type": null,
  "faqId": 10970,
  "title": "荣耀3C （H30-T10&H30-U10）  充电器能否混用",
  "answer": " 华为公司配置的充电器可以，手机中有充电保护电路。但是建议用户使用**标配充电器**，长期使用过大电流充电，对手机和电池寿命不好。使用小电流充电，会使充电时间延长。",
  "faqTypeId": null,
  "faqType": null,
  "useful": 4,
  "unUseful": 0,
  "languageId": 2,
  "languageName": "zh_cn",
  "faqCode": "1731",
  "faqTypeCode": null,
  "isTop": "0",
  "moduleCode": "faq",
  "productId": null,
  "productCode": null,
  "postDate": 1397791645000,
  "seriesProductName": "H30-T10,H30-U10",
  "visitedTimes": 968,
  "isUsefulFlag": null,
  "score": 9,
  "times": 3,
  "imageList": null,
  "displayType": "text",
  "justView": "1",
  "fileName": null,
  "filePath": null,
  "imagePath": null,
  "imageName": null,
  "productIdList": null,
  "curPage": null,
  "pageSize": null,
  "siteCode": null,
  "statusFlag": "Publish",
  "returnCode": 0,
  "totalRows": null,
  "keywords": "荣耀3C （H30-T10&H30-U10）",
  "avgScore": 3.0,
  "createDate": null,
  "totalPages": null
}