{
  "type": null,
  "faqId": 10975,
  "title": "荣耀3C （H30-T10&H30-U10）  恢复出厂设置",
  "answer": "恢复出厂设置：在主屏幕，点击 设置 > 备份和重置 > 恢复出厂设置，再点击重置手机。",
  "faqTypeId": 139,
  "faqType": "应用程序管理",
  "useful": 8,
  "unUseful": 6,
  "languageId": 2,
  "languageName": "zh_cn",
  "faqCode": "1736",
  "faqTypeCode": "Handsets-Application-Management",
  "isTop": "0",
  "moduleCode": "faq",
  "productId": null,
  "productCode": null,
  "postDate": 1397792080000,
  "seriesProductName": "H30-T10,H30-U10",
  "visitedTimes": 1598,
  "isUsefulFlag": null,
  "score": 26,
  "times": 8,
  "imageList": null,
  "displayType": "text",
  "justView": "0",
  "fileName": null,
  "filePath": null,
  "imagePath": null,
  "imageName": null,
  "productIdList": null,
  "curPage": null,
  "pageSize": null,
  "siteCode": null,
  "statusFlag": "Publish",
  "returnCode": 0,
  "totalRows": null,
  "keywords": "荣耀3C （H30-T10&H30-U10）",
  "avgScore": 3.3,
  "createDate": null,
  "totalPages": null
}