{
  "type": null,
  "faqId": 10972,
  "title": "荣耀3C （H30-T10&H30-U10）  网络流量节省小窍门",
  "answer": " l 不使用数据业务时，关闭数据业务功能。 \r\n\r\n l 有Wi-Fi环境时，关闭数据业务。 \r\n\r\n l 登录wap网站比登录www网站更节省流量。 \r\n\r\n l 关闭数据业务：在主屏幕，**设置**>**移动网络**，取消勾选取消勾选**已启用数据流量**。 \r\n\r\n l 关闭后台数据同步：在主屏幕，点击  **设置**>**账户与同步**，然后选择一个已存在帐户，然后关闭帐户与同步。",
  "faqTypeId": 143,
  "faqType": "系统功能与设置",
  "useful": 2,
  "unUseful": 0,
  "languageId": 2,
  "languageName": "zh_cn",
  "faqCode": "1733",
  "faqTypeCode": "Handsets-System-Settings",
  "isTop": "0",
  "moduleCode": "faq",
  "productId": null,
  "productCode": null,
  "postDate": 1397791728000,
  "seriesProductName": "H30-T10,H30-U10",
  "visitedTimes": 604,
  "isUsefulFlag": null,
  "score": 0,
  "times": 0,
  "imageList": null,
  "displayType": "text",
  "justView": "1",
  "fileName": null,
  "filePath": null,
  "imagePath": null,
  "imageName": null,
  "productIdList": null,
  "curPage": null,
  "pageSize": null,
  "siteCode": null,
  "statusFlag": "Publish",
  "returnCode": 0,
  "totalRows": null,
  "keywords": "荣耀3C （H30-T10&H30-U10）",
  "avgScore": 0.0,
  "createDate": null,
  "totalPages": null
}