{
  "type": null,
  "faqId": 10984,
  "title": "荣耀3C （H30-T10&H30-U10）  手机内部存储空间和microSD卡剩余存储空间",
  "answer": " 在主界面，点击**设置** > **存储**，分别在“**内存设备**”和“**SD ****卡**”区域查看存储空间的情况。 \r\n\r\n 内存设备是手机自带的存储，存储大小是生产时就确定的。SD卡的容量是由您所插入的SD卡的容量所确定。 \r\n\r\n ![](http://consumer.huawei.com/support/servlet/imageServlet?dlType=HtmlAreaImage&imageId=32018)",
  "faqTypeId": 140,
  "faqType": "存储与文件管理",
  "useful": 9,
  "unUseful": 7,
  "languageId": 2,
  "languageName": "zh_cn",
  "faqCode": "1746",
  "faqTypeCode": "Handsets-Storage-File-management",
  "isTop": "0",
  "moduleCode": "faq",
  "productId": null,
  "productCode": null,
  "postDate": 1397792388000,
  "seriesProductName": "H30-T10,H30-U10",
  "visitedTimes": 1832,
  "isUsefulFlag": null,
  "score": 14,
  "times": 4,
  "imageList": null,
  "displayType": "text",
  "justView": "1",
  "fileName": null,
  "filePath": null,
  "imagePath": null,
  "imageName": null,
  "productIdList": null,
  "curPage": null,
  "pageSize": null,
  "siteCode": null,
  "statusFlag": "Publish",
  "returnCode": 0,
  "totalRows": null,
  "keywords": "荣耀3C （H30-T10&H30-U10）",
  "avgScore": 3.5,
  "createDate": null,
  "totalPages": null
}