{
  "type": null,
  "faqId": 10983,
  "title": "荣耀3C （H30-T10&H30-U10）   是否支持word，excel，ppt，pdf的编辑与浏览？",
  "answer": " 不支持,需要用户自行安装第三方应用软件",
  "faqTypeId": 139,
  "faqType": "应用程序管理",
  "useful": 2,
  "unUseful": 0,
  "languageId": 2,
  "languageName": "zh_cn",
  "faqCode": "1745",
  "faqTypeCode": "Handsets-Application-Management",
  "isTop": "0",
  "moduleCode": "faq",
  "productId": null,
  "productCode": null,
  "postDate": 1397792303000,
  "seriesProductName": "H30-T10,H30-U10",
  "visitedTimes": 668,
  "isUsefulFlag": null,
  "score": 2,
  "times": 1,
  "imageList": null,
  "displayType": "text",
  "justView": "1",
  "fileName": null,
  "filePath": null,
  "imagePath": null,
  "imageName": null,
  "productIdList": null,
  "curPage": null,
  "pageSize": null,
  "siteCode": null,
  "statusFlag": "Publish",
  "returnCode": 0,
  "totalRows": null,
  "keywords": "荣耀3C （H30-T10&H30-U10）",
  "avgScore": 2.0,
  "createDate": null,
  "totalPages": null
}