{
  "type": null,
  "faqId": 10980,
  "title": "荣耀3C （H30-T10&H30-U10）   是否自带录音机？",
  "answer": " 有自带录音机。",
  "faqTypeId": 143,
  "faqType": "系统功能与设置",
  "useful": 2,
  "unUseful": 1,
  "languageId": 2,
  "languageName": "zh_cn",
  "faqCode": "1741",
  "faqTypeCode": "Handsets-System-Settings",
  "isTop": "0",
  "moduleCode": "faq",
  "productId": null,
  "productCode": null,
  "postDate": 1397792208000,
  "seriesProductName": "H30-T10,H30-U10",
  "visitedTimes": 225,
  "isUsefulFlag": null,
  "score": 10,
  "times": 3,
  "imageList": null,
  "displayType": "text",
  "justView": "0",
  "fileName": null,
  "filePath": null,
  "imagePath": null,
  "imageName": null,
  "productIdList": null,
  "curPage": null,
  "pageSize": null,
  "siteCode": null,
  "statusFlag": "Publish",
  "returnCode": 0,
  "totalRows": null,
  "keywords": "荣耀3C （H30-T10&H30-U10）",
  "avgScore": 3.3,
  "createDate": null,
  "totalPages": null
}