{
  "type": null,
  "faqId": 11206,
  "title": "Mate2 (MT2-L05)   锁定屏幕",
  "answer": " 手动锁定屏幕：按电源键 \r\n\r\n 自动锁定屏幕：当手机未使用的时间达到设定的休眠时间时，手机会自动锁定屏幕 \r\n\r\n 在主屏幕，点击**设置**，然后再**常用设置**页签中点击**解锁样式**，可以更换屏幕锁定方式。",
  "faqTypeId": 143,
  "faqType": "系统功能与设置",
  "useful": 0,
  "unUseful": 1,
  "languageId": 2,
  "languageName": "zh_cn",
  "faqCode": "1964",
  "faqTypeCode": "Handsets-System-Settings",
  "isTop": "0",
  "moduleCode": "faq",
  "productId": null,
  "productCode": null,
  "postDate": 1398157538000,
  "seriesProductName": "MT2-L05",
  "visitedTimes": 45,
  "isUsefulFlag": null,
  "score": 0,
  "times": 0,
  "imageList": null,
  "displayType": "text",
  "justView": "0",
  "fileName": null,
  "filePath": null,
  "imagePath": null,
  "imageName": null,
  "productIdList": null,
  "curPage": null,
  "pageSize": null,
  "siteCode": null,
  "statusFlag": "Publish",
  "returnCode": 0,
  "totalRows": null,
  "keywords": "Mate2 (MT2-L05)",
  "avgScore": 0.0,
  "createDate": null,
  "totalPages": null
}