{
  "type": null,
  "faqId": 11205,
  "title": "Mate2 (MT2-L05)   安装手机",
  "answer": " HUAWEI MT2-L05**仅****支持微型****SIM****卡**。请咨询您的网络运营商更换或购买微型SIM卡。 \r\n\r\n 安装完成后，按住电源键几秒钟，开启您的HUAWEI MT2-L05 之旅。 \r\n\r\n **注意：请勿在开机状态下插拔微型****SIM****卡****** \r\n\r\n ** ** \r\n\r\n **请按照以下图示正确安装。 ** \r\n\n**![](http://consumer.huawei.com/support/servlet/imageServlet?dlType=HtmlAreaImage&imageId=32252)  \r\n\n**",
  "faqTypeId": 143,
  "faqType": "系统功能与设置",
  "useful": 0,
  "unUseful": 0,
  "languageId": 2,
  "languageName": "zh_cn",
  "faqCode": "2023",
  "faqTypeCode": "Handsets-System-Settings",
  "isTop": "0",
  "moduleCode": "faq",
  "productId": null,
  "productCode": null,
  "postDate": 1398157505000,
  "seriesProductName": "MT2-L05",
  "visitedTimes": 183,
  "isUsefulFlag": null,
  "score": 0,
  "times": 0,
  "imageList": null,
  "displayType": "text",
  "justView": "0",
  "fileName": null,
  "filePath": null,
  "imagePath": null,
  "imageName": null,
  "productIdList": null,
  "curPage": null,
  "pageSize": null,
  "siteCode": null,
  "statusFlag": "Publish",
  "returnCode": 0,
  "totalRows": null,
  "keywords": "Mate2 (MT2-L05)",
  "avgScore": 0.0,
  "createDate": null,
  "totalPages": null
}