{
  "type": null,
  "faqId": 11254,
  "title": "Mate2 (MT2-L05) 解锁屏幕",
  "answer": " 按电源键唤醒屏幕，然后向任意方向滑动手指完成屏幕解锁。 \r\n\r\n ![](http://consumer.huawei.com/support/servlet/imageServlet?dlType=HtmlAreaImage&imageId=32253)  \r\n\r\n 向右拖动解锁界面可以进行相机界面，向左拖动解锁界面可添加解锁屏幕小工具。 \r\n\n![](http://consumer.huawei.com/support/servlet/imageServlet?dlType=HtmlAreaImage&imageId=32254) \n\r\n\r\n 向左拖动解锁屏幕，然后点击＋，可以添加解锁屏幕小工具。",
  "faqTypeId": 143,
  "faqType": "系统功能与设置",
  "useful": 0,
  "unUseful": 1,
  "languageId": 2,
  "languageName": "zh_cn",
  "faqCode": "2024",
  "faqTypeCode": "Handsets-System-Settings",
  "isTop": "0",
  "moduleCode": "faq",
  "productId": null,
  "productCode": null,
  "postDate": 1398157657000,
  "seriesProductName": "MT2-L05",
  "visitedTimes": 108,
  "isUsefulFlag": null,
  "score": 0,
  "times": 0,
  "imageList": null,
  "displayType": "text",
  "justView": "0",
  "fileName": null,
  "filePath": null,
  "imagePath": null,
  "imageName": null,
  "productIdList": null,
  "curPage": null,
  "pageSize": null,
  "siteCode": null,
  "statusFlag": "Publish",
  "returnCode": 0,
  "totalRows": null,
  "keywords": "Mate2 (MT2-L05)",
  "avgScore": 0.0,
  "createDate": null,
  "totalPages": null
}