{
  "type": null,
  "faqId": 11253,
  "title": "Mate2 (MT2-L05)手机按键介绍",
  "answer": " **说明：****根据不同的配色样机（白色、黑色）出厂的主题设置不一致。****** \r\n\r\n 在任意界面下， \r\n\r\n l  点击**返回键**（![](http://consumer.huawei.com/support/servlet/imageServlet?dlType=HtmlAreaImage&imageId=32247)），返回到上级界面或退出程序。 \r\n\r\n l  点击**主屏键**（![](http://consumer.huawei.com/support/servlet/imageServlet?dlType=HtmlAreaImage&imageId=32248)），返回主屏幕。 \r\n\r\n l  点击**最近键**（![](http://consumer.huawei.com/support/servlet/imageServlet?dlType=HtmlAreaImage&imageId=32249)），打开最近使用的应用程序列表。 \r\n\r\n l 点击**隐藏键**（![](http://consumer.huawei.com/support/servlet/imageServlet?dlType=HtmlAreaImage&imageId=32250)），隐藏虚拟键导航栏；从界面底部向上滑动可打开虚拟键导航栏。您可以在设置中打开或关闭导航栏虚拟按键的隐藏功能。 \r\n\r\n l  **按电源键**，关闭或点亮屏幕。**长按电源键**6秒或13秒以上，强制关机或重启手机。 \r\n\r\n l 按音量上键或下键，调节扬声器音量大小。同时按电源键和音量下键，截取屏幕并保存在图库中。 \r\n\r\n ![](http://consumer.huawei.com/support/servlet/imageServlet?dlType=HtmlAreaImage&imageId=32251)",
  "faqTypeId": 144,
  "faqType": "其他",
  "useful": 0,
  "unUseful": 2,
  "languageId": 2,
  "languageName": "zh_cn",
  "faqCode": "2022",
  "faqTypeCode": "Handsets-Others",
  "isTop": "0",
  "moduleCode": "faq",
  "productId": null,
  "productCode": null,
  "postDate": 1398156763000,
  "seriesProductName": "MT2-L05",
  "visitedTimes": 30,
  "isUsefulFlag": null,
  "score": 0,
  "times": 0,
  "imageList": null,
  "displayType": "text",
  "justView": "0",
  "fileName": null,
  "filePath": null,
  "imagePath": null,
  "imageName": null,
  "productIdList": null,
  "curPage": null,
  "pageSize": null,
  "siteCode": null,
  "statusFlag": "Publish",
  "returnCode": 0,
  "totalRows": null,
  "keywords": "Mate2 (MT2-L05)",
  "avgScore": 0.0,
  "createDate": null,
  "totalPages": null
}