{
  "type": null,
  "faqId": 11256,
  "title": "Mate2 (MT2-L05)主菜单简介",
  "answer": " EmotionUI界面，主菜单即是Idle界面，默认为四个屏幕，可以左右滑动来翻页。用户可以将应用程序和控件的快捷方式放置在主界面上，并可在主界面上点击图标启动应用程序。 \r\n\r\n 下图为开机主屏幕的截图，由上到下各标记为： \r\n\r\n **1****、信号栏区域****** \r\n\r\n **2****、****MeWigdet****区域****** \r\n\r\n ** ** \r\n\r\n ****3****、桌面快捷方式****** ** \r\n\r\n ****4****、****Dock****区域，**放置应用程序的快捷方式，翻屏时该区域的应用快捷方式不随着移动。 ** \r\n\r\n **放置在主屏幕的元素可以是应用程序的快捷方式和窗口小部件。用户可以将一个应用程序的快捷方式拖动到已经放置快捷方式的位置，这样会形成一个文件夹，里面包含两个应用程序的快捷方式。 ** \r\n\n**![](http://consumer.huawei.com/support/servlet/imageServlet?dlType=HtmlAreaImage&imageId=32256)  \r\n\n**",
  "faqTypeId": 144,
  "faqType": "其他",
  "useful": 0,
  "unUseful": 0,
  "languageId": 2,
  "languageName": "zh_cn",
  "faqCode": "1965",
  "faqTypeCode": "Handsets-Others",
  "isTop": "0",
  "moduleCode": "faq",
  "productId": null,
  "productCode": null,
  "postDate": 1398157834000,
  "seriesProductName": "MT2-L05",
  "visitedTimes": 10,
  "isUsefulFlag": null,
  "score": 0,
  "times": 0,
  "imageList": null,
  "displayType": "text",
  "justView": "0",
  "fileName": null,
  "filePath": null,
  "imagePath": null,
  "imageName": null,
  "productIdList": null,
  "curPage": null,
  "pageSize": null,
  "siteCode": null,
  "statusFlag": "Publish",
  "returnCode": 0,
  "totalRows": null,
  "keywords": "Mate2 (MT2-L05)",
  "avgScore": 0.0,
  "createDate": null,
  "totalPages": null
}