{
  "type": null,
  "faqId": 15346,
  "title": "휴대전화가 뜨거워요. 어떻게 해야 하나요?",
  "answer": "휴대전화 충전 또는 전력소모량이 많은 게임, 인터넷, 통화 등 기능 사용 시에 약간의 열이 발생하는 것은 정상적인 현상입니다.\r\n\r\n당사 휴대전화은 과열보호 회로기능을 갖추고 있어, 휴대전화 수명 또는 기능을 보장을 합니다.\r\n\r\n충전 시에 인터넷, 게임, 동영상 시청, 통화 등 전력소모량이 많은 작업을 자제합니다.\r\n\r\n네트워크 신호가 약한 곳에서는 장시간 통화나 인터넷을 자제합니다.\r\n\r\n제3자 어플리케이션을 동시에 많이 사용하지 말아주세요. 동시에 여러 개의 어플리케이션이 동작되는 경우, 데이터 증가로 인해 휴대전화에 열이 발생할 수 있습니다.",
  "faqTypeId": null,
  "faqType": null,
  "useful": 0,
  "unUseful": 0,
  "languageId": 114,
  "languageName": "kr",
  "faqCode": "7605",
  "faqTypeCode": null,
  "isTop": "0",
  "moduleCode": "faq",
  "productId": null,
  "productCode": null,
  "postDate": 1411997696000,
  "seriesProductName": "",
  "visitedTimes": 525,
  "isUsefulFlag": null,
  "score": 0,
  "times": 0,
  "imageList": null,
  "displayType": "text",
  "justView": "0",
  "fileName": null,
  "filePath": null,
  "imagePath": null,
  "imageName": null,
  "productIdList": null,
  "curPage": null,
  "pageSize": null,
  "siteCode": null,
  "statusFlag": "Publish",
  "returnCode": 0,
  "totalRows": null,
  "keywords": "발열, 뜨거움, 과열",
  "avgScore": 0.0,
  "createDate": null,
  "totalPages": null
}