{
  "type": null,
  "faqId": 15345,
  "title": "휴대전화 배터리 절전 요령",
  "answer": "다음과 같은 방법으로 휴대전화의 배터리 사용을 줄여보세요. \r\n\r\n<font style=\"FONT-FAMILY: 맑은 고딕\">1. 휴대전화을 사용하지 않을 때 전원버튼를 눌러 화면을 꺼둡니다.</font>\r\n\r\n2. 휴대전화 슬립모드로 켜져있는 시간을 단축합니다. 메인화면에서 **설정**** > 디스플레이 > 슬립**으로 들어가 화면 슬립시간을 설정합니다.\r\n\r\n3. 화면밝기 낮추기 : 메인화면에서 **설정**** > 디스플레이 > 밝기**로 들어가 화면밝기를 조절합니다.\r\n\r\n4. 블루투스와 WiFi 끄기 : 메인화면에서 **설정**을 누른 후 **무선 및 네트워크**에서 블루투스와 WiFi를 끕니다.\r\n\r\n5. 데이터 동기화 끄기 : 메인화면에서 **설정**** > 계정**으로 들어간 후 기존계정을 선택해 계정에 동기화를 끕니다.\r\n\r\n6. 데이터 서비스 끄기 : 메인화면에서 **설정**** > 모바일 네트워크**를 누른 후 데이터 켜기의 체크항목을 해제합니다. \r\n\r\n7. GPS끄기 : 메인화면에서 **설정**** > 위치정보 열람권한**으로 들어간 후 GPS위성의 체크항목을 해제합니다.",
  "faqTypeId": null,
  "faqType": null,
  "useful": 3,
  "unUseful": 0,
  "languageId": 114,
  "languageName": "kr",
  "faqCode": "7604",
  "faqTypeCode": null,
  "isTop": "0",
  "moduleCode": "faq",
  "productId": null,
  "productCode": null,
  "postDate": 1411997233000,
  "seriesProductName": "",
  "visitedTimes": 351,
  "isUsefulFlag": null,
  "score": 0,
  "times": 0,
  "imageList": null,
  "displayType": "text",
  "justView": "0",
  "fileName": null,
  "filePath": null,
  "imagePath": null,
  "imageName": null,
  "productIdList": null,
  "curPage": null,
  "pageSize": null,
  "siteCode": null,
  "statusFlag": "Publish",
  "returnCode": 0,
  "totalRows": null,
  "keywords": "절전, H60-J1",
  "avgScore": 0.0,
  "createDate": null,
  "totalPages": null
}