{
  "type": null,
  "faqId": 15344,
  "title": "휴대전화 백업 - 초기화 - 복구를 어떻게 하나요?",
  "answer": "1. 백업하기\r\n\r\n연락처, 문자, MMS, 스케쥴, 설치된 어플리케이션 백업기능을 지원합니다.\r\n\r\n**<font style=\"FONT-FAMILY: 맑은 고딕\">바탕화면 > 도구 > 백업 > 새로운 백업 > 백업</font>**<font style=\"FONT-FAMILY: 맑은 고딕\">을 클릭하여 백업 및 연락처 복구를 진행합니다. </font>\r\n\r\n![2-13-1-01](http://consumer.huawei.com/support/servlet/imageServlet?dlType=SupportImage&imagePath=/20140929210644517001.jpg)![2-13-1-02](http://consumer.huawei.com/support/servlet/imageServlet?dlType=SupportImage&imagePath=/20140929210644115002.jpg)![2-13-1-03](http://consumer.huawei.com/support/servlet/imageServlet?dlType=SupportImage&imagePath=/20140929210644430003.jpg)\r\n\r\n**로컬 백업으로 백업**을 선택하면 백업이 시작되며, 백업된 데이터는 backup/Data폴더 내에 저장됩니다.\r\n\r\n2. 초기화하기 \r\n\r\n바탕화면 > 설정 > 백업 및 복구 > 휴대전화 초기화 를 누르시면 초기화 됩니다. \r\n\r\n3. 복구하기 \r\n\r\n초기화 완료 후 백업해둔 자료를 복구하려면 다음과 같이 설정하시기 바랍니다. \r\n\r\n바탕화면 > 도구 > 백업 > 백업해두었던 파일 클릭 > 복구",
  "faqTypeId": null,
  "faqType": null,
  "useful": 11,
  "unUseful": 1,
  "languageId": 114,
  "languageName": "kr",
  "faqCode": "7603",
  "faqTypeCode": null,
  "isTop": "0",
  "moduleCode": "faq",
  "productId": null,
  "productCode": null,
  "postDate": 1411996460000,
  "seriesProductName": "",
  "visitedTimes": 2355,
  "isUsefulFlag": null,
  "score": 0,
  "times": 0,
  "imageList": null,
  "displayType": "text",
  "justView": "0",
  "fileName": null,
  "filePath": null,
  "imagePath": null,
  "imageName": null,
  "productIdList": null,
  "curPage": null,
  "pageSize": null,
  "siteCode": null,
  "statusFlag": "Publish",
  "returnCode": 0,
  "totalRows": null,
  "keywords": "백업, 초기화, 복구",
  "avgScore": 0.0,
  "createDate": null,
  "totalPages": null
}