{
  "type": null,
  "faqId": 15343,
  "title": "휴대전화가 느려졌을 때 어떻게 해야 하나요?",
  "answer": "<font style=\"FONT-FAMILY: 맑은 고딕\"> 1.  현재 가동 중인 어플리케이션이 많을 경우 백그라운드에서 사용 중인 어플리케이션을 끄고 사용해 보세요. </font>\r\n\r\n<font style=\"FONT-FAMILY: 맑은 고딕\">메인화면에서 **설정**** > 앱 관리 > 백그라운드 어플리케이션**으로 들어가 어플리케이션을 선택한 후 **사용중지**를** **누릅니다.</font>\r\n\r\n2. 설치된 어플리케이션이 많을 경우 시스템 디스크 공간부족으로 휴대전화가 느려질 수 있습니다. 일부 어플리케이션을 삭제하여 디스크 공간과 내장 메모리 공간을 확보하시기 바랍니다. \r\n\r\n3. 만약 CPU사용이 많고 백그라운드에서 운영되는 어플리케이션이 많은 경우 휴대전화가 멈추는 경우가 있습니다. 멈추는 경우에는 휴대전화을 재부팅하시기 바랍니다.",
  "faqTypeId": null,
  "faqType": null,
  "useful": 1,
  "unUseful": 2,
  "languageId": 114,
  "languageName": "kr",
  "faqCode": "7621",
  "faqTypeCode": null,
  "isTop": "0",
  "moduleCode": "faq",
  "productId": null,
  "productCode": null,
  "postDate": 1411995549000,
  "seriesProductName": "",
  "visitedTimes": 470,
  "isUsefulFlag": null,
  "score": 0,
  "times": 0,
  "imageList": null,
  "displayType": "text",
  "justView": "0",
  "fileName": null,
  "filePath": null,
  "imagePath": null,
  "imageName": null,
  "productIdList": null,
  "curPage": null,
  "pageSize": null,
  "siteCode": null,
  "statusFlag": "Publish",
  "returnCode": 0,
  "totalRows": null,
  "keywords": "느려짐, H60-J1, 휴대전화 느려짐",
  "avgScore": 0.0,
  "createDate": null,
  "totalPages": null
}