{
  "type": null,
  "faqId": 15341,
  "title": "SIM 카드 사용 시 주의하세요",
  "answer": "유심카드 사용 시, 다음 사항을 주의하시기 바랍니다. \r\n\r\n1. 나노 카드, 나노 카드 + SIM 케이스, 직접 자른 SIM카드 등은 사용하지 말아주세요. \r\n\r\nSIM슬롯 파손, SIM카드 인식불가, 또는  SIM카드를 제거할 수 없는 상황이 발생할 수 있습니다. \r\n\r\n![](http://consumer.huawei.com/support/servlet/imageServlet?dlType=SupportImage&imagePath=/20140929202940337001.jpg)                  \r\n\r\n      보통 SIM카드        보통 SIM카드를 자른 형태      나노카드 + SIM케이스        나노 SIM카드          마이크로 SIM 카드\r\n\r\n2. 제품이 켜져 있는 상태에서 SIM카드를 제거하지 말아주세요. \r\n\r\n3. 사용방법 : SIM카드를 “딸깍”소리가 날때까지 넣어주시고, 다시 SIM카드를 누르면 자동으로 밖으로 나옵니다.",
  "faqTypeId": null,
  "faqType": null,
  "useful": 1,
  "unUseful": 1,
  "languageId": 114,
  "languageName": "kr",
  "faqCode": "7601",
  "faqTypeCode": null,
  "isTop": "0",
  "moduleCode": "faq",
  "productId": null,
  "productCode": null,
  "postDate": 1411993837000,
  "seriesProductName": "",
  "visitedTimes": 651,
  "isUsefulFlag": null,
  "score": 0,
  "times": 0,
  "imageList": null,
  "displayType": "text",
  "justView": "0",
  "fileName": null,
  "filePath": null,
  "imagePath": null,
  "imageName": null,
  "productIdList": null,
  "curPage": null,
  "pageSize": null,
  "siteCode": null,
  "statusFlag": "Publish",
  "returnCode": 0,
  "totalRows": null,
  "keywords": "H60-J1, SIM 카드, USIM카드, 카드 인식",
  "avgScore": 0.0,
  "createDate": null,
  "totalPages": null
}