{
  "type": null,
  "faqId": 15377,
  "title": "휴대전화에 저장된 사진을 SD카드로 저장하고 싶어요. 어떻게 하나요?",
  "answer": "다음과 같은 순서로 저장소로 복사할 수 있습니다. \r\n\r\nMicro SD카드를 단말기에 삽입합니다. \r\n\r\n“파일관리자 > 이미지” 로 진입 후, 원하는 이미지 클릭 > 왼쪽 아래 복사하기 아이콘을 클릭하신 후, 복사하고자 하는 파일을 선택합니다. \r\n\r\n복사 > SD카드 > Pictures 폴더 > 새앨범  > 붙여넣기를 클릭하세요. SD 카드의 폴더로 사진이 저장됩니다. \r\n\r\n![](http://consumer.huawei.com/support/servlet/imageServlet?dlType=SupportImage&imagePath=/20141007135957459001.png)  \r\n ![](http://consumer.huawei.com/support/servlet/imageServlet?dlType=SupportImage&imagePath=/20141007140059457001.png)  \r\n ![](http://consumer.huawei.com/support/servlet/imageServlet?dlType=SupportImage&imagePath=/20141007140126877001.png)",
  "faqTypeId": null,
  "faqType": null,
  "useful": 1,
  "unUseful": 0,
  "languageId": 114,
  "languageName": "kr",
  "faqCode": "7660",
  "faqTypeCode": null,
  "isTop": "0",
  "moduleCode": "faq",
  "productId": null,
  "productCode": null,
  "postDate": 1412661733000,
  "seriesProductName": "",
  "visitedTimes": 489,
  "isUsefulFlag": null,
  "score": 0,
  "times": 0,
  "imageList": null,
  "displayType": "text",
  "justView": "0",
  "fileName": null,
  "filePath": null,
  "imagePath": null,
  "imageName": null,
  "productIdList": null,
  "curPage": null,
  "pageSize": null,
  "siteCode": null,
  "statusFlag": "Publish",
  "returnCode": 0,
  "totalRows": null,
  "keywords": "micro SD카드, 사진 저장, 이미지 저장",
  "avgScore": 0.0,
  "createDate": null,
  "totalPages": null
}