{
  "type": null,
  "faqId": 15380,
  "title": "해외에서 구입한 화웨이 휴대전화를 한국에서도 사용할 수 있나요?",
  "answer": "<font style=\"FONT-SIZE: 10.5pt\">해외에서 구입한 단말기는 제품에 따라 사용이 불가능할 수 있습니다. </font>\r\n\r\n<font style=\"FONT-SIZE: 10.5pt\">해당 국가의 네트워크 방식과 국내 네트워크 방식이 상이할 경우 3G, 4G 사용에 제한이 있을 수도 있습니다. </font>\r\n\r\n<font style=\"FONT-SIZE: 10.5pt\"> </font>\r\n\r\n<font style=\"FONT-SIZE: 10.5pt\">또한 국내에서 사용가능할지라도 해외에서 구매한 단말의 경우 한국내 공식 서비스센터를 통해 수리를 받을 수 없사오니 이 점 양해 부탁드립니다. </font>",
  "faqTypeId": null,
  "faqType": null,
  "useful": 14,
  "unUseful": 2,
  "languageId": 114,
  "languageName": "kr",
  "faqCode": "7682",
  "faqTypeCode": null,
  "isTop": "0",
  "moduleCode": "faq",
  "productId": null,
  "productCode": null,
  "postDate": 1412663153000,
  "seriesProductName": "",
  "visitedTimes": 682,
  "isUsefulFlag": null,
  "score": 0,
  "times": 0,
  "imageList": null,
  "displayType": "text",
  "justView": "0",
  "fileName": null,
  "filePath": null,
  "imagePath": null,
  "imageName": null,
  "productIdList": null,
  "curPage": null,
  "pageSize": null,
  "siteCode": null,
  "statusFlag": "Publish",
  "returnCode": 0,
  "totalRows": null,
  "keywords": null,
  "avgScore": 0.0,
  "createDate": null,
  "totalPages": null
}