{
  "type": null,
  "faqId": 19909,
  "title": "소프트 키패드를 숨기는 방법 있나요?",
  "answer": "기본설정으로  소프트 키패드는  비활성화 할 수 없습니다.",
  "faqTypeId": null,
  "faqType": null,
  "useful": 4,
  "unUseful": 1,
  "languageId": 114,
  "languageName": "kr",
  "faqCode": "3308",
  "faqTypeCode": null,
  "isTop": "0",
  "moduleCode": "faq",
  "productId": null,
  "productCode": null,
  "postDate": 1424856184000,
  "seriesProductName": "H60-J1",
  "visitedTimes": 854,
  "isUsefulFlag": null,
  "score": 0,
  "times": 0,
  "imageList": null,
  "displayType": "text",
  "justView": "0",
  "fileName": null,
  "filePath": null,
  "imagePath": null,
  "imageName": null,
  "productIdList": null,
  "curPage": null,
  "pageSize": null,
  "siteCode": null,
  "statusFlag": "Publish",
  "returnCode": 0,
  "totalRows": null,
  "keywords": "X3",
  "avgScore": 0.0,
  "createDate": null,
  "totalPages": null
}