{
  "type": null,
  "faqId": 19908,
  "title": "카카오톡 및 라인 알림 안울립니다.",
  "answer": "X3에서 지원하는 폰 관리자 최적화 기능을 사용시 휴대폰의 최적화를 위해 백그라운드 작업이 모두 종료가 되어 이러한 증상이 발생할 수 있습니다. 종료를 원하지 않으실 경우 다음과 같이 설정 해주세요.   \r\n\r\n 1) 폰 관리자 -> 드롭존 관리 에서 카카오톡 및 라인을 허용으로 체크 .   \r\n 2) 설정 -> 보호된 앱 에서 카카오톡 및 라인을  보호됨으로 체크.   \r\n 3) 폰관리자 최적화 후에는 반드시 카톡 및 라인을 재실행.",
  "faqTypeId": null,
  "faqType": null,
  "useful": 32,
  "unUseful": 7,
  "languageId": 114,
  "languageName": "kr",
  "faqCode": "3307",
  "faqTypeCode": null,
  "isTop": "0",
  "moduleCode": "faq",
  "productId": null,
  "productCode": null,
  "postDate": 1424855952000,
  "seriesProductName": "H60-J1",
  "visitedTimes": 2951,
  "isUsefulFlag": null,
  "score": 0,
  "times": 0,
  "imageList": null,
  "displayType": "text",
  "justView": "0",
  "fileName": null,
  "filePath": null,
  "imagePath": null,
  "imageName": null,
  "productIdList": null,
  "curPage": null,
  "pageSize": null,
  "siteCode": null,
  "statusFlag": "Publish",
  "returnCode": 0,
  "totalRows": null,
  "keywords": "X3",
  "avgScore": 0.0,
  "createDate": null,
  "totalPages": null
}