{
  "type": null,
  "faqId": 19905,
  "title": "동영상 실행하는 어플이 없습니다.",
  "answer": "동영상은 다운로드후 자동으로 갤러리에 저장되며 갤러리를 통하여 시청 가능합니다. 일부 재생이 불가한 파일의 경우 별도의 앱을 설치하여 시청하실 수도 있습니다.",
  "faqTypeId": null,
  "faqType": null,
  "useful": 3,
  "unUseful": 0,
  "languageId": 114,
  "languageName": "kr",
  "faqCode": "3304",
  "faqTypeCode": null,
  "isTop": "0",
  "moduleCode": "faq",
  "productId": null,
  "productCode": null,
  "postDate": 1424855553000,
  "seriesProductName": "",
  "visitedTimes": 249,
  "isUsefulFlag": null,
  "score": 0,
  "times": 0,
  "imageList": null,
  "displayType": "text",
  "justView": "0",
  "fileName": null,
  "filePath": null,
  "imagePath": null,
  "imageName": null,
  "productIdList": null,
  "curPage": null,
  "pageSize": null,
  "siteCode": null,
  "statusFlag": "Publish",
  "returnCode": 0,
  "totalRows": null,
  "keywords": "X3",
  "avgScore": 0.0,
  "createDate": null,
  "totalPages": null
}