{
  "type": null,
  "faqId": 19904,
  "title": "새 테마 다운로드 항목이 없습니다.",
  "answer": "USIM 장착 후 재부팅 하시면 자동으로 로컬/온라인 항목이 활성화 됩니다.",
  "faqTypeId": null,
  "faqType": null,
  "useful": 0,
  "unUseful": 0,
  "languageId": 114,
  "languageName": "kr",
  "faqCode": "3324",
  "faqTypeCode": null,
  "isTop": "0",
  "moduleCode": "faq",
  "productId": null,
  "productCode": null,
  "postDate": 1424855151000,
  "seriesProductName": "",
  "visitedTimes": 208,
  "isUsefulFlag": null,
  "score": 0,
  "times": 0,
  "imageList": null,
  "displayType": "text",
  "justView": "0",
  "fileName": null,
  "filePath": null,
  "imagePath": null,
  "imageName": null,
  "productIdList": null,
  "curPage": null,
  "pageSize": null,
  "siteCode": null,
  "statusFlag": "Publish",
  "returnCode": 0,
  "totalRows": null,
  "keywords": "X3",
  "avgScore": 0.0,
  "createDate": null,
  "totalPages": null
}