{
  "type": null,
  "faqId": 19903,
  "title": "전원을 꺼놓았는데 알람이 울립니다. 왜그렇죠?",
  "answer": "화웨이 X3 단말기는 전원 off 상태에서도 알람 on이 되어있으면 자동으로 전원 on 되면서 알림이 작동이 됩니다.",
  "faqTypeId": null,
  "faqType": null,
  "useful": 1,
  "unUseful": 0,
  "languageId": 114,
  "languageName": "kr",
  "faqCode": "3323",
  "faqTypeCode": null,
  "isTop": "0",
  "moduleCode": "faq",
  "productId": null,
  "productCode": null,
  "postDate": 1424854254000,
  "seriesProductName": "",
  "visitedTimes": 262,
  "isUsefulFlag": null,
  "score": 0,
  "times": 0,
  "imageList": null,
  "displayType": "text",
  "justView": "0",
  "fileName": null,
  "filePath": null,
  "imagePath": null,
  "imageName": null,
  "productIdList": null,
  "curPage": null,
  "pageSize": null,
  "siteCode": null,
  "statusFlag": "Publish",
  "returnCode": 0,
  "totalRows": null,
  "keywords": "X3",
  "avgScore": 0.0,
  "createDate": null,
  "totalPages": null
}