{
  "type": null,
  "faqId": 19907,
  "title": "뷰윈도우 테마 변경이 가능한가요?",
  "answer": "뷰윈도우는 테마 변경은 불가합니다.",
  "faqTypeId": null,
  "faqType": null,
  "useful": 1,
  "unUseful": 4,
  "languageId": 114,
  "languageName": "kr",
  "faqCode": "3326",
  "faqTypeCode": null,
  "isTop": "0",
  "moduleCode": "faq",
  "productId": null,
  "productCode": null,
  "postDate": 1424855788000,
  "seriesProductName": "H60-J1",
  "visitedTimes": 685,
  "isUsefulFlag": null,
  "score": 0,
  "times": 0,
  "imageList": null,
  "displayType": "text",
  "justView": "0",
  "fileName": null,
  "filePath": null,
  "imagePath": null,
  "imageName": null,
  "productIdList": null,
  "curPage": null,
  "pageSize": null,
  "siteCode": null,
  "statusFlag": "Publish",
  "returnCode": 0,
  "totalRows": null,
  "keywords": "X3",
  "avgScore": 0.0,
  "createDate": null,
  "totalPages": null
}