{
  "type": null,
  "faqId": 19906,
  "title": "통화 연결 음이 간혈적으로 다르게 들려요.",
  "answer": "VoLTE 통화인지 확인 바랍니다. 일반통화 와 VoLTE의 통화 연결음은 다릅니다.",
  "faqTypeId": null,
  "faqType": null,
  "useful": 0,
  "unUseful": 0,
  "languageId": 114,
  "languageName": "kr",
  "faqCode": "3305",
  "faqTypeCode": null,
  "isTop": "0",
  "moduleCode": "faq",
  "productId": null,
  "productCode": null,
  "postDate": 1424855682000,
  "seriesProductName": "",
  "visitedTimes": 261,
  "isUsefulFlag": null,
  "score": 0,
  "times": 0,
  "imageList": null,
  "displayType": "text",
  "justView": "0",
  "fileName": null,
  "filePath": null,
  "imagePath": null,
  "imageName": null,
  "productIdList": null,
  "curPage": null,
  "pageSize": null,
  "siteCode": null,
  "statusFlag": "Publish",
  "returnCode": 0,
  "totalRows": null,
  "keywords": "X3",
  "avgScore": 0.0,
  "createDate": null,
  "totalPages": null
}