{
  "type": null,
  "faqId": 19902,
  "title": "휴대폰 시간이 정확하지 않습니다. 왜그렇죠?",
  "answer": "다음과 같이 설정을 확인해 주세요.   \r\n \"설정 >  날씨 및 시간 > 날짜/시간 자동설정, 시간대 자동설정 체크\"  \r\n\r\n![](http://consumer.huawei.com/support/servlet/imageServlet?dlType=SupportImage&imagePath=/20150225164609866001.png)",
  "faqTypeId": null,
  "faqType": null,
  "useful": 0,
  "unUseful": 0,
  "languageId": 114,
  "languageName": "kr",
  "faqCode": "3322",
  "faqTypeCode": null,
  "isTop": "0",
  "moduleCode": "faq",
  "productId": null,
  "productCode": null,
  "postDate": 1424853976000,
  "seriesProductName": "",
  "visitedTimes": 86,
  "isUsefulFlag": null,
  "score": 0,
  "times": 0,
  "imageList": null,
  "displayType": "text",
  "justView": "0",
  "fileName": null,
  "filePath": null,
  "imagePath": null,
  "imageName": null,
  "productIdList": null,
  "curPage": null,
  "pageSize": null,
  "siteCode": null,
  "statusFlag": "Publish",
  "returnCode": 0,
  "totalRows": null,
  "keywords": "X3",
  "avgScore": 0.0,
  "createDate": null,
  "totalPages": null
}