{
  "type": null,
  "faqId": 19910,
  "title": "타 통신사 USIM 사용 가능한가요?",
  "answer": "타 통신사 USIM 사용 가능 합니다.",
  "faqTypeId": null,
  "faqType": null,
  "useful": 12,
  "unUseful": 1,
  "languageId": 114,
  "languageName": "kr",
  "faqCode": "3328",
  "faqTypeCode": null,
  "isTop": "0",
  "moduleCode": "faq",
  "productId": null,
  "productCode": null,
  "postDate": 1424856433000,
  "seriesProductName": "H60-J1",
  "visitedTimes": 1585,
  "isUsefulFlag": null,
  "score": 0,
  "times": 0,
  "imageList": null,
  "displayType": "text",
  "justView": "0",
  "fileName": null,
  "filePath": null,
  "imagePath": null,
  "imageName": null,
  "productIdList": null,
  "curPage": null,
  "pageSize": null,
  "siteCode": null,
  "statusFlag": "Publish",
  "returnCode": 0,
  "totalRows": null,
  "keywords": "X3,이통사, USIM",
  "avgScore": 0.0,
  "createDate": null,
  "totalPages": null
}