{
  "type": null,
  "faqId": 19921,
  "title": "전원 버튼을 눌러도 전원이 안켜져요. 어떻게 하죠?",
  "answer": "소프트웨어 오류로 인한 다운 또는 배터리가 방전되어 일어날수 있는 현상입니다.아래와 같이 시도 해보십시요.   \r\n 1) 전원버튼을 10초정도 길게 누르거나 충전기 연결후 다시 한번 전원버튼을 10초정도 눌러본다.   \r\n 2) 2시간 정도 케이블 연결후 다시한번 1)같이 시도해본다.   \r\n\r\n 그 후에도 증상이 사라지지 않을 경우 가까운 서비스센터 방문하여 문의부탁드립니다.",
  "faqTypeId": null,
  "faqType": null,
  "useful": 2,
  "unUseful": 1,
  "languageId": 114,
  "languageName": "kr",
  "faqCode": "3321",
  "faqTypeCode": null,
  "isTop": "0",
  "moduleCode": "faq",
  "productId": null,
  "productCode": null,
  "postDate": 1424853298000,
  "seriesProductName": "",
  "visitedTimes": 201,
  "isUsefulFlag": null,
  "score": 0,
  "times": 0,
  "imageList": null,
  "displayType": "text",
  "justView": "0",
  "fileName": null,
  "filePath": null,
  "imagePath": null,
  "imageName": null,
  "productIdList": null,
  "curPage": null,
  "pageSize": null,
  "siteCode": null,
  "statusFlag": "Publish",
  "returnCode": 0,
  "totalRows": null,
  "keywords": "X3",
  "avgScore": 0.0,
  "createDate": null,
  "totalPages": null
}