{
  "type": null,
  "faqId": 19925,
  "title": "HiSuite 와 연결이 안되는데요. 왜그렇죠?",
  "answer": "컴퓨터와 단말기 연결시 자동으로 드라이브가 설치가 되며, 단말기에서 USB 디버깅 허용을 클릭하시면 정상적으로 사용 가능합니다. 연결이 안되거나 USB 디버깅 허용 팝업이 활성화가 안될 경우 다음과 같이 설정 하세요.   \r\n\r\n![](http://consumer.huawei.com/support/servlet/imageServlet?dlType=SupportImage&imagePath=/20150225172132466001.png)  \r\n 연결이 안되시거나 USB 디버깅 허용 팝업이 활성화가 안되실경우 다음과 같이 설정 해주세요.   \r\n \"설정 > 디바이스정보 > 빌드번호 여러번 터치 > 개발자 옵션 >  USB 디버깅 선택 \"",
  "faqTypeId": null,
  "faqType": null,
  "useful": 9,
  "unUseful": 8,
  "languageId": 114,
  "languageName": "kr",
  "faqCode": "3327",
  "faqTypeCode": null,
  "isTop": "0",
  "moduleCode": "faq",
  "productId": null,
  "productCode": null,
  "postDate": 1424856119000,
  "seriesProductName": "",
  "visitedTimes": 1284,
  "isUsefulFlag": null,
  "score": 0,
  "times": 0,
  "imageList": null,
  "displayType": "text",
  "justView": "0",
  "fileName": null,
  "filePath": null,
  "imagePath": null,
  "imageName": null,
  "productIdList": null,
  "curPage": null,
  "pageSize": null,
  "siteCode": null,
  "statusFlag": "Publish",
  "returnCode": 0,
  "totalRows": null,
  "keywords": "X3,Hisuite",
  "avgScore": 0.0,
  "createDate": null,
  "totalPages": null
}