{
  "type": null,
  "faqId": 19922,
  "title": "뷰커버 및 날씨 위젯 사용시 알수없는 날씨라고 뜹니다. 왜그렇죠?",
  "answer": "다음과 같이 위치를 서비스를 활성화 해주십시오.   \r\n \"날씨 위젯 터치 > 위치수락 (허용)   \r\n \"설정  >  위치 서비스 > 내위치에 대한 액세스 권한\" 활성화 해주십시오  \r\n\r\n![](http://consumer.huawei.com/support/servlet/imageServlet?dlType=SupportImage&imagePath=/20150225164859786001.png)",
  "faqTypeId": null,
  "faqType": null,
  "useful": 0,
  "unUseful": 0,
  "languageId": 114,
  "languageName": "kr",
  "faqCode": "3303",
  "faqTypeCode": null,
  "isTop": "0",
  "moduleCode": "faq",
  "productId": null,
  "productCode": null,
  "postDate": 1424854143000,
  "seriesProductName": "",
  "visitedTimes": 82,
  "isUsefulFlag": null,
  "score": 0,
  "times": 0,
  "imageList": null,
  "displayType": "text",
  "justView": "0",
  "fileName": null,
  "filePath": null,
  "imagePath": null,
  "imageName": null,
  "productIdList": null,
  "curPage": null,
  "pageSize": null,
  "siteCode": null,
  "statusFlag": "Publish",
  "returnCode": 0,
  "totalRows": null,
  "keywords": "X3",
  "avgScore": 0.0,
  "createDate": null,
  "totalPages": null
}