{
  "type": null,
  "faqId": 19924,
  "title": "영상통화는 어떻게 하나요 ?",
  "answer": "영상통화 기본 어플은 없으나 영상통화 가능한 어플 다운시 사용 가능 합니다.",
  "faqTypeId": null,
  "faqType": null,
  "useful": 6,
  "unUseful": 3,
  "languageId": 114,
  "languageName": "kr",
  "faqCode": "3306",
  "faqTypeCode": null,
  "isTop": "0",
  "moduleCode": "faq",
  "productId": null,
  "productCode": null,
  "postDate": 1424855737000,
  "seriesProductName": "H60-J1",
  "visitedTimes": 1445,
  "isUsefulFlag": null,
  "score": 0,
  "times": 0,
  "imageList": null,
  "displayType": "text",
  "justView": "0",
  "fileName": null,
  "filePath": null,
  "imagePath": null,
  "imageName": null,
  "productIdList": null,
  "curPage": null,
  "pageSize": null,
  "siteCode": null,
  "statusFlag": "Publish",
  "returnCode": 0,
  "totalRows": null,
  "keywords": "X3",
  "avgScore": 0.0,
  "createDate": null,
  "totalPages": null
}