{
  "type": null,
  "faqId": 19923,
  "title": "HDMI 케이블을 통하여 TV와 연결이 가능한가요?",
  "answer": "HDMI 케이블을 통하여 TV와 연결은 가능하나 연결이 안될 경우 HDMI 케이블이 특정 모델 전용인지 확인 바라며 특정 모델 전용이면 연결이 불가할 수 있습니다.",
  "faqTypeId": null,
  "faqType": null,
  "useful": 2,
  "unUseful": 1,
  "languageId": 114,
  "languageName": "kr",
  "faqCode": "3325",
  "faqTypeCode": null,
  "isTop": "0",
  "moduleCode": "faq",
  "productId": null,
  "productCode": null,
  "postDate": 1424855393000,
  "seriesProductName": "",
  "visitedTimes": 447,
  "isUsefulFlag": null,
  "score": 0,
  "times": 0,
  "imageList": null,
  "displayType": "text",
  "justView": "0",
  "fileName": null,
  "filePath": null,
  "imagePath": null,
  "imageName": null,
  "productIdList": null,
  "curPage": null,
  "pageSize": null,
  "siteCode": null,
  "statusFlag": "Publish",
  "returnCode": 0,
  "totalRows": null,
  "keywords": "X3",
  "avgScore": 0.0,
  "createDate": null,
  "totalPages": null
}