{
  "type": null,
  "faqId": 25861,
  "title": "쿼티(QWERTY) 키보드로 변경하고 싶어요",
  "answer": "본 제품의 키보드 입력 모드는 화웨이 스와이프(Swype) 입력 모드로 설정되어 있으며 한글의 경우, 천지인이 기본적으로 구성되어 있습니다. \r\n\r\n만약 쿼티 키보드로 변경하시려면 다음과 같이 설정하시기 바랍니다.\r\n\r\n설정 > 전체 > 언어 및 키보드 > Swype for Huawei > 설정 > 한국어 > 키보드 > 세로보기 레이아웃 변경 > 2벌식 레이아웃 완료\r\n\r\n![](http://consumer.huawei.com/support/servlet/imageServlet?dlType=SupportImage&imagePath=/20140929205159259001.jpg)![](http://consumer.huawei.com/support/servlet/imageServlet?dlType=SupportImage&imagePath=/20140929205200876002.jpg)![](http://consumer.huawei.com/support/servlet/imageServlet?dlType=SupportImage&imagePath=/20140929205200560003.jpg)![](http://consumer.huawei.com/support/servlet/imageServlet?dlType=SupportImage&imagePath=/20140929205200859004.jpg)\r\n ![](http://consumer.huawei.com/support/servlet/imageServlet?dlType=SupportImage&imagePath=/20140929205200530005.jpg)![](http://consumer.huawei.com/support/servlet/imageServlet?dlType=SupportImage&imagePath=/20140929205200615006.jpg)![](http://consumer.huawei.com/support/servlet/imageServlet?dlType=SupportImage&imagePath=/20140929205201821007.jpg)",
  "faqTypeId": null,
  "faqType": null,
  "useful": 22,
  "unUseful": 1,
  "languageId": 114,
  "languageName": "kr",
  "faqCode": "121",
  "faqTypeCode": null,
  "isTop": "1",
  "moduleCode": "faq",
  "productId": null,
  "productCode": null,
  "postDate": 1431674496000,
  "seriesProductName": "H60-J1",
  "visitedTimes": 3461,
  "isUsefulFlag": null,
  "score": 0,
  "times": 0,
  "imageList": null,
  "displayType": "text",
  "justView": "0",
  "fileName": null,
  "filePath": null,
  "imagePath": null,
  "imageName": null,
  "productIdList": null,
  "curPage": null,
  "pageSize": null,
  "siteCode": null,
  "statusFlag": "Publish",
  "returnCode": 0,
  "totalRows": null,
  "keywords": "쿼티 키보드, 키보드, 자판",
  "avgScore": 0.0,
  "createDate": null,
  "totalPages": null
}