{
  "type": null,
  "faqId": 15861,
  "title": "What can I do if my phone runs out of power quickly?",
  "answer": "l   Turn on power saving mode. Go to **Settings**, touch **Power saving**, and select a power saving mode or close power-intensive applications.\r\n\r\n![fig_powersave_manage_2.0.png](http://consumer.huawei.com/support/servlet/imageServlet?dlType=SupportImage&imagePath=/20141031090837996001.gif)\r\n\r\nl   Turn off the screen when you aren't using your phone.\r\n\r\nl   Reduce the screen timeout period. \r\n\r\nl   Reduce the screen brightness.\r\n\r\nl   Reduce the volume.\r\n\r\nl   Turn off your mobile network, Bluetooth, Wi-Fi, or GPS from the notification panel when you aren't using them.\r\n\r\nHuawei releases updates on its official website from time to time. To optimize your user experience, go to [http://consumer.huawei.com/en/](http://consumer.huawei.com/cn/ \" \") to download and install updates for your phone model or use the online update feature to update your phone.\r\n\r\nIf the problem persists, contact Huawei technical support or take your phone to an authorized Huawei service center. \r\n\r\n**![ËµÃ](http://consumer.huawei.com/support/servlet/imageServlet?dlType=SupportImage&imagePath=/20141031090837736002.jpg)**\r\n\r\nFor details about authorized Huawei service centers, go to [http://consumer.huawei.com/en/support/service-center/index.htm](http://consumer.huawei.com/cn/support/service-center/index.htm \" \").\r\n\r\nNote: The figures are for your reference only. The actual screens may vary.",
  "faqTypeId": null,
  "faqType": null,
  "useful": 8,
  "unUseful": 2,
  "languageId": 103,
  "languageName": "es",
  "faqCode": "8290",
  "faqTypeCode": null,
  "isTop": "0",
  "moduleCode": "faq",
  "productId": null,
  "productCode": null,
  "postDate": 1414717730000,
  "seriesProductName": "Sophia-L10",
  "visitedTimes": 485,
  "isUsefulFlag": null,
  "score": 0,
  "times": 0,
  "imageList": null,
  "displayType": "text",
  "justView": "0",
  "fileName": null,
  "filePath": null,
  "imagePath": null,
  "imageName": null,
  "productIdList": null,
  "curPage": null,
  "pageSize": null,
  "siteCode": null,
  "statusFlag": "Publish",
  "returnCode": 0,
  "totalRows": null,
  "keywords": null,
  "avgScore": 0.0,
  "createDate": null,
  "totalPages": null
}