{
  "type": null,
  "faqId": 20246,
  "title": "¿La computadora puede utilizar la conexión de datos del teléfono a través de Bluetooth? ¿Puedo jugar con otros dispositivos mediante Bluetooth?",
  "answer": " Sí. Puede configurar la conexión entre la computadora y el teléfono a través de Bluetooth. La computadora entonces puede usar la conexión de datos del teléfono para acceder a Internet. También puede conectar el teléfono a otros dispositivos y jugar juegos con capacidad Bluetooth juntos. \r\n\r\n Su teléfono es compatible con el perfil de red de área personal (PAN). Otros dispositivos pueden compartir la conexión de datos del teléfono. \r\n\r\n Para compartir la conexión de datos del teléfono a través de Bluetooth, toque Configuración> Más ...> Punto de acceso hotspot, Bluetooth y seleccione vincular. \r\n\r\nFigure 1-1Activación tethering Bluetooth \r\n\r\n ![](http://consumer.huawei.com/support/servlet/imageServlet?dlType=HtmlAreaImage&imageId=68419) ![](http://consumer.huawei.com/support/servlet/imageServlet?dlType=HtmlAreaImage&imageId=68420) ![](http://consumer.huawei.com/support/servlet/imageServlet?dlType=HtmlAreaImage&imageId=68421)\r\n\r\n Su teléfono es compatible con los juegos de Bluetooth. El método de utilizar esta función varía según la aplicación de terceros. Los pasos generales son las siguientes: \r\n\r\n 1. Buscar otros dispositivos Bluetooth. \r\n\r\n 2. Acerque su teléfono con otro dispositivo. \r\n\r\n 3. Inicie el juego. \r\n\r\n\n\n\n\n",
  "faqTypeId": null,
  "faqType": null,
  "useful": 0,
  "unUseful": 0,
  "languageId": 103,
  "languageName": "es",
  "faqCode": "3786",
  "faqTypeCode": null,
  "isTop": "0",
  "moduleCode": "faq",
  "productId": null,
  "productCode": null,
  "postDate": 1426188504000,
  "seriesProductName": "C8860V,CM990,EDGE-U00,G510-0251,G526-L22,G526-L33,G620S-L01,G620S-L03,G630-U251,G6-L11,G6-L33,G760-L03,Jazz-L09,MT1-U06,P2-6011,Sophia-L12,U8815-51,U9200-1,U9202L-1,U9508,U9510E,Y220-U00,Y221-U03,Y221-U12,Y221-U33,Y300-0151,Y320-U10,Y320-U151,Y321-U051,Y360-U23,Y511-U251,Y520-U33,Y550-L01,Y550-L03,Y600-U151,Y625-U03",
  "visitedTimes": 30,
  "isUsefulFlag": null,
  "score": 0,
  "times": 0,
  "imageList": null,
  "displayType": "text",
  "justView": "0",
  "fileName": null,
  "filePath": null,
  "imagePath": null,
  "imageName": null,
  "productIdList": null,
  "curPage": null,
  "pageSize": null,
  "siteCode": null,
  "statusFlag": "Publish",
  "returnCode": 0,
  "totalRows": null,
  "keywords": "conexión, datos, bluetooth, jugar, otros, dispositivos",
  "avgScore": 0.0,
  "createDate": null,
  "totalPages": null
}