{
  "type": null,
  "faqId": 20262,
  "title": "¿Puedo utilizar mi teléfono móvil como un punto de acceso y acceso a Internet desde otro dispositivo mediante la conexión de datos de mi teléfono?",
  "answer": " Sí. Toque Configuración, vaya a Conexiones inalámbricas y redes, y toque Más ...> Anclaje a red y zona Wi-Fi> hotspot Wi-Fi portátil. \r\n\r\nFigure 1-1Cómo encender Wi-Fi hotspot \r\n\r\n ![](http://consumer.huawei.com/support/servlet/imageServlet?dlType=HtmlAreaImage&imageId=68454) ![](http://consumer.huawei.com/support/servlet/imageServlet?dlType=HtmlAreaImage&imageId=68455) ![](http://consumer.huawei.com/support/servlet/imageServlet?dlType=HtmlAreaImage&imageId=68456) ![](http://consumer.huawei.com/support/servlet/imageServlet?dlType=HtmlAreaImage&imageId=68457) \r\n\r\n [Después de un dispositivo encuentra su teléfono a través de Wi-Fi, puede acceder a Internet desde el dispositivo utilizando la conexión de datos móviles del teléfono.]() \r\n\r\n Para establecer el nombre de punto de acceso y los parámetros de seguridad, vaya a Configuración de Wi-Fi hotspot. \r\n\n\n\n\n",
  "faqTypeId": null,
  "faqType": null,
  "useful": 0,
  "unUseful": 0,
  "languageId": 103,
  "languageName": "es",
  "faqCode": "3802",
  "faqTypeCode": null,
  "isTop": "0",
  "moduleCode": "faq",
  "productId": null,
  "productCode": null,
  "postDate": 1426193024000,
  "seriesProductName": "C8860V,CM990,EDGE-U00,G510-0251,G526-L22,G526-L33,G620S-L01,G620S-L03,G630-U251,G6-L11,G6-L33,G760-L03,Jazz-L09,MT1-U06,P2-6011,Sophia-L12,U8815-51,U9200-1,U9202L-1,U9508,U9510E,Y220-U00,Y221-U03,Y221-U12,Y221-U33,Y300-0151,Y320-U10,Y320-U151,Y321-U051,Y360-U23,Y511-U251,Y520-U33,Y550-L01,Y550-L03,Y600-U151,Y625-U03",
  "visitedTimes": 21,
  "isUsefulFlag": null,
  "score": 0,
  "times": 0,
  "imageList": null,
  "displayType": "text",
  "justView": "0",
  "fileName": null,
  "filePath": null,
  "imagePath": null,
  "imageName": null,
  "productIdList": null,
  "curPage": null,
  "pageSize": null,
  "siteCode": null,
  "statusFlag": "Publish",
  "returnCode": 0,
  "totalRows": null,
  "keywords": "utilizar, punto, acceso, internet, otro dispositivos, Android 4.4",
  "avgScore": 0.0,
  "createDate": null,
  "totalPages": null
}