{
  "type": null,
  "faqId": 20261,
  "title": "¿Qué puedo hacer si la conexión Wi-Fi de mi teléfono termina automáticamente después de que se apague la pantalla?",
  "answer": " Cambiar la política de suspensión de Wi-Fi de la siguiente manera: Toque ![](http://consumer.huawei.com/support/servlet/imageServlet?dlType=HtmlAreaImage&imageId=68449) Configuración, vaya a Conexiones inalámbricas y redes, y toca Wi-Fi. Toque> Avanzado> Mantener Wi-Fi durante la suspensión. A continuación, seleccione Siempre. \r\n\r\nFigure 1-1Establecimiento de la política de suspensión de Wi-Fi \r\n\r\n ![](http://consumer.huawei.com/support/servlet/imageServlet?dlType=HtmlAreaImage&imageId=68450) ![](http://consumer.huawei.com/support/servlet/imageServlet?dlType=HtmlAreaImage&imageId=68451) ![](http://consumer.huawei.com/support/servlet/imageServlet?dlType=HtmlAreaImage&imageId=68452)\r\n\r\n ![](http://consumer.huawei.com/support/servlet/imageServlet?dlType=HtmlAreaImage&imageId=68453)\r\n\r\n Por defecto, se selecciona siempre para Mantener Wi-Fi durante la suspensión. Si se modifican los ajustes, su teléfono se desconecta de la red Wi-Fi cuando la pantalla se apaga. A continuación se describen las tres opciones de Mantener Wi-Fi durante la suspensión: \r\n\r\n  Siempre: Mantener en nunca desconectar de una conexión Wi-Fi. \r\n\r\n  Sólo cuando está enchufado: Nunca desconecte de una conexión Wi-Fi cuando el teléfono se está cargando. Si el teléfono no se carga, se desconecta de la conexión Wi-Fi cuando ha estado inactivo durante 3 minutos. \r\n\r\n  [Nunca (aumenta el uso de datos): Desconecte de una conexión Wi-Fi cuando el teléfono no se usa durante 3 minutos.]() \r\n\n\n\n\n",
  "faqTypeId": null,
  "faqType": null,
  "useful": 0,
  "unUseful": 1,
  "languageId": 103,
  "languageName": "es",
  "faqCode": "3801",
  "faqTypeCode": null,
  "isTop": "0",
  "moduleCode": "faq",
  "productId": null,
  "productCode": null,
  "postDate": 1426193024000,
  "seriesProductName": "C8860V,CM990,EDGE-U00,G510-0251,G526-L22,G526-L33,G620S-L01,G620S-L03,G630-U251,G6-L11,G6-L33,G760-L03,Jazz-L09,MT1-U06,P2-6011,Sophia-L12,U8815-51,U9200-1,U9202L-1,U9508,U9510E,Y220-U00,Y221-U03,Y221-U12,Y221-U33,Y300-0151,Y320-U10,Y320-U151,Y321-U051,Y360-U23,Y511-U251,Y520-U33,Y550-L01,Y550-L03,Y600-U151,Y625-U03",
  "visitedTimes": 28,
  "isUsefulFlag": null,
  "score": 0,
  "times": 0,
  "imageList": null,
  "displayType": "text",
  "justView": "0",
  "fileName": null,
  "filePath": null,
  "imagePath": null,
  "imageName": null,
  "productIdList": null,
  "curPage": null,
  "pageSize": null,
  "siteCode": null,
  "statusFlag": "Publish",
  "returnCode": 0,
  "totalRows": null,
  "keywords": "conexión, wi-fi, termina, automáticamente, apague, pantalla, Android 4.4",
  "avgScore": 0.0,
  "createDate": null,
  "totalPages": null
}