{
  "type": null,
  "faqId": 20264,
  "title": "¿Cómo configuro mi teléfono para que funcione como módem y proporcionar acceso a Internet para las computadoras?",
  "answer": " 1. En la pantalla de inicio, toque Ajustes. \r\n\r\n 2. Ir a Conexiones inalámbricas y redes, y toque Más ...> Anclaje a red y zona Wi-Fi. \r\n\r\n 3. Toque anclaje USB. \r\n\r\n 4. En una computadora, utilice HiSuite para instalar el controlador USB para su teléfono. Haga clic derecho en Mi PC y seleccione Administrar. \r\n\r\n ![](http://consumer.huawei.com/support/servlet/imageServlet?dlType=HtmlAreaImage&imageId=68460)\r\n\r\n [[Al utilizar anclaje USB, la conexión de datos móviles de su teléfono debe estar encendida. De lo contrario, el teléfono no puede proporcionar acceso a Internet para las computadoras.]()]() \r\n\r\n Si la computadora tiene un adaptador de red inalámbrico, puede activar el Punto de Acceso Portátil en Configuración> Conexiones inalámbricas y redes> Más ...> Anclaje a red y zona Wi-Fi en su teléfono. A continuación, el equipo se puede conectar a su teléfono a través de Wi-Fi para acceder a Internet. Actualmente, esta función está disponible para equipos con Windows. \r\n\r\n\n\n\n\n",
  "faqTypeId": null,
  "faqType": null,
  "useful": 1,
  "unUseful": 0,
  "languageId": 103,
  "languageName": "es",
  "faqCode": "3804",
  "faqTypeCode": null,
  "isTop": "0",
  "moduleCode": "faq",
  "productId": null,
  "productCode": null,
  "postDate": 1426193024000,
  "seriesProductName": "C8860V,CM990,EDGE-U00,G510-0251,G526-L22,G526-L33,G620S-L01,G620S-L03,G630-U251,G6-L11,G6-L33,G760-L03,Jazz-L09,MT1-U06,P2-6011,Sophia-L12,U8815-51,U9200-1,U9202L-1,U9508,U9510E,Y220-U00,Y221-U03,Y221-U12,Y221-U33,Y300-0151,Y320-U10,Y320-U151,Y321-U051,Y360-U23,Y511-U251,Y520-U33,Y550-L01,Y550-L03,Y600-U151,Y625-U03",
  "visitedTimes": 39,
  "isUsefulFlag": null,
  "score": 0,
  "times": 0,
  "imageList": null,
  "displayType": "text",
  "justView": "0",
  "fileName": null,
  "filePath": null,
  "imagePath": null,
  "imageName": null,
  "productIdList": null,
  "curPage": null,
  "pageSize": null,
  "siteCode": null,
  "statusFlag": "Publish",
  "returnCode": 0,
  "totalRows": null,
  "keywords": "configuro, módem, propocionar, acceso, internet",
  "avgScore": 0.0,
  "createDate": null,
  "totalPages": null
}