{
  "type": null,
  "faqId": 20394,
  "title": "¿Cómo puedo administrar una aplicación en específico usando el administrador de tareas?",
  "answer": "l Para ver todas las aplicaciones en ejecución, desplácese a través de la lista de aplicaciones. \r\n\r\nl Para cerrar una aplicación, presione la app, deslice a la derecha o izquierda.\r\n\r\nl Para abrir una aplicación, selecciónela.\r\n\r\nl Para cerrar todas las aplicaciones simultáneamente, presione: ![](http://consumer.huawei.com/support/servlet/imageServlet?dlType=SupportImage&imagePath=/20150314051124115001.jpg).",
  "faqTypeId": null,
  "faqType": null,
  "useful": 1,
  "unUseful": 0,
  "languageId": 103,
  "languageName": "es",
  "faqCode": "3934",
  "faqTypeCode": null,
  "isTop": "0",
  "moduleCode": "faq",
  "productId": null,
  "productCode": null,
  "postDate": 1426280631000,
  "seriesProductName": "C8860V,CM990,EDGE-U00,G510-0251,G526-L22,G526-L33,G620S-L01,G620S-L03,G630-U251,G6-L11,G6-L33,G760-L03,Jazz-L09,MT1-U06,P2-6011,Sophia-L12,U8815-51,U9200-1,U9202L-1,U9508,U9510E,Y220-U00,Y221-U03,Y221-U12,Y221-U33,Y300-0151,Y320-U10,Y320-U151,Y321-U051,Y360-U23,Y511-U251,Y520-U33,Y550-L01,Y550-L03,Y600-U151,Y625-U03",
  "visitedTimes": 25,
  "isUsefulFlag": null,
  "score": 0,
  "times": 0,
  "imageList": null,
  "displayType": "text",
  "justView": "0",
  "fileName": null,
  "filePath": null,
  "imagePath": null,
  "imageName": null,
  "productIdList": null,
  "curPage": null,
  "pageSize": null,
  "siteCode": null,
  "statusFlag": "Publish",
  "returnCode": 0,
  "totalRows": null,
  "keywords": "administrar, aplicaión, administrador, tareas, Android 4.4",
  "avgScore": 0.0,
  "createDate": null,
  "totalPages": null
}