{
  "type": null,
  "faqId": 20590,
  "title": "¿Qué formatos de video y resoluciones mi teléfono soporta?",
  "answer": " Los videos son guardados en formato .3gp. \r\n\r\n Las siguientes resoluciones de video son soportadas: \r\n\r\n 1. Cámara trasera: HD 720p (16:9, estéreo), VGA 640x480 (4:3), y MMS 176x144 \r\n\r\n ![](http://consumer.huawei.com/support/servlet/imageServlet?dlType=HtmlAreaImage&imageId=69192)\r\n\r\n 2. Cámara frontal: VGA 640x480 (4:3) y MMS 176x144 \r\n\r\n ![](http://consumer.huawei.com/support/servlet/imageServlet?dlType=HtmlAreaImage&imageId=69193)\r\n\n\n\n\n",
  "faqTypeId": null,
  "faqType": null,
  "useful": 0,
  "unUseful": 0,
  "languageId": 103,
  "languageName": "es",
  "faqCode": "4250",
  "faqTypeCode": null,
  "isTop": "0",
  "moduleCode": "faq",
  "productId": null,
  "productCode": null,
  "postDate": 1426801832000,
  "seriesProductName": "G630-U251,G6-U251,Y530-U051",
  "visitedTimes": 6,
  "isUsefulFlag": null,
  "score": 0,
  "times": 0,
  "imageList": null,
  "displayType": "text",
  "justView": "0",
  "fileName": null,
  "filePath": null,
  "imagePath": null,
  "imageName": null,
  "productIdList": null,
  "curPage": null,
  "pageSize": null,
  "siteCode": null,
  "statusFlag": "Publish",
  "returnCode": 0,
  "totalRows": null,
  "keywords": "resolucion video",
  "avgScore": 0.0,
  "createDate": null,
  "totalPages": null
}