{
  "type": null,
  "faqId": 20609,
  "title": "¿Cómo configuro mi correo?",
  "answer": " Añadir una cuenta de correo \r\n\r\n Vaya a correo y presione otros. Una cuenta de correo puede ser configurada manual y automáticamente. \r\n\r\n ![](http://consumer.huawei.com/support/servlet/imageServlet?dlType=HtmlAreaImage&imageId=69210) ![](http://consumer.huawei.com/support/servlet/imageServlet?dlType=HtmlAreaImage&imageId=69211) ![](http://consumer.huawei.com/support/servlet/imageServlet?dlType=HtmlAreaImage&imageId=69212)\r\n\r\n Para configurar manualmente una cuenta de correo: \r\n\r\n 1. En la pantalla de ajustes de cuenta, ingrese su correo y contraseña. \r\n\r\n ![](http://consumer.huawei.com/support/servlet/imageServlet?dlType=HtmlAreaImage&imageId=69213)\r\n\r\n 2. Presione configuración manual y se desplegara el siguiente menú. \r\n\r\n ![](http://consumer.huawei.com/support/servlet/imageServlet?dlType=HtmlAreaImage&imageId=69214)\r\n\r\n 3. Presione POP3 (Servidor de entrada) y se desplegara el siguiente menú. \r\n\r\n ![](http://consumer.huawei.com/support/servlet/imageServlet?dlType=HtmlAreaImage&imageId=69215)\r\n\r\n 4. Configure las opciones de SMTP (Servidor de salida). \r\n\r\n ![](http://consumer.huawei.com/support/servlet/imageServlet?dlType=HtmlAreaImage&imageId=69216)\r\n\r\n 5. Configure el tiempo de recepción de correo electrónico y presione en siguiente. \r\n\r\n ![](http://consumer.huawei.com/support/servlet/imageServlet?dlType=HtmlAreaImage&imageId=69217)\r\n\r\n 6. Agrega el nombre de la cuenta electrónica y seleccionar Siguiente. después tendrás acceso a la cuenta de email. \r\n\r\n ![](http://consumer.huawei.com/support/servlet/imageServlet?dlType=HtmlAreaImage&imageId=69218)\r\n\r\n Puede configurar automáticamente su cuenta de correo, únicamente cuando la información de los proveedores de correo está precargadas en el teléfono. Para configurar automáticamente una cuenta realizamos lo siguiente: \r\n\r\n 1. En el configuración de la cuenta email, ingresa tu email completo y contraseña. \r\n\r\n ![](http://consumer.huawei.com/support/servlet/imageServlet?dlType=HtmlAreaImage&imageId=69219)\r\n\r\n 2. Seleccione siguiente. Después de que el equipo verifique la configuración de los servidores de entrada y de salida, configuramos las opciones de frecuencia de recibo. \r\n\r\n ![](http://consumer.huawei.com/support/servlet/imageServlet?dlType=HtmlAreaImage&imageId=69220)\r\n\r\n 3. Configure el nombre de la cuenta y su nombre, presione en siguiente. A partir de este momento tendrá acceso a su bandeja de entrada de correo. \r\n\r\n ![](http://consumer.huawei.com/support/servlet/imageServlet?dlType=HtmlAreaImage&imageId=69221)\r\n\r\n Para detalles de la configuración de su email, por favor contacte a su proveedor de servicio. \r\n\r\n Enviando un email \r\n\r\n En la pantalla de bandeja de entrada, seleccione![](http://consumer.huawei.com/support/servlet/imageServlet?dlType=HtmlAreaImage&imageId=69222), ingresa el nombre de destinado, sub título, y el email contenido, y seleccione ![](http://consumer.huawei.com/support/servlet/imageServlet?dlType=HtmlAreaImage&imageId=69223). \r\n\r\n ![](http://consumer.huawei.com/support/servlet/imageServlet?dlType=HtmlAreaImage&imageId=69224)\r\n\r\n Ver y borrar un email \r\n\r\n En la pantalla de Bandeja de entrada, seleccione el correo deseado para leerlo, y seleccione ![](http://consumer.huawei.com/support/servlet/imageServlet?dlType=HtmlAreaImage&imageId=69225) para borrarlo. \r\n\r\n ![](http://consumer.huawei.com/support/servlet/imageServlet?dlType=HtmlAreaImage&imageId=69226)\r\n\r\n Removiendo una cuenta de email \r\n\r\n En la pantalla de Bandeja de entrada, seleccione el botón de menú. Desde la pantalla principal de la opción menú, ingrese a Configuraciones. Seleccione la cuenta de email que desee quitar. Desde la pantalla principal, seleccione Remover cuenta. \r\n\r\n ![](http://consumer.huawei.com/support/servlet/imageServlet?dlType=HtmlAreaImage&imageId=69227) ![](http://consumer.huawei.com/support/servlet/imageServlet?dlType=HtmlAreaImage&imageId=69228) ![](http://consumer.huawei.com/support/servlet/imageServlet?dlType=HtmlAreaImage&imageId=69229)\r\n\r\n\n\n\n\n",
  "faqTypeId": null,
  "faqType": null,
  "useful": 0,
  "unUseful": 0,
  "languageId": 103,
  "languageName": "es",
  "faqCode": "4269",
  "faqTypeCode": null,
  "isTop": "0",
  "moduleCode": "faq",
  "productId": null,
  "productCode": null,
  "postDate": 1426801834000,
  "seriesProductName": "G630-U251,G6-U251,Y530-U051",
  "visitedTimes": 8,
  "isUsefulFlag": null,
  "score": 0,
  "times": 0,
  "imageList": null,
  "displayType": "text",
  "justView": "0",
  "fileName": null,
  "filePath": null,
  "imagePath": null,
  "imageName": null,
  "productIdList": null,
  "curPage": null,
  "pageSize": null,
  "siteCode": null,
  "statusFlag": "Publish",
  "returnCode": 0,
  "totalRows": null,
  "keywords": "correo",
  "avgScore": 0.0,
  "createDate": null,
  "totalPages": null
}