{
  "type": null,
  "faqId": 20611,
  "title": "Gmail",
  "answer": " Ir a Gmail. Ingresar a la cuenta de tu Gmail y contraseña, seleccione Siguiente para entrar a la cuenta. \r\n\n\n\n\n",
  "faqTypeId": null,
  "faqType": null,
  "useful": 0,
  "unUseful": 0,
  "languageId": 103,
  "languageName": "es",
  "faqCode": "4271",
  "faqTypeCode": null,
  "isTop": "0",
  "moduleCode": "faq",
  "productId": null,
  "productCode": null,
  "postDate": 1426801834000,
  "seriesProductName": "G630-U251,G6-U251,Y530-U051",
  "visitedTimes": 7,
  "isUsefulFlag": null,
  "score": 0,
  "times": 0,
  "imageList": null,
  "displayType": "text",
  "justView": "0",
  "fileName": null,
  "filePath": null,
  "imagePath": null,
  "imageName": null,
  "productIdList": null,
  "curPage": null,
  "pageSize": null,
  "siteCode": null,
  "statusFlag": "Publish",
  "returnCode": 0,
  "totalRows": null,
  "keywords": "gmail",
  "avgScore": 0.0,
  "createDate": null,
  "totalPages": null
}