{
  "type": null,
  "faqId": 20617,
  "title": "Ya está activado Wi-Fi en mi telefono, pero no puedo detectar señal de un Wi-Fi hotspot. ¿Qué puedo hacer?",
  "answer": " En un dispositivo que no sea su teléfono, active el Wi-Fi. Si el dispositivo no puede detectar la señal de Wi-Fi, revisa el modem si esta funcionado correctamente. \r\n\r\n Revise si el servidor de su Wi-Fi hotspot (SSID) este activo y no escondido. \r\n\r\n Vuelva a reiniciar la función Wi-Fi en su teléfono. \r\n\r\n Reinicie su telefono. \r\n\n\n\n\n",
  "faqTypeId": null,
  "faqType": null,
  "useful": 1,
  "unUseful": 2,
  "languageId": 103,
  "languageName": "es",
  "faqCode": "4277",
  "faqTypeCode": null,
  "isTop": "0",
  "moduleCode": "faq",
  "productId": null,
  "productCode": null,
  "postDate": 1426801834000,
  "seriesProductName": "G630-U251,G6-U251,Y530-U051",
  "visitedTimes": 40,
  "isUsefulFlag": null,
  "score": 0,
  "times": 0,
  "imageList": null,
  "displayType": "text",
  "justView": "0",
  "fileName": null,
  "filePath": null,
  "imagePath": null,
  "imageName": null,
  "productIdList": null,
  "curPage": null,
  "pageSize": null,
  "siteCode": null,
  "statusFlag": "Publish",
  "returnCode": 0,
  "totalRows": null,
  "keywords": "fallas conexion wi-fi",
  "avgScore": 0.0,
  "createDate": null,
  "totalPages": null
}