{
  "type": null,
  "faqId": 20612,
  "title": "¿Cómo puedo sincronizar mis contactos y eventos de calendario?",
  "answer": " Para sincronizar tus contactos, tienes que ingresar al menú una cuenta de Exchange. \r\n\r\n En la pantalla de Nueva Cuenta, seleccione![](http://consumer.huawei.com/support/servlet/imageServlet?dlType=HtmlAreaImage&imageId=69230). Obtenga la configuración de servidores de entrada y salida desde la página de tu proveedor de servicio o acercándose con su administrador de red, configurare las opciones e ingresar a su cuenta de Exchange. \r\n\r\n ![](http://consumer.huawei.com/support/servlet/imageServlet?dlType=HtmlAreaImage&imageId=69231) ![](http://consumer.huawei.com/support/servlet/imageServlet?dlType=HtmlAreaImage&imageId=69232)\r\n\r\n Ir a Configuraciones/Cuentas, y seleccione la cuenta de correo. Seleccione su cuenta y los datos que quieres sincronizar. Seleccione el botón de menú. Desde la pantalla de menú desplegado, seleccione Sincronizar ahora para sincronizar los datos seleccionados a su teléfono. \r\n\r\n ![](http://consumer.huawei.com/support/servlet/imageServlet?dlType=HtmlAreaImage&imageId=69233) ![](http://consumer.huawei.com/support/servlet/imageServlet?dlType=HtmlAreaImage&imageId=69234) ![](http://consumer.huawei.com/support/servlet/imageServlet?dlType=HtmlAreaImage&imageId=69235) \r\n\r\n ![](http://consumer.huawei.com/support/servlet/imageServlet?dlType=HtmlAreaImage&imageId=69236)\r\n\r\n Si el contacto de sincronización falla, revise si su teléfono tiene el modo de datos activado de su proveedor y que el servidor de su cuenta soporta sincronización de contactos. \r\n\n\n\n\n",
  "faqTypeId": null,
  "faqType": null,
  "useful": 0,
  "unUseful": 0,
  "languageId": 103,
  "languageName": "es",
  "faqCode": "4272",
  "faqTypeCode": null,
  "isTop": "0",
  "moduleCode": "faq",
  "productId": null,
  "productCode": null,
  "postDate": 1426801834000,
  "seriesProductName": "G630-U251,G6-U251,Y530-U051",
  "visitedTimes": 19,
  "isUsefulFlag": null,
  "score": 0,
  "times": 0,
  "imageList": null,
  "displayType": "text",
  "justView": "0",
  "fileName": null,
  "filePath": null,
  "imagePath": null,
  "imageName": null,
  "productIdList": null,
  "curPage": null,
  "pageSize": null,
  "siteCode": null,
  "statusFlag": "Publish",
  "returnCode": 0,
  "totalRows": null,
  "keywords": "calendario",
  "avgScore": 0.0,
  "createDate": null,
  "totalPages": null
}