{
  "type": null,
  "faqId": 20627,
  "title": "¿Cómo establecer un archivo de audio como el tono de timbre o notificación?",
  "answer": " Ir a ajustes. Ingrese a sonido/tono de llamada o tono de notificación. En la pantalla de la lista de reproducción musical selecciona un tema y después toca aplicar. \r\n\r\n ![](http://consumer.huawei.com/support/servlet/imageServlet?dlType=HtmlAreaImage&imageId=69255) ![](http://consumer.huawei.com/support/servlet/imageServlet?dlType=HtmlAreaImage&imageId=69256)\r\n\r\n\n\n\n\n",
  "faqTypeId": null,
  "faqType": null,
  "useful": 0,
  "unUseful": 0,
  "languageId": 103,
  "languageName": "es",
  "faqCode": "4287",
  "faqTypeCode": null,
  "isTop": "0",
  "moduleCode": "faq",
  "productId": null,
  "productCode": null,
  "postDate": 1426801835000,
  "seriesProductName": "G630-U251,G6-U251,Y530-U051",
  "visitedTimes": 3,
  "isUsefulFlag": null,
  "score": 0,
  "times": 0,
  "imageList": null,
  "displayType": "text",
  "justView": "0",
  "fileName": null,
  "filePath": null,
  "imagePath": null,
  "imageName": null,
  "productIdList": null,
  "curPage": null,
  "pageSize": null,
  "siteCode": null,
  "statusFlag": "Publish",
  "returnCode": 0,
  "totalRows": null,
  "keywords": "tono",
  "avgScore": 0.0,
  "createDate": null,
  "totalPages": null
}