{
  "type": null,
  "faqId": 20631,
  "title": "¿Qué idiomas soporta mi teléfono y como cambiar el idioma?",
  "answer": " Para ver los idiomas que contiene su teléfono, ir a ajustes/idiomas/métodos de entrada. Toque I y seleccione el idioma deseado. \r\n\n\n\n\n",
  "faqTypeId": null,
  "faqType": null,
  "useful": 0,
  "unUseful": 0,
  "languageId": 103,
  "languageName": "es",
  "faqCode": "4291",
  "faqTypeCode": null,
  "isTop": "0",
  "moduleCode": "faq",
  "productId": null,
  "productCode": null,
  "postDate": 1426801835000,
  "seriesProductName": "G630-U251,G6-U251,Y530-U051",
  "visitedTimes": 9,
  "isUsefulFlag": null,
  "score": 0,
  "times": 0,
  "imageList": null,
  "displayType": "text",
  "justView": "0",
  "fileName": null,
  "filePath": null,
  "imagePath": null,
  "imageName": null,
  "productIdList": null,
  "curPage": null,
  "pageSize": null,
  "siteCode": null,
  "statusFlag": "Publish",
  "returnCode": 0,
  "totalRows": null,
  "keywords": "idioma",
  "avgScore": 0.0,
  "createDate": null,
  "totalPages": null
}