{
  "type": null,
  "faqId": 20680,
  "title": "¿Puede mi teléfono ser USB flash drive?",
  "answer": " Si. Puedes conectar su teléfono a una computadora utilizando un cable USB. En modo de almacenamiento masivo, puede ver el contenido en tu tarjeta microSD. Los archivos internos en el almacenamiento del teléfono no están mostrados. \r\n\r\n Media device (MTP): MTP significa Media Transfer Protocol. En este modo, puedes sincronizar carpetas de multimedia desde tu teléfono a tu computadora con el soporte de MTP. \r\n\r\n HiSuite: En este modo la computadora inicia Hisuite, con el que podrás administrar imagines, canciones, mensajes, contactos, y aplicaciones en tu teléfono. \r\n\r\n ![](http://consumer.huawei.com/support/servlet/imageServlet?dlType=HtmlAreaImage&imageId=69498)\r\n\r\n Cuando su teléfono esté conectado al modo Mac en MTP, usted puede administrar archivos en su teléfono, pero la función de conexión de marcado en Mac no está disponible. \r\n\r\n ![](http://consumer.huawei.com/support/servlet/imageServlet?dlType=HtmlAreaImage&imageId=69499) ![](http://consumer.huawei.com/support/servlet/imageServlet?dlType=HtmlAreaImage&imageId=69500)\r\n\r\n\n\n\n\n",
  "faqTypeId": null,
  "faqType": null,
  "useful": 1,
  "unUseful": 2,
  "languageId": 103,
  "languageName": "es",
  "faqCode": "4340",
  "faqTypeCode": null,
  "isTop": "0",
  "moduleCode": "faq",
  "productId": null,
  "productCode": null,
  "postDate": 1426801837000,
  "seriesProductName": "G630-U251,G6-U251,Y530-U051",
  "visitedTimes": 41,
  "isUsefulFlag": null,
  "score": 0,
  "times": 0,
  "imageList": null,
  "displayType": "text",
  "justView": "0",
  "fileName": null,
  "filePath": null,
  "imagePath": null,
  "imageName": null,
  "productIdList": null,
  "curPage": null,
  "pageSize": null,
  "siteCode": null,
  "statusFlag": "Publish",
  "returnCode": 0,
  "totalRows": null,
  "keywords": "USB flash drive",
  "avgScore": 0.0,
  "createDate": null,
  "totalPages": null
}