{
  "type": null,
  "faqId": 20695,
  "title": "¿Cómo puedo ahorrar batería?",
  "answer": " Cuando no estas utilizando tu teléfono, presione el botón de encendido para apagar la pantalla. \r\n\r\n Poner el tiempo de la pantalla automáticamente para apagarse en un tiempo razonable, esto dentro de las opciones configuración/Pantalla/suspender. \r\n\r\n Disminuya el brillo de la pantalla desde configuraciones/pantalla/Brillo. \r\n\r\n Desactive el Wi-Fi y Bluetooth cuando no están en uso en Configuración/Redes inalámbricas/Wi-Fi o Bluetooth. \r\n\r\n Desactive el GPS en la ruta Configuracion/Locacion y Servicios. \r\n\n\n\n\n",
  "faqTypeId": null,
  "faqType": null,
  "useful": 0,
  "unUseful": 0,
  "languageId": 103,
  "languageName": "es",
  "faqCode": "4355",
  "faqTypeCode": null,
  "isTop": "0",
  "moduleCode": "faq",
  "productId": null,
  "productCode": null,
  "postDate": 1426801839000,
  "seriesProductName": "G630-U251,G6-U251,Y530-U051",
  "visitedTimes": 12,
  "isUsefulFlag": null,
  "score": 0,
  "times": 0,
  "imageList": null,
  "displayType": "text",
  "justView": "0",
  "fileName": null,
  "filePath": null,
  "imagePath": null,
  "imageName": null,
  "productIdList": null,
  "curPage": null,
  "pageSize": null,
  "siteCode": null,
  "statusFlag": "Publish",
  "returnCode": 0,
  "totalRows": null,
  "keywords": "ahorro bateria",
  "avgScore": 0.0,
  "createDate": null,
  "totalPages": null
}