{
  "type": null,
  "faqId": 20697,
  "title": "¿Qué puedo hacer si mi equipo presenta problemas de lentitud?",
  "answer": " Cierre todas las aplicaciones que se encuentren en Segundo plano y no requiera. Ingrese a Ajustes/Administrador de aplicaciones/En uso, seleccione la aplicación que desee cerrar, y presione en detener. \r\n\r\n Desinstale las aplicaciones que no desee para liberar espacio en la memoria de su teléfono. \r\n\r\n Si el uso del CPU es alto y con múltiples procesos en Segundo plano corriendo, reinicie el equipo para cerrar las aplicaciones y procesos que no desee. \r\n\n\n\n\n",
  "faqTypeId": null,
  "faqType": null,
  "useful": 0,
  "unUseful": 0,
  "languageId": 103,
  "languageName": "es",
  "faqCode": "4357",
  "faqTypeCode": null,
  "isTop": "0",
  "moduleCode": "faq",
  "productId": null,
  "productCode": null,
  "postDate": 1426801839000,
  "seriesProductName": "G630-U251,G6-U251,Y530-U051",
  "visitedTimes": 82,
  "isUsefulFlag": null,
  "score": 0,
  "times": 0,
  "imageList": null,
  "displayType": "text",
  "justView": "0",
  "fileName": null,
  "filePath": null,
  "imagePath": null,
  "imageName": null,
  "productIdList": null,
  "curPage": null,
  "pageSize": null,
  "siteCode": null,
  "statusFlag": "Publish",
  "returnCode": 0,
  "totalRows": null,
  "keywords": "lento",
  "avgScore": 0.0,
  "createDate": null,
  "totalPages": null
}