{
  "type": null,
  "faqId": 20693,
  "title": "¿Cuáles son los características especiales de mi teléfono",
  "answer": " Su teléfono tiene un procesador quad-core 1.3 GHz, 5.5-pulgadas QHD pantalla, Tarjeta dual SIM, y H UAWEI Emotion UI. \r\n\r\n\n\n\n\n",
  "faqTypeId": null,
  "faqType": null,
  "useful": 0,
  "unUseful": 0,
  "languageId": 103,
  "languageName": "es",
  "faqCode": "4353",
  "faqTypeCode": null,
  "isTop": "0",
  "moduleCode": "faq",
  "productId": null,
  "productCode": null,
  "postDate": 1426801838000,
  "seriesProductName": "G630-U251,G6-U251,Y530-U051",
  "visitedTimes": 21,
  "isUsefulFlag": null,
  "score": 0,
  "times": 0,
  "imageList": null,
  "displayType": "text",
  "justView": "0",
  "fileName": null,
  "filePath": null,
  "imagePath": null,
  "imageName": null,
  "productIdList": null,
  "curPage": null,
  "pageSize": null,
  "siteCode": null,
  "statusFlag": "Publish",
  "returnCode": 0,
  "totalRows": null,
  "keywords": "caracteristicas ",
  "avgScore": 0.0,
  "createDate": null,
  "totalPages": null
}