{
  "type": null,
  "faqId": 20696,
  "title": "¿Cómo reduzco mi uso de datos móviles?",
  "answer": " Apague la red móvil cuando no la necesite. \r\n\r\n Apague la red móvil cuando no la necesite o cuando esté usando una red Wi-Fi. \r\n\r\n Intente accesar por paginas Wireless Access Protocol (WAP) en vez de sitios World Wide Web (WWW). \r\n\r\n Desactive la sincronización de datos, esto lo puede encontrar en la siguiente ruta: Ajustes/Cuentas y sincronización. \r\n\n\n\n\n",
  "faqTypeId": null,
  "faqType": null,
  "useful": 0,
  "unUseful": 0,
  "languageId": 103,
  "languageName": "es",
  "faqCode": "4356",
  "faqTypeCode": null,
  "isTop": "0",
  "moduleCode": "faq",
  "productId": null,
  "productCode": null,
  "postDate": 1426801839000,
  "seriesProductName": "G630-U251,G6-U251,Y530-U051",
  "visitedTimes": 4,
  "isUsefulFlag": null,
  "score": 0,
  "times": 0,
  "imageList": null,
  "displayType": "text",
  "justView": "0",
  "fileName": null,
  "filePath": null,
  "imagePath": null,
  "imageName": null,
  "productIdList": null,
  "curPage": null,
  "pageSize": null,
  "siteCode": null,
  "statusFlag": "Publish",
  "returnCode": 0,
  "totalRows": null,
  "keywords": "datos moviles",
  "avgScore": 0.0,
  "createDate": null,
  "totalPages": null
}