{
  "type": null,
  "faqId": 20690,
  "title": "¿Mi teléfono suporta OTG?",
  "answer": " No. \r\n\r\n ![](http://consumer.huawei.com/support/servlet/imageServlet?dlType=HtmlAreaImage&imageId=69507)\r\n\r\n OTG es una tecnología de transmisión USB que permite al teléfono conectarse a una unidad USB, cámara digital, o ratón de pc utilizando un cable OTG para reproducir videos HD. \r\n\n\n\n\n",
  "faqTypeId": null,
  "faqType": null,
  "useful": 0,
  "unUseful": 0,
  "languageId": 103,
  "languageName": "es",
  "faqCode": "4350",
  "faqTypeCode": null,
  "isTop": "0",
  "moduleCode": "faq",
  "productId": null,
  "productCode": null,
  "postDate": 1426801838000,
  "seriesProductName": "G630-U251,G6-U251,Y530-U051",
  "visitedTimes": 22,
  "isUsefulFlag": null,
  "score": 0,
  "times": 0,
  "imageList": null,
  "displayType": "text",
  "justView": "0",
  "fileName": null,
  "filePath": null,
  "imagePath": null,
  "imageName": null,
  "productIdList": null,
  "curPage": null,
  "pageSize": null,
  "siteCode": null,
  "statusFlag": "Publish",
  "returnCode": 0,
  "totalRows": null,
  "keywords": "otg",
  "avgScore": 0.0,
  "createDate": null,
  "totalPages": null
}