{
  "type": null,
  "faqId": 21262,
  "title": "¿Mi equipo soporta aceleración 3D?",
  "answer": " SI, para habilitar la aceleración 3D, ingrese a la ruta Ajustes/Opciones de desarrollador y seleccione Forzar la reproducción GPU. \r\n\r\n Habilitar la aceleración 3D mejora la experiencia de juego, pero también consume mucha memoria del teléfono. Si solo está usando un solo juego, esto no afecta el rendimiento del teléfono. Si está jugando un videojuego y usando múltiples aplicaciones, su teléfono puede presentar una disminución en el rendimiento. \r\n\n\n\n\n",
  "faqTypeId": null,
  "faqType": null,
  "useful": 0,
  "unUseful": 0,
  "languageId": 103,
  "languageName": "es",
  "faqCode": "4922",
  "faqTypeCode": null,
  "isTop": "0",
  "moduleCode": "faq",
  "productId": null,
  "productCode": null,
  "postDate": 1426869254000,
  "seriesProductName": "G630-U251,G6-U251,Y530-U051",
  "visitedTimes": 13,
  "isUsefulFlag": null,
  "score": 0,
  "times": 0,
  "imageList": null,
  "displayType": "text",
  "justView": "0",
  "fileName": null,
  "filePath": null,
  "imagePath": null,
  "imageName": null,
  "productIdList": null,
  "curPage": null,
  "pageSize": null,
  "siteCode": null,
  "statusFlag": "Publish",
  "returnCode": 0,
  "totalRows": null,
  "keywords": "3D",
  "avgScore": 0.0,
  "createDate": null,
  "totalPages": null
}