{
  "type": null,
  "faqId": 21268,
  "title": "¿Con que tipos de reproducción cuenta mi teléfono?",
  "answer": " Reproducción en orden (por defecto): se reproducen todos los archivos de audio dentro de una lista de reproducción de manera ordenada se detendrá la reproducción una vez que todos los archivos han sido reproducidos. \r\n\r\n Aleatorio: reproduce de manera aleatoria los archivos musicales se detendrá la reproducción una vez que todos los archivos han sido reproducidos. \r\n\r\n Repetir todas las canciones: repite todas las canciones dentro de una lista de reproducción de manera ordenada y se repiten una vez finalizada la lista de reproducción. \r\n\r\n Repetir canción actual: se reproducirá el archivo de manera repetida. \r\n\n\n\n\n",
  "faqTypeId": null,
  "faqType": null,
  "useful": 0,
  "unUseful": 0,
  "languageId": 103,
  "languageName": "es",
  "faqCode": "4928",
  "faqTypeCode": null,
  "isTop": "0",
  "moduleCode": "faq",
  "productId": null,
  "productCode": null,
  "postDate": 1426869527000,
  "seriesProductName": "G630-U251,G6-U251,Y530-U051",
  "visitedTimes": 9,
  "isUsefulFlag": null,
  "score": 0,
  "times": 0,
  "imageList": null,
  "displayType": "text",
  "justView": "0",
  "fileName": null,
  "filePath": null,
  "imagePath": null,
  "imageName": null,
  "productIdList": null,
  "curPage": null,
  "pageSize": null,
  "siteCode": null,
  "statusFlag": "Publish",
  "returnCode": 0,
  "totalRows": null,
  "keywords": "tipos reproduccion",
  "avgScore": 0.0,
  "createDate": null,
  "totalPages": null
}