{
  "type": null,
  "faqId": 21260,
  "title": "¿Cómo puedo ingresar al modo recovery y restaurar mi equipo a valores de fábrica?",
  "answer": " Cuando una actualización se encuentra disponible en su tarjeta micro SD o en una descarga en línea, apague su teléfono, mantenga presionado el botón de encendido y volumen arriba simultáneamente hasta ingresar al modo recovery, una vez dentro diríjase en el menú por las teclas de volumen arriba y volumen abajo, y presione el botón de encendido para seleccionar una opción. \r\n\r\n Para restablecer el equipo a valores de fábrica, ingrese a Ajustes/Copia de seguridad y restablecimiento/Restablecer a valores de fabrica/Restablecer el teléfono. \r\n\n\n\n\n",
  "faqTypeId": null,
  "faqType": null,
  "useful": 0,
  "unUseful": 0,
  "languageId": 103,
  "languageName": "es",
  "faqCode": "4920",
  "faqTypeCode": null,
  "isTop": "0",
  "moduleCode": "faq",
  "productId": null,
  "productCode": null,
  "postDate": 1426869254000,
  "seriesProductName": "G630-U251,G6-U251,Y530-U051",
  "visitedTimes": 38,
  "isUsefulFlag": null,
  "score": 0,
  "times": 0,
  "imageList": null,
  "displayType": "text",
  "justView": "0",
  "fileName": null,
  "filePath": null,
  "imagePath": null,
  "imageName": null,
  "productIdList": null,
  "curPage": null,
  "pageSize": null,
  "siteCode": null,
  "statusFlag": "Publish",
  "returnCode": 0,
  "totalRows": null,
  "keywords": "valores de fabrica",
  "avgScore": 0.0,
  "createDate": null,
  "totalPages": null
}