{
  "type": null,
  "faqId": 21274,
  "title": "¿Cómo editar una foto o video? o ¿Cómo agregar un marco a una fotografía?",
  "answer": " Para editar una foto, presione el botón de menú. A partir de aquí podrás rotar (izquierda o derecha) o editar una foto, como se muestra en la siguiente imagen. \r\n\r\n ![](http://consumer.huawei.com/support/servlet/imageServlet?dlType=HtmlAreaImage&imageId=70705)\r\n\r\n Los videos no pueden ser editados. \r\n\r\n Para agregar un marco a la imagen, presiona el botón de menú y selecciona Editar del menú desplegado. En la pantalla Editar, presiona ![](http://consumer.huawei.com/support/servlet/imageServlet?dlType=HtmlAreaImage&imageId=70706) para seleccionar un marco. \r\n\r\n ![](http://consumer.huawei.com/support/servlet/imageServlet?dlType=HtmlAreaImage&imageId=70707)\r\n\r\n\n\n\n\n",
  "faqTypeId": null,
  "faqType": null,
  "useful": 0,
  "unUseful": 0,
  "languageId": 103,
  "languageName": "es",
  "faqCode": "4934",
  "faqTypeCode": null,
  "isTop": "0",
  "moduleCode": "faq",
  "productId": null,
  "productCode": null,
  "postDate": 1426869528000,
  "seriesProductName": "G630-U251,G6-U251,Y530-U051",
  "visitedTimes": 11,
  "isUsefulFlag": null,
  "score": 0,
  "times": 0,
  "imageList": null,
  "displayType": "text",
  "justView": "0",
  "fileName": null,
  "filePath": null,
  "imagePath": null,
  "imageName": null,
  "productIdList": null,
  "curPage": null,
  "pageSize": null,
  "siteCode": null,
  "statusFlag": "Publish",
  "returnCode": 0,
  "totalRows": null,
  "keywords": "edicion fotos",
  "avgScore": 0.0,
  "createDate": null,
  "totalPages": null
}