{
  "type": null,
  "faqId": 21273,
  "title": "¿En dónde se van a guardan mis fotos y videos? ¿Se puede cambiar el destino de almacenamiento?",
  "answer": " Por defecto las fotos y videos capturados con el teléfono son almacenadas en la tarjeta microSD si no hay una tarjeta microSD, se almacenaran en la memoria interna del teléfono para modificar la ubicación del almacenamiento cuando la tarjeta microSD esté lista: \r\n\r\n 1. Toque cámara > ajustes > Ubicación de almacenamiento preferida como se muestra a continuación. \r\n\r\n ![](http://consumer.huawei.com/support/servlet/imageServlet?dlType=HtmlAreaImage&imageId=70703)\r\n\r\n 2. Seleccione entre tarjeta SD o almacenamiento interno como se muestra en las siguientes figuras. \r\n\r\n ![](http://consumer.huawei.com/support/servlet/imageServlet?dlType=HtmlAreaImage&imageId=70704)\r\n\r\n Cuando la selección fue la memoria interna del teléfono usted puede tocar administrador de archivos> interno > DCIM > Cámara para encontrar fotos y videos. \r\n\r\n Cuando la selección sea la tarjeta microSD , usted puede tocar administrador de archivos > tarjeta SD > DCIM > Cámara para encontrar fotos y videos. \r\n\n\n\n\n",
  "faqTypeId": null,
  "faqType": null,
  "useful": 0,
  "unUseful": 0,
  "languageId": 103,
  "languageName": "es",
  "faqCode": "4933",
  "faqTypeCode": null,
  "isTop": "0",
  "moduleCode": "faq",
  "productId": null,
  "productCode": null,
  "postDate": 1426869528000,
  "seriesProductName": "G630-U251,G6-U251,Y530-U051",
  "visitedTimes": 24,
  "isUsefulFlag": null,
  "score": 0,
  "times": 0,
  "imageList": null,
  "displayType": "text",
  "justView": "0",
  "fileName": null,
  "filePath": null,
  "imagePath": null,
  "imageName": null,
  "productIdList": null,
  "curPage": null,
  "pageSize": null,
  "siteCode": null,
  "statusFlag": "Publish",
  "returnCode": 0,
  "totalRows": null,
  "keywords": "almacenamiento",
  "avgScore": 0.0,
  "createDate": null,
  "totalPages": null
}