{
  "type": null,
  "faqId": 21289,
  "title": "¿Qué puedo hacer si la aplicación en mi teléfono no recibe señal de los satélites GPS?",
  "answer": " Asegúrese de que el GPS este encendido. \r\n\r\n Si está usando el teléfono en un área cerrada, lleve el teléfono a un área abierta. \r\n\r\n Si está usando el teléfono en un área abierta, asegúrese no se encuentre en un área con edificios porque los edificios altos bloquean las señales del satélite. \r\n\r\n Si el servicio de datos está activado, puede dirigirse a Servicios de ubicación y encienda el Usar GPS rápido para activar el A-GPS y automáticamente descargar EPO asistencia sin conexión. Esto aumentará la velocidad del localizador GPS. \r\n\r\n ![](http://consumer.huawei.com/support/servlet/imageServlet?dlType=HtmlAreaImage&imageId=70723)\r\n\r\n\n\n\n\n",
  "faqTypeId": null,
  "faqType": null,
  "useful": 0,
  "unUseful": 1,
  "languageId": 103,
  "languageName": "es",
  "faqCode": "4949",
  "faqTypeCode": null,
  "isTop": "0",
  "moduleCode": "faq",
  "productId": null,
  "productCode": null,
  "postDate": 1426869529000,
  "seriesProductName": "G630-U251,G6-U251,Y530-U051",
  "visitedTimes": 55,
  "isUsefulFlag": null,
  "score": 0,
  "times": 0,
  "imageList": null,
  "displayType": "text",
  "justView": "0",
  "fileName": null,
  "filePath": null,
  "imagePath": null,
  "imageName": null,
  "productIdList": null,
  "curPage": null,
  "pageSize": null,
  "siteCode": null,
  "statusFlag": "Publish",
  "returnCode": 0,
  "totalRows": null,
  "keywords": "satelites GPS",
  "avgScore": 0.0,
  "createDate": null,
  "totalPages": null
}