{
  "type": null,
  "faqId": 21285,
  "title": "¿Mi computadora puede usar datos de conexión a través de Bluetooth? ¿Puedo jugar con otros dispositivos a través de Bluetooth?",
  "answer": " Si. Usted puede ajustar la conexión entre su computadora y su teléfono usando Bluetooth. Después su computadora puede usar los datos de conexión del teléfono para acceder a Internet. También puede conectar su teléfono a un dispositivo bluetooth y jugar juegos juntos. \r\n\r\n 1. Su teléfono soporta el perfil Personal Area Network (PAN). Otros dispositivos pueden compartir su conexión de datos de teléfono. \r\n\r\n Para usar esta función, vaya a Ajustes. Debajo de Redes Inalámbricas, presione Más. \r\n\r\n ![](http://consumer.huawei.com/support/servlet/imageServlet?dlType=HtmlAreaImage&imageId=70720)\r\n\r\n Presione Compartir red. \r\n\r\n ![](http://consumer.huawei.com/support/servlet/imageServlet?dlType=HtmlAreaImage&imageId=70721)\r\n\r\n Seleccione Vinculación Bluetooth. Otros dispositivos bluetooth pueden conectarse a su teléfono usando Bluetooth y su conexión de datos. \r\n\r\n ![](http://consumer.huawei.com/support/servlet/imageServlet?dlType=HtmlAreaImage&imageId=70722)\r\n\r\n 2. Su teléfono soporta juegos vía bluetooth. El método para usarlo depende de la configuración de la aplicación. Los pasos generales a seguir son los siguientes: \r\n\r\n a. Inicie el juego y busque la opción de otros dispositivos bluetooth. \r\n\r\n b. Empareje su teléfono con otro dispositivo. \r\n\r\n c. Empiece el juego. \r\n\n\n\n\n",
  "faqTypeId": null,
  "faqType": null,
  "useful": 0,
  "unUseful": 2,
  "languageId": 103,
  "languageName": "es",
  "faqCode": "4945",
  "faqTypeCode": null,
  "isTop": "0",
  "moduleCode": "faq",
  "productId": null,
  "productCode": null,
  "postDate": 1426869529000,
  "seriesProductName": "G630-U251,G6-U251,Y530-U051",
  "visitedTimes": 14,
  "isUsefulFlag": null,
  "score": 0,
  "times": 0,
  "imageList": null,
  "displayType": "text",
  "justView": "0",
  "fileName": null,
  "filePath": null,
  "imagePath": null,
  "imageName": null,
  "productIdList": null,
  "curPage": null,
  "pageSize": null,
  "siteCode": null,
  "statusFlag": "Publish",
  "returnCode": 0,
  "totalRows": null,
  "keywords": "usos bluetooth",
  "avgScore": 0.0,
  "createDate": null,
  "totalPages": null
}