{
  "type": null,
  "faqId": 21284,
  "title": "I No puedo emparejar mi dispositivo con otros dispositivos Bluetooth. ¿Por qué?",
  "answer": " Su teléfono soporta varios perfiles, tales como A2DP, HSP, HFP, PAN, HIDH, OPP y PBAP. Si el dispositivo con el cual se quiere emparejar también soporta estos perfiles pero falla en emparejarse, siga las siguientes soluciones: \r\n\r\n Su teléfono no puede encontrar otros teléfonos. \r\n\r\n Solución: Revise que el Bluetooth en el otro teléfono este encendido y se muestre visible. \r\n\r\n Su teléfono no puede encontrar un audífono. \r\n\r\n Solución: Revise que el audífono se muestre visible. Para mayor información de cómo configurar el audífono, léase el manual de usuario del audífono. \r\n\r\n Su teléfono no puede enviar archivos a otros teléfonos. \r\n\r\n Solución: Revise que el teléfono que recibirá los archivos soporte el formato de los archivos enviados. \r\n\n\n\n\n",
  "faqTypeId": null,
  "faqType": null,
  "useful": 0,
  "unUseful": 0,
  "languageId": 103,
  "languageName": "es",
  "faqCode": "4944",
  "faqTypeCode": null,
  "isTop": "0",
  "moduleCode": "faq",
  "productId": null,
  "productCode": null,
  "postDate": 1426869529000,
  "seriesProductName": "G630-U251,G6-U251,Y530-U051",
  "visitedTimes": 8,
  "isUsefulFlag": null,
  "score": 0,
  "times": 0,
  "imageList": null,
  "displayType": "text",
  "justView": "0",
  "fileName": null,
  "filePath": null,
  "imagePath": null,
  "imageName": null,
  "productIdList": null,
  "curPage": null,
  "pageSize": null,
  "siteCode": null,
  "statusFlag": "Publish",
  "returnCode": 0,
  "totalRows": null,
  "keywords": "sincronizacion bluetooth",
  "avgScore": 0.0,
  "createDate": null,
  "totalPages": null
}