{
  "type": null,
  "faqId": 21287,
  "title": "¿Qué aplicaciones de GPS contiene mi teléfono pre-cargadas?",
  "answer": " Las aplicaciones de navegación pueden ser pre-instaladas en su teléfono dependiendo del personalizado del proveedor y sus reglamentos locales y regularizaciones. Si ninguna aplicación de navegación es preinstalada, puede descargar una directamente de la tienda. \r\n\n\n\n\n",
  "faqTypeId": null,
  "faqType": null,
  "useful": 0,
  "unUseful": 0,
  "languageId": 103,
  "languageName": "es",
  "faqCode": "4947",
  "faqTypeCode": null,
  "isTop": "0",
  "moduleCode": "faq",
  "productId": null,
  "productCode": null,
  "postDate": 1426869529000,
  "seriesProductName": "G630-U251,G6-U251,Y530-U051",
  "visitedTimes": 15,
  "isUsefulFlag": null,
  "score": 0,
  "times": 0,
  "imageList": null,
  "displayType": "text",
  "justView": "0",
  "fileName": null,
  "filePath": null,
  "imagePath": null,
  "imageName": null,
  "productIdList": null,
  "curPage": null,
  "pageSize": null,
  "siteCode": null,
  "statusFlag": "Publish",
  "returnCode": 0,
  "totalRows": null,
  "keywords": "aplicaciones GPS",
  "avgScore": 0.0,
  "createDate": null,
  "totalPages": null
}