{
  "type": null,
  "faqId": 21298,
  "title": "¿Puedo ver mis emails cuando no cuento con una conexión de internet no esté disponible en mi teléfono?",
  "answer": " Sí, pero solo cuando ya están bajados tus emails a tu teléfono. \r\n\n\n\n\n",
  "faqTypeId": null,
  "faqType": null,
  "useful": 0,
  "unUseful": 0,
  "languageId": 103,
  "languageName": "es",
  "faqCode": "4958",
  "faqTypeCode": null,
  "isTop": "0",
  "moduleCode": "faq",
  "productId": null,
  "productCode": null,
  "postDate": 1426869530000,
  "seriesProductName": "G630-U251,G6-U251,Y530-U051",
  "visitedTimes": 7,
  "isUsefulFlag": null,
  "score": 0,
  "times": 0,
  "imageList": null,
  "displayType": "text",
  "justView": "0",
  "fileName": null,
  "filePath": null,
  "imagePath": null,
  "imageName": null,
  "productIdList": null,
  "curPage": null,
  "pageSize": null,
  "siteCode": null,
  "statusFlag": "Publish",
  "returnCode": 0,
  "totalRows": null,
  "keywords": "email",
  "avgScore": 0.0,
  "createDate": null,
  "totalPages": null
}