{
  "type": null,
  "faqId": 21290,
  "title": "¿Puedo descargar temas a mi celular? ¿Mi teléfono soporta fondos de pantalla?",
  "answer": " No puede instalar temas en su teléfono, pero su teléfono soporta fondos de pantalla. \r\n\r\n Para seleccionar un fondo de pantalla, presione y mantenga el botón de pantalla de inicio. Del cuadro de menú desplegable, presione Fondos de pantalla. \r\n\r\n ![](http://consumer.huawei.com/support/servlet/imageServlet?dlType=HtmlAreaImage&imageId=70724) ![](http://consumer.huawei.com/support/servlet/imageServlet?dlType=HtmlAreaImage&imageId=70725)\r\n\r\n En la pantalla de Fondos de pantalla, presione Fondo de pantalla de pantalla de inicio después Fondo de pantalla. De la pantalla mostrada, seleccione un fondo de pantalla. \r\n\r\n ![](http://consumer.huawei.com/support/servlet/imageServlet?dlType=HtmlAreaImage&imageId=70726)\r\n\r\n\n\n\n\n",
  "faqTypeId": null,
  "faqType": null,
  "useful": 0,
  "unUseful": 3,
  "languageId": 103,
  "languageName": "es",
  "faqCode": "4950",
  "faqTypeCode": null,
  "isTop": "0",
  "moduleCode": "faq",
  "productId": null,
  "productCode": null,
  "postDate": 1426869529000,
  "seriesProductName": "G630-U251,G6-U251,Y530-U051",
  "visitedTimes": 107,
  "isUsefulFlag": null,
  "score": 0,
  "times": 0,
  "imageList": null,
  "displayType": "text",
  "justView": "0",
  "fileName": null,
  "filePath": null,
  "imagePath": null,
  "imageName": null,
  "productIdList": null,
  "curPage": null,
  "pageSize": null,
  "siteCode": null,
  "statusFlag": "Publish",
  "returnCode": 0,
  "totalRows": null,
  "keywords": "captura de pantalla",
  "avgScore": 0.0,
  "createDate": null,
  "totalPages": null
}