{
  "type": null,
  "faqId": 21303,
  "title": "¿Qué protocolos Wi-Fi soporta mi teléfono? ¿Cuáles son los rangos que soporta cada protocolo?",
  "answer": " Su teléfono soporta 802.11b/g/n. Las tarifas estándar son 802.11b, 802.11g, y 802.11n y también son 11 Mbit/s, 54 Mbit/s, y 150 Mbit/s respectivamente. \r\n\n\n\n\n",
  "faqTypeId": null,
  "faqType": null,
  "useful": 3,
  "unUseful": 0,
  "languageId": 103,
  "languageName": "es",
  "faqCode": "4963",
  "faqTypeCode": null,
  "isTop": "0",
  "moduleCode": "faq",
  "productId": null,
  "productCode": null,
  "postDate": 1426869530000,
  "seriesProductName": "G630-U251,G6-U251,Y530-U051",
  "visitedTimes": 39,
  "isUsefulFlag": null,
  "score": 0,
  "times": 0,
  "imageList": null,
  "displayType": "text",
  "justView": "0",
  "fileName": null,
  "filePath": null,
  "imagePath": null,
  "imageName": null,
  "productIdList": null,
  "curPage": null,
  "pageSize": null,
  "siteCode": null,
  "statusFlag": "Publish",
  "returnCode": 0,
  "totalRows": null,
  "keywords": "protocolos wi-fi",
  "avgScore": 0.0,
  "createDate": null,
  "totalPages": null
}