{
  "type": null,
  "faqId": 21302,
  "title": "¿Cómo puedo conectar mi teléfono a una red de Wi-Fi?",
  "answer": " 1. Ir a Configuración/Conexiones Inalámbricas y Redes, Y activa el opción Wi-Fi. \r\n\r\n 2. seleccione Wi-Fi para buscar las conexiones de Wi-Fi que están disponibles en tu área. \r\n\r\n 3. Desde la pantalla redes de Wi-Fi, seleccione el red deseado. En la pantalla de dialogue, ingresa la contraseña de tu red de Wi-Fi, y seleccione Conectar. Después que la conexión este completo, podrás utilizar el red de Wi-Fi para acceso de Internet. \r\n\r\n ![](http://consumer.huawei.com/support/servlet/imageServlet?dlType=HtmlAreaImage&imageId=70754) ![](http://consumer.huawei.com/support/servlet/imageServlet?dlType=HtmlAreaImage&imageId=70755) ![](http://consumer.huawei.com/support/servlet/imageServlet?dlType=HtmlAreaImage&imageId=70756) \r\n\r\n\n\n\n\n",
  "faqTypeId": null,
  "faqType": null,
  "useful": 0,
  "unUseful": 1,
  "languageId": 103,
  "languageName": "es",
  "faqCode": "4962",
  "faqTypeCode": null,
  "isTop": "0",
  "moduleCode": "faq",
  "productId": null,
  "productCode": null,
  "postDate": 1426869530000,
  "seriesProductName": "G630-U251,G6-U251,Y530-U051",
  "visitedTimes": 20,
  "isUsefulFlag": null,
  "score": 0,
  "times": 0,
  "imageList": null,
  "displayType": "text",
  "justView": "0",
  "fileName": null,
  "filePath": null,
  "imagePath": null,
  "imageName": null,
  "productIdList": null,
  "curPage": null,
  "pageSize": null,
  "siteCode": null,
  "statusFlag": "Publish",
  "returnCode": 0,
  "totalRows": null,
  "keywords": "conexion wi-fi",
  "avgScore": 0.0,
  "createDate": null,
  "totalPages": null
}