{
  "type": null,
  "faqId": 21313,
  "title": "¿Cómo establecer un tono de llamada?",
  "answer": " Ingrese a configuración/sonidos de las opciones en la caja de texto selecciona un tono y, toque aplicar. \r\n\r\n ![](http://consumer.huawei.com/support/servlet/imageServlet?dlType=HtmlAreaImage&imageId=70768) ![](http://consumer.huawei.com/support/servlet/imageServlet?dlType=HtmlAreaImage&imageId=70769)\r\n\r\n\n\n\n\n",
  "faqTypeId": null,
  "faqType": null,
  "useful": 4,
  "unUseful": 0,
  "languageId": 103,
  "languageName": "es",
  "faqCode": "4973",
  "faqTypeCode": null,
  "isTop": "0",
  "moduleCode": "faq",
  "productId": null,
  "productCode": null,
  "postDate": 1426869531000,
  "seriesProductName": "G630-U251,G6-U251,Y530-U051",
  "visitedTimes": 10,
  "isUsefulFlag": null,
  "score": 0,
  "times": 0,
  "imageList": null,
  "displayType": "text",
  "justView": "0",
  "fileName": null,
  "filePath": null,
  "imagePath": null,
  "imageName": null,
  "productIdList": null,
  "curPage": null,
  "pageSize": null,
  "siteCode": null,
  "statusFlag": "Publish",
  "returnCode": 0,
  "totalRows": null,
  "keywords": "tono de llamada",
  "avgScore": 0.0,
  "createDate": null,
  "totalPages": null
}