{
  "type": null,
  "faqId": 21328,
  "title": "¿Puedo iniciar sesión en mi cuenta en cuenta del banco desde mi teléfono?",
  "answer": " Si. Es recomendable que instales tu sesión en línea de tu banco. Si inicia sesión en su cuenta en línea del banco usando su explorador en su teléfono puede que falle ya que algunas sesiones de banca en línea solo se pueden abrir en Internet Explorer. \r\n\n\n\n\n",
  "faqTypeId": null,
  "faqType": null,
  "useful": 0,
  "unUseful": 0,
  "languageId": 103,
  "languageName": "es",
  "faqCode": "4988",
  "faqTypeCode": null,
  "isTop": "0",
  "moduleCode": "faq",
  "productId": null,
  "productCode": null,
  "postDate": 1426869532000,
  "seriesProductName": "G630-U251,G6-U251,Y530-U051",
  "visitedTimes": 12,
  "isUsefulFlag": null,
  "score": 0,
  "times": 0,
  "imageList": null,
  "displayType": "text",
  "justView": "0",
  "fileName": null,
  "filePath": null,
  "imagePath": null,
  "imageName": null,
  "productIdList": null,
  "curPage": null,
  "pageSize": null,
  "siteCode": null,
  "statusFlag": "Publish",
  "returnCode": 0,
  "totalRows": null,
  "keywords": "cuenta banco",
  "avgScore": 0.0,
  "createDate": null,
  "totalPages": null
}