{
  "type": null,
  "faqId": 21323,
  "title": "¿Cómo puedo desactivar la vibración del teléfono al tocar una tecla?",
  "answer": " Si estas utilizando el teclado de google, para a pagar la vibración por tocar un patrón, diríjase a ajustes, ingrese a Idioma y texto, desactive vibrar al presionar tecla. \r\n\r\n ![](http://consumer.huawei.com/support/servlet/imageServlet?dlType=HtmlAreaImage&imageId=70775) ![](http://consumer.huawei.com/support/servlet/imageServlet?dlType=HtmlAreaImage&imageId=70776)\r\n\r\n Si estas usando el teclado de HUAWEI para desactivar el método de vibrar al tocar un patrón, diríjase a ajustes, seleccione lenguajes y métodos de escritura luego cambia por HUAWEI. Deseleccione sonido de tecla. \r\n\r\n ![](http://consumer.huawei.com/support/servlet/imageServlet?dlType=HtmlAreaImage&imageId=70777) ![](http://consumer.huawei.com/support/servlet/imageServlet?dlType=HtmlAreaImage&imageId=70778)\r\n\n\n\n\n",
  "faqTypeId": null,
  "faqType": null,
  "useful": 0,
  "unUseful": 0,
  "languageId": 103,
  "languageName": "es",
  "faqCode": "4983",
  "faqTypeCode": null,
  "isTop": "0",
  "moduleCode": "faq",
  "productId": null,
  "productCode": null,
  "postDate": 1426869531000,
  "seriesProductName": "G630-U251,G6-U251,Y530-U051",
  "visitedTimes": 4,
  "isUsefulFlag": null,
  "score": 0,
  "times": 0,
  "imageList": null,
  "displayType": "text",
  "justView": "0",
  "fileName": null,
  "filePath": null,
  "imagePath": null,
  "imageName": null,
  "productIdList": null,
  "curPage": null,
  "pageSize": null,
  "siteCode": null,
  "statusFlag": "Publish",
  "returnCode": 0,
  "totalRows": null,
  "keywords": "vibracion tecla",
  "avgScore": 0.0,
  "createDate": null,
  "totalPages": null
}