{
  "type": null,
  "faqId": 21338,
  "title": "¿Cómo habilito un bloqueo de pantalla que debe ser desbloqueado usando un PIN de bloqueo?",
  "answer": " 1. Vaya a Configuración y presione Seguridad/bloqueo de pantalla/PIN. \r\n\r\n 2. Debajo de Seleccione su PIN, introduzca su PIN. \r\n\r\n ![](http://consumer.huawei.com/support/servlet/imageServlet?dlType=HtmlAreaImage&imageId=70808) ![](http://consumer.huawei.com/support/servlet/imageServlet?dlType=HtmlAreaImage&imageId=70809) ![](http://consumer.huawei.com/support/servlet/imageServlet?dlType=HtmlAreaImage&imageId=70810)\r\n\r\n 3. Repita el PIN y presione Aceptar. \r\n\r\n Cuando encienda el teléfono o presione el botón de encendido para activar la pantalla, la siguiente pantalla de código de bloqueo es mostrada. Introduzca su PIN y presione para desbloquear la pantalla. \r\n\r\n ![](http://consumer.huawei.com/support/servlet/imageServlet?dlType=HtmlAreaImage&imageId=70811)\r\n\r\n\n\n\n\n",
  "faqTypeId": null,
  "faqType": null,
  "useful": 0,
  "unUseful": 0,
  "languageId": 103,
  "languageName": "es",
  "faqCode": "4998",
  "faqTypeCode": null,
  "isTop": "0",
  "moduleCode": "faq",
  "productId": null,
  "productCode": null,
  "postDate": 1426869532000,
  "seriesProductName": "G630-U251,G6-U251,Y530-U051",
  "visitedTimes": 11,
  "isUsefulFlag": null,
  "score": 0,
  "times": 0,
  "imageList": null,
  "displayType": "text",
  "justView": "0",
  "fileName": null,
  "filePath": null,
  "imagePath": null,
  "imageName": null,
  "productIdList": null,
  "curPage": null,
  "pageSize": null,
  "siteCode": null,
  "statusFlag": "Publish",
  "returnCode": 0,
  "totalRows": null,
  "keywords": "PIN de bloqueo",
  "avgScore": 0.0,
  "createDate": null,
  "totalPages": null
}