{
  "type": null,
  "faqId": 21333,
  "title": "¿Cómo habilito o deshabilito el servicio de datos?",
  "answer": " Ingrese a Ajustes. Presione Redes móviles/Conexión de datos. Seleccione su proveedor de servicio para encender su servicio de datos o apagar para apagar su servicio de datos. \r\n\r\n Arrastre la barra de estatus hacia abajo: \r\n\r\n En la caja de herramientas en el panel de notificación, presione ![](http://consumer.huawei.com/support/servlet/imageServlet?dlType=HtmlAreaImage&imageId=70794) para encender el servicio de datos. El ícono cambia ![](http://consumer.huawei.com/support/servlet/imageServlet?dlType=HtmlAreaImage&imageId=70795) cuando el servicio de datos es encendido. \r\n\r\n Vaya a Configuración. Presione Dual SIM/Conexión de datos. Seleccione su proveedor de servicio para encender los datos de servicio o Apagar para apagar los datos de servicio. \r\n\n\n\n\n",
  "faqTypeId": null,
  "faqType": null,
  "useful": 0,
  "unUseful": 0,
  "languageId": 103,
  "languageName": "es",
  "faqCode": "4993",
  "faqTypeCode": null,
  "isTop": "0",
  "moduleCode": "faq",
  "productId": null,
  "productCode": null,
  "postDate": 1426869532000,
  "seriesProductName": "G630-U251,G6-U251,Y530-U051",
  "visitedTimes": 8,
  "isUsefulFlag": null,
  "score": 0,
  "times": 0,
  "imageList": null,
  "displayType": "text",
  "justView": "0",
  "fileName": null,
  "filePath": null,
  "imagePath": null,
  "imageName": null,
  "productIdList": null,
  "curPage": null,
  "pageSize": null,
  "siteCode": null,
  "statusFlag": "Publish",
  "returnCode": 0,
  "totalRows": null,
  "keywords": "servicio datos",
  "avgScore": 0.0,
  "createDate": null,
  "totalPages": null
}