{
  "type": null,
  "faqId": 21341,
  "title": "¿Cuantas veces puedo tratar de desbloquear mi teléfono hasta que se desbloque completo? Puedo desbloquear mi teléfono enviando un correo desde mi cuenta Gmail?",
  "answer": " Tu teléfono no será bloqueado aunque intentes de desbloquear lo con un código de símbolo incorrecto más de cinco veces. Su teléfono va dejar de funcionar por 30 segundos. Durante este tiempo puedes ingresar el código pin de respalda para desbloquear la pantalla. Después de 30 segundos, para volver a intentar de nuevo el código de desbloqueo. \r\n\r\n If you forget your unlock pattern and backup PIN, please send your phone to the local customer service center. Your phone cannot be unlocked using an email from Gmail. \r\n\n\n\n\n",
  "faqTypeId": null,
  "faqType": null,
  "useful": 4,
  "unUseful": 2,
  "languageId": 103,
  "languageName": "es",
  "faqCode": "5001",
  "faqTypeCode": null,
  "isTop": "0",
  "moduleCode": "faq",
  "productId": null,
  "productCode": null,
  "postDate": 1426869533000,
  "seriesProductName": "G630-U251,G6-U251,Y530-U051",
  "visitedTimes": 68,
  "isUsefulFlag": null,
  "score": 0,
  "times": 0,
  "imageList": null,
  "displayType": "text",
  "justView": "0",
  "fileName": null,
  "filePath": null,
  "imagePath": null,
  "imageName": null,
  "productIdList": null,
  "curPage": null,
  "pageSize": null,
  "siteCode": null,
  "statusFlag": "Publish",
  "returnCode": 0,
  "totalRows": null,
  "keywords": "desbloqueo",
  "avgScore": 0.0,
  "createDate": null,
  "totalPages": null
}