{
  "type": null,
  "faqId": 21340,
  "title": "¿Cómo habilito un bloqueo de pantalla que debe ser desbloqueado usando patrón?",
  "answer": " 1. Ingrese a Configuración y presione Seguridad/bloqueo de pantalla/Patrón. \r\n\r\n 2. En la pantalla de Escoja su patrón, deslice su dedo a través de la pantalla para conectar 4 o más puntos juntos en un patrón y presione Continuar. \r\n\r\n ![](http://consumer.huawei.com/support/servlet/imageServlet?dlType=HtmlAreaImage&imageId=70812)\r\n\r\n 3. Dibuje le patrón de nuevo y presione Confirmar. \r\n\r\n Cuando encienda el teléfono o presione el botón de encendido para activar la pantalla, la siguiente pantalla de código de bloqueo es mostrada. Dibuje su patrón para desbloquear la pantalla. \r\n\r\n ![](http://consumer.huawei.com/support/servlet/imageServlet?dlType=HtmlAreaImage&imageId=70813)\r\n\r\n\n\n\n\n",
  "faqTypeId": null,
  "faqType": null,
  "useful": 0,
  "unUseful": 0,
  "languageId": 103,
  "languageName": "es",
  "faqCode": "5000",
  "faqTypeCode": null,
  "isTop": "0",
  "moduleCode": "faq",
  "productId": null,
  "productCode": null,
  "postDate": 1426869532000,
  "seriesProductName": "G630-U251,G6-U251,Y530-U051",
  "visitedTimes": 8,
  "isUsefulFlag": null,
  "score": 0,
  "times": 0,
  "imageList": null,
  "displayType": "text",
  "justView": "0",
  "fileName": null,
  "filePath": null,
  "imagePath": null,
  "imageName": null,
  "productIdList": null,
  "curPage": null,
  "pageSize": null,
  "siteCode": null,
  "statusFlag": "Publish",
  "returnCode": 0,
  "totalRows": null,
  "keywords": "bloqueo patron",
  "avgScore": 0.0,
  "createDate": null,
  "totalPages": null
}