{
  "type": null,
  "faqId": 21367,
  "title": "¿Puedo sincronizar la fecha y hora del teléfono con la red?",
  "answer": " Si. \r\n\r\n Ingrese a Configuración y seleccione fecha y hora. Seleccione Fecha y hora Automática/Horario de Zona Automatico. \r\n\n\n\n\n",
  "faqTypeId": null,
  "faqType": null,
  "useful": 0,
  "unUseful": 0,
  "languageId": 103,
  "languageName": "es",
  "faqCode": "5027",
  "faqTypeCode": null,
  "isTop": "0",
  "moduleCode": "faq",
  "productId": null,
  "productCode": null,
  "postDate": 1426869533000,
  "seriesProductName": "G630-U251,G6-U251,Y530-U051",
  "visitedTimes": 5,
  "isUsefulFlag": null,
  "score": 0,
  "times": 0,
  "imageList": null,
  "displayType": "text",
  "justView": "0",
  "fileName": null,
  "filePath": null,
  "imagePath": null,
  "imageName": null,
  "productIdList": null,
  "curPage": null,
  "pageSize": null,
  "siteCode": null,
  "statusFlag": "Publish",
  "returnCode": 0,
  "totalRows": null,
  "keywords": "fecha hora",
  "avgScore": 0.0,
  "createDate": null,
  "totalPages": null
}