{
  "type": null,
  "faqId": 21375,
  "title": "HiSuite",
  "answer": " Su teléfono incluiye HiSuite. \r\n\r\n Conecte su teléfono a su computadora utilizando un cable USB, y seleccione Device file manager (MTP), Almacenamiento masivo, o Solo carga en la ventana de notificaciones, para que muestre la pantalla de menú conexiones de USB. \r\n\r\n ![](http://consumer.huawei.com/support/servlet/imageServlet?dlType=HtmlAreaImage&imageId=71021) ![](http://consumer.huawei.com/support/servlet/imageServlet?dlType=HtmlAreaImage&imageId=71022)\r\n\r\n Seleccione PC Suite (HiSuite). \r\n\r\n Espera un poco. En tu computadora, abre Mi Computadora y seleccione HiSuite drive. Corre HiSuiteDownLoader.exe. \r\n\r\n ![](http://consumer.huawei.com/support/servlet/imageServlet?dlType=HtmlAreaImage&imageId=71023)\r\n\r\n Siga las instrucciones que aparecen en la pantalla para completar la información de Hisuite. Después de esto deberá ser posible abrir la aplicación y administrar su dispositivo. \r\n\n\n\n\n",
  "faqTypeId": null,
  "faqType": null,
  "useful": 4,
  "unUseful": 2,
  "languageId": 103,
  "languageName": "es",
  "faqCode": "5035",
  "faqTypeCode": null,
  "isTop": "0",
  "moduleCode": "faq",
  "productId": null,
  "productCode": null,
  "postDate": 1426869535000,
  "seriesProductName": "G630-U251,G6-U251,Y530-U051",
  "visitedTimes": 200,
  "isUsefulFlag": null,
  "score": 0,
  "times": 0,
  "imageList": null,
  "displayType": "text",
  "justView": "0",
  "fileName": null,
  "filePath": null,
  "imagePath": null,
  "imageName": null,
  "productIdList": null,
  "curPage": null,
  "pageSize": null,
  "siteCode": null,
  "statusFlag": "Publish",
  "returnCode": 0,
  "totalRows": null,
  "keywords": "hisuite",
  "avgScore": 0.0,
  "createDate": null,
  "totalPages": null
}