{
  "type": null,
  "faqId": 21379,
  "title": "¿Cómo puedo interpretar los indicadores de LED?",
  "answer": " 1. Parpadeo en rojo: batería baja.   \r\n Parpadeo en verde; Hay mensajes sin leer o llamadas perdidas. \r\n\r\n 2. Cuando el teléfono está cargando:   \r\n Rojo: Hay poca carga en la batería.   \r\n Amarillo: La batería tiene un nivel medio de carga.   \r\n Verde: EL nivel de la carga está arriba del 90%. \r\n\n\n\n\n",
  "faqTypeId": null,
  "faqType": null,
  "useful": 2,
  "unUseful": 0,
  "languageId": 103,
  "languageName": "es",
  "faqCode": "5039",
  "faqTypeCode": null,
  "isTop": "0",
  "moduleCode": "faq",
  "productId": null,
  "productCode": null,
  "postDate": 1426869535000,
  "seriesProductName": "G630-U251,G6-U251,Y530-U051",
  "visitedTimes": 54,
  "isUsefulFlag": null,
  "score": 0,
  "times": 0,
  "imageList": null,
  "displayType": "text",
  "justView": "0",
  "fileName": null,
  "filePath": null,
  "imagePath": null,
  "imageName": null,
  "productIdList": null,
  "curPage": null,
  "pageSize": null,
  "siteCode": null,
  "statusFlag": "Publish",
  "returnCode": 0,
  "totalRows": null,
  "keywords": "indicadores led",
  "avgScore": 0.0,
  "createDate": null,
  "totalPages": null
}