{
  "type": null,
  "faqId": 21373,
  "title": "¿Cómo restablezco mi teléfono a valores de fábrica?",
  "answer": " 1. Ingrese a Configuración y seleccionar Restablecer y Recuperación > Restablecer datos de fábrica. \r\n\r\n 2. Seleccione Copia de seguridad para guardar datos importantes en su teléfono, como masajes y contactos. Y luego seleccionar Restablecer el teléfono. Seleccione Borrar Todo para restablecer su teléfono al estado de fábrica. \r\n\r\n ![](http://consumer.huawei.com/support/servlet/imageServlet?dlType=HtmlAreaImage&imageId=71019)\r\n\r\n\n\n\n\n",
  "faqTypeId": null,
  "faqType": null,
  "useful": 1,
  "unUseful": 2,
  "languageId": 103,
  "languageName": "es",
  "faqCode": "5033",
  "faqTypeCode": null,
  "isTop": "0",
  "moduleCode": "faq",
  "productId": null,
  "productCode": null,
  "postDate": 1426869535000,
  "seriesProductName": "G630-U251,G6-U251,Y530-U051",
  "visitedTimes": 118,
  "isUsefulFlag": null,
  "score": 0,
  "times": 0,
  "imageList": null,
  "displayType": "text",
  "justView": "0",
  "fileName": null,
  "filePath": null,
  "imagePath": null,
  "imageName": null,
  "productIdList": null,
  "curPage": null,
  "pageSize": null,
  "siteCode": null,
  "statusFlag": "Publish",
  "returnCode": 0,
  "totalRows": null,
  "keywords": "valores de fabrica",
  "avgScore": 0.0,
  "createDate": null,
  "totalPages": null
}