{
  "type": null,
  "faqId": 21391,
  "title": "Si le quito la batería, ¿hay peligro que la fecha y hora de mi teléfono se restablezca? ¿Configurar mi teléfono automáticamente para la fecha y hora va generar tráfico de datos?",
  "answer": " Si la batería es removida del teléfono por más de 20 segundos, la fecha y la hora regresan al estado de fábrica. Si su teléfono obtiene la fecha y hora desde la red de su proveedor cuando se enciende, se registra automáticamente a la red. Si el teléfono no utiliza una conexión de internet para sincronizar la fecha y hora, no va causar ningún tráfico de datos. \r\n\r\n Si su teléfono obtiene la fecha y hora desde la red del proveedor cuando esta encendido y se ha seleccionado la opción de Fecha y hora automáticas en configuración, Su teléfono se sincronizara con la fecha y hora con la red móvil, usando un mínimo de datos móviles.. \r\n\n\n\n\n",
  "faqTypeId": null,
  "faqType": null,
  "useful": 0,
  "unUseful": 0,
  "languageId": 103,
  "languageName": "es",
  "faqCode": "5051",
  "faqTypeCode": null,
  "isTop": "0",
  "moduleCode": "faq",
  "productId": null,
  "productCode": null,
  "postDate": 1426869536000,
  "seriesProductName": "G630-U251,G6-U251,Y530-U051",
  "visitedTimes": 110,
  "isUsefulFlag": null,
  "score": 0,
  "times": 0,
  "imageList": null,
  "displayType": "text",
  "justView": "0",
  "fileName": null,
  "filePath": null,
  "imagePath": null,
  "imageName": null,
  "productIdList": null,
  "curPage": null,
  "pageSize": null,
  "siteCode": null,
  "statusFlag": "Publish",
  "returnCode": 0,
  "totalRows": null,
  "keywords": "bateria hora fecha",
  "avgScore": 0.0,
  "createDate": null,
  "totalPages": null
}