{
  "type": null,
  "faqId": 21394,
  "title": "¿Cómo reviso el espacio disponible en el almacenamiento del teléfono y tarjeta micro SD?",
  "answer": " Primero ingrese a configuración/almacenamiento. En almacenamiento interno puede revisar el total de espacio disponible del teléfono. En la tarjeta microSD, puede revisar el total espacio que está disponible en su tarjeta microSD. \r\n\r\n ![](http://consumer.huawei.com/support/servlet/imageServlet?dlType=HtmlAreaImage&imageId=71026) ![](http://consumer.huawei.com/support/servlet/imageServlet?dlType=HtmlAreaImage&imageId=71027)\r\n\n\n\n\n",
  "faqTypeId": null,
  "faqType": null,
  "useful": 1,
  "unUseful": 0,
  "languageId": 103,
  "languageName": "es",
  "faqCode": "5054",
  "faqTypeCode": null,
  "isTop": "0",
  "moduleCode": "faq",
  "productId": null,
  "productCode": null,
  "postDate": 1426869536000,
  "seriesProductName": "G630-U251,G6-U251,Y530-U051",
  "visitedTimes": 193,
  "isUsefulFlag": null,
  "score": 0,
  "times": 0,
  "imageList": null,
  "displayType": "text",
  "justView": "0",
  "fileName": null,
  "filePath": null,
  "imagePath": null,
  "imageName": null,
  "productIdList": null,
  "curPage": null,
  "pageSize": null,
  "siteCode": null,
  "statusFlag": "Publish",
  "returnCode": 0,
  "totalRows": null,
  "keywords": "espacio almacenamiento",
  "avgScore": 0.0,
  "createDate": null,
  "totalPages": null
}