{
  "type": null,
  "faqId": 21390,
  "title": "¿Cómo puedo saber si mi equipo ha sido rooteado?",
  "answer": " Conecta tu dispositivo a la computadora. Ingresa a la consola de comandos en la computadora, ingresa la instrucción adb Shell. Si $ es mostrado, el equipo no ha sido rooteado, si muestra #, el equipo ha sido rooteado. \r\n\r\n ![](http://consumer.huawei.com/support/servlet/imageServlet?dlType=HtmlAreaImage&imageId=71025)\r\n\r\n\n\n\n\n",
  "faqTypeId": null,
  "faqType": null,
  "useful": 1,
  "unUseful": 1,
  "languageId": 103,
  "languageName": "es",
  "faqCode": "5050",
  "faqTypeCode": null,
  "isTop": "0",
  "moduleCode": "faq",
  "productId": null,
  "productCode": null,
  "postDate": 1426869536000,
  "seriesProductName": "G630-U251,G6-U251,Y530-U051",
  "visitedTimes": 254,
  "isUsefulFlag": null,
  "score": 0,
  "times": 0,
  "imageList": null,
  "displayType": "text",
  "justView": "0",
  "fileName": null,
  "filePath": null,
  "imagePath": null,
  "imageName": null,
  "productIdList": null,
  "curPage": null,
  "pageSize": null,
  "siteCode": null,
  "statusFlag": "Publish",
  "returnCode": 0,
  "totalRows": null,
  "keywords": "rooteado",
  "avgScore": 0.0,
  "createDate": null,
  "totalPages": null
}