{
  "type": null,
  "faqId": 21400,
  "title": "¿Cómo agregar un contacto y como agregar una foto a este?",
  "answer": " Crear un contacto \r\n\r\n Toque el icono de contactos después ingrese![](http://consumer.huawei.com/support/servlet/imageServlet?dlType=HtmlAreaImage&imageId=71031), seleccione donde se va a almacenar el contacto, ingrese los detalles del contacto y toque guardar. \r\n\r\n Asignar una foto a contacto \r\n\r\n ![](http://consumer.huawei.com/support/servlet/imageServlet?dlType=HtmlAreaImage&imageId=71032)\r\n\r\n No podrá asignar una foto, si el contacto fue guardado en la memoria de su tarjeta SIM. \r\n\r\n Método 1: Diríjase a contactos y toque un contacto para desplegar la información del contacto. Toque la parte seleccionada para foto de contacto y luego tome una foto, seleccione una de su galería o seleccione una imagen precargada como se muestra en las siguientes imágenes. \r\n\r\n Método 2: Diríjase a contactos y seleccione un contacto para desplegar la información de contacto. Seleccione ![](http://consumer.huawei.com/support/servlet/imageServlet?dlType=HtmlAreaImage&imageId=71033) para desplegar las opciones de edición de contacto. Toque la parte seleccionada para foto de contacto y luego tome una foto, seleccione una de su galería o seleccione una imagen precargada como se muestra en las siguientes imágenes. \r\n\r\n ![](http://consumer.huawei.com/support/servlet/imageServlet?dlType=HtmlAreaImage&imageId=71034)\r\n\r\n\n\n\n\n",
  "faqTypeId": null,
  "faqType": null,
  "useful": 0,
  "unUseful": 0,
  "languageId": 103,
  "languageName": "es",
  "faqCode": "5061",
  "faqTypeCode": null,
  "isTop": "0",
  "moduleCode": "faq",
  "productId": null,
  "productCode": null,
  "postDate": 1426870745000,
  "seriesProductName": "C8860V,CM990,EDGE-U00,G510-0251,G526-L22,G526-L33,G620S-L01,G620S-L03,G630-U251,G6-L11,G6-L33,G760-L03,Jazz-L09,MT1-U06,P2-6011,Sophia-L12,U8815-51,U9200-1,U9202L-1,U9508,U9510E,Y220-U00,Y221-U03,Y221-U12,Y221-U33,Y300-0151,Y320-U10,Y320-U151,Y321-U051,Y360-U23,Y511-U251,Y520-U33,Y550-L01,Y550-L03,Y600-U151,Y625-U03",
  "visitedTimes": 26,
  "isUsefulFlag": null,
  "score": 0,
  "times": 0,
  "imageList": null,
  "displayType": "text",
  "justView": "0",
  "fileName": null,
  "filePath": null,
  "imagePath": null,
  "imageName": null,
  "productIdList": null,
  "curPage": null,
  "pageSize": null,
  "siteCode": null,
  "statusFlag": "Publish",
  "returnCode": 0,
  "totalRows": null,
  "keywords": "agregar, contacto, foto, Android 4.3",
  "avgScore": 0.0,
  "createDate": null,
  "totalPages": null
}