{
  "type": null,
  "faqId": 21432,
  "title": "¿Cómo conecto mi teléfono a un punto de acceso con una IP estática para acceder a internet?",
  "answer": " Vaya a Configuraciones. Bajo Conexiones inalámbricas y redes, toque Wi-Fi. En la pantalla de Wi-Fi, toque el punto de acceso deseado. En el cuadro de diálogo que aparece, seleccione Mostrar opciones avanzadas. Seleccione Estática para la configuración IP. Introduzca la dirección IP (en su mayoría 192.168.1. ***), La dirección de puerta de enlace (en su mayoría 192.168.1.1), máscara de subred o máscara de red (255.255.255.0), y el nombre de dominio (dirección DNS). \r\n\r\n ![](http://consumer.huawei.com/support/servlet/imageServlet?dlType=HtmlAreaImage&imageId=71120) ![](http://consumer.huawei.com/support/servlet/imageServlet?dlType=HtmlAreaImage&imageId=71121)\r\n\r\n Cuando el teléfono utiliza DHCP para acceder a Internet a través de Wi-Fi, se debe esperar a que el router le asigne una dirección IP dinámica, lo que lleva tiempo. Al especificar una dirección IP estática para el teléfono, este problema se resuelve. \r\n\n\n\n\n",
  "faqTypeId": null,
  "faqType": null,
  "useful": 0,
  "unUseful": 0,
  "languageId": 103,
  "languageName": "es",
  "faqCode": "5092",
  "faqTypeCode": null,
  "isTop": "0",
  "moduleCode": "faq",
  "productId": null,
  "productCode": null,
  "postDate": 1426876938000,
  "seriesProductName": "C8860V,CM990,EDGE-U00,G510-0251,G526-L22,G526-L33,G620S-L01,G620S-L03,G630-U251,G6-L11,G6-L33,G760-L03,Jazz-L09,MT1-U06,P2-6011,Sophia-L12,U8815-51,U9200-1,U9202L-1,U9508,U9510E,Y220-U00,Y221-U03,Y221-U12,Y221-U33,Y300-0151,Y320-U10,Y320-U151,Y321-U051,Y360-U23,Y511-U251,Y520-U33,Y550-L01,Y550-L03,Y600-U151,Y625-U03",
  "visitedTimes": 107,
  "isUsefulFlag": null,
  "score": 0,
  "times": 0,
  "imageList": null,
  "displayType": "text",
  "justView": "0",
  "fileName": null,
  "filePath": null,
  "imagePath": null,
  "imageName": null,
  "productIdList": null,
  "curPage": null,
  "pageSize": null,
  "siteCode": null,
  "statusFlag": "Publish",
  "returnCode": 0,
  "totalRows": null,
  "keywords": "punto, acceso, IP, estatica, Android 4.3",
  "avgScore": 0.0,
  "createDate": null,
  "totalPages": null
}