{
  "type": null,
  "faqId": 21433,
  "title": "¿Cómo configurar el teléfono para funcionar como modem y proveer de acceso a internet a un ordenador?",
  "answer": " 1. Ingrese a configuraciones. \r\n\r\n 2. Ingrese Conexiones inalámbricas y redes, toque Más. En la pantalla que aparece, toque conexiones de red y zona Wi-Fi. \r\n\r\n 3. Selecciona conexión por puerto usb. \r\n\r\n 4. En un equipo, instale un controlador USB, que se puede obtener a partir de HiSuite. Haga clic derecho en Mi PC y seleccione Administrador de dispositivos. \r\n\r\n Ahora tu teléfono aparecerá como un adaptador de red. \r\n\r\n ![](http://consumer.huawei.com/support/servlet/imageServlet?dlType=HtmlAreaImage&imageId=71122)\r\n\r\n ![](http://consumer.huawei.com/support/servlet/imageServlet?dlType=HtmlAreaImage&imageId=71123)\r\n\r\n ![](http://consumer.huawei.com/support/servlet/imageServlet?dlType=HtmlAreaImage&imageId=71124)\r\n\r\n La conexión de datos móviles de su teléfono deben de estar encendidos, de otra manera el teléfono no podrá proveer de conexione a internet a los ordenadores. \r\n\r\n Si el equipo proporciona un adaptador de red inalámbrico, puede activar el punto de acceso Wi-Fi portátil en Configuraciones> Conexiones inalámbricas y redes> Más ...> conexión a internet y zona Wi-Fi. Su equipo podrá ahora conectarse a través de su teléfono a la red Wi-Fi para acceder a Internet. Actualmente, esta función está disponible para equipos con Windows. \r\n\n\n\n\n",
  "faqTypeId": null,
  "faqType": null,
  "useful": 1,
  "unUseful": 1,
  "languageId": 103,
  "languageName": "es",
  "faqCode": "5093",
  "faqTypeCode": null,
  "isTop": "0",
  "moduleCode": "faq",
  "productId": null,
  "productCode": null,
  "postDate": 1426876938000,
  "seriesProductName": "C8860V,CM990,EDGE-U00,G510-0251,G526-L22,G526-L33,G620S-L01,G620S-L03,G630-U251,G6-L11,G6-L33,G760-L03,Jazz-L09,MT1-U06,P2-6011,Sophia-L12,U8815-51,U9200-1,U9202L-1,U9508,U9510E,Y220-U00,Y221-U03,Y221-U12,Y221-U33,Y300-0151,Y320-U10,Y320-U151,Y321-U051,Y360-U23,Y511-U251,Y520-U33,Y550-L01,Y550-L03,Y600-U151,Y625-U03",
  "visitedTimes": 164,
  "isUsefulFlag": null,
  "score": 0,
  "times": 0,
  "imageList": null,
  "displayType": "text",
  "justView": "0",
  "fileName": null,
  "filePath": null,
  "imagePath": null,
  "imageName": null,
  "productIdList": null,
  "curPage": null,
  "pageSize": null,
  "siteCode": null,
  "statusFlag": "Publish",
  "returnCode": 0,
  "totalRows": null,
  "keywords": "funcionar, modem, acceso, internet, Android 4.3",
  "avgScore": 0.0,
  "createDate": null,
  "totalPages": null
}