{
  "type": null,
  "faqId": 21458,
  "title": "¿Cómo habilito un bloqueo de pantalla que debe ser desbloqueado usando patrón?",
  "answer": " 1. Ingrese a Configuración y presione Seguridad/bloqueo de pantalla/Patrón. \r\n\r\n 2. En la pantalla de Escoja su patrón, deslice su dedo a través de la pantalla para conectar 4 o más puntos juntos en un patrón y presione Continuar. \r\n\r\n ![](http://consumer.huawei.com/support/servlet/imageServlet?dlType=HtmlAreaImage&imageId=71169)\r\n\r\n 3. Dibuje le patrón de nuevo y presione Confirmar. \r\n\r\n Cuando encienda el teléfono o presione el botón de encendido para activar la pantalla, la siguiente pantalla de código de bloqueo es mostrada. Dibuje su patrón para desbloquear la pantalla. \r\n\r\n ![](http://consumer.huawei.com/support/servlet/imageServlet?dlType=HtmlAreaImage&imageId=71170)\r\n\r\n\n\n\n\n",
  "faqTypeId": null,
  "faqType": null,
  "useful": 1,
  "unUseful": 0,
  "languageId": 103,
  "languageName": "es",
  "faqCode": "5118",
  "faqTypeCode": null,
  "isTop": "0",
  "moduleCode": "faq",
  "productId": null,
  "productCode": null,
  "postDate": 1426876944000,
  "seriesProductName": "C8860V,CM990,EDGE-U00,G510-0251,G526-L22,G526-L33,G620S-L01,G620S-L03,G630-U251,G6-L11,G6-L33,G760-L03,Jazz-L09,MT1-U06,P2-6011,Sophia-L12,U8815-51,U9200-1,U9202L-1,U9508,U9510E,Y220-U00,Y221-U03,Y221-U12,Y221-U33,Y300-0151,Y320-U10,Y320-U151,Y321-U051,Y360-U23,Y511-U251,Y520-U33,Y550-L01,Y550-L03,Y600-U151,Y625-U03",
  "visitedTimes": 69,
  "isUsefulFlag": null,
  "score": 0,
  "times": 0,
  "imageList": null,
  "displayType": "text",
  "justView": "0",
  "fileName": null,
  "filePath": null,
  "imagePath": null,
  "imageName": null,
  "productIdList": null,
  "curPage": null,
  "pageSize": null,
  "siteCode": null,
  "statusFlag": "Publish",
  "returnCode": 0,
  "totalRows": null,
  "keywords": "bloqueo, pantalla, patron, Android 4.3",
  "avgScore": 0.0,
  "createDate": null,
  "totalPages": null
}