{
  "type": null,
  "faqId": 21467,
  "title": "No puedo instalar una aplicación. ¿Qué puedo hacer?",
  "answer": " El espacio de almacenamiento es insuficiente. Si esto pasa, desinstale algunas aplicaciones que no use con tanta frecuencia o borre algunos archivos en el Administrador de archivos. \r\n\r\n La aplicación no es compatible con su teléfono. Algunas aplicaciones para sistema operativo Android 2.3 tal vez no puedan ser instaladas en el sistema operativo Android 4.2. Si esto pasa, actualice sus aplicaciones. \r\n\n\n\n\n",
  "faqTypeId": null,
  "faqType": null,
  "useful": 8,
  "unUseful": 5,
  "languageId": 103,
  "languageName": "es",
  "faqCode": "5127",
  "faqTypeCode": null,
  "isTop": "0",
  "moduleCode": "faq",
  "productId": null,
  "productCode": null,
  "postDate": 1426876946000,
  "seriesProductName": "C8860V,CM990,EDGE-U00,G510-0251,G526-L22,G526-L33,G620S-L01,G620S-L03,G630-U251,G6-L11,G6-L33,G760-L03,Jazz-L09,MT1-U06,P2-6011,Sophia-L12,U8815-51,U9200-1,U9202L-1,U9508,U9510E,Y220-U00,Y221-U03,Y221-U12,Y221-U33,Y300-0151,Y320-U10,Y320-U151,Y321-U051,Y360-U23,Y511-U251,Y520-U33,Y550-L01,Y550-L03,Y600-U151,Y625-U03",
  "visitedTimes": 316,
  "isUsefulFlag": null,
  "score": 0,
  "times": 0,
  "imageList": null,
  "displayType": "text",
  "justView": "0",
  "fileName": null,
  "filePath": null,
  "imagePath": null,
  "imageName": null,
  "productIdList": null,
  "curPage": null,
  "pageSize": null,
  "siteCode": null,
  "statusFlag": "Publish",
  "returnCode": 0,
  "totalRows": null,
  "keywords": "instalar, aplicacion, Android 4.3",
  "avgScore": 0.0,
  "createDate": null,
  "totalPages": null
}