{
  "type": null,
  "faqId": 21461,
  "title": "¿Cómo agregar y quitar una alarma?",
  "answer": " 1. Seleccione reloj. \r\n\r\n 2. Accesar la pantalla de alarma. \r\n\r\n 3. Seleccione ![](http://consumer.huawei.com/support/servlet/imageServlet?dlType=HtmlAreaImage&imageId=71171). Y sigue lo siguiente: \r\n\r\n − Ajustar el tiempo cuando el alarma de activa, como se demuestra en el diagrama. \r\n\r\n − Para ajustar que el alarma se repite en ciertos días, seleccione las veces que se Repite. \r\n\r\n ![](http://consumer.huawei.com/support/servlet/imageServlet?dlType=HtmlAreaImage&imageId=71172)\r\n\r\n − Para agregar un tono de sonido para tu alarma, seleccione Tono de Sonido y agrega el tono de sonido deseado. \r\n\r\n − Para activar tu teléfono en modo vibrar cuando el alarma suena, activa el modo de Vibrar. \r\n\r\n − Para nombrar una alarma, ingrese un nombre. \r\n\r\n 4. Seleccione Hecho. \r\n\r\n En la pantalla de la alarma, puedes encontrar la lista de todos los alarmas. Deslice para apagar o encender la alarma. Para borrar una alarma, seleccione y mantenga presionado y seleccione borrar alarma desde la pantalla principal de menú. \r\n\n\n\n\n",
  "faqTypeId": null,
  "faqType": null,
  "useful": 0,
  "unUseful": 0,
  "languageId": 103,
  "languageName": "es",
  "faqCode": "5121",
  "faqTypeCode": null,
  "isTop": "0",
  "moduleCode": "faq",
  "productId": null,
  "productCode": null,
  "postDate": 1426876945000,
  "seriesProductName": "C8860V,CM990,EDGE-U00,G510-0251,G526-L22,G526-L33,G620S-L01,G620S-L03,G630-U251,G6-L11,G6-L33,G760-L03,Jazz-L09,MT1-U06,P2-6011,Sophia-L12,U8815-51,U9200-1,U9202L-1,U9508,U9510E,Y220-U00,Y221-U03,Y221-U12,Y221-U33,Y300-0151,Y320-U10,Y320-U151,Y321-U051,Y360-U23,Y511-U251,Y520-U33,Y550-L01,Y550-L03,Y600-U151,Y625-U03",
  "visitedTimes": 23,
  "isUsefulFlag": null,
  "score": 0,
  "times": 0,
  "imageList": null,
  "displayType": "text",
  "justView": "0",
  "fileName": null,
  "filePath": null,
  "imagePath": null,
  "imageName": null,
  "productIdList": null,
  "curPage": null,
  "pageSize": null,
  "siteCode": null,
  "statusFlag": "Publish",
  "returnCode": 0,
  "totalRows": null,
  "keywords": "agregar, quitar, alarma, Android 4.3",
  "avgScore": 0.0,
  "createDate": null,
  "totalPages": null
}