{
  "type": null,
  "faqId": 21486,
  "title": "HiSuite",
  "answer": " Su teléfono incluiye HiSuite. \r\n\r\n Conecte su teléfono a su computadora utilizando un cable USB, y seleccione Device file manager (MTP), Almacenamiento masivo, o Solo carga en la ventana de notificaciones, para que muestre la pantalla de menú conexiones de USB. \r\n\r\n ![](http://consumer.huawei.com/support/servlet/imageServlet?dlType=HtmlAreaImage&imageId=71198) ![](http://consumer.huawei.com/support/servlet/imageServlet?dlType=HtmlAreaImage&imageId=71199)\r\n\r\n Seleccione PC Suite (HiSuite). \r\n\r\n Espera un poco. En tu computadora, abre Mi Computadora y seleccione HiSuite drive. Corre HiSuiteDownLoader.exe. \r\n\r\n ![](http://consumer.huawei.com/support/servlet/imageServlet?dlType=HtmlAreaImage&imageId=71200)\r\n\r\n Siga las instrucciones que aparecen en la pantalla para completar la información de Hisuite. Después de esto deberá ser posible abrir la aplicación y administrar su dispositivo. \r\n\n\n\n\n",
  "faqTypeId": null,
  "faqType": null,
  "useful": 17,
  "unUseful": 7,
  "languageId": 103,
  "languageName": "es",
  "faqCode": "5146",
  "faqTypeCode": null,
  "isTop": "0",
  "moduleCode": "faq",
  "productId": null,
  "productCode": null,
  "postDate": 1426876950000,
  "seriesProductName": "C8860V,CM990,EDGE-U00,G510-0251,G526-L22,G526-L33,G620S-L01,G620S-L03,G630-U251,G6-L11,G6-L33,G760-L03,Jazz-L09,MT1-U06,P2-6011,Sophia-L12,U8815-51,U9200-1,U9202L-1,U9508,U9510E,Y220-U00,Y221-U03,Y221-U12,Y221-U33,Y300-0151,Y320-U10,Y320-U151,Y321-U051,Y360-U23,Y511-U251,Y520-U33,Y550-L01,Y550-L03,Y600-U151,Y625-U03",
  "visitedTimes": 1366,
  "isUsefulFlag": null,
  "score": 0,
  "times": 0,
  "imageList": null,
  "displayType": "text",
  "justView": "0",
  "fileName": null,
  "filePath": null,
  "imagePath": null,
  "imageName": null,
  "productIdList": null,
  "curPage": null,
  "pageSize": null,
  "siteCode": null,
  "statusFlag": "Publish",
  "returnCode": 0,
  "totalRows": null,
  "keywords": "Hisuite, Android 4.3",
  "avgScore": 0.0,
  "createDate": null,
  "totalPages": null
}