{
  "type": null,
  "faqId": 21490,
  "title": "¿Cómo puedo interpretar los indicadores de LED?",
  "answer": " 1. Parpadeo en rojo: batería baja.   \r\n Parpadeo en verde; Hay mensajes sin leer o llamadas perdidas. \r\n\r\n 2. Cuando el teléfono está cargando:   \r\n Rojo: Hay poca carga en la batería.   \r\n Amarillo: La batería tiene un nivel medio de carga.   \r\n Verde: EL nivel de la carga está arriba del 90%. \r\n\n\n\n\n",
  "faqTypeId": null,
  "faqType": null,
  "useful": 3,
  "unUseful": 0,
  "languageId": 103,
  "languageName": "es",
  "faqCode": "5150",
  "faqTypeCode": null,
  "isTop": "0",
  "moduleCode": "faq",
  "productId": null,
  "productCode": null,
  "postDate": 1426876951000,
  "seriesProductName": "C8860V,CM990,EDGE-U00,G510-0251,G526-L22,G526-L33,G620S-L01,G620S-L03,G630-U251,G6-L11,G6-L33,G760-L03,Jazz-L09,MT1-U06,P2-6011,Sophia-L12,U8815-51,U9200-1,U9202L-1,U9508,U9510E,Y220-U00,Y221-U03,Y221-U12,Y221-U33,Y300-0151,Y320-U10,Y320-U151,Y321-U051,Y360-U23,Y511-U251,Y520-U33,Y550-L01,Y550-L03,Y600-U151,Y625-U03",
  "visitedTimes": 306,
  "isUsefulFlag": null,
  "score": 0,
  "times": 0,
  "imageList": null,
  "displayType": "text",
  "justView": "0",
  "fileName": null,
  "filePath": null,
  "imagePath": null,
  "imageName": null,
  "productIdList": null,
  "curPage": null,
  "pageSize": null,
  "siteCode": null,
  "statusFlag": "Publish",
  "returnCode": 0,
  "totalRows": null,
  "keywords": "indicadores, LED, Android 4.3",
  "avgScore": 0.0,
  "createDate": null,
  "totalPages": null
}