{
  "type": null,
  "faqId": 21501,
  "title": "Si le quito la batería, ¿hay peligro que la fecha y hora de mi teléfono se restablezca? ¿Configurar mi teléfono automáticamente para la fecha y hora va generar tráfico de datos?",
  "answer": " Si la batería es removida del teléfono por más de 20 segundos, la fecha y la hora regresan al estado de fábrica. Si su teléfono obtiene la fecha y hora desde la red de su proveedor cuando se enciende, se registra automáticamente a la red. Si el teléfono no utiliza una conexión de internet para sincronizar la fecha y hora, no va causar ningún tráfico de datos. \r\n\r\n Si su teléfono obtiene la fecha y hora desde la red del proveedor cuando esta encendido y se ha seleccionado la opción de Fecha y hora automáticas en configuración, Su teléfono se sincronizara con la fecha y hora con la red móvil, usando un mínimo de datos móviles.. \r\n\n\n\n\n",
  "faqTypeId": null,
  "faqType": null,
  "useful": 9,
  "unUseful": 0,
  "languageId": 103,
  "languageName": "es",
  "faqCode": "5161",
  "faqTypeCode": null,
  "isTop": "0",
  "moduleCode": "faq",
  "productId": null,
  "productCode": null,
  "postDate": 1426877603000,
  "seriesProductName": "C8860V,CM990,EDGE-U00,G510-0251,G526-L22,G526-L33,G620S-L01,G620S-L03,G630-U251,G6-L11,G6-L33,G760-L03,Jazz-L09,MT1-U06,P2-6011,Sophia-L12,U8815-51,U9200-1,U9202L-1,U9508,U9510E,Y220-U00,Y221-U03,Y221-U12,Y221-U33,Y300-0151,Y320-U10,Y320-U151,Y321-U051,Y360-U23,Y511-U251,Y520-U33,Y550-L01,Y550-L03,Y600-U151,Y625-U03",
  "visitedTimes": 665,
  "isUsefulFlag": null,
  "score": 0,
  "times": 0,
  "imageList": null,
  "displayType": "text",
  "justView": "0",
  "fileName": null,
  "filePath": null,
  "imagePath": null,
  "imageName": null,
  "productIdList": null,
  "curPage": null,
  "pageSize": null,
  "siteCode": null,
  "statusFlag": "Publish",
  "returnCode": 0,
  "totalRows": null,
  "keywords": "bateria, fecha, hora, restablezcan, automaticamente, trafico, datos, Android 4.3",
  "avgScore": 0.0,
  "createDate": null,
  "totalPages": null
}