{
  "type": null,
  "faqId": 22667,
  "title": "¿Cómo puedo activar o desactivar la vibración para las llamadas entrantes y los mensajes?",
  "answer": " Toque en Ajustes> Sonido> Vibración. A continuación, seleccione Vibrar o claro en modo silencio y vibración cuando suena. \r\n\r\nFigure 1-1vibración para las llamadas entrantes y los mensajes \r\n\r\n ![](http://consumer.huawei.com/support/servlet/imageServlet?dlType=HtmlAreaImage&imageId=75578)\r\n\r\n\n\n\n\n",
  "faqTypeId": null,
  "faqType": null,
  "useful": 1,
  "unUseful": 2,
  "languageId": 103,
  "languageName": "es",
  "faqCode": "6647",
  "faqTypeCode": null,
  "isTop": "0",
  "moduleCode": "faq",
  "productId": null,
  "productCode": null,
  "postDate": 1429060605000,
  "seriesProductName": "G620S-L03,G630-U251,G6-U251,Jazz-L09,Jazz-L09,Sophia-L12,Y221-U33,Y520-U33,Y530-U051,Y550-L03",
  "visitedTimes": 58,
  "isUsefulFlag": null,
  "score": 0,
  "times": 0,
  "imageList": null,
  "displayType": "text",
  "justView": "0",
  "fileName": null,
  "filePath": null,
  "imagePath": null,
  "imageName": null,
  "productIdList": null,
  "curPage": null,
  "pageSize": null,
  "siteCode": null,
  "statusFlag": "Publish",
  "returnCode": 0,
  "totalRows": null,
  "keywords": "vibracion llamadas mensajes",
  "avgScore": 0.0,
  "createDate": null,
  "totalPages": null
}