{
  "type": null,
  "faqId": 22737,
  "title": "¿Cómo reduzco mi uso de datos móviles?",
  "answer": " Apague la red móvil cuando no la necesite o cuando esté usando una red Wi-Fi. \r\n\r\n Apague la red de datos móviles en la opción de Datos desactivados, en la siguiente ruta; Ajustes/Redes móviles. \r\n\r\n Intente accesar por paginas Wireless Access Protocol (WAP) en vez de sitios World Wide Web (WWW). \r\n\r\n Desactive la sincronización de datos, esto lo puede encontrar en la siguiente ruta: Ajustes/Cuentas y sincronización. \r\n\n\n\n\n",
  "faqTypeId": null,
  "faqType": null,
  "useful": 1,
  "unUseful": 0,
  "languageId": 103,
  "languageName": "es",
  "faqCode": "6717",
  "faqTypeCode": null,
  "isTop": "0",
  "moduleCode": "faq",
  "productId": null,
  "productCode": null,
  "postDate": 1429060622000,
  "seriesProductName": "G526-L33,G610-U15,G620S-L03,G730-U251,Jazz-L09,Jazz-L09,Sophia-L12,Y221-U33,Y330-U05,Y330-U15,Y511-U251,Y520-U33,Y550-L03,Y600-U351",
  "visitedTimes": 95,
  "isUsefulFlag": null,
  "score": 0,
  "times": 0,
  "imageList": null,
  "displayType": "text",
  "justView": "0",
  "fileName": null,
  "filePath": null,
  "imagePath": null,
  "imageName": null,
  "productIdList": null,
  "curPage": null,
  "pageSize": null,
  "siteCode": null,
  "statusFlag": "Publish",
  "returnCode": 0,
  "totalRows": null,
  "keywords": "datos moviles",
  "avgScore": 0.0,
  "createDate": null,
  "totalPages": null
}