{
  "type": null,
  "faqId": 22733,
  "title": "¿Puedo usar otro tipo de cargador para mi equipo, aparte del que venía por defecto?",
  "answer": " Puede usar el cargador provisto por Huawei. Sin embargo, es recomendable que use el cargador que venía con su equipo, porque un cargador genérico podría generar excesivos cortos de corriente que afectarían la vida útil de la batería o largos periodos de carga. \r\n\n\n\n\n",
  "faqTypeId": null,
  "faqType": null,
  "useful": 2,
  "unUseful": 0,
  "languageId": 103,
  "languageName": "es",
  "faqCode": "6713",
  "faqTypeCode": null,
  "isTop": "0",
  "moduleCode": "faq",
  "productId": null,
  "productCode": null,
  "postDate": 1429060619000,
  "seriesProductName": "G526-L33,G610-U15,G620S-L03,G730-U251,Jazz-L09,Jazz-L09,Sophia-L12,Y221-U33,Y330-U05,Y330-U15,Y511-U251,Y520-U33,Y550-L03,Y600-U351",
  "visitedTimes": 181,
  "isUsefulFlag": null,
  "score": 0,
  "times": 0,
  "imageList": null,
  "displayType": "text",
  "justView": "0",
  "fileName": null,
  "filePath": null,
  "imagePath": null,
  "imageName": null,
  "productIdList": null,
  "curPage": null,
  "pageSize": null,
  "siteCode": null,
  "statusFlag": "Publish",
  "returnCode": 0,
  "totalRows": null,
  "keywords": "cargador",
  "avgScore": 0.0,
  "createDate": null,
  "totalPages": null
}