{
  "type": null,
  "faqId": 22743,
  "title": "¿Cómo puedo saber si mi equipo ha sido rooteado?",
  "answer": " Conecta tu dispositivo a la computadora. Ingresa a la consola de comandos en la computadora, ingresa la instrucción adb Shell. Si $ es mostrado, el equipo no ha sido rooteado, si muestra #, el equipo ha sido rooteado. \r\n\r\nFigure 1-1Respuesta del abd shell \r\n\r\n ![](http://consumer.huawei.com/support/servlet/imageServlet?dlType=HtmlAreaImage&imageId=75883)\r\n\r\n\n\n\n\n",
  "faqTypeId": null,
  "faqType": null,
  "useful": 1,
  "unUseful": 0,
  "languageId": 103,
  "languageName": "es",
  "faqCode": "6723",
  "faqTypeCode": null,
  "isTop": "0",
  "moduleCode": "faq",
  "productId": null,
  "productCode": null,
  "postDate": 1429060628000,
  "seriesProductName": "G526-L33,G610-U15,G620S-L03,G730-U251,Jazz-L09,Jazz-L09,Sophia-L12,Y221-U33,Y330-U05,Y330-U15,Y511-U251,Y520-U33,Y550-L03,Y600-U351",
  "visitedTimes": 420,
  "isUsefulFlag": null,
  "score": 0,
  "times": 0,
  "imageList": null,
  "displayType": "text",
  "justView": "0",
  "fileName": null,
  "filePath": null,
  "imagePath": null,
  "imageName": null,
  "productIdList": null,
  "curPage": null,
  "pageSize": null,
  "siteCode": null,
  "statusFlag": "Publish",
  "returnCode": 0,
  "totalRows": null,
  "keywords": "rooteado",
  "avgScore": 0.0,
  "createDate": null,
  "totalPages": null
}