{
  "type": null,
  "faqId": 22740,
  "title": "¿Cómo puedo ingresar al modo recovery y restaurar mi equipo a valores de fábrica?",
  "answer": " Cuando una actualización se encuentra disponible en su tarjeta micro SD o en una descarga en línea, apague su teléfono, mantenga presionado el botón de encendido y volumen arriba simultáneamente hasta ingresar al modo recovery, una vez dentro diríjase en el menú por las teclas de volumen arriba y volumen abajo, y presione el botón de encendido para seleccionar una opción. \r\n\r\n Para restablecer el equipo a valores de fábrica, ingrese a Ajustes/Copia de seguridad y restablecimiento/Restablecer a valores de fabrica/Restablecer el teléfono. \r\n\n\n\n\n",
  "faqTypeId": null,
  "faqType": null,
  "useful": 50,
  "unUseful": 34,
  "languageId": 103,
  "languageName": "es",
  "faqCode": "6720",
  "faqTypeCode": null,
  "isTop": "0",
  "moduleCode": "faq",
  "productId": null,
  "productCode": null,
  "postDate": 1429060625000,
  "seriesProductName": "G526-L33,G610-U15,G620S-L03,G730-U251,Jazz-L09,Jazz-L09,Sophia-L12,Y221-U33,Y330-U05,Y330-U15,Y511-U251,Y520-U33,Y550-L03,Y600-U351",
  "visitedTimes": 4118,
  "isUsefulFlag": null,
  "score": 0,
  "times": 0,
  "imageList": null,
  "displayType": "text",
  "justView": "0",
  "fileName": null,
  "filePath": null,
  "imagePath": null,
  "imageName": null,
  "productIdList": null,
  "curPage": null,
  "pageSize": null,
  "siteCode": null,
  "statusFlag": "Publish",
  "returnCode": 0,
  "totalRows": null,
  "keywords": "valores de fabrica",
  "avgScore": 0.0,
  "createDate": null,
  "totalPages": null
}