{
  "type": null,
  "faqId": 22741,
  "title": "¿Puedo escanear códigos QR con mi equipo?",
  "answer": " No, pero puede instalar una aplicación de terceros que habilite dicho función. \r\n\n\n\n\n",
  "faqTypeId": null,
  "faqType": null,
  "useful": 0,
  "unUseful": 0,
  "languageId": 103,
  "languageName": "es",
  "faqCode": "6721",
  "faqTypeCode": null,
  "isTop": "0",
  "moduleCode": "faq",
  "productId": null,
  "productCode": null,
  "postDate": 1429060626000,
  "seriesProductName": "G526-L33,G610-U15,G620S-L03,G730-U251,Jazz-L09,Jazz-L09,Sophia-L12,Y221-U33,Y330-U05,Y330-U15,Y511-U251,Y520-U33,Y550-L03,Y600-U351",
  "visitedTimes": 103,
  "isUsefulFlag": null,
  "score": 0,
  "times": 0,
  "imageList": null,
  "displayType": "text",
  "justView": "0",
  "fileName": null,
  "filePath": null,
  "imagePath": null,
  "imageName": null,
  "productIdList": null,
  "curPage": null,
  "pageSize": null,
  "siteCode": null,
  "statusFlag": "Publish",
  "returnCode": 0,
  "totalRows": null,
  "keywords": "QR",
  "avgScore": 0.0,
  "createDate": null,
  "totalPages": null
}