{
  "type": null,
  "faqId": 22814,
  "title": "¿Cómo envío información por Bluetooth?",
  "answer": " Para compartir un archivo de audio, foto o video, presione y mantenga presionado el archivo en Música o Galería y presione Compartir después Bluetooth para enviar el archivo. \r\n\r\n ![](http://consumer.huawei.com/support/servlet/imageServlet?dlType=HtmlAreaImage&imageId=76356)\r\n\r\n Para compartir una página web, abra el explorador, acceda al sitio web y presione el botón de menú. Del menú desplegado, seleccione Compartir página. En el cuadro del dialogo desplegado, presione Bluetooth. \r\n\r\n ![](http://consumer.huawei.com/support/servlet/imageServlet?dlType=HtmlAreaImage&imageId=76357) ![](http://consumer.huawei.com/support/servlet/imageServlet?dlType=HtmlAreaImage&imageId=76358)\r\n\r\n Para compartir contactos, ingresamos a Contactos, presionamos la tecla de menú, Compartir contactos, seleccionamos los contactos que deseamos compartir. Presionamos en el botón de compartir, y elegimos el modo de envió, que en este caso será vía bluetooth. \r\n\r\n ![](http://consumer.huawei.com/support/servlet/imageServlet?dlType=HtmlAreaImage&imageId=76359) ![](http://consumer.huawei.com/support/servlet/imageServlet?dlType=HtmlAreaImage&imageId=76360) ![](http://consumer.huawei.com/support/servlet/imageServlet?dlType=HtmlAreaImage&imageId=76361)\r\n\r\n\n\n\n\n",
  "faqTypeId": null,
  "faqType": null,
  "useful": 0,
  "unUseful": 0,
  "languageId": 103,
  "languageName": "es",
  "faqCode": "6834",
  "faqTypeCode": null,
  "isTop": "0",
  "moduleCode": "faq",
  "productId": null,
  "productCode": null,
  "postDate": 1429231332000,
  "seriesProductName": "G526-L33,G610-U15,G730-U251,Y330-U05,Y330-U15,Y511-U251,Y600-U351",
  "visitedTimes": 17,
  "isUsefulFlag": null,
  "score": 0,
  "times": 0,
  "imageList": null,
  "displayType": "text",
  "justView": "0",
  "fileName": null,
  "filePath": null,
  "imagePath": null,
  "imageName": null,
  "productIdList": null,
  "curPage": null,
  "pageSize": null,
  "siteCode": null,
  "statusFlag": "Publish",
  "returnCode": 0,
  "totalRows": null,
  "keywords": "envio bluetooth",
  "avgScore": 0.0,
  "createDate": null,
  "totalPages": null
}