{
  "type": null,
  "faqId": 22815,
  "title": "Mi teléfono no puede ser visto por otros dispositivos Bluetooth. ¿Por qué?",
  "answer": " Su Bluetooth ha sido deshabilitado en su teléfono. \r\n\r\n Vaya a Ajustes. Debajo de Redes Inalámbricas, active Bluetooth. \r\n\r\n ![](http://consumer.huawei.com/support/servlet/imageServlet?dlType=HtmlAreaImage&imageId=76362)\r\n\r\n El Bluetooth está activado, pero mi teléfono sigue sin ser visto por otros dispositivos. \r\n\r\n Vaya a Ajustes. Debajo de Redes Inalámbricas, presione Bluetooth. En la pantalla de Bluetooth, presione el nombre de su dispositivo (por ejemplo, HUAWEI G730-U10 en la siguiente imagen) para mostrar tu teléfono visible para todos los dispositivos Bluetooth cercanos. \r\n\r\n ![](http://consumer.huawei.com/support/servlet/imageServlet?dlType=HtmlAreaImage&imageId=76363) ![](http://consumer.huawei.com/support/servlet/imageServlet?dlType=HtmlAreaImage&imageId=76364)\r\n\r\n\n\n\n\n",
  "faqTypeId": null,
  "faqType": null,
  "useful": 0,
  "unUseful": 0,
  "languageId": 103,
  "languageName": "es",
  "faqCode": "6835",
  "faqTypeCode": null,
  "isTop": "0",
  "moduleCode": "faq",
  "productId": null,
  "productCode": null,
  "postDate": 1429231333000,
  "seriesProductName": "G526-L33,G610-U15,G730-U251,Y330-U05,Y330-U15,Y511-U251,Y600-U351",
  "visitedTimes": 34,
  "isUsefulFlag": null,
  "score": 0,
  "times": 0,
  "imageList": null,
  "displayType": "text",
  "justView": "0",
  "fileName": null,
  "filePath": null,
  "imagePath": null,
  "imageName": null,
  "productIdList": null,
  "curPage": null,
  "pageSize": null,
  "siteCode": null,
  "statusFlag": "Publish",
  "returnCode": 0,
  "totalRows": null,
  "keywords": "visibilidad bluetooth",
  "avgScore": 0.0,
  "createDate": null,
  "totalPages": null
}