{
  "type": null,
  "faqId": 22825,
  "title": "¿Puedo hacer capturas de pantalla? de ser así, ¿Cómo?",
  "answer": " Método 1: Cuando la pantalla no esté bloqueada, presione el botón de encendido y el botón de volumen (-) al mismo tiempo por dos segundos para tomar la captura de pantalla. \r\n\r\n Método 2: Use el software HiSuite. \r\n\n\n\n\n",
  "faqTypeId": null,
  "faqType": null,
  "useful": 4,
  "unUseful": 0,
  "languageId": 103,
  "languageName": "es",
  "faqCode": "6845",
  "faqTypeCode": null,
  "isTop": "0",
  "moduleCode": "faq",
  "productId": null,
  "productCode": null,
  "postDate": 1429231335000,
  "seriesProductName": "G526-L33,G610-U15,G730-U251,Y330-U05,Y330-U15,Y511-U251,Y600-U351",
  "visitedTimes": 73,
  "isUsefulFlag": null,
  "score": 0,
  "times": 0,
  "imageList": null,
  "displayType": "text",
  "justView": "0",
  "fileName": null,
  "filePath": null,
  "imagePath": null,
  "imageName": null,
  "productIdList": null,
  "curPage": null,
  "pageSize": null,
  "siteCode": null,
  "statusFlag": "Publish",
  "returnCode": 0,
  "totalRows": null,
  "keywords": "captura pantalla",
  "avgScore": 0.0,
  "createDate": null,
  "totalPages": null
}