{
  "type": null,
  "faqId": 22826,
  "title": "¿Mi teléfono soporta reproducción de archivos flash? Si no, ¿puedo instalar una aplicación de terceros para reproducirlo?",
  "answer": " Su teléfono no tiene pre-cargado ningún programa para reproducir flash. \r\n\r\n [Los programas de terceros descargados no pueden reproducir archivos flash, porque Adobe no autorizó ningún plug-in Android 4.2 y antiguos plug-ins no están disponibles para el sistema operativo Android 4.2.]() \r\n\n\n\n\n",
  "faqTypeId": null,
  "faqType": null,
  "useful": 0,
  "unUseful": 0,
  "languageId": 103,
  "languageName": "es",
  "faqCode": "6846",
  "faqTypeCode": null,
  "isTop": "0",
  "moduleCode": "faq",
  "productId": null,
  "productCode": null,
  "postDate": 1429231335000,
  "seriesProductName": "G526-L33,G610-U15,G730-U251,Y330-U05,Y330-U15,Y511-U251,Y600-U351",
  "visitedTimes": 54,
  "isUsefulFlag": null,
  "score": 0,
  "times": 0,
  "imageList": null,
  "displayType": "text",
  "justView": "0",
  "fileName": null,
  "filePath": null,
  "imagePath": null,
  "imageName": null,
  "productIdList": null,
  "curPage": null,
  "pageSize": null,
  "siteCode": null,
  "statusFlag": "Publish",
  "returnCode": 0,
  "totalRows": null,
  "keywords": "aplicacion flash",
  "avgScore": 0.0,
  "createDate": null,
  "totalPages": null
}