{
  "type": null,
  "faqId": 22827,
  "title": "¿Qué comandos usan los audífonos?",
  "answer": " Los audífonos incluidos en el teléfono adoptan los comandos Americanos, que son los comandos usados principales en la industria. \r\n\r\n Los audífonos incluidos en su teléfono contienen un solo botón para contestar o finalizar una llamada y reproducir o detener la música. Su teléfono soporta otros audífonos con teclas de volumen (+), (-). Usando estos audífonos, usted puede ajustar el volumen de llamadas y música por separado. \r\n\r\n\n\n\n\n",
  "faqTypeId": null,
  "faqType": null,
  "useful": 1,
  "unUseful": 0,
  "languageId": 103,
  "languageName": "es",
  "faqCode": "6847",
  "faqTypeCode": null,
  "isTop": "0",
  "moduleCode": "faq",
  "productId": null,
  "productCode": null,
  "postDate": 1429231335000,
  "seriesProductName": "G526-L33,G610-U15,G730-U251,Y330-U05,Y330-U15,Y511-U251,Y600-U351",
  "visitedTimes": 47,
  "isUsefulFlag": null,
  "score": 0,
  "times": 0,
  "imageList": null,
  "displayType": "text",
  "justView": "0",
  "fileName": null,
  "filePath": null,
  "imagePath": null,
  "imageName": null,
  "productIdList": null,
  "curPage": null,
  "pageSize": null,
  "siteCode": null,
  "statusFlag": "Publish",
  "returnCode": 0,
  "totalRows": null,
  "keywords": "comandos audifonos",
  "avgScore": 0.0,
  "createDate": null,
  "totalPages": null
}