{
  "type": null,
  "faqId": 22821,
  "title": "¿Qué puedo hacer si la navegación presenta perdida de datos? ¿Qué puedo hacer si el archivo autorizado o el código de activación se pierden?",
  "answer": " Si se presentan perdida de datos, siga las instrucciones que vienen en pantalla para descargar los datos otra vez. Si el archivo autorizado o el código de activación se pierden, reinstale la aplicación o contacte al proveedor de la aplicación. \r\n\n\n\n\n",
  "faqTypeId": null,
  "faqType": null,
  "useful": 2,
  "unUseful": 1,
  "languageId": 103,
  "languageName": "es",
  "faqCode": "6841",
  "faqTypeCode": null,
  "isTop": "0",
  "moduleCode": "faq",
  "productId": null,
  "productCode": null,
  "postDate": 1429231334000,
  "seriesProductName": "G526-L33,G610-U15,G730-U251,Y330-U05,Y330-U15,Y511-U251,Y600-U351",
  "visitedTimes": 25,
  "isUsefulFlag": null,
  "score": 0,
  "times": 0,
  "imageList": null,
  "displayType": "text",
  "justView": "0",
  "fileName": null,
  "filePath": null,
  "imagePath": null,
  "imageName": null,
  "productIdList": null,
  "curPage": null,
  "pageSize": null,
  "siteCode": null,
  "statusFlag": "Publish",
  "returnCode": 0,
  "totalRows": null,
  "keywords": "datos codigos ",
  "avgScore": 0.0,
  "createDate": null,
  "totalPages": null
}