{
  "type": null,
  "faqId": 22830,
  "title": "¿Cómo configuro mi correo?",
  "answer": " Añadir una cuenta de correo \r\n\r\n Vaya a correo y presione otros. Una cuenta de correo puede ser configurada manual y automáticamente. \r\n\r\n ![](http://consumer.huawei.com/support/servlet/imageServlet?dlType=HtmlAreaImage&imageId=76372) ![](http://consumer.huawei.com/support/servlet/imageServlet?dlType=HtmlAreaImage&imageId=76373) ![](http://consumer.huawei.com/support/servlet/imageServlet?dlType=HtmlAreaImage&imageId=76374)\r\n\r\n Para configurar manualmente una cuenta de correo: \r\n\r\n 1. En la pantalla de ajustes de cuenta, ingrese su correo y contraseña. \r\n\r\n ![](http://consumer.huawei.com/support/servlet/imageServlet?dlType=HtmlAreaImage&imageId=76375)\r\n\r\n 2. Presione configuración manual y se desplegara el siguiente menú. \r\n\r\n ![](http://consumer.huawei.com/support/servlet/imageServlet?dlType=HtmlAreaImage&imageId=76376)\r\n\r\n 3. Presione POP3 (Servidor de entrada) y se desplegara el siguiente menú. \r\n\r\n ![](http://consumer.huawei.com/support/servlet/imageServlet?dlType=HtmlAreaImage&imageId=76377)\r\n\r\n 4. Configure las opciones de SMTP (Servidor de salida). \r\n\r\n ![](http://consumer.huawei.com/support/servlet/imageServlet?dlType=HtmlAreaImage&imageId=76378)\r\n\r\n 5. Configure el tiempo de recepción de correo electrónico y presione en siguiente. \r\n\r\n ![](http://consumer.huawei.com/support/servlet/imageServlet?dlType=HtmlAreaImage&imageId=76379)\r\n\r\n 6. Agrega el nombre de la cuenta electrónica y seleccionar Siguiente. después tendrás acceso a la cuenta de email. \r\n\r\n ![](http://consumer.huawei.com/support/servlet/imageServlet?dlType=HtmlAreaImage&imageId=76380)\r\n\r\n Puede configurar automáticamente su cuenta de correo, únicamente cuando la información de los proveedores de correo está precargadas en el teléfono. Para configurar automáticamente una cuenta realizamos lo siguiente: \r\n\r\n 1. En el configuración de la cuenta email, ingresa tu email completo y contraseña. \r\n\r\n ![](http://consumer.huawei.com/support/servlet/imageServlet?dlType=HtmlAreaImage&imageId=76381)\r\n\r\n 2. Seleccione siguiente. Después de que el equipo verifique la configuración de los servidores de entrada y de salida, configuramos las opciones de frecuencia de recibo. \r\n\r\n ![](http://consumer.huawei.com/support/servlet/imageServlet?dlType=HtmlAreaImage&imageId=76382)\r\n\r\n 3. Configure el nombre de la cuenta y su nombre, presione en siguiente. A partir de este momento tendrá acceso a su bandeja de entrada de correo. \r\n\r\n ![](http://consumer.huawei.com/support/servlet/imageServlet?dlType=HtmlAreaImage&imageId=76383)\r\n\r\n Para detalles de la configuración de su email, por favor contacte a su proveedor de servicio. \r\n\r\n Enviando un email \r\n\r\n En la pantalla de bandeja de entrada, seleccione![](http://consumer.huawei.com/support/servlet/imageServlet?dlType=HtmlAreaImage&imageId=76384), ingresa el nombre de destinado, sub título, y el email contenido, y seleccione ![](http://consumer.huawei.com/support/servlet/imageServlet?dlType=HtmlAreaImage&imageId=76385). \r\n\r\n ![](http://consumer.huawei.com/support/servlet/imageServlet?dlType=HtmlAreaImage&imageId=76386)\r\n\r\n Ver y borrar un email \r\n\r\n En la pantalla de Bandeja de entrada, seleccione el correo deseado para leerlo, y seleccione ![](http://consumer.huawei.com/support/servlet/imageServlet?dlType=HtmlAreaImage&imageId=76387) para borrarlo. \r\n\r\n ![](http://consumer.huawei.com/support/servlet/imageServlet?dlType=HtmlAreaImage&imageId=76388)\r\n\r\n Removiendo una cuenta de email \r\n\r\n En la pantalla de Bandeja de entrada, seleccione el botón de menú. Desde la pantalla principal de la opción menú, ingrese a Configuraciones. Seleccione la cuenta de email que desee quitar. Desde la pantalla principal, seleccione Remover cuenta. \r\n\r\n ![](http://consumer.huawei.com/support/servlet/imageServlet?dlType=HtmlAreaImage&imageId=76389) ![](http://consumer.huawei.com/support/servlet/imageServlet?dlType=HtmlAreaImage&imageId=76390) ![](http://consumer.huawei.com/support/servlet/imageServlet?dlType=HtmlAreaImage&imageId=76391)\r\n\r\n\n\n\n\n",
  "faqTypeId": null,
  "faqType": null,
  "useful": 0,
  "unUseful": 0,
  "languageId": 103,
  "languageName": "es",
  "faqCode": "6850",
  "faqTypeCode": null,
  "isTop": "0",
  "moduleCode": "faq",
  "productId": null,
  "productCode": null,
  "postDate": 1429231336000,
  "seriesProductName": "G526-L33,G610-U15,G730-U251,Y330-U05,Y330-U15,Y511-U251,Y600-U351",
  "visitedTimes": 28,
  "isUsefulFlag": null,
  "score": 0,
  "times": 0,
  "imageList": null,
  "displayType": "text",
  "justView": "0",
  "fileName": null,
  "filePath": null,
  "imagePath": null,
  "imageName": null,
  "productIdList": null,
  "curPage": null,
  "pageSize": null,
  "siteCode": null,
  "statusFlag": "Publish",
  "returnCode": 0,
  "totalRows": null,
  "keywords": "correo",
  "avgScore": 0.0,
  "createDate": null,
  "totalPages": null
}