{
  "type": null,
  "faqId": 22833,
  "title": "¿Cómo puedo sincronizar mis contactos y eventos de calendario?",
  "answer": " Para sincronizar tus contactos, tienes que ingresar al menú una cuenta de Exchange. \r\n\r\n En la pantalla de Nueva Cuenta, seleccione![](http://consumer.huawei.com/support/servlet/imageServlet?dlType=HtmlAreaImage&imageId=76392). Obtenga la configuración de servidores de entrada y salida desde la página de tu proveedor de servicio o acercándose con su administrador de red, configurare las opciones e ingresar a su cuenta de Exchange. \r\n\r\n ![](http://consumer.huawei.com/support/servlet/imageServlet?dlType=HtmlAreaImage&imageId=76393) ![](http://consumer.huawei.com/support/servlet/imageServlet?dlType=HtmlAreaImage&imageId=76394)\r\n\r\n Ir a Configuraciones/Cuentas, y seleccione la cuenta de correo. Seleccione su cuenta y los datos que quieres sincronizar. Seleccione el botón de menú. Desde la pantalla de menú desplegado, seleccione Sincronizar ahora para sincronizar los datos seleccionados a su teléfono. \r\n\r\n ![](http://consumer.huawei.com/support/servlet/imageServlet?dlType=HtmlAreaImage&imageId=76395) ![](http://consumer.huawei.com/support/servlet/imageServlet?dlType=HtmlAreaImage&imageId=76396) ![](http://consumer.huawei.com/support/servlet/imageServlet?dlType=HtmlAreaImage&imageId=76397) \r\n\r\n ![](http://consumer.huawei.com/support/servlet/imageServlet?dlType=HtmlAreaImage&imageId=76398)\r\n\r\n Si el contacto de sincronización falla, revise si su teléfono tiene el modo de datos activado de su proveedor y que el servidor de su cuenta soporta sincronización de contactos. \r\n\n\n\n\n",
  "faqTypeId": null,
  "faqType": null,
  "useful": 0,
  "unUseful": 0,
  "languageId": 103,
  "languageName": "es",
  "faqCode": "6853",
  "faqTypeCode": null,
  "isTop": "0",
  "moduleCode": "faq",
  "productId": null,
  "productCode": null,
  "postDate": 1429231336000,
  "seriesProductName": "G526-L33,G610-U15,G730-U251,Y330-U05,Y330-U15,Y511-U251,Y600-U351",
  "visitedTimes": 48,
  "isUsefulFlag": null,
  "score": 0,
  "times": 0,
  "imageList": null,
  "displayType": "text",
  "justView": "0",
  "fileName": null,
  "filePath": null,
  "imagePath": null,
  "imageName": null,
  "productIdList": null,
  "curPage": null,
  "pageSize": null,
  "siteCode": null,
  "statusFlag": "Publish",
  "returnCode": 0,
  "totalRows": null,
  "keywords": "calendario",
  "avgScore": 0.0,
  "createDate": null,
  "totalPages": null
}