{
  "type": null,
  "faqId": 22839,
  "title": "¿Cómo saber si mi teléfono está utilizando los datos de red o un conexión de Wi-Fi para acusar al Internet?",
  "answer": " Cuando un conexión de Wi-Fi está conectada, la conexión de Wi-Fi utiliza los datos de red en conexión. Si ![](http://consumer.huawei.com/support/servlet/imageServlet?dlType=HtmlAreaImage&imageId=76402) se demuestra un símbolo así en la parte derecha de la esquina de su teléfono, está utilizando una conexión Wi-Fi para acusar a Internet. \r\n\n\n\n\n",
  "faqTypeId": null,
  "faqType": null,
  "useful": 0,
  "unUseful": 0,
  "languageId": 103,
  "languageName": "es",
  "faqCode": "6859",
  "faqTypeCode": null,
  "isTop": "0",
  "moduleCode": "faq",
  "productId": null,
  "productCode": null,
  "postDate": 1429231337000,
  "seriesProductName": "G526-L33,G610-U15,G730-U251,Y330-U05,Y330-U15,Y511-U251,Y600-U351",
  "visitedTimes": 34,
  "isUsefulFlag": null,
  "score": 0,
  "times": 0,
  "imageList": null,
  "displayType": "text",
  "justView": "0",
  "fileName": null,
  "filePath": null,
  "imagePath": null,
  "imageName": null,
  "productIdList": null,
  "curPage": null,
  "pageSize": null,
  "siteCode": null,
  "statusFlag": "Publish",
  "returnCode": 0,
  "totalRows": null,
  "keywords": "red datos o wi-fi",
  "avgScore": 0.0,
  "createDate": null,
  "totalPages": null
}