{
  "type": null,
  "faqId": 22837,
  "title": "No puedo abrir un página de internet cuando estoy conectado a un conexión de Wi-Fi. ¿Por qué?",
  "answer": " Las causas posibles son: \r\n\r\n La digital de X en la línea subscribo (xDSL) conexión fallado. Si el hotspot (Como un modem inalámbrico) tu teléfono se conecta al internet atrás de xDSL y también xDSL conexión falla, la conexión de internet no está disponible. Marca el conexión de xDSL y en caso que falla intenta de nuevo. \r\n\r\n El nombre de servicio de dominio (DNS) problema que ocurre. Por ejemplo, si no puedes abrir una página de internet pero puedes entrar al Play Store, el DNS no está trabajando correctamente. En caso que se ya así, en la pantalla donde se encuentra el dirección de IP se puede modificar desde el configuración de DNS. \r\n\r\n La conexión Wi-Fi esta trabajando en una red restringida, si esto ocurre no se podrá conectar a ninguna página web. \r\n\n\n\n\n",
  "faqTypeId": null,
  "faqType": null,
  "useful": 0,
  "unUseful": 0,
  "languageId": 103,
  "languageName": "es",
  "faqCode": "6857",
  "faqTypeCode": null,
  "isTop": "0",
  "moduleCode": "faq",
  "productId": null,
  "productCode": null,
  "postDate": 1429231337000,
  "seriesProductName": "G526-L33,G610-U15,G730-U251,Y330-U05,Y330-U15,Y511-U251,Y600-U351",
  "visitedTimes": 41,
  "isUsefulFlag": null,
  "score": 0,
  "times": 0,
  "imageList": null,
  "displayType": "text",
  "justView": "0",
  "fileName": null,
  "filePath": null,
  "imagePath": null,
  "imageName": null,
  "productIdList": null,
  "curPage": null,
  "pageSize": null,
  "siteCode": null,
  "statusFlag": "Publish",
  "returnCode": 0,
  "totalRows": null,
  "keywords": "fallas conexion wi-fi",
  "avgScore": 0.0,
  "createDate": null,
  "totalPages": null
}