{
  "type": null,
  "faqId": 22844,
  "title": "¿Cómo configurar el teléfono para funcionar como modem y proveer de acceso a internet a un ordenador?",
  "answer": " 1. Ingrese a configuraciones. \r\n\r\n 2. Ingrese Conexiones inalámbricas y redes, toque Más. En la pantalla que aparece, toque conexiones de red y zona Wi-Fi. \r\n\r\n 3. Selecciona conexión por puerto usb. \r\n\r\n 4. En un equipo, instale un controlador USB, que se puede obtener a partir de HiSuite. Haga clic derecho en Mi PC y seleccione Administrador de dispositivos. \r\n\r\n Ahora tu teléfono aparecerá como un adaptador de red. \r\n\r\n ![](http://consumer.huawei.com/support/servlet/imageServlet?dlType=HtmlAreaImage&imageId=76410)\r\n\r\n ![](http://consumer.huawei.com/support/servlet/imageServlet?dlType=HtmlAreaImage&imageId=76411)\r\n\r\n ![](http://consumer.huawei.com/support/servlet/imageServlet?dlType=HtmlAreaImage&imageId=76412)\r\n\r\n La conexión de datos móviles de su teléfono deben de estar encendidos, de otra manera el teléfono no podrá proveer de conexione a internet a los ordenadores. \r\n\r\n Si el equipo proporciona un adaptador de red inalámbrico, puede activar el punto de acceso Wi-Fi portátil en Configuraciones> Conexiones inalámbricas y redes> Más ...> conexión a internet y zona Wi-Fi. Su equipo podrá ahora conectarse a través de su teléfono a la red Wi-Fi para acceder a Internet. Actualmente, esta función está disponible para equipos con Windows. \r\n\n\n\n\n",
  "faqTypeId": null,
  "faqType": null,
  "useful": 1,
  "unUseful": 1,
  "languageId": 103,
  "languageName": "es",
  "faqCode": "6864",
  "faqTypeCode": null,
  "isTop": "0",
  "moduleCode": "faq",
  "productId": null,
  "productCode": null,
  "postDate": 1429231338000,
  "seriesProductName": "G526-L33,G610-U15,G730-U251,Y330-U05,Y330-U15,Y511-U251,Y600-U351",
  "visitedTimes": 83,
  "isUsefulFlag": null,
  "score": 0,
  "times": 0,
  "imageList": null,
  "displayType": "text",
  "justView": "0",
  "fileName": null,
  "filePath": null,
  "imagePath": null,
  "imageName": null,
  "productIdList": null,
  "curPage": null,
  "pageSize": null,
  "siteCode": null,
  "statusFlag": "Publish",
  "returnCode": 0,
  "totalRows": null,
  "keywords": "funcion modem",
  "avgScore": 0.0,
  "createDate": null,
  "totalPages": null
}