{
  "type": null,
  "faqId": 22853,
  "title": "Instale un nuevo método de entrada pero no puedo utilizarlo, ¿Por qué?",
  "answer": " Después de instalar un nuevo método de entrada debes de seleccionarlo como método de entrada por preferencia .ir a lenguajes y métodos de entrada luego, seleccione el más reciente de los métodos que aparecen. \r\n\n\n\n\n",
  "faqTypeId": null,
  "faqType": null,
  "useful": 0,
  "unUseful": 0,
  "languageId": 103,
  "languageName": "es",
  "faqCode": "6873",
  "faqTypeCode": null,
  "isTop": "0",
  "moduleCode": "faq",
  "productId": null,
  "productCode": null,
  "postDate": 1429231338000,
  "seriesProductName": "G526-L33,G610-U15,G730-U251,Y330-U05,Y330-U15,Y511-U251,Y600-U351",
  "visitedTimes": 21,
  "isUsefulFlag": null,
  "score": 0,
  "times": 0,
  "imageList": null,
  "displayType": "text",
  "justView": "0",
  "fileName": null,
  "filePath": null,
  "imagePath": null,
  "imageName": null,
  "productIdList": null,
  "curPage": null,
  "pageSize": null,
  "siteCode": null,
  "statusFlag": "Publish",
  "returnCode": 0,
  "totalRows": null,
  "keywords": "metodo de entrada",
  "avgScore": 0.0,
  "createDate": null,
  "totalPages": null
}