{
  "type": null,
  "faqId": 22856,
  "title": "¿Cómo puedo desactivar la vibración del teléfono al tocar una tecla?",
  "answer": " Si estas utilizando el teclado de google, para a pagar la vibración por tocar un patrón, diríjase a ajustes, ingrese a Idioma y texto, desactive vibrar al presionar tecla. \r\n\r\n ![](http://consumer.huawei.com/support/servlet/imageServlet?dlType=HtmlAreaImage&imageId=76420) ![](http://consumer.huawei.com/support/servlet/imageServlet?dlType=HtmlAreaImage&imageId=76421)\r\n\r\n Si estas usando el teclado de HUAWEI para desactivar el método de vibrar al tocar un patrón, diríjase a ajustes, seleccione lenguajes y métodos de escritura luego cambia por HUAWEI. Deseleccione sonido de tecla. \r\n\r\n ![](http://consumer.huawei.com/support/servlet/imageServlet?dlType=HtmlAreaImage&imageId=76422) ![](http://consumer.huawei.com/support/servlet/imageServlet?dlType=HtmlAreaImage&imageId=76423)\r\n\n\n\n\n",
  "faqTypeId": null,
  "faqType": null,
  "useful": 1,
  "unUseful": 1,
  "languageId": 103,
  "languageName": "es",
  "faqCode": "6876",
  "faqTypeCode": null,
  "isTop": "0",
  "moduleCode": "faq",
  "productId": null,
  "productCode": null,
  "postDate": 1429231339000,
  "seriesProductName": "G526-L33,G610-U15,G730-U251,Y330-U05,Y330-U15,Y511-U251,Y600-U351",
  "visitedTimes": 26,
  "isUsefulFlag": null,
  "score": 0,
  "times": 0,
  "imageList": null,
  "displayType": "text",
  "justView": "0",
  "fileName": null,
  "filePath": null,
  "imagePath": null,
  "imageName": null,
  "productIdList": null,
  "curPage": null,
  "pageSize": null,
  "siteCode": null,
  "statusFlag": "Publish",
  "returnCode": 0,
  "totalRows": null,
  "keywords": "vibracion tecla",
  "avgScore": 0.0,
  "createDate": null,
  "totalPages": null
}