{
  "type": null,
  "faqId": 22865,
  "title": "¿Cómo configuro mis ajustes de red?",
  "answer": " Inserte una tarjeta SIM en su teléfono. El teléfono automáticamente configura sus ajustes APN. \r\n\r\n Para vel los ajustes APN, vaya a ajustes. Presione Redes móviles > APN. \r\n\r\n Para restaurar los ajustes APN, presione el botón de menú en la pantalla de ajustes de APN. Desde la opción de menú desplegada, seleccione Restaurar por defecto. \r\n\n\n\n\n",
  "faqTypeId": null,
  "faqType": null,
  "useful": 0,
  "unUseful": 1,
  "languageId": 103,
  "languageName": "es",
  "faqCode": "6885",
  "faqTypeCode": null,
  "isTop": "0",
  "moduleCode": "faq",
  "productId": null,
  "productCode": null,
  "postDate": 1429231339000,
  "seriesProductName": "G526-L33,G610-U15,G730-U251,Y330-U05,Y330-U15,Y511-U251,Y600-U351",
  "visitedTimes": 48,
  "isUsefulFlag": null,
  "score": 0,
  "times": 0,
  "imageList": null,
  "displayType": "text",
  "justView": "0",
  "fileName": null,
  "filePath": null,
  "imagePath": null,
  "imageName": null,
  "productIdList": null,
  "curPage": null,
  "pageSize": null,
  "siteCode": null,
  "statusFlag": "Publish",
  "returnCode": 0,
  "totalRows": null,
  "keywords": "ajustes de red",
  "avgScore": 0.0,
  "createDate": null,
  "totalPages": null
}