{
  "type": null,
  "faqId": 22871,
  "title": "¿Cómo habilito un bloqueo de pantalla que debe ser desbloqueado usando un PIN de bloqueo?",
  "answer": " 1. Vaya a Configuración y presione Seguridad/bloqueo de pantalla/PIN. \r\n\r\n 2. Debajo de Seleccione su PIN, introduzca su PIN. \r\n\r\n ![](http://consumer.huawei.com/support/servlet/imageServlet?dlType=HtmlAreaImage&imageId=76453) ![](http://consumer.huawei.com/support/servlet/imageServlet?dlType=HtmlAreaImage&imageId=76454) ![](http://consumer.huawei.com/support/servlet/imageServlet?dlType=HtmlAreaImage&imageId=76455)\r\n\r\n 3. Repita el PIN y presione Aceptar. \r\n\r\n Cuando encienda el teléfono o presione el botón de encendido para activar la pantalla, la siguiente pantalla de código de bloqueo es mostrada. Introduzca su PIN y presione para desbloquear la pantalla. \r\n\r\n ![](http://consumer.huawei.com/support/servlet/imageServlet?dlType=HtmlAreaImage&imageId=76456)\r\n\r\n\n\n\n\n",
  "faqTypeId": null,
  "faqType": null,
  "useful": 0,
  "unUseful": 0,
  "languageId": 103,
  "languageName": "es",
  "faqCode": "6891",
  "faqTypeCode": null,
  "isTop": "0",
  "moduleCode": "faq",
  "productId": null,
  "productCode": null,
  "postDate": 1429231340000,
  "seriesProductName": "G526-L33,G610-U15,G730-U251,Y330-U05,Y330-U15,Y511-U251,Y600-U351",
  "visitedTimes": 43,
  "isUsefulFlag": null,
  "score": 0,
  "times": 0,
  "imageList": null,
  "displayType": "text",
  "justView": "0",
  "fileName": null,
  "filePath": null,
  "imagePath": null,
  "imageName": null,
  "productIdList": null,
  "curPage": null,
  "pageSize": null,
  "siteCode": null,
  "statusFlag": "Publish",
  "returnCode": 0,
  "totalRows": null,
  "keywords": "PIN de bloqueo",
  "avgScore": 0.0,
  "createDate": null,
  "totalPages": null
}