{
  "type": null,
  "faqId": 22875,
  "title": "¿Cómo desbloquear la pantalla?",
  "answer": " Para desbloquear la pantalla, presione el botón de encender. \r\n\r\n Para desbloquear la pantalla, presione el botón de encender para aprender la pantalla y desbloquear el teléfono, igual puedes agregar un código pin o símbolo para desbloquear el teléfono. \r\n\n\n\n\n",
  "faqTypeId": null,
  "faqType": null,
  "useful": 0,
  "unUseful": 1,
  "languageId": 103,
  "languageName": "es",
  "faqCode": "6895",
  "faqTypeCode": null,
  "isTop": "0",
  "moduleCode": "faq",
  "productId": null,
  "productCode": null,
  "postDate": 1429231340000,
  "seriesProductName": "G526-L33,G610-U15,G730-U251,Y330-U05,Y330-U15,Y511-U251,Y600-U351",
  "visitedTimes": 73,
  "isUsefulFlag": null,
  "score": 0,
  "times": 0,
  "imageList": null,
  "displayType": "text",
  "justView": "0",
  "fileName": null,
  "filePath": null,
  "imagePath": null,
  "imageName": null,
  "productIdList": null,
  "curPage": null,
  "pageSize": null,
  "siteCode": null,
  "statusFlag": "Publish",
  "returnCode": 0,
  "totalRows": null,
  "keywords": "desbloqueo",
  "avgScore": 0.0,
  "createDate": null,
  "totalPages": null
}