{
  "type": null,
  "faqId": 22899,
  "title": "Opciones de Fábrica",
  "answer": " Para ver las opciones de desarrollador, ingrese a Ajustes/Acerca del teléfono y presione repetidamente el número de compilación siete veces rápidamente. \r\n\r\n 1. Depuración USB: Habilita el modo depuración USB, que permite al usuario hacer uso del comando adb para desarrollar y probar aplicaciones. \r\n\r\n 2. Depuración USB: Habilita el modo depuración USB, que permite al usuario hacer uso del comando adb para desarrollar y probar aplicaciones. \r\n\r\n 3. Permitir ubicación simulada: Permite al equipo ubicaciones simuladas. \r\n\r\n 4. Contraseña respaldo de PC: Establece una contraseña para las copias de seguridad. \r\n\r\n 5. Ubicación de puntero: Muestra información del trazado donde actualmente se está tocando la pantalla. \r\n\r\n 6. Mostrar punteos: Muestra el último punto donde se tocó la pantalla. \r\n\r\n 7. Uso de CPU: Muestra el uso actual del CPU. \r\n\r\n 8. Forzar aceleración GPU: Usa aceleración de hardware 2D en las aplicaciones. \r\n\r\n 9. Escala de la animación: Controla la animación de la escala. \r\n\r\n 10. Límite de procesos en Segundo plano: Limita el número de procesos en Segundo plano. \r\n\r\n 11. Errores sin respuesta: Muestra las aplicaciones en Segundo plano que no están respondiendo, dentro de un cuadro de dialogo. \r\n\n\n\n\n",
  "faqTypeId": null,
  "faqType": null,
  "useful": 2,
  "unUseful": 0,
  "languageId": 103,
  "languageName": "es",
  "faqCode": "6919",
  "faqTypeCode": null,
  "isTop": "0",
  "moduleCode": "faq",
  "productId": null,
  "productCode": null,
  "postDate": 1429231341000,
  "seriesProductName": "G526-L33,G610-U15,G730-U251,Y330-U05,Y330-U15,Y511-U251,Y600-U351",
  "visitedTimes": 195,
  "isUsefulFlag": null,
  "score": 0,
  "times": 0,
  "imageList": null,
  "displayType": "text",
  "justView": "0",
  "fileName": null,
  "filePath": null,
  "imagePath": null,
  "imageName": null,
  "productIdList": null,
  "curPage": null,
  "pageSize": null,
  "siteCode": null,
  "statusFlag": "Publish",
  "returnCode": 0,
  "totalRows": null,
  "keywords": "opciones fabrica",
  "avgScore": 0.0,
  "createDate": null,
  "totalPages": null
}