{
  "type": null,
  "faqId": 22902,
  "title": "¿Cómo puedo liberar espacio en el almacenamiento interno del teléfono?",
  "answer": " Borrar archivos que no necesitas en forma así: Seleccionar Administrar Carpeta. En la pantalla principal, presiona y mantenga presionado la carpeta o archivo que deseas borrar y seleccione Borrar en la pantalla de menú. \r\n\n\n\n\n",
  "faqTypeId": null,
  "faqType": null,
  "useful": 1,
  "unUseful": 10,
  "languageId": 103,
  "languageName": "es",
  "faqCode": "6922",
  "faqTypeCode": null,
  "isTop": "0",
  "moduleCode": "faq",
  "productId": null,
  "productCode": null,
  "postDate": 1429231343000,
  "seriesProductName": "G526-L33,G610-U15,G730-U251,Y330-U05,Y330-U15,Y511-U251,Y600-U351",
  "visitedTimes": 214,
  "isUsefulFlag": null,
  "score": 0,
  "times": 0,
  "imageList": null,
  "displayType": "text",
  "justView": "0",
  "fileName": null,
  "filePath": null,
  "imagePath": null,
  "imageName": null,
  "productIdList": null,
  "curPage": null,
  "pageSize": null,
  "siteCode": null,
  "statusFlag": "Publish",
  "returnCode": 0,
  "totalRows": null,
  "keywords": "almacenamiento telefono",
  "avgScore": 0.0,
  "createDate": null,
  "totalPages": null
}