{
  "type": null,
  "faqId": 22906,
  "title": "¿Cómo restablezco mi teléfono a valores de fábrica?",
  "answer": " 1. Ingrese a Configuración y seleccionar Restablecer y Recuperación > Restablecer datos de fábrica. \r\n\r\n 2. Seleccione Copia de seguridad para guardar datos importantes en su teléfono, como masajes y contactos. Y luego seleccionar Restablecer el teléfono. Seleccione Borrar Todo para restablecer su teléfono al estado de fábrica. \r\n\r\n ![](http://consumer.huawei.com/support/servlet/imageServlet?dlType=HtmlAreaImage&imageId=76664)\r\n\r\n\n\n\n\n",
  "faqTypeId": null,
  "faqType": null,
  "useful": 0,
  "unUseful": 3,
  "languageId": 103,
  "languageName": "es",
  "faqCode": "6926",
  "faqTypeCode": null,
  "isTop": "0",
  "moduleCode": "faq",
  "productId": null,
  "productCode": null,
  "postDate": 1429231343000,
  "seriesProductName": "G526-L33,G610-U15,G730-U251,Y330-U05,Y330-U15,Y511-U251,Y600-U351",
  "visitedTimes": 220,
  "isUsefulFlag": null,
  "score": 0,
  "times": 0,
  "imageList": null,
  "displayType": "text",
  "justView": "0",
  "fileName": null,
  "filePath": null,
  "imagePath": null,
  "imageName": null,
  "productIdList": null,
  "curPage": null,
  "pageSize": null,
  "siteCode": null,
  "statusFlag": "Publish",
  "returnCode": 0,
  "totalRows": null,
  "keywords": "valores de fabrica",
  "avgScore": 0.0,
  "createDate": null,
  "totalPages": null
}