{
  "type": null,
  "faqId": 22905,
  "title": "¿Cómo prendo y apago el modo de avión?",
  "answer": " Ingrese a Configuración, y seleccione Modo de Avión para activar o desactivar. \r\n\r\n ![](http://consumer.huawei.com/support/servlet/imageServlet?dlType=HtmlAreaImage&imageId=76663)\r\n\r\n Puedes también bajar la barra de estatus para abrir la pantalla de notificaciones. Expande la pantalla de herramientas para demostrar el atajo. Seleccione el icono de modo de avión para activar o desactivar el modo de avión. \r\n\r\n Cuando el modo de avión está activado, sus conexiones de red no estarán disponibles. \r\n\n\n\n\n",
  "faqTypeId": null,
  "faqType": null,
  "useful": 0,
  "unUseful": 0,
  "languageId": 103,
  "languageName": "es",
  "faqCode": "6925",
  "faqTypeCode": null,
  "isTop": "0",
  "moduleCode": "faq",
  "productId": null,
  "productCode": null,
  "postDate": 1429231343000,
  "seriesProductName": "G526-L33,G610-U15,G730-U251,Y330-U05,Y330-U15,Y511-U251,Y600-U351",
  "visitedTimes": 25,
  "isUsefulFlag": null,
  "score": 0,
  "times": 0,
  "imageList": null,
  "displayType": "text",
  "justView": "0",
  "fileName": null,
  "filePath": null,
  "imagePath": null,
  "imageName": null,
  "productIdList": null,
  "curPage": null,
  "pageSize": null,
  "siteCode": null,
  "statusFlag": "Publish",
  "returnCode": 0,
  "totalRows": null,
  "keywords": "modo avion",
  "avgScore": 0.0,
  "createDate": null,
  "totalPages": null
}