{
  "type": null,
  "faqId": 22907,
  "title": "¿Cómo entro y salgo de Modo Seguro o Safe Mode?",
  "answer": " Cuando su teléfono esta iniciando, presione y mantenga presionado el botón de menú hasta que el teléfono vibre para entrar a modo seguro. Cuando su teléfono esta prendido, el modo seguro estará mostrado en la parte izquierda inferior de la pantalla. \r\n\r\n ![](http://consumer.huawei.com/support/servlet/imageServlet?dlType=HtmlAreaImage&imageId=76665)\r\n\r\n Para salir de modo salvo, apaga y aprende tu teléfono. \r\n\n\n\n\n",
  "faqTypeId": null,
  "faqType": null,
  "useful": 4,
  "unUseful": 2,
  "languageId": 103,
  "languageName": "es",
  "faqCode": "6927",
  "faqTypeCode": null,
  "isTop": "0",
  "moduleCode": "faq",
  "productId": null,
  "productCode": null,
  "postDate": 1429231343000,
  "seriesProductName": "G526-L33,G610-U15,G730-U251,Y330-U05,Y330-U15,Y511-U251,Y600-U351",
  "visitedTimes": 123,
  "isUsefulFlag": null,
  "score": 0,
  "times": 0,
  "imageList": null,
  "displayType": "text",
  "justView": "0",
  "fileName": null,
  "filePath": null,
  "imagePath": null,
  "imageName": null,
  "productIdList": null,
  "curPage": null,
  "pageSize": null,
  "siteCode": null,
  "statusFlag": "Publish",
  "returnCode": 0,
  "totalRows": null,
  "keywords": "modo seguro",
  "avgScore": 0.0,
  "createDate": null,
  "totalPages": null
}