{
  "type": null,
  "faqId": 22927,
  "title": "¿Cómo reviso el espacio disponible en el almacenamiento del teléfono y tarjeta micro SD?",
  "answer": " Primero ingrese a configuración/almacenamiento. En almacenamiento interno puede revisar el total de espacio disponible del teléfono. En la tarjeta microSD, puede revisar el total espacio que está disponible en su tarjeta microSD. \r\n\r\n ![](http://consumer.huawei.com/support/servlet/imageServlet?dlType=HtmlAreaImage&imageId=76671) ![](http://consumer.huawei.com/support/servlet/imageServlet?dlType=HtmlAreaImage&imageId=76672)\r\n\n\n\n\n",
  "faqTypeId": null,
  "faqType": null,
  "useful": 3,
  "unUseful": 3,
  "languageId": 103,
  "languageName": "es",
  "faqCode": "6947",
  "faqTypeCode": null,
  "isTop": "0",
  "moduleCode": "faq",
  "productId": null,
  "productCode": null,
  "postDate": 1429231345000,
  "seriesProductName": "G526-L33,G610-U15,G730-U251,Y330-U05,Y330-U15,Y511-U251,Y600-U351",
  "visitedTimes": 123,
  "isUsefulFlag": null,
  "score": 0,
  "times": 0,
  "imageList": null,
  "displayType": "text",
  "justView": "0",
  "fileName": null,
  "filePath": null,
  "imagePath": null,
  "imageName": null,
  "productIdList": null,
  "curPage": null,
  "pageSize": null,
  "siteCode": null,
  "statusFlag": "Publish",
  "returnCode": 0,
  "totalRows": null,
  "keywords": "espacio almacenamiento",
  "avgScore": 0.0,
  "createDate": null,
  "totalPages": null
}