{
  "type": null,
  "faqId": 23172,
  "title": "¿Cómo puedo interpretar los indicadores de LED?",
  "answer": " Parpadeo en rojo: batería baja. \r\n\r\n Parpadeo en verde; Hay mensajes sin leer o llamadas perdidas. \r\n\r\n Cuando el teléfono está cargando: \r\n\r\n − Rojo: Hay poca carga en la batería. \r\n\r\n − Amarillo: La batería tiene un nivel medio de carga. \r\n\r\n − Verde: EL nivel de la carga está arriba del 90%. \r\n\n\n\n\n",
  "faqTypeId": null,
  "faqType": null,
  "useful": 21,
  "unUseful": 10,
  "languageId": 103,
  "languageName": "es",
  "faqCode": "7149",
  "faqTypeCode": null,
  "isTop": "0",
  "moduleCode": "faq",
  "productId": null,
  "productCode": null,
  "postDate": 1429306576000,
  "seriesProductName": "Jazz-L09,Sophia-L12,Y221-U33,Y520-U33,Y550-L03",
  "visitedTimes": 1259,
  "isUsefulFlag": null,
  "score": 0,
  "times": 0,
  "imageList": null,
  "displayType": "text",
  "justView": "0",
  "fileName": null,
  "filePath": null,
  "imagePath": null,
  "imageName": null,
  "productIdList": null,
  "curPage": null,
  "pageSize": null,
  "siteCode": null,
  "statusFlag": "Publish",
  "returnCode": 0,
  "totalRows": null,
  "keywords": "indicadores led",
  "avgScore": 0.0,
  "createDate": null,
  "totalPages": null
}