{
  "type": null,
  "faqId": 23183,
  "title": "¿Cómo puedo saber si mi equipo ha sido rooteado?",
  "answer": " Conecta tu dispositivo a la computadora. Ingresa a la consola de comandos en la computadora, ingresa la instrucción adb Shell. Si $ es mostrado, el equipo no ha sido rooteado, si muestra #, el equipo ha sido rooteado. \r\n\r\nFigure 1-1Respuesta del abd shell \r\n\r\n ![](http://consumer.huawei.com/support/servlet/imageServlet?dlType=HtmlAreaImage&imageId=77382)\n",
  "faqTypeId": null,
  "faqType": null,
  "useful": 3,
  "unUseful": 12,
  "languageId": 103,
  "languageName": "es",
  "faqCode": "7160",
  "faqTypeCode": null,
  "isTop": "0",
  "moduleCode": "faq",
  "productId": null,
  "productCode": null,
  "postDate": 1429306577000,
  "seriesProductName": "Jazz-L09,Sophia-L12,Y221-U33,Y520-U33,Y550-L03",
  "visitedTimes": 946,
  "isUsefulFlag": null,
  "score": 0,
  "times": 0,
  "imageList": null,
  "displayType": "text",
  "justView": "0",
  "fileName": null,
  "filePath": null,
  "imagePath": null,
  "imageName": null,
  "productIdList": null,
  "curPage": null,
  "pageSize": null,
  "siteCode": null,
  "statusFlag": "Publish",
  "returnCode": 0,
  "totalRows": null,
  "keywords": "rooteado",
  "avgScore": 0.0,
  "createDate": null,
  "totalPages": null
}