{
  "type": null,
  "faqId": 23181,
  "title": "¿Puedo escanear códigos QR con mi equipo?",
  "answer": " No, pero puede instalar una aplicación de terceros que habilite dicho función. \r\n\n\n\n\n",
  "faqTypeId": null,
  "faqType": null,
  "useful": 5,
  "unUseful": 2,
  "languageId": 103,
  "languageName": "es",
  "faqCode": "7158",
  "faqTypeCode": null,
  "isTop": "0",
  "moduleCode": "faq",
  "productId": null,
  "productCode": null,
  "postDate": 1429306577000,
  "seriesProductName": "Jazz-L09,Sophia-L12,Y221-U33,Y520-U33,Y550-L03",
  "visitedTimes": 407,
  "isUsefulFlag": null,
  "score": 0,
  "times": 0,
  "imageList": null,
  "displayType": "text",
  "justView": "0",
  "fileName": null,
  "filePath": null,
  "imagePath": null,
  "imageName": null,
  "productIdList": null,
  "curPage": null,
  "pageSize": null,
  "siteCode": null,
  "statusFlag": "Publish",
  "returnCode": 0,
  "totalRows": null,
  "keywords": "QR",
  "avgScore": 0.0,
  "createDate": null,
  "totalPages": null
}