{
  "type": null,
  "faqId": 25504,
  "title": "Descripción de la pantalla Inicio",
  "answer": " Todas las aplicaciones y widgets se muestran en la pantalla principal. Por defecto, el teléfono cuenta con cuatro pantallas de inicio. Recorra hacia la izquierda o hacia la derecha para cambiar entre ellos. Toca una aplicación o widget para abrirlo. \r\n\r\n La pantalla principal contiene cuatro partes de arriba hacia abajo. \r\n\r\n Barra de estado \r\n\r\n Mi Widget \r\n\r\n Indicador de posición de la pantalla Inicio \r\n\r\n Dock \r\n\r\n Accesos directos en este ámbito no cambian al cambiar entre las pantallas. \r\n\r\n Elementos de la pantalla de inicio incluyen aplicaciones y widgets. Para crear una carpeta en la pantalla de inicio, arrastre una aplicación sobre la otra. Se crea entonces una carpeta que contiene ambas aplicaciones. \r\n\r\nFigure 1-1Pantalla principal \r\n\r\n ![](http://consumer.huawei.com/support/servlet/imageServlet?dlType=HtmlAreaImage&imageId=87383)\r\n\r\n\n\n\n\n",
  "faqTypeId": null,
  "faqType": null,
  "useful": 0,
  "unUseful": 0,
  "languageId": 103,
  "languageName": "es",
  "faqCode": "9624",
  "faqTypeCode": null,
  "isTop": "0",
  "moduleCode": "faq",
  "productId": null,
  "productCode": null,
  "postDate": 1430957922000,
  "seriesProductName": "G510-0251,G620S-L03,Y220-U05,Y221-U33,Y300-0151,Y321-U051,Y330-U05,Y330-U15,Y550-L03,Y600-U151,Y600-U351",
  "visitedTimes": 40,
  "isUsefulFlag": null,
  "score": 0,
  "times": 0,
  "imageList": null,
  "displayType": "text",
  "justView": "0",
  "fileName": null,
  "filePath": null,
  "imagePath": null,
  "imageName": null,
  "productIdList": null,
  "curPage": null,
  "pageSize": null,
  "siteCode": null,
  "statusFlag": "Publish",
  "returnCode": 0,
  "totalRows": null,
  "keywords": null,
  "avgScore": 0.0,
  "createDate": null,
  "totalPages": null
}