{
  "type": null,
  "faqId": 25501,
  "title": "Bloqueo de la pantalla",
  "answer": " [Método 1: Presione el botón de encendido para bloquear manualmente la pantalla.]() \r\n\r\n Método 2: Después de estar inactivo durante un período de tiempo especificado, el teléfono bloquea automáticamente la pantalla. \r\n\r\n Para establecer el método de bloqueo de pantalla, vaya a Configuración. En General, tocar Bloqueo de pantalla> Bloqueo de pantalla. \r\n\n\n\n\n",
  "faqTypeId": null,
  "faqType": null,
  "useful": 1,
  "unUseful": 2,
  "languageId": 103,
  "languageName": "es",
  "faqCode": "9621",
  "faqTypeCode": null,
  "isTop": "0",
  "moduleCode": "faq",
  "productId": null,
  "productCode": null,
  "postDate": 1430957921000,
  "seriesProductName": "G510-0251,G620S-L03,Y220-U05,Y221-U33,Y300-0151,Y321-U051,Y330-U05,Y330-U15,Y550-L03,Y600-U151,Y600-U351",
  "visitedTimes": 77,
  "isUsefulFlag": null,
  "score": 0,
  "times": 0,
  "imageList": null,
  "displayType": "text",
  "justView": "0",
  "fileName": null,
  "filePath": null,
  "imagePath": null,
  "imageName": null,
  "productIdList": null,
  "curPage": null,
  "pageSize": null,
  "siteCode": null,
  "statusFlag": "Publish",
  "returnCode": 0,
  "totalRows": null,
  "keywords": null,
  "avgScore": 0.0,
  "createDate": null,
  "totalPages": null
}