{
  "type": null,
  "faqId": 25526,
  "title": "¿Cuántos contactos se puede salvar a mi teléfono?",
  "answer": " Al menos 2,000 contactos se pueden guardar en el teléfono (dependiendo del espacio de almacenamiento disponible). El número de contactos que se pueden guardar en la tarjeta SIM varía con la capacidad de la tarjeta SIM. \r\n\n\n\n\n",
  "faqTypeId": null,
  "faqType": null,
  "useful": 1,
  "unUseful": 0,
  "languageId": 103,
  "languageName": "es",
  "faqCode": "9646",
  "faqTypeCode": null,
  "isTop": "0",
  "moduleCode": "faq",
  "productId": null,
  "productCode": null,
  "postDate": 1430958850000,
  "seriesProductName": "G510-0251,G620S-L03,Y220-U05,Y221-U33,Y300-0151,Y321-U051,Y330-U05,Y330-U15,Y550-L03,Y600-U151,Y600-U351",
  "visitedTimes": 36,
  "isUsefulFlag": null,
  "score": 0,
  "times": 0,
  "imageList": null,
  "displayType": "text",
  "justView": "0",
  "fileName": null,
  "filePath": null,
  "imagePath": null,
  "imageName": null,
  "productIdList": null,
  "curPage": null,
  "pageSize": null,
  "siteCode": null,
  "statusFlag": "Publish",
  "returnCode": 0,
  "totalRows": null,
  "keywords": null,
  "avgScore": 0.0,
  "createDate": null,
  "totalPages": null
}