{
  "type": null,
  "faqId": 25521,
  "title": "Desbloqueo de la pantalla",
  "answer": " Si la pantalla está apagada, pulse el botón de encendido para encenderlo. Deslice el su dedo en cualquier dirección para desbloquear la pantalla (también aplica para el patrón de desbloqueo). \r\n\r\nFigure 1-1Desbloqueo de la pantalla \r\n\r\n ![](http://consumer.huawei.com/support/servlet/imageServlet?dlType=HtmlAreaImage&imageId=87596)\r\n\r\n En la pantalla de bloqueo, arrastre hacia la derecha para iniciar la cámara, o hacia la izquierda para añadir cualquier widget de la pantalla de bloqueo. \r\n\r\nFigure 1-2arrastrando hacia la izquierda o hacia la derecha \r\n\r\n ![](http://consumer.huawei.com/support/servlet/imageServlet?dlType=HtmlAreaImage&imageId=87597)\r\n\r\n En la pantalla de bloqueo, arrastre hacia la izquierda y pulse + para agregar widgets de la pantalla de bloqueo. \r\n\n\n\n\n",
  "faqTypeId": null,
  "faqType": null,
  "useful": 4,
  "unUseful": 0,
  "languageId": 103,
  "languageName": "es",
  "faqCode": "9641",
  "faqTypeCode": null,
  "isTop": "0",
  "moduleCode": "faq",
  "productId": null,
  "productCode": null,
  "postDate": 1430958849000,
  "seriesProductName": "G510-0251,G620S-L03,Y220-U05,Y221-U33,Y300-0151,Y321-U051,Y330-U05,Y330-U15,Y550-L03,Y600-U151,Y600-U351",
  "visitedTimes": 81,
  "isUsefulFlag": null,
  "score": 0,
  "times": 0,
  "imageList": null,
  "displayType": "text",
  "justView": "0",
  "fileName": null,
  "filePath": null,
  "imagePath": null,
  "imageName": null,
  "productIdList": null,
  "curPage": null,
  "pageSize": null,
  "siteCode": null,
  "statusFlag": "Publish",
  "returnCode": 0,
  "totalRows": null,
  "keywords": null,
  "avgScore": 0.0,
  "createDate": null,
  "totalPages": null
}