{
  "type": null,
  "faqId": 25524,
  "title": "¿Cómo se crea un contacto? ¿Cómo puedo asignar una foto a un contacto?",
  "answer": " Creación de un contacto \r\n\r\n Ir a Contactos, toque![](http://consumer.huawei.com/support/servlet/imageServlet?dlType=HtmlAreaImage&imageId=87608), y seleccione en donde desea guardar el contacto. \r\n\r\n Ingrese la información de contacto y toque GUARDAR. \r\n\r\nFigure 1-1Creación de un contacto \r\n\r\n ![](http://consumer.huawei.com/support/servlet/imageServlet?dlType=HtmlAreaImage&imageId=87609) ![](http://consumer.huawei.com/support/servlet/imageServlet?dlType=HtmlAreaImage&imageId=87610)\r\n\r\n Asignación de una foto a un contacto \r\n\r\n ![](http://consumer.huawei.com/support/servlet/imageServlet?dlType=HtmlAreaImage&imageId=87611)\r\n\r\n No se pueden asignar fotos a los contactos guardados en la tarjeta SIM. \r\n\r\n − Método 1: Ir a Contactos y toque en un contacto. En la pantalla de detalles de contactos, toque el área de la foto de contacto y toque Tomar foto, elegir entre preestablecido, o Elegir foto de la galería. \r\n\r\n − Método 2: Ir a la pantalla de detalles de contactos, toque![](http://consumer.huawei.com/support/servlet/imageServlet?dlType=HtmlAreaImage&imageId=87612), el área de contacto de la foto, y toque Tomar foto, elegir entre preestablecido, o Elegir foto de la galería. \r\n\r\n − Assigning a photo to a contact \r\n\r\nFigure 1-2Asignación de una foto a un contacto \r\n\r\n ![](http://consumer.huawei.com/support/servlet/imageServlet?dlType=HtmlAreaImage&imageId=87613) ![](http://consumer.huawei.com/support/servlet/imageServlet?dlType=HtmlAreaImage&imageId=87614) ![](http://consumer.huawei.com/support/servlet/imageServlet?dlType=HtmlAreaImage&imageId=87615)\r\n\r\n\n\n\n\n",
  "faqTypeId": null,
  "faqType": null,
  "useful": 1,
  "unUseful": 1,
  "languageId": 103,
  "languageName": "es",
  "faqCode": "9644",
  "faqTypeCode": null,
  "isTop": "0",
  "moduleCode": "faq",
  "productId": null,
  "productCode": null,
  "postDate": 1430958849000,
  "seriesProductName": "G510-0251,G620S-L03,Y220-U05,Y221-U33,Y300-0151,Y321-U051,Y330-U05,Y330-U15,Y550-L03,Y600-U151,Y600-U351",
  "visitedTimes": 43,
  "isUsefulFlag": null,
  "score": 0,
  "times": 0,
  "imageList": null,
  "displayType": "text",
  "justView": "0",
  "fileName": null,
  "filePath": null,
  "imagePath": null,
  "imageName": null,
  "productIdList": null,
  "curPage": null,
  "pageSize": null,
  "siteCode": null,
  "statusFlag": "Publish",
  "returnCode": 0,
  "totalRows": null,
  "keywords": null,
  "avgScore": 0.0,
  "createDate": null,
  "totalPages": null
}