{
  "type": null,
  "faqId": 25525,
  "title": "¿Cómo puedo importar contactos desde o exportar contactos a una tarjeta SIM?",
  "answer": " Exportar contactos a una tarjeta SIM \r\n\r\n 1. Ir a Contactos y toque ![](http://consumer.huawei.com/support/servlet/imageServlet?dlType=HtmlAreaImage&imageId=87616) Configuración/ Copiar contactos/ Teléfono. \r\n\r\n 2. Seleccione los contactos que desea exportar, y el tacto COPIA> SIM> OK. \r\n\r\nFigure 1-1Exportación de contactos a una tarjeta SIM \r\n\r\n ![](http://consumer.huawei.com/support/servlet/imageServlet?dlType=HtmlAreaImage&imageId=87617) ![](http://consumer.huawei.com/support/servlet/imageServlet?dlType=HtmlAreaImage&imageId=87618)\r\n\r\n ![](http://consumer.huawei.com/support/servlet/imageServlet?dlType=HtmlAreaImage&imageId=87619)\r\n\r\n Importar contactos desde una tarjeta SIM \r\n\r\n 1. Ir a Contactos y toque ![](http://consumer.huawei.com/support/servlet/imageServlet?dlType=HtmlAreaImage&imageId=87620) Configuración/ Copiar contactos/ SIM. \r\n\r\n 2. Seleccione los contactos que desea importar, y el tacto COPIA> Teléfono> OK. \r\n\n\n\n\n",
  "faqTypeId": null,
  "faqType": null,
  "useful": 0,
  "unUseful": 0,
  "languageId": 103,
  "languageName": "es",
  "faqCode": "9645",
  "faqTypeCode": null,
  "isTop": "0",
  "moduleCode": "faq",
  "productId": null,
  "productCode": null,
  "postDate": 1430958850000,
  "seriesProductName": "G510-0251,G620S-L03,Y220-U05,Y221-U33,Y300-0151,Y321-U051,Y330-U05,Y330-U15,Y550-L03,Y600-U151,Y600-U351",
  "visitedTimes": 46,
  "isUsefulFlag": null,
  "score": 0,
  "times": 0,
  "imageList": null,
  "displayType": "text",
  "justView": "0",
  "fileName": null,
  "filePath": null,
  "imagePath": null,
  "imageName": null,
  "productIdList": null,
  "curPage": null,
  "pageSize": null,
  "siteCode": null,
  "statusFlag": "Publish",
  "returnCode": 0,
  "totalRows": null,
  "keywords": null,
  "avgScore": 0.0,
  "createDate": null,
  "totalPages": null
}