{
  "type": null,
  "faqId": 25529,
  "title": "¿Cómo puedo borrar un mensaje de una cadena de mensajes? ¿Cómo puedo eliminar una cadena de mensajes?",
  "answer": " Vaya a Mensajes y toque una conversación para mostrar todos los mensajes de la conversación. Toque y mantenga oprimido el mensaje que desea eliminar. Desde el menú de opciones que aparece, elija Eliminar. \r\n\r\n Para eliminar una cadena de mensajes de una conversación, toque y manténgala. Desde el menú de opciones que aparece, seleccione Eliminar conversación. \r\n\r\nFigure 1-1Eliminación de un mensaje \r\n\r\n ![](http://consumer.huawei.com/support/servlet/imageServlet?dlType=HtmlAreaImage&imageId=87629)\r\n\r\n\n\n\n\n",
  "faqTypeId": null,
  "faqType": null,
  "useful": 0,
  "unUseful": 0,
  "languageId": 103,
  "languageName": "es",
  "faqCode": "9649",
  "faqTypeCode": null,
  "isTop": "0",
  "moduleCode": "faq",
  "productId": null,
  "productCode": null,
  "postDate": 1430958850000,
  "seriesProductName": "G510-0251,G620S-L03,Y220-U05,Y221-U33,Y300-0151,Y321-U051,Y330-U05,Y330-U15,Y550-L03,Y600-U151,Y600-U351",
  "visitedTimes": 15,
  "isUsefulFlag": null,
  "score": 0,
  "times": 0,
  "imageList": null,
  "displayType": "text",
  "justView": "0",
  "fileName": null,
  "filePath": null,
  "imagePath": null,
  "imageName": null,
  "productIdList": null,
  "curPage": null,
  "pageSize": null,
  "siteCode": null,
  "statusFlag": "Publish",
  "returnCode": 0,
  "totalRows": null,
  "keywords": null,
  "avgScore": 0.0,
  "createDate": null,
  "totalPages": null
}