{
  "type": null,
  "faqId": 25536,
  "title": "¿Cómo puedo enviar un mensaje multimedia?",
  "answer": " 1. Vaya a Mensajes, y crear un mensaje. \r\n\r\n 2. Introduzca el destinatario y escriba el mensaje. \r\n\r\n 3. Toque ![](http://consumer.huawei.com/support/servlet/imageServlet?dlType=HtmlAreaImage&imageId=87635)y luego en Añadir asunto. El mensaje se convierte a continuación en un mensaje multimedia. \r\n\r\n 4. Toque junto al cuadro de texto para añadir imágenes, clips de audio o videos al mensaje. \r\n\r\n Figura 1-16 Envío de un mensaje multimedia \r\n\r\n ![](http://consumer.huawei.com/support/servlet/imageServlet?dlType=HtmlAreaImage&imageId=87636)\r\n\r\n 5. Toque Enviar. \r\n\r\n\n\n\n\n",
  "faqTypeId": null,
  "faqType": null,
  "useful": 0,
  "unUseful": 0,
  "languageId": 103,
  "languageName": "es",
  "faqCode": "9656",
  "faqTypeCode": null,
  "isTop": "0",
  "moduleCode": "faq",
  "productId": null,
  "productCode": null,
  "postDate": 1430958851000,
  "seriesProductName": "G510-0251,G620S-L03,Y220-U05,Y221-U33,Y300-0151,Y321-U051,Y330-U05,Y330-U15,Y550-L03,Y600-U151,Y600-U351",
  "visitedTimes": 17,
  "isUsefulFlag": null,
  "score": 0,
  "times": 0,
  "imageList": null,
  "displayType": "text",
  "justView": "0",
  "fileName": null,
  "filePath": null,
  "imagePath": null,
  "imageName": null,
  "productIdList": null,
  "curPage": null,
  "pageSize": null,
  "siteCode": null,
  "statusFlag": "Publish",
  "returnCode": 0,
  "totalRows": null,
  "keywords": null,
  "avgScore": 0.0,
  "createDate": null,
  "totalPages": null
}