{
  "type": null,
  "faqId": 25538,
  "title": "¿Puedo guardar archivos adjuntos de mensajes multimedia? ¿Dónde se guardan los archivos adjuntos?",
  "answer": " Para guardar un archivo adjunto de un mensaje multimedia, toque y mantenga, y seleccione Guardar datos adjuntos desde el menú de opciones que aparece. \r\n\r\n Figura 6.1 Cómo guardar un archivo adjunto de un mensaje multimedia \r\n\r\n ![](http://consumer.huawei.com/support/servlet/imageServlet?dlType=HtmlAreaImage&imageId=87637) ![](http://consumer.huawei.com/support/servlet/imageServlet?dlType=HtmlAreaImage&imageId=87638)\r\n\r\n El archivo adjunto se guarda entonces al Administrador de archivos / Interno / Descargar. Alternativamente, usted puede encontrar los archivos adjuntos mediante el filtrado de archivos en el teléfono por categoría. \r\n\r\nFigure 1-1Guardar ubicación para los archivos adjuntos de los mensajes multimedia \r\n\r\n ![](http://consumer.huawei.com/support/servlet/imageServlet?dlType=HtmlAreaImage&imageId=87639) ![](http://consumer.huawei.com/support/servlet/imageServlet?dlType=HtmlAreaImage&imageId=87640) ![](http://consumer.huawei.com/support/servlet/imageServlet?dlType=HtmlAreaImage&imageId=87641)\r\n\r\n\n\n\n\n",
  "faqTypeId": null,
  "faqType": null,
  "useful": 0,
  "unUseful": 0,
  "languageId": 103,
  "languageName": "es",
  "faqCode": "9658",
  "faqTypeCode": null,
  "isTop": "0",
  "moduleCode": "faq",
  "productId": null,
  "productCode": null,
  "postDate": 1430958852000,
  "seriesProductName": "G510-0251,G620S-L03,Y220-U05,Y221-U33,Y300-0151,Y321-U051,Y330-U05,Y330-U15,Y550-L03,Y600-U151,Y600-U351",
  "visitedTimes": 19,
  "isUsefulFlag": null,
  "score": 0,
  "times": 0,
  "imageList": null,
  "displayType": "text",
  "justView": "0",
  "fileName": null,
  "filePath": null,
  "imagePath": null,
  "imageName": null,
  "productIdList": null,
  "curPage": null,
  "pageSize": null,
  "siteCode": null,
  "statusFlag": "Publish",
  "returnCode": 0,
  "totalRows": null,
  "keywords": null,
  "avgScore": 0.0,
  "createDate": null,
  "totalPages": null
}