{
  "type": null,
  "faqId": 25530,
  "title": "¿Cómo puedo reenviar un mensaje de texto, o enviar un mensaje de texto a varios destinatarios?",
  "answer": " Reenviar un mensaje de texto \r\n\r\n Toque y mantenga el mensaje, seleccione Reenviar en el menú de opciones que aparece, introduzca un destinatario y toque Enviar. \r\n\r\nFigure 1-1Reenviar un mensaje \r\n\r\n ![](http://consumer.huawei.com/support/servlet/imageServlet?dlType=HtmlAreaImage&imageId=87630)\r\n\r\n [[Envío de un mensaje de texto a varios destinatarios]()]() \r\n\r\n Escriba el mensaje, toque![](http://consumer.huawei.com/support/servlet/imageServlet?dlType=HtmlAreaImage&imageId=87631), seleccione los destinatarios deseados, toque SELECCIONAR, y toque Enviar. \r\n\n\n\n\n",
  "faqTypeId": null,
  "faqType": null,
  "useful": 0,
  "unUseful": 0,
  "languageId": 103,
  "languageName": "es",
  "faqCode": "9650",
  "faqTypeCode": null,
  "isTop": "0",
  "moduleCode": "faq",
  "productId": null,
  "productCode": null,
  "postDate": 1430958850000,
  "seriesProductName": "G510-0251,G620S-L03,Y220-U05,Y221-U33,Y300-0151,Y321-U051,Y330-U05,Y330-U15,Y550-L03,Y600-U151,Y600-U351",
  "visitedTimes": 11,
  "isUsefulFlag": null,
  "score": 0,
  "times": 0,
  "imageList": null,
  "displayType": "text",
  "justView": "0",
  "fileName": null,
  "filePath": null,
  "imagePath": null,
  "imageName": null,
  "productIdList": null,
  "curPage": null,
  "pageSize": null,
  "siteCode": null,
  "statusFlag": "Publish",
  "returnCode": 0,
  "totalRows": null,
  "keywords": null,
  "avgScore": 0.0,
  "createDate": null,
  "totalPages": null
}