{
  "type": null,
  "faqId": 25535,
  "title": "¿Cómo puedo tener una llamada en conferencia?",
  "answer": " El teléfono admite llamadas de tres vías, que es un nuevo servicio basado en la llamada en espera. Un máximo de cinco personas puede participar en una conferencia telefónica. \r\n\r\n Para iniciar una llamada en conferencia, combinar las llamadas en curso. \r\n\r\n Para utilizar esta función, asegúrese de que su tarjeta SIM admite el servicio de llamada a tres bandas. Póngase en contacto con su proveedor de servicios para activar la llamada en espera. \r\n\n\n\n\n",
  "faqTypeId": null,
  "faqType": null,
  "useful": 0,
  "unUseful": 0,
  "languageId": 103,
  "languageName": "es",
  "faqCode": "9655",
  "faqTypeCode": null,
  "isTop": "0",
  "moduleCode": "faq",
  "productId": null,
  "productCode": null,
  "postDate": 1430958851000,
  "seriesProductName": "G510-0251,G620S-L03,Y220-U05,Y221-U33,Y300-0151,Y321-U051,Y330-U05,Y330-U15,Y550-L03,Y600-U151,Y600-U351",
  "visitedTimes": 41,
  "isUsefulFlag": null,
  "score": 0,
  "times": 0,
  "imageList": null,
  "displayType": "text",
  "justView": "0",
  "fileName": null,
  "filePath": null,
  "imagePath": null,
  "imageName": null,
  "productIdList": null,
  "curPage": null,
  "pageSize": null,
  "siteCode": null,
  "statusFlag": "Publish",
  "returnCode": 0,
  "totalRows": null,
  "keywords": null,
  "avgScore": 0.0,
  "createDate": null,
  "totalPages": null
}