{
  "type": null,
  "faqId": 25532,
  "title": "¿Cuántos mensajes de texto se pueden guardar en mi teléfono?",
  "answer": " [[Una conversación puede contener un máximo de 500 mensajes de texto o 50 mensajes multimedia de forma predeterminada. Puede establecer el número máximo de Configuración.]()]() \r\n\r\n Los mensajes se pueden guardar en el teléfono depende de espacio de almacenamiento disponible del teléfono. \r\n\n\n\n\n",
  "faqTypeId": null,
  "faqType": null,
  "useful": 0,
  "unUseful": 0,
  "languageId": 103,
  "languageName": "es",
  "faqCode": "9652",
  "faqTypeCode": null,
  "isTop": "0",
  "moduleCode": "faq",
  "productId": null,
  "productCode": null,
  "postDate": 1430958851000,
  "seriesProductName": "G510-0251,G620S-L03,Y220-U05,Y221-U33,Y300-0151,Y321-U051,Y330-U05,Y330-U15,Y550-L03,Y600-U151,Y600-U351",
  "visitedTimes": 20,
  "isUsefulFlag": null,
  "score": 0,
  "times": 0,
  "imageList": null,
  "displayType": "text",
  "justView": "0",
  "fileName": null,
  "filePath": null,
  "imagePath": null,
  "imageName": null,
  "productIdList": null,
  "curPage": null,
  "pageSize": null,
  "siteCode": null,
  "statusFlag": "Publish",
  "returnCode": 0,
  "totalRows": null,
  "keywords": null,
  "avgScore": 0.0,
  "createDate": null,
  "totalPages": null
}