{
  "type": null,
  "faqId": 25544,
  "title": "¿Por qué no puedo abrir algunas fotos o videos?",
  "answer": " El formato de archivo no es compatible. \r\n\r\n La memoria del teléfono es insuficiente. \r\n\r\n El archivo está dañado. \r\n\r\n El archivo es (por ejemplo, un archivo .dcf) protegido por copyright. \r\n\r\n Su teléfono no tiene los recursos suficientes. Cierre algunas aplicaciones de terceros, y vuelva a intentarlo. \r\n\r\n En algunos casos raros, los errores desconocidos pueden ocurrir en el sistema operativo de su teléfono o aplicaciones. Reinicie el teléfono y vuelva a intentarlo. \r\n\n\n\n\n",
  "faqTypeId": null,
  "faqType": null,
  "useful": 0,
  "unUseful": 1,
  "languageId": 103,
  "languageName": "es",
  "faqCode": "9664",
  "faqTypeCode": null,
  "isTop": "0",
  "moduleCode": "faq",
  "productId": null,
  "productCode": null,
  "postDate": 1430958852000,
  "seriesProductName": "G510-0251,G620S-L03,Y220-U05,Y221-U33,Y300-0151,Y321-U051,Y330-U05,Y330-U15,Y550-L03,Y600-U151,Y600-U351",
  "visitedTimes": 31,
  "isUsefulFlag": null,
  "score": 0,
  "times": 0,
  "imageList": null,
  "displayType": "text",
  "justView": "0",
  "fileName": null,
  "filePath": null,
  "imagePath": null,
  "imageName": null,
  "productIdList": null,
  "curPage": null,
  "pageSize": null,
  "siteCode": null,
  "statusFlag": "Publish",
  "returnCode": 0,
  "totalRows": null,
  "keywords": null,
  "avgScore": 0.0,
  "createDate": null,
  "totalPages": null
}