{
  "type": null,
  "faqId": 25541,
  "title": "¿Qué modos de reproducción son compatibles con mi teléfono?",
  "answer": " Reproducir por orden (por defecto): reproduce todos los clips de audio en una lista de reproducción en secuencia y dejar de reproducir después de que todos los archivos se han reproducido. \r\n\r\n Aleatorio: reproduce todos los clips de audio en la lista de reproducción en orden aleatorio y dejar de reproducir después de que todos los archivos se han reproducido. \r\n\r\n Repite todas las canciones: reproduce todos los clips de audio en una lista de reproducción en secuencia y repite la lista de reproducción después de que todos los archivos se han reproducido. \r\n\r\n Repite la canción actual: reproduce el clip de audio actual de forma repetida. \r\n\r\n Aleatorio esta con + Repetir todas las canciones: Reproduce todos los archivos de audio en la lista de reproducción en orden aleatorio y repetir la lista de reproducción en orden aleatorio después de que todos los archivos se han reproducido. \r\n\n\n\n\n",
  "faqTypeId": null,
  "faqType": null,
  "useful": 0,
  "unUseful": 0,
  "languageId": 103,
  "languageName": "es",
  "faqCode": "9661",
  "faqTypeCode": null,
  "isTop": "0",
  "moduleCode": "faq",
  "productId": null,
  "productCode": null,
  "postDate": 1430958852000,
  "seriesProductName": "G510-0251,G620S-L03,Y220-U05,Y221-U33,Y300-0151,Y321-U051,Y330-U05,Y330-U15,Y550-L03,Y600-U151,Y600-U351",
  "visitedTimes": 24,
  "isUsefulFlag": null,
  "score": 0,
  "times": 0,
  "imageList": null,
  "displayType": "text",
  "justView": "0",
  "fileName": null,
  "filePath": null,
  "imagePath": null,
  "imageName": null,
  "productIdList": null,
  "curPage": null,
  "pageSize": null,
  "siteCode": null,
  "statusFlag": "Publish",
  "returnCode": 0,
  "totalRows": null,
  "keywords": null,
  "avgScore": 0.0,
  "createDate": null,
  "totalPages": null
}