{
  "type": null,
  "faqId": 25550,
  "title": "¿Mi teléfono detendrá los medios de juego o de reproducción cuando se recibe una llamada? En caso afirmativo, ¿se reanudará la reproducción cuando termina la llamada?",
  "answer": " El teléfono deja de reproducir streaming media cuando tiene una llamada entrante. \r\n\r\n Si la llamada tiene una duración de menos de 3 minutos, los medios de transmisión se reanudará automáticamente la reproducción cuando finaliza la llamada. De lo contrario, se requieren operaciones manuales. \r\n\n\n\n\n",
  "faqTypeId": null,
  "faqType": null,
  "useful": 0,
  "unUseful": 0,
  "languageId": 103,
  "languageName": "es",
  "faqCode": "9670",
  "faqTypeCode": null,
  "isTop": "0",
  "moduleCode": "faq",
  "productId": null,
  "productCode": null,
  "postDate": 1430958853000,
  "seriesProductName": "G510-0251,G620S-L03,Y220-U05,Y221-U33,Y300-0151,Y321-U051,Y330-U05,Y330-U15,Y550-L03,Y600-U151,Y600-U351",
  "visitedTimes": 10,
  "isUsefulFlag": null,
  "score": 0,
  "times": 0,
  "imageList": null,
  "displayType": "text",
  "justView": "0",
  "fileName": null,
  "filePath": null,
  "imagePath": null,
  "imageName": null,
  "productIdList": null,
  "curPage": null,
  "pageSize": null,
  "siteCode": null,
  "statusFlag": "Publish",
  "returnCode": 0,
  "totalRows": null,
  "keywords": null,
  "avgScore": 0.0,
  "createDate": null,
  "totalPages": null
}