{
  "type": null,
  "faqId": 25557,
  "title": "¿Por qué no puedo vincular mi teléfono con otros dispositivos Bluetooth?",
  "answer": " El teléfono admite varios perfiles, como A2DP, HSP, HFP, PAN, HIDH, OPP, PBAP y. Si el dispositivo de emparejamiento también es compatible con estos perfiles, pero no para ser emparejado con, ver las siguientes soluciones: \r\n\r\n Su teléfono no puede encontrar otros teléfonos. \r\n\r\n Solución: Compruebe que el Bluetooth en el teléfono está encendido y el teléfono está configurado para ser visible. \r\n\r\n Su teléfono no puede encontrar un auricular Bluetooth. \r\n\r\n Solución: Compruebe que el auricular está habilitado a ser visible. Para obtener detalles sobre cómo configurar los auriculares, consulte la guía del usuario del auricular. \r\n\r\n El teléfono no puede enviar archivos a otro teléfono. \r\n\r\n Solución: Asegúrese de que el teléfono con el que se quiere conectar a es capaz de recibir los archivos y es compatible con los formatos de los archivos que desea enviar. \r\n\n\n\n\n",
  "faqTypeId": null,
  "faqType": null,
  "useful": 1,
  "unUseful": 0,
  "languageId": 103,
  "languageName": "es",
  "faqCode": "9677",
  "faqTypeCode": null,
  "isTop": "0",
  "moduleCode": "faq",
  "productId": null,
  "productCode": null,
  "postDate": 1430958854000,
  "seriesProductName": "G510-0251,G620S-L03,Y220-U05,Y221-U33,Y300-0151,Y321-U051,Y330-U05,Y330-U15,Y550-L03,Y600-U151,Y600-U351",
  "visitedTimes": 39,
  "isUsefulFlag": null,
  "score": 0,
  "times": 0,
  "imageList": null,
  "displayType": "text",
  "justView": "0",
  "fileName": null,
  "filePath": null,
  "imagePath": null,
  "imageName": null,
  "productIdList": null,
  "curPage": null,
  "pageSize": null,
  "siteCode": null,
  "statusFlag": "Publish",
  "returnCode": 0,
  "totalRows": null,
  "keywords": null,
  "avgScore": 0.0,
  "createDate": null,
  "totalPages": null
}