{
  "type": null,
  "faqId": 25559,
  "title": "¿Qué puedo hacer si la aplicación de navegación en mi teléfono no puede recibir señales de los satélites GPS?",
  "answer": " Si usted está usando el teléfono en el interior, llevar el teléfono a una zona al aire libre. \r\n\r\n Si usted está usando el teléfono al aire libre, asegúrese de que usted no está en una zona urbanizada, porque los edificios altos bloquean las señales de satélite. \r\n\n\n\n\n",
  "faqTypeId": null,
  "faqType": null,
  "useful": 1,
  "unUseful": 3,
  "languageId": 103,
  "languageName": "es",
  "faqCode": "9679",
  "faqTypeCode": null,
  "isTop": "0",
  "moduleCode": "faq",
  "productId": null,
  "productCode": null,
  "postDate": 1430958854000,
  "seriesProductName": "G510-0251,G620S-L03,Y220-U05,Y221-U33,Y300-0151,Y321-U051,Y330-U05,Y330-U15,Y550-L03,Y600-U151,Y600-U351",
  "visitedTimes": 31,
  "isUsefulFlag": null,
  "score": 0,
  "times": 0,
  "imageList": null,
  "displayType": "text",
  "justView": "0",
  "fileName": null,
  "filePath": null,
  "imagePath": null,
  "imageName": null,
  "productIdList": null,
  "curPage": null,
  "pageSize": null,
  "siteCode": null,
  "statusFlag": "Publish",
  "returnCode": 0,
  "totalRows": null,
  "keywords": null,
  "avgScore": 0.0,
  "createDate": null,
  "totalPages": null
}