{
  "type": null,
  "faqId": 25555,
  "title": "¿Por qué mi teléfono no puede ser detectado por otros dispositivos Bluetooth?",
  "answer": " Bluetooth se ha desactivado en el teléfono. \r\n\r\n Solución: Vaya a Ajustes, y encender Bluetooth. \r\n\r\nFigure 1-1Encendido de Bluetooth \r\n\r\n ![](http://consumer.huawei.com/support/servlet/imageServlet?dlType=HtmlAreaImage&imageId=87662)\r\n\r\n Bluetooth está activado, pero el teléfono no está configurado para ser visible a otros dispositivos. \r\n\r\n Solución: Vaya a Ajustes, toque Bluetooth y toque el nombre de su teléfono. \r\n\r\nFigure 1-2Configuración de su teléfono como visible \r\n\r\n ![](http://consumer.huawei.com/support/servlet/imageServlet?dlType=HtmlAreaImage&imageId=87663) ![](http://consumer.huawei.com/support/servlet/imageServlet?dlType=HtmlAreaImage&imageId=87664)\r\n\r\n\n\n\n\n",
  "faqTypeId": null,
  "faqType": null,
  "useful": 0,
  "unUseful": 0,
  "languageId": 103,
  "languageName": "es",
  "faqCode": "9675",
  "faqTypeCode": null,
  "isTop": "0",
  "moduleCode": "faq",
  "productId": null,
  "productCode": null,
  "postDate": 1430958854000,
  "seriesProductName": "G510-0251,G620S-L03,Y220-U05,Y221-U33,Y300-0151,Y321-U051,Y330-U05,Y330-U15,Y550-L03,Y600-U151,Y600-U351",
  "visitedTimes": 16,
  "isUsefulFlag": null,
  "score": 0,
  "times": 0,
  "imageList": null,
  "displayType": "text",
  "justView": "0",
  "fileName": null,
  "filePath": null,
  "imagePath": null,
  "imageName": null,
  "productIdList": null,
  "curPage": null,
  "pageSize": null,
  "siteCode": null,
  "statusFlag": "Publish",
  "returnCode": 0,
  "totalRows": null,
  "keywords": null,
  "avgScore": 0.0,
  "createDate": null,
  "totalPages": null
}