{
  "type": null,
  "faqId": 25551,
  "title": "¿Qué puede causar mala calidad de streaming de medios en línea en mi teléfono?",
  "answer": " El streaming de medios de origen es de mala calidad. \r\n\r\n La conexión de red es baja. \r\n\r\n Hardware de su teléfono puede ser defectuosa, por ejemplo, la pantalla dañada. Para comprobar esto, reproducir un vídeo local para comparación. \r\n\r\n La memoria disponible del teléfono es insuficiente. \r\n\r\n El uso de la CPU es alta. \r\n\r\n Demasiadas aplicaciones se están ejecutando. \r\n\n\n\n\n",
  "faqTypeId": null,
  "faqType": null,
  "useful": 0,
  "unUseful": 0,
  "languageId": 103,
  "languageName": "es",
  "faqCode": "9671",
  "faqTypeCode": null,
  "isTop": "0",
  "moduleCode": "faq",
  "productId": null,
  "productCode": null,
  "postDate": 1430958854000,
  "seriesProductName": "G510-0251,G620S-L03,Y220-U05,Y221-U33,Y300-0151,Y321-U051,Y330-U05,Y330-U15,Y550-L03,Y600-U151,Y600-U351",
  "visitedTimes": 12,
  "isUsefulFlag": null,
  "score": 0,
  "times": 0,
  "imageList": null,
  "displayType": "text",
  "justView": "0",
  "fileName": null,
  "filePath": null,
  "imagePath": null,
  "imageName": null,
  "productIdList": null,
  "curPage": null,
  "pageSize": null,
  "siteCode": null,
  "statusFlag": "Publish",
  "returnCode": 0,
  "totalRows": null,
  "keywords": null,
  "avgScore": 0.0,
  "createDate": null,
  "totalPages": null
}