{
  "type": null,
  "faqId": 25564,
  "title": "¿Cómo puedo configurar los ajustes de correo electrónico?",
  "answer": " Agregar una cuenta de correo electrónico \r\n\r\n Toque Ajustes> Añadir cuenta. Elija correo electrónico agregar una cuenta de correo electrónico o elegir Corporativa para agregar una cuenta de Exchange. \r\n\r\nFigure 1-1Configuración de una cuenta de correo electrónico \r\n\r\n ![](http://consumer.huawei.com/support/servlet/imageServlet?dlType=HtmlAreaImage&imageId=87674) ![](http://consumer.huawei.com/support/servlet/imageServlet?dlType=HtmlAreaImage&imageId=87675)\r\n\r\n Configuración manual \r\n\r\n 1. En la pantalla Configuración de cuenta, ingrese su cuenta de correo electrónico y contraseña. \r\n\r\n 2. Toque Configuración manual. \r\n\r\n 3. Toque POP3 para configurar los ajustes del servidor entrante. \r\n\r\n 4. Toque Siguiente para configurar los ajustes del servidor de salida. \r\n\r\n 5. Toque Siguiente para configurar los ajustes de la recepción de correo electrónico, como la frecuencia de actualización de la bandeja de entrada. \r\n\r\n 6. Toque Siguiente para nombrar la cuenta y escriba su nombre. \r\n\r\n 7. Toque Siguiente. A continuación, acceder a la bandeja de entrada de la cuenta de correo electrónico. \r\n\r\nFigure 1-1Configuración manual \r\n\r\n ![](http://consumer.huawei.com/support/servlet/imageServlet?dlType=HtmlAreaImage&imageId=87676) ![](http://consumer.huawei.com/support/servlet/imageServlet?dlType=HtmlAreaImage&imageId=87677) ![](http://consumer.huawei.com/support/servlet/imageServlet?dlType=HtmlAreaImage&imageId=87678) ![](http://consumer.huawei.com/support/servlet/imageServlet?dlType=HtmlAreaImage&imageId=87679) \r\n\r\n Configuración automática (Este método requiere que los ajustes de correo electrónico este predeterminada en el teléfono.) \r\n\r\n 1. En la pantalla Configuración de cuenta, ingrese su cuenta de correo electrónico y contraseña. \r\n\r\n 2. Toque Siguiente. \r\n\r\n 3. Toque Siguiente para configurar los ajustes de la recepción de correo electrónico, como la frecuencia de actualización de la bandeja de entrada. \r\n\r\n 4. Toque Siguiente para nombrar la cuenta y escriba su nombre. \r\n\r\n 5. Toque Siguiente. A continuación, acceder a la bandeja de entrada de la cuenta de correo electrónico. \r\n\r\nFigure 1-2Configuración automática \r\n\r\n ![](http://consumer.huawei.com/support/servlet/imageServlet?dlType=HtmlAreaImage&imageId=87680) ![](http://consumer.huawei.com/support/servlet/imageServlet?dlType=HtmlAreaImage&imageId=87681) ![](http://consumer.huawei.com/support/servlet/imageServlet?dlType=HtmlAreaImage&imageId=87682)\r\n\r\n Para obtener más información acerca de la configuración de la cuenta de correo electrónico, póngase en contacto con su proveedor de servicios de correo electrónico. \r\n\r\n El envío de un correo electrónico \r\n\r\n En la pantalla Bandeja de entrada, toque![](http://consumer.huawei.com/support/servlet/imageServlet?dlType=HtmlAreaImage&imageId=87683), introduzca el contenido de destinatario, asunto, y el correo electrónico, y toque Enviar correo electrónico. \r\n\r\n Visualización y eliminación de un correo electrónico \r\n\r\n En la pantalla Bandeja de entrada, toque un correo electrónico para leerlo, y toque ![](http://consumer.huawei.com/support/servlet/imageServlet?dlType=HtmlAreaImage&imageId=87684) para eliminarlo. \r\n\r\n Eliminar una cuenta de correo electrónico \r\n\r\n En la pantalla Bandeja de entrada, toque![](http://consumer.huawei.com/support/servlet/imageServlet?dlType=HtmlAreaImage&imageId=87685). . Desde el menú de opciones que aparece, seleccione Configuración. Toque la cuenta de correo electrónico que desea eliminar. Flick a la cuenta de fondo y toque en Eliminar. \r\n\r\nFigure 1-3Email \r\n\r\n ![](http://consumer.huawei.com/support/servlet/imageServlet?dlType=HtmlAreaImage&imageId=87686) ![](http://consumer.huawei.com/support/servlet/imageServlet?dlType=HtmlAreaImage&imageId=87687) ![](http://consumer.huawei.com/support/servlet/imageServlet?dlType=HtmlAreaImage&imageId=87688)\r\n\r\n\n\n\n\n",
  "faqTypeId": null,
  "faqType": null,
  "useful": 0,
  "unUseful": 0,
  "languageId": 103,
  "languageName": "es",
  "faqCode": "9684",
  "faqTypeCode": null,
  "isTop": "0",
  "moduleCode": "faq",
  "productId": null,
  "productCode": null,
  "postDate": 1430958855000,
  "seriesProductName": "G510-0251,G620S-L03,Y220-U05,Y221-U33,Y300-0151,Y321-U051,Y330-U05,Y330-U15,Y550-L03,Y600-U151,Y600-U351",
  "visitedTimes": 49,
  "isUsefulFlag": null,
  "score": 0,
  "times": 0,
  "imageList": null,
  "displayType": "text",
  "justView": "0",
  "fileName": null,
  "filePath": null,
  "imagePath": null,
  "imageName": null,
  "productIdList": null,
  "curPage": null,
  "pageSize": null,
  "siteCode": null,
  "statusFlag": "Publish",
  "returnCode": 0,
  "totalRows": null,
  "keywords": null,
  "avgScore": 0.0,
  "createDate": null,
  "totalPages": null
}