{
  "type": null,
  "faqId": 25566,
  "title": "¿Cómo sincronizar los contactos y eventos del calendario?",
  "answer": " Para sincronizar contactos, tienes que entrar a por lo menos una cuenta de Exchange. \r\n\r\n En la pantalla Configuración de cuentas, toque Exchange. Obtener la configuración del servidor de la bandeja de entrada del correo electrónico de la página web de su proveedor de servicios de correo electrónico, configure los ajustes en su teléfono, e ingrese a su cuenta de Exchange. \r\n\r\n Vaya a Configuración. En Cuentas, toca Corporativa. Toque su cuenta, seleccione los datos que desea sincronizar y toque![](http://consumer.huawei.com/support/servlet/imageServlet?dlType=HtmlAreaImage&imageId=87905). Desde el menú de opciones que aparece, seleccione Sincronizar ahora para sincronizar los datos seleccionados para su teléfono. \r\n\r\nFigure 1-1Agregar una cuenta de Exchange \r\n\r\n ![](http://consumer.huawei.com/support/servlet/imageServlet?dlType=HtmlAreaImage&imageId=87906) ![](http://consumer.huawei.com/support/servlet/imageServlet?dlType=HtmlAreaImage&imageId=87907)\r\n\r\n Si falla la sincronización de contactos, compruebe que su teléfono tenga acceso a Internet y que el servidor de la cuenta admite la sincronización de contactos. \r\n\n\n\n\n",
  "faqTypeId": null,
  "faqType": null,
  "useful": 0,
  "unUseful": 0,
  "languageId": 103,
  "languageName": "es",
  "faqCode": "9686",
  "faqTypeCode": null,
  "isTop": "0",
  "moduleCode": "faq",
  "productId": null,
  "productCode": null,
  "postDate": 1430959507000,
  "seriesProductName": "G510-0251,G620S-L03,Y220-U05,Y221-U33,Y300-0151,Y321-U051,Y330-U05,Y330-U15,Y550-L03,Y600-U151,Y600-U351",
  "visitedTimes": 27,
  "isUsefulFlag": null,
  "score": 0,
  "times": 0,
  "imageList": null,
  "displayType": "text",
  "justView": "0",
  "fileName": null,
  "filePath": null,
  "imagePath": null,
  "imageName": null,
  "productIdList": null,
  "curPage": null,
  "pageSize": null,
  "siteCode": null,
  "statusFlag": "Publish",
  "returnCode": 0,
  "totalRows": null,
  "keywords": null,
  "avgScore": 0.0,
  "createDate": null,
  "totalPages": null
}