{
  "type": null,
  "faqId": 25568,
  "title": "¿Cómo puedo conectar mi teléfono a una red Wi-Fi?",
  "answer": " En la pantalla principal, toque Configuración y vaya a Conexiones inalámbricas & redes. \r\n\r\nFigure 1-1Configuración \r\n\r\n ![](http://consumer.huawei.com/support/servlet/imageServlet?dlType=HtmlAreaImage&imageId=88124)\r\n\r\n  If Wi-Fi is off, touch the switch to turn it on. \r\n\r\nFigure 1-2Encendido de Wi-Fi \r\n\r\n ![](http://consumer.huawei.com/support/servlet/imageServlet?dlType=HtmlAreaImage&imageId=88125)\r\n\r\n  Si Wi-Fi está activado, el teléfono busca automáticamente las redes Wi-Fi. Toque una red disponible, e introduzca la contraseña si se la solicita. Después de que la conexión se establece, usted será capaz de utilizar la red Wi-Fi para acceder a Internet. \r\n\n\n\n\n",
  "faqTypeId": null,
  "faqType": null,
  "useful": 0,
  "unUseful": 0,
  "languageId": 103,
  "languageName": "es",
  "faqCode": "9688",
  "faqTypeCode": null,
  "isTop": "0",
  "moduleCode": "faq",
  "productId": null,
  "productCode": null,
  "postDate": 1430959721000,
  "seriesProductName": "G510-0251,G620S-L03,Y220-U05,Y221-U33,Y300-0151,Y321-U051,Y330-U05,Y330-U15,Y550-L03,Y600-U151,Y600-U351",
  "visitedTimes": 99,
  "isUsefulFlag": null,
  "score": 0,
  "times": 0,
  "imageList": null,
  "displayType": "text",
  "justView": "0",
  "fileName": null,
  "filePath": null,
  "imagePath": null,
  "imageName": null,
  "productIdList": null,
  "curPage": null,
  "pageSize": null,
  "siteCode": null,
  "statusFlag": "Publish",
  "returnCode": 0,
  "totalRows": null,
  "keywords": null,
  "avgScore": 0.0,
  "createDate": null,
  "totalPages": null
}