{
  "type": null,
  "faqId": 25563,
  "title": "¿Mi teléfono viene con un auricular? ¿Qué orden de línea es compatible con mi teléfono?",
  "answer": " El auricular que viene con el teléfono adopta el orden de la línea americana, que es el fin de línea principal en la industria. \r\n\r\n El auricular tiene un solo botón para que usted pueda responder o finalizar una llamada y reproducir o detener la reproducción de música. Su teléfono es compatible con otros auriculares con teclas de volumen hacia arriba y de volumen hacia abajo El uso de estos auriculares, también puede ajustar el volumen de la llamada y el volumen de la música. \r\n\r\n\n\n\n\n",
  "faqTypeId": null,
  "faqType": null,
  "useful": 0,
  "unUseful": 1,
  "languageId": 103,
  "languageName": "es",
  "faqCode": "9683",
  "faqTypeCode": null,
  "isTop": "0",
  "moduleCode": "faq",
  "productId": null,
  "productCode": null,
  "postDate": 1430958855000,
  "seriesProductName": "G510-0251,G620S-L03,Y220-U05,Y221-U33,Y300-0151,Y321-U051,Y330-U05,Y330-U15,Y550-L03,Y600-U151,Y600-U351",
  "visitedTimes": 37,
  "isUsefulFlag": null,
  "score": 0,
  "times": 0,
  "imageList": null,
  "displayType": "text",
  "justView": "0",
  "fileName": null,
  "filePath": null,
  "imagePath": null,
  "imageName": null,
  "productIdList": null,
  "curPage": null,
  "pageSize": null,
  "siteCode": null,
  "statusFlag": "Publish",
  "returnCode": 0,
  "totalRows": null,
  "keywords": null,
  "avgScore": 0.0,
  "createDate": null,
  "totalPages": null
}