{
  "type": null,
  "faqId": 25571,
  "title": "¿Por qué no puede mi teléfono detectar señales de puntos de acceso Wi-Fi?",
  "answer": " En otro dispositivo, activar el Wi-Fi. Si el dispositivo también no puede detectar cualquier señal de Wi-Fi, compruebe si su dispositivo punto de acceso está funcionando correctamente. \r\n\r\n Compruebe que el identificador de conjunto de servicios del punto de acceso (SSID) no está oculta. \r\n\r\n Reinicie Wi-Fi en su teléfono. \r\n\r\n Reinicie el teléfono. \r\n\n\n\n\n",
  "faqTypeId": null,
  "faqType": null,
  "useful": 0,
  "unUseful": 16,
  "languageId": 103,
  "languageName": "es",
  "faqCode": "9691",
  "faqTypeCode": null,
  "isTop": "0",
  "moduleCode": "faq",
  "productId": null,
  "productCode": null,
  "postDate": 1430959722000,
  "seriesProductName": "G510-0251,G620S-L03,Y220-U05,Y221-U33,Y300-0151,Y321-U051,Y330-U05,Y330-U15,Y550-L03,Y600-U151,Y600-U351",
  "visitedTimes": 125,
  "isUsefulFlag": null,
  "score": 0,
  "times": 0,
  "imageList": null,
  "displayType": "text",
  "justView": "0",
  "fileName": null,
  "filePath": null,
  "imagePath": null,
  "imageName": null,
  "productIdList": null,
  "curPage": null,
  "pageSize": null,
  "siteCode": null,
  "statusFlag": "Publish",
  "returnCode": 0,
  "totalRows": null,
  "keywords": null,
  "avgScore": 0.0,
  "createDate": null,
  "totalPages": null
}