{
  "type": null,
  "faqId": 25576,
  "title": "¿Cómo puedo conectar mi teléfono a un punto de acceso con una dirección IP estática para acceder a Internet?",
  "answer": " Toque Configuración, vaya a Conexiones inalámbricas y redes, toque Wi-Fi, y tocar un punto de acceso. En el cuadro de diálogo que aparece, seleccione Mostrar opciones avanzadas. Seleccione Estática para la configuración IP. Introduzca la dirección IP (en su mayoría 192.168.1.xxx), la dirección de puerta de enlace (en su mayoría 192.168.1.1), máscara de subred o máscara de red (255.255.255.0), y el nombre de dominio (dirección DNS). \r\n\r\nFigure 1-1Uso de una dirección IP estática \r\n\r\n ![](http://consumer.huawei.com/support/servlet/imageServlet?dlType=HtmlAreaImage&imageId=88136) ![](http://consumer.huawei.com/support/servlet/imageServlet?dlType=HtmlAreaImage&imageId=88137)\r\n\r\n Cuando el teléfono utiliza DHCP para acceder a Internet a través de Wi-Fi, se debe esperar a que el router le asigne una dirección IP dinámica, lo que lleva tiempo. Al especificar una dirección IP estática para su teléfono, puede establecer rápidamente una conexión a Internet. \r\n\n\n\n\n",
  "faqTypeId": null,
  "faqType": null,
  "useful": 0,
  "unUseful": 1,
  "languageId": 103,
  "languageName": "es",
  "faqCode": "9696",
  "faqTypeCode": null,
  "isTop": "0",
  "moduleCode": "faq",
  "productId": null,
  "productCode": null,
  "postDate": 1430959722000,
  "seriesProductName": "G510-0251,G620S-L03,Y220-U05,Y221-U33,Y300-0151,Y321-U051,Y330-U05,Y330-U15,Y550-L03,Y600-U151,Y600-U351",
  "visitedTimes": 65,
  "isUsefulFlag": null,
  "score": 0,
  "times": 0,
  "imageList": null,
  "displayType": "text",
  "justView": "0",
  "fileName": null,
  "filePath": null,
  "imagePath": null,
  "imageName": null,
  "productIdList": null,
  "curPage": null,
  "pageSize": null,
  "siteCode": null,
  "statusFlag": "Publish",
  "returnCode": 0,
  "totalRows": null,
  "keywords": null,
  "avgScore": 0.0,
  "createDate": null,
  "totalPages": null
}