{
  "type": null,
  "faqId": 25575,
  "title": "¿Puedo utilizar mi teléfono móvil como un punto de acceso y acceso a Internet desde otro dispositivo mediante la conexión de datos de mi teléfono?",
  "answer": " Sí. Toque Configuración, vaya a Conexiones inalámbricas y redes, y toque Más ...> Anclaje a red y zona Wi-Fi> hotspot Wi-Fi portátil. \r\n\r\nFigure 1-1Cómo encender Wi-Fi hotspot \r\n\r\n ![](http://consumer.huawei.com/support/servlet/imageServlet?dlType=HtmlAreaImage&imageId=88132) ![](http://consumer.huawei.com/support/servlet/imageServlet?dlType=HtmlAreaImage&imageId=88133) ![](http://consumer.huawei.com/support/servlet/imageServlet?dlType=HtmlAreaImage&imageId=88134) ![](http://consumer.huawei.com/support/servlet/imageServlet?dlType=HtmlAreaImage&imageId=88135) \r\n\r\n [Después de un dispositivo encuentra su teléfono a través de Wi-Fi, puede acceder a Internet desde el dispositivo utilizando la conexión de datos móviles del teléfono.]() \r\n\r\n Para establecer el nombre de punto de acceso y los parámetros de seguridad, vaya a Configuración de Wi-Fi hotspot. \r\n\n\n\n\n",
  "faqTypeId": null,
  "faqType": null,
  "useful": 1,
  "unUseful": 1,
  "languageId": 103,
  "languageName": "es",
  "faqCode": "9695",
  "faqTypeCode": null,
  "isTop": "0",
  "moduleCode": "faq",
  "productId": null,
  "productCode": null,
  "postDate": 1430959722000,
  "seriesProductName": "G510-0251,G620S-L03,Y220-U05,Y221-U33,Y300-0151,Y321-U051,Y330-U05,Y330-U15,Y550-L03,Y600-U151,Y600-U351",
  "visitedTimes": 25,
  "isUsefulFlag": null,
  "score": 0,
  "times": 0,
  "imageList": null,
  "displayType": "text",
  "justView": "0",
  "fileName": null,
  "filePath": null,
  "imagePath": null,
  "imageName": null,
  "productIdList": null,
  "curPage": null,
  "pageSize": null,
  "siteCode": null,
  "statusFlag": "Publish",
  "returnCode": 0,
  "totalRows": null,
  "keywords": null,
  "avgScore": 0.0,
  "createDate": null,
  "totalPages": null
}