{
  "type": null,
  "faqId": 25574,
  "title": "¿Qué puedo hacer si la conexión Wi-Fi de mi teléfono termina automáticamente después de que se apague la pantalla?",
  "answer": " Cambiar la política de suspensión de Wi-Fi de la siguiente manera: Toque ![](http://consumer.huawei.com/support/servlet/imageServlet?dlType=HtmlAreaImage&imageId=88127) Configuración, vaya a Conexiones inalámbricas y redes, y toca Wi-Fi. Toque> Avanzado> Mantener Wi-Fi durante la suspensión. A continuación, seleccione Siempre. \r\n\r\nFigure 1-1Establecimiento de la política de suspensión de Wi-Fi \r\n\r\n ![](http://consumer.huawei.com/support/servlet/imageServlet?dlType=HtmlAreaImage&imageId=88128) ![](http://consumer.huawei.com/support/servlet/imageServlet?dlType=HtmlAreaImage&imageId=88129) ![](http://consumer.huawei.com/support/servlet/imageServlet?dlType=HtmlAreaImage&imageId=88130)\r\n\r\n ![](http://consumer.huawei.com/support/servlet/imageServlet?dlType=HtmlAreaImage&imageId=88131)\r\n\r\n Por defecto, se selecciona siempre para Mantener Wi-Fi durante la suspensión. Si se modifican los ajustes, su teléfono se desconecta de la red Wi-Fi cuando la pantalla se apaga. A continuación se describen las tres opciones de Mantener Wi-Fi durante la suspensión: \r\n\r\n  Siempre: Mantener en nunca desconectar de una conexión Wi-Fi. \r\n\r\n  Sólo cuando está enchufado: Nunca desconecte de una conexión Wi-Fi cuando el teléfono se está cargando. Si el teléfono no se carga, se desconecta de la conexión Wi-Fi cuando ha estado inactivo durante 3 minutos. \r\n\r\n  [Nunca (aumenta el uso de datos): Desconecte de una conexión Wi-Fi cuando el teléfono no se usa durante 3 minutos.]() \r\n\n\n\n\n",
  "faqTypeId": null,
  "faqType": null,
  "useful": 1,
  "unUseful": 1,
  "languageId": 103,
  "languageName": "es",
  "faqCode": "9694",
  "faqTypeCode": null,
  "isTop": "0",
  "moduleCode": "faq",
  "productId": null,
  "productCode": null,
  "postDate": 1430959722000,
  "seriesProductName": "G510-0251,G620S-L03,Y220-U05,Y221-U33,Y300-0151,Y321-U051,Y330-U05,Y330-U15,Y550-L03,Y600-U151,Y600-U351",
  "visitedTimes": 34,
  "isUsefulFlag": null,
  "score": 0,
  "times": 0,
  "imageList": null,
  "displayType": "text",
  "justView": "0",
  "fileName": null,
  "filePath": null,
  "imagePath": null,
  "imageName": null,
  "productIdList": null,
  "curPage": null,
  "pageSize": null,
  "siteCode": null,
  "statusFlag": "Publish",
  "returnCode": 0,
  "totalRows": null,
  "keywords": null,
  "avgScore": 0.0,
  "createDate": null,
  "totalPages": null
}