{
  "type": null,
  "faqId": 25570,
  "title": "¿Por qué no puedo abrir páginas web cuando mi teléfono tiene una conexión Wi-Fi?",
  "answer": " Las posibles causas son las siguientes: \r\n\r\n La conexión de la línea digital x (xDSL) falló. Si el punto de acceso (como un router inalámbrico), el teléfono se conecta a Internet a través de accesos xDSL y la conexión xDSL falla, la conexión a Internet no está disponible. En este caso, compruebe que la conexión xDSL está funcionando correctamente y vuelve a intentarlo. \r\n\r\n Se ha producido un problema de servicio de nombres de dominio (DNS). Por ejemplo, si usted no puede abrir páginas web, pero puede acceder a Play Store, el DNS no está funcionando correctamente. En este caso, en la pantalla donde hay una dirección IP estática se puede establecer, modificar la configuración de DNS. \r\n\r\n Los sitios web en el que el punto de acceso se puede acceder se encuentran restringidas. Si la conexión a Internet del punto de acceso es restringido, el teléfono no se puede utilizar para navegar por páginas web. \r\n\n\n\n\n",
  "faqTypeId": null,
  "faqType": null,
  "useful": 0,
  "unUseful": 3,
  "languageId": 103,
  "languageName": "es",
  "faqCode": "9690",
  "faqTypeCode": null,
  "isTop": "0",
  "moduleCode": "faq",
  "productId": null,
  "productCode": null,
  "postDate": 1430959722000,
  "seriesProductName": "G510-0251,G620S-L03,Y220-U05,Y221-U33,Y300-0151,Y321-U051,Y330-U05,Y330-U15,Y550-L03,Y600-U151,Y600-U351",
  "visitedTimes": 22,
  "isUsefulFlag": null,
  "score": 0,
  "times": 0,
  "imageList": null,
  "displayType": "text",
  "justView": "0",
  "fileName": null,
  "filePath": null,
  "imagePath": null,
  "imageName": null,
  "productIdList": null,
  "curPage": null,
  "pageSize": null,
  "siteCode": null,
  "statusFlag": "Publish",
  "returnCode": 0,
  "totalRows": null,
  "keywords": null,
  "avgScore": 0.0,
  "createDate": null,
  "totalPages": null
}