{
  "type": null,
  "faqId": 25577,
  "title": "¿Cómo configuro mi teléfono para que funcione como módem y proporcionar acceso a Internet para las computadoras?",
  "answer": " 1. En la pantalla de inicio, toque Ajustes. \r\n\r\n 2. Ir a Conexiones inalámbricas y redes, y toque Más ...> Anclaje a red y zona Wi-Fi. \r\n\r\n 3. Toque anclaje USB. \r\n\r\n 4. En una computadora, utilice HiSuite para instalar el controlador USB para su teléfono. Haga clic derecho en Mi PC y seleccione Administrar. \r\n\r\n ![](http://consumer.huawei.com/support/servlet/imageServlet?dlType=HtmlAreaImage&imageId=88138)\r\n\r\n [[Al utilizar anclaje USB, la conexión de datos móviles de su teléfono debe estar encendida. De lo contrario, el teléfono no puede proporcionar acceso a Internet para las computadoras.]()]() \r\n\r\n Si la computadora tiene un adaptador de red inalámbrico, puede activar el Punto de Acceso Portátil en Configuración> Conexiones inalámbricas y redes> Más ...> Anclaje a red y zona Wi-Fi en su teléfono. A continuación, el equipo se puede conectar a su teléfono a través de Wi-Fi para acceder a Internet. Actualmente, esta función está disponible para equipos con Windows. \r\n\n\n\n\n",
  "faqTypeId": null,
  "faqType": null,
  "useful": 1,
  "unUseful": 0,
  "languageId": 103,
  "languageName": "es",
  "faqCode": "9697",
  "faqTypeCode": null,
  "isTop": "0",
  "moduleCode": "faq",
  "productId": null,
  "productCode": null,
  "postDate": 1430959722000,
  "seriesProductName": "G510-0251,G620S-L03,Y220-U05,Y221-U33,Y300-0151,Y321-U051,Y330-U05,Y330-U15,Y550-L03,Y600-U151,Y600-U351",
  "visitedTimes": 63,
  "isUsefulFlag": null,
  "score": 0,
  "times": 0,
  "imageList": null,
  "displayType": "text",
  "justView": "0",
  "fileName": null,
  "filePath": null,
  "imagePath": null,
  "imageName": null,
  "productIdList": null,
  "curPage": null,
  "pageSize": null,
  "siteCode": null,
  "statusFlag": "Publish",
  "returnCode": 0,
  "totalRows": null,
  "keywords": null,
  "avgScore": 0.0,
  "createDate": null,
  "totalPages": null
}