{
  "type": null,
  "faqId": 25582,
  "title": "¿Cómo desactivo los sonidos táctiles?",
  "answer": " Toque Ajustes> Sonido. En Sistema, Tono de teclado numérico. \r\n\r\nFigure 1-1Desactivación de los sonidos táctiles \r\n\r\n ![](http://consumer.huawei.com/support/servlet/imageServlet?dlType=HtmlAreaImage&imageId=88149) ![](http://consumer.huawei.com/support/servlet/imageServlet?dlType=HtmlAreaImage&imageId=88150)\r\n\n\n\n\n",
  "faqTypeId": null,
  "faqType": null,
  "useful": 0,
  "unUseful": 0,
  "languageId": 103,
  "languageName": "es",
  "faqCode": "9702",
  "faqTypeCode": null,
  "isTop": "0",
  "moduleCode": "faq",
  "productId": null,
  "productCode": null,
  "postDate": 1430959723000,
  "seriesProductName": "G510-0251,G620S-L03,Y220-U05,Y221-U33,Y300-0151,Y321-U051,Y330-U05,Y330-U15,Y550-L03,Y600-U151,Y600-U351",
  "visitedTimes": 14,
  "isUsefulFlag": null,
  "score": 0,
  "times": 0,
  "imageList": null,
  "displayType": "text",
  "justView": "0",
  "fileName": null,
  "filePath": null,
  "imagePath": null,
  "imageName": null,
  "productIdList": null,
  "curPage": null,
  "pageSize": null,
  "siteCode": null,
  "statusFlag": "Publish",
  "returnCode": 0,
  "totalRows": null,
  "keywords": null,
  "avgScore": 0.0,
  "createDate": null,
  "totalPages": null
}