{
  "type": null,
  "faqId": 25598,
  "title": "¿Qué es una VPN? ¿Cómo puedo configurar los parámetros de VPN?",
  "answer": " Una red privada virtual (VPN) se extiende una red privada a través de una red pública, tal como Internet. Es un tipo de conexión utilizado ampliamente en medianas y grandes empresas y organizaciones. \r\n\r\n Para establecer los parámetros de VPN: \r\n\r\n En la pantalla principal, toque Configuración> Más ...> VPN. En el cuadro de diálogo que aparece le pide que configure un PIN de bloqueo de pantalla o contraseña, toque Aceptar. (Para usar una VPN, debe configurar un PIN de bloqueo de pantalla o contraseña. Consulte la sección 2.9 \"Bloqueo de pantalla\" para más detalles.) \r\n\r\n En la pantalla de VPN, toque![](http://consumer.huawei.com/support/servlet/imageServlet?dlType=HtmlAreaImage&imageId=88184) en la esquina superior derecha. Cuando se le solicite, introduzca el nombre y la dirección del servidor VPN y pulse Guardar. \r\n\r\nFigure 1-1Ajuste de los parámetros de VPN \r\n\r\n ![](http://consumer.huawei.com/support/servlet/imageServlet?dlType=HtmlAreaImage&imageId=88185) ![](http://consumer.huawei.com/support/servlet/imageServlet?dlType=HtmlAreaImage&imageId=88186) ![](http://consumer.huawei.com/support/servlet/imageServlet?dlType=HtmlAreaImage&imageId=88187) ![](http://consumer.huawei.com/support/servlet/imageServlet?dlType=HtmlAreaImage&imageId=88188)\r\n\r\n\n\n\n\n",
  "faqTypeId": null,
  "faqType": null,
  "useful": 1,
  "unUseful": 1,
  "languageId": 103,
  "languageName": "es",
  "faqCode": "9718",
  "faqTypeCode": null,
  "isTop": "0",
  "moduleCode": "faq",
  "productId": null,
  "productCode": null,
  "postDate": 1430959725000,
  "seriesProductName": "G510-0251,G620S-L03,Y220-U05,Y221-U33,Y300-0151,Y321-U051,Y330-U05,Y330-U15,Y550-L03,Y600-U151,Y600-U351",
  "visitedTimes": 129,
  "isUsefulFlag": null,
  "score": 0,
  "times": 0,
  "imageList": null,
  "displayType": "text",
  "justView": "0",
  "fileName": null,
  "filePath": null,
  "imagePath": null,
  "imageName": null,
  "productIdList": null,
  "curPage": null,
  "pageSize": null,
  "siteCode": null,
  "statusFlag": "Publish",
  "returnCode": 0,
  "totalRows": null,
  "keywords": null,
  "avgScore": 0.0,
  "createDate": null,
  "totalPages": null
}