{
  "type": null,
  "faqId": 25599,
  "title": "¿Cómo configuro un bloqueo de pantalla por PIN?",
  "answer": " 1. Ingrese a Ajustes/Seguridad/Pantalla de bloqueo. \r\n\r\n 2. Seleccione la opción PIN, ingrese el numero PIN que desee. Después de que el PIN está asignado, usted tendrá que desbloquear la pantalla siempre que la pantalla se suspenda o el equipo se apague. \r\n\r\nFigure 1-1Configurando bloqueo por PIN \r\n\r\n ![](http://consumer.huawei.com/support/servlet/imageServlet?dlType=HtmlAreaImage&imageId=88189) ![](http://consumer.huawei.com/support/servlet/imageServlet?dlType=HtmlAreaImage&imageId=88190) ![](http://consumer.huawei.com/support/servlet/imageServlet?dlType=HtmlAreaImage&imageId=88191)\r\n\r\n\n\n\n\n",
  "faqTypeId": null,
  "faqType": null,
  "useful": 0,
  "unUseful": 0,
  "languageId": 103,
  "languageName": "es",
  "faqCode": "9719",
  "faqTypeCode": null,
  "isTop": "0",
  "moduleCode": "faq",
  "productId": null,
  "productCode": null,
  "postDate": 1430959725000,
  "seriesProductName": "G510-0251,G620S-L03,Y220-U05,Y221-U33,Y300-0151,Y321-U051,Y330-U05,Y330-U15,Y550-L03,Y600-U151,Y600-U351",
  "visitedTimes": 42,
  "isUsefulFlag": null,
  "score": 0,
  "times": 0,
  "imageList": null,
  "displayType": "text",
  "justView": "0",
  "fileName": null,
  "filePath": null,
  "imagePath": null,
  "imageName": null,
  "productIdList": null,
  "curPage": null,
  "pageSize": null,
  "siteCode": null,
  "statusFlag": "Publish",
  "returnCode": 0,
  "totalRows": null,
  "keywords": null,
  "avgScore": 0.0,
  "createDate": null,
  "totalPages": null
}