{
  "type": null,
  "faqId": 25603,
  "title": "¿Cómo puedo bloquear y desbloquear la pantalla?",
  "answer": " Para bloquear la pantalla presione el botón de encendido. \r\n\r\n [Para desbloquear el equipo, presione el botón de encendido y siga las instrucciones que le indiquen en pantalla, ya sea ingresando un código PIN o un patrón.]() \r\n\n\n\n\n",
  "faqTypeId": null,
  "faqType": null,
  "useful": 2,
  "unUseful": 3,
  "languageId": 103,
  "languageName": "es",
  "faqCode": "9723",
  "faqTypeCode": null,
  "isTop": "0",
  "moduleCode": "faq",
  "productId": null,
  "productCode": null,
  "postDate": 1430959726000,
  "seriesProductName": "G510-0251,G620S-L03,Y220-U05,Y221-U33,Y300-0151,Y321-U051,Y330-U05,Y330-U15,Y550-L03,Y600-U151,Y600-U351",
  "visitedTimes": 65,
  "isUsefulFlag": null,
  "score": 0,
  "times": 0,
  "imageList": null,
  "displayType": "text",
  "justView": "0",
  "fileName": null,
  "filePath": null,
  "imagePath": null,
  "imageName": null,
  "productIdList": null,
  "curPage": null,
  "pageSize": null,
  "siteCode": null,
  "statusFlag": "Publish",
  "returnCode": 0,
  "totalRows": null,
  "keywords": null,
  "avgScore": 0.0,
  "createDate": null,
  "totalPages": null
}