{
  "type": null,
  "faqId": 25601,
  "title": "¿Cómo puedo bloquear mi equipo por patrón?",
  "answer": " 1. Ingrese a Ajustes/Seguridad/bloqueo de pantalla/Patrón. \r\n\r\n 2. Deslice su dedo conectando los puntos. Una vez lo tenga presione sobre Continuar. \r\n\r\n 3. Dibuje nuevamente el patrón y de clic en confirmar. \r\n\r\n 4. Cuando encienda la pantalla del equipo, dibuje el patrón para desbloquear la pantalla. \r\n\r\nFigure 1-1Configurando el bloqueo por patrón. \r\n\r\n ![](http://consumer.huawei.com/support/servlet/imageServlet?dlType=HtmlAreaImage&imageId=88193) ![](http://consumer.huawei.com/support/servlet/imageServlet?dlType=HtmlAreaImage&imageId=88194) ![](http://consumer.huawei.com/support/servlet/imageServlet?dlType=HtmlAreaImage&imageId=88195) \r\n\r\n ![](http://consumer.huawei.com/support/servlet/imageServlet?dlType=HtmlAreaImage&imageId=88196)\r\n\r\n\n\n\n\n",
  "faqTypeId": null,
  "faqType": null,
  "useful": 0,
  "unUseful": 1,
  "languageId": 103,
  "languageName": "es",
  "faqCode": "9721",
  "faqTypeCode": null,
  "isTop": "0",
  "moduleCode": "faq",
  "productId": null,
  "productCode": null,
  "postDate": 1430959726000,
  "seriesProductName": "G510-0251,G620S-L03,Y220-U05,Y221-U33,Y300-0151,Y321-U051,Y330-U05,Y330-U15,Y550-L03,Y600-U151,Y600-U351",
  "visitedTimes": 40,
  "isUsefulFlag": null,
  "score": 0,
  "times": 0,
  "imageList": null,
  "displayType": "text",
  "justView": "0",
  "fileName": null,
  "filePath": null,
  "imagePath": null,
  "imageName": null,
  "productIdList": null,
  "curPage": null,
  "pageSize": null,
  "siteCode": null,
  "statusFlag": "Publish",
  "returnCode": 0,
  "totalRows": null,
  "keywords": null,
  "avgScore": 0.0,
  "createDate": null,
  "totalPages": null
}