{
  "type": null,
  "faqId": 25604,
  "title": "¿Cómo puedo agregar o quitar una alarma?",
  "answer": " Para agregar una alarma: \r\n\r\n 1. Ingrese al icono de reloj y presione![](http://consumer.huawei.com/support/servlet/imageServlet?dlType=HtmlAreaImage&imageId=88197). \r\n\r\nFigure 1-1Agregar una alarma \r\n\r\n ![](http://consumer.huawei.com/support/servlet/imageServlet?dlType=HtmlAreaImage&imageId=88198) ![](http://consumer.huawei.com/support/servlet/imageServlet?dlType=HtmlAreaImage&imageId=88199) ![](http://consumer.huawei.com/support/servlet/imageServlet?dlType=HtmlAreaImage&imageId=88200)\r\n\r\n 2. presione![](http://consumer.huawei.com/support/servlet/imageServlet?dlType=HtmlAreaImage&imageId=88201). \r\n\r\n 3. Ajuste la hora que sonara la alarma. \r\n\r\n 4. Para ajustar que la alarma se repita en ciertos días, seleccione los intervalos deseados en que se repetirá. \r\n\r\n 5. Para asignar un tono de alarma, presione Tono y seleccione el tono. \r\n\r\n 6. Para seleccionar que el equipo solo vibre cuando la alarma se encienda, solo active la opción de vibrar. \r\n\r\n 7. Para renombrar la alarma, Ingrese en la etiqueta el nombre que desee. \r\n\r\n 8. Seleccione Aceptar. \r\n\r\n [On the alarm tab, you can find the list of all alarms. If an alarm is cleared, it is disabled. To delete an alarm, touch and hold it and choose Delete alarm from the displayed option menu.]() \r\n\n\n\n\n",
  "faqTypeId": null,
  "faqType": null,
  "useful": 0,
  "unUseful": 0,
  "languageId": 103,
  "languageName": "es",
  "faqCode": "9724",
  "faqTypeCode": null,
  "isTop": "0",
  "moduleCode": "faq",
  "productId": null,
  "productCode": null,
  "postDate": 1430959726000,
  "seriesProductName": "G510-0251,G620S-L03,Y220-U05,Y221-U33,Y300-0151,Y321-U051,Y330-U05,Y330-U15,Y550-L03,Y600-U151,Y600-U351",
  "visitedTimes": 26,
  "isUsefulFlag": null,
  "score": 0,
  "times": 0,
  "imageList": null,
  "displayType": "text",
  "justView": "0",
  "fileName": null,
  "filePath": null,
  "imagePath": null,
  "imageName": null,
  "productIdList": null,
  "curPage": null,
  "pageSize": null,
  "siteCode": null,
  "statusFlag": "Publish",
  "returnCode": 0,
  "totalRows": null,
  "keywords": null,
  "avgScore": 0.0,
  "createDate": null,
  "totalPages": null
}