{
  "type": null,
  "faqId": 25602,
  "title": "¿Cuantas veces puedo intentar desbloquear el equipo antes de que se bloquee permanentemente? ¿Puedo desbloquearlo con mi cuenta de google?",
  "answer": " Su teléfono no puede bloquearse permanentemente si ingresa un patrón erróneo, únicamente tendrá que esperar un determinado tiempo para volverlo a intentar. \r\n\r\n [SI olvida el patrón de desbloqueo, por favor acuda a su Centro de servicio más cercano, ya que el equipo no puede ser desbloqueado por la cuenta de Gmail.]() \r\n\n\n\n\n",
  "faqTypeId": null,
  "faqType": null,
  "useful": 7,
  "unUseful": 5,
  "languageId": 103,
  "languageName": "es",
  "faqCode": "9722",
  "faqTypeCode": null,
  "isTop": "0",
  "moduleCode": "faq",
  "productId": null,
  "productCode": null,
  "postDate": 1430959726000,
  "seriesProductName": "G510-0251,G620S-L03,Y220-U05,Y221-U33,Y300-0151,Y321-U051,Y330-U05,Y330-U15,Y550-L03,Y600-U151,Y600-U351",
  "visitedTimes": 165,
  "isUsefulFlag": null,
  "score": 0,
  "times": 0,
  "imageList": null,
  "displayType": "text",
  "justView": "0",
  "fileName": null,
  "filePath": null,
  "imagePath": null,
  "imageName": null,
  "productIdList": null,
  "curPage": null,
  "pageSize": null,
  "siteCode": null,
  "statusFlag": "Publish",
  "returnCode": 0,
  "totalRows": null,
  "keywords": null,
  "avgScore": 0.0,
  "createDate": null,
  "totalPages": null
}