{
  "type": null,
  "faqId": 25613,
  "title": "¿Cómo puedo hacer una copia de seguridad y restaurarla?",
  "answer": " En la pantalla principal ingrese a Herramientas/Copia de seguridad. \r\n\r\nFigure 1-1Copia de seguridad \r\n\r\n ![](http://consumer.huawei.com/support/servlet/imageServlet?dlType=HtmlAreaImage&imageId=88206) ![](http://consumer.huawei.com/support/servlet/imageServlet?dlType=HtmlAreaImage&imageId=88207) ![](http://consumer.huawei.com/support/servlet/imageServlet?dlType=HtmlAreaImage&imageId=88208)\r\n\r\n  Copia de seguridad. \r\n\r\n Presiona Nueva copia de seguridad, seleccione los datos que desee respaldar, y presione en Copia de seguridad. Encripte la copia de ser necesario. L información se encuentra resguardada en la carpeta raíz del equipo Copia de seguridad/Data. \r\n\r\n  Restaurando copia de seguridad \r\n\r\n Selecciona el archivo de copia de seguridad, ingresa la contraseña (en dado caso de haberla encriptado), presione Aceptar, seleccione los datos que desea restaurar, y presione en Restablecer. \r\n\n\n\n\n",
  "faqTypeId": null,
  "faqType": null,
  "useful": 0,
  "unUseful": 0,
  "languageId": 103,
  "languageName": "es",
  "faqCode": "9733",
  "faqTypeCode": null,
  "isTop": "0",
  "moduleCode": "faq",
  "productId": null,
  "productCode": null,
  "postDate": 1430959727000,
  "seriesProductName": "G510-0251,G620S-L03,Y220-U05,Y221-U33,Y300-0151,Y321-U051,Y330-U05,Y330-U15,Y550-L03,Y600-U151,Y600-U351",
  "visitedTimes": 57,
  "isUsefulFlag": null,
  "score": 0,
  "times": 0,
  "imageList": null,
  "displayType": "text",
  "justView": "0",
  "fileName": null,
  "filePath": null,
  "imagePath": null,
  "imageName": null,
  "productIdList": null,
  "curPage": null,
  "pageSize": null,
  "siteCode": null,
  "statusFlag": "Publish",
  "returnCode": 0,
  "totalRows": null,
  "keywords": null,
  "avgScore": 0.0,
  "createDate": null,
  "totalPages": null
}