{
  "type": null,
  "faqId": 25611,
  "title": "¿Puedo instalar aplicaciones en la tarjeta micro SD?",
  "answer": " Si. Solo este seguro de haber insertado una tarjeta micro SD dentro del teléfono antes de instalar aplicaciones en la micro SD. \r\n\r\n Las aplicaciones de terceros están divididas en tres categorías: \r\n\r\n Auto: Por defecto, las aplicaciones de este tipo son instaladas en la memoria interna del equipo. Si la memoria interna es insuficiente, las aplicaciones serán instaladas en la tarjeta micro SD. \r\n\r\n Solo memoria interna: Las aplicaciones de este tipo solo pueden ser instaladas en la memoria interna del equipo. \r\n\r\n Preferente externo: las aplicaciones de este tipo son instaladas preferentemente en la tarjeta micro SD, si no hay tarjeta o no hay espacio suficiente, la aplicación será instalada en la memoria interna del equipo. \r\n\r\n [Para mover las aplicaciones debes tener instalada la tarjeta micro SD, ingresa a Ajustes/administrador de aplicaciones, bajo la pestaña de descargadas, seleccione una aplicación, presione Mover a tarjeta SD. (Aplicaciones de solo memoria interna no tendrán esta opción.)]() \r\n\n\n\n\n",
  "faqTypeId": null,
  "faqType": null,
  "useful": 3,
  "unUseful": 5,
  "languageId": 103,
  "languageName": "es",
  "faqCode": "9731",
  "faqTypeCode": null,
  "isTop": "0",
  "moduleCode": "faq",
  "productId": null,
  "productCode": null,
  "postDate": 1430959727000,
  "seriesProductName": "G510-0251,G620S-L03,Y220-U05,Y221-U33,Y300-0151,Y321-U051,Y330-U05,Y330-U15,Y550-L03,Y600-U151,Y600-U351",
  "visitedTimes": 187,
  "isUsefulFlag": null,
  "score": 0,
  "times": 0,
  "imageList": null,
  "displayType": "text",
  "justView": "0",
  "fileName": null,
  "filePath": null,
  "imagePath": null,
  "imageName": null,
  "productIdList": null,
  "curPage": null,
  "pageSize": null,
  "siteCode": null,
  "statusFlag": "Publish",
  "returnCode": 0,
  "totalRows": null,
  "keywords": null,
  "avgScore": 0.0,
  "createDate": null,
  "totalPages": null
}