{
  "type": null,
  "faqId": 25622,
  "title": "¿Qué son las opciones de desarrollador?",
  "answer": " Para ver las opciones de desarrollador, ingrese a Ajustes/Acerca del teléfono y presione repetidamente el número de compilación siete veces rápidamente. \r\n\r\n  Depuración USB: Habilita el modo depuración USB, que permite al usuario hacer uso del comando adb para desarrollar y probar aplicaciones. \r\n\r\n  Pantalla activa: La pantalla nunca entra en modo de suspensión durante la carga. \r\n\r\n  Permitir ubicación simulada: Permite al equipo ubicaciones simuladas. \r\n\r\n  Contraseña respaldo de PC: Establece una contraseña para las copias de seguridad. \r\n\r\n  Ubicación de puntero: Muestra información del trazado donde actualmente se está tocando la pantalla. \r\n\r\n  Mostrar punteos: Muestra el último punto donde se tocó la pantalla. \r\n\r\n  Uso de CPU: Muestra el uso actual del CPU. \r\n\r\n  Forzar aceleración GPU: Usa aceleración de hardware 2D en las aplicaciones. \r\n\r\n  Escala de la animación: Controla la animación de la escala. \r\n\r\n  Límite de procesos en Segundo plano: Limita el número de procesos en Segundo plano. \r\n\r\n  Errores sin respuesta: Muestra las aplicaciones en Segundo plano que no están respondiendo, dentro de un cuadro de dialogo. \r\n\n\n\n\n",
  "faqTypeId": null,
  "faqType": null,
  "useful": 0,
  "unUseful": 0,
  "languageId": 103,
  "languageName": "es",
  "faqCode": "9742",
  "faqTypeCode": null,
  "isTop": "0",
  "moduleCode": "faq",
  "productId": null,
  "productCode": null,
  "postDate": 1430959728000,
  "seriesProductName": "G510-0251,G620S-L03,Y220-U05,Y221-U33,Y300-0151,Y321-U051,Y330-U05,Y330-U15,Y550-L03,Y600-U151,Y600-U351",
  "visitedTimes": 110,
  "isUsefulFlag": null,
  "score": 0,
  "times": 0,
  "imageList": null,
  "displayType": "text",
  "justView": "0",
  "fileName": null,
  "filePath": null,
  "imagePath": null,
  "imageName": null,
  "productIdList": null,
  "curPage": null,
  "pageSize": null,
  "siteCode": null,
  "statusFlag": "Publish",
  "returnCode": 0,
  "totalRows": null,
  "keywords": null,
  "avgScore": 0.0,
  "createDate": null,
  "totalPages": null
}