{
  "type": null,
  "faqId": 25624,
  "title": "¿Puedo usar mi teléfono como memoria USB?",
  "answer": " Si. Puede conectar su teléfono a una computadora, usando un cable USB para ver el contenido en la memoria micro SD, pero no el almacenamiento interno. \r\n\r\nFigure 1-1Métodos de conexión USB \r\n\r\n ![](http://consumer.huawei.com/support/servlet/imageServlet?dlType=HtmlAreaImage&imageId=88220) \r\n\r\n Elija el modo de conexión que requiera: \r\n\r\n Media device (MTP): MTP es un protocolo de transferencia. EN este modo, puede sincronizar sus archivos multimedia entre su teléfono y una computadora que soporte MTP. \r\n\r\n HiSuite: En este modo, puedes usar Hisuite para administrar imágenes, canciones, mensajes, contactos, y aplicaciones en el teléfono. \r\n\r\n Solo carga: La computadora carga la batería del teléfono únicamente, ningún tipo de dato es transferido. \r\n\r\n ![](http://consumer.huawei.com/support/servlet/imageServlet?dlType=HtmlAreaImage&imageId=88221)\r\n\r\n Si conecta el equipo a una Mac, puede administrar sus archivos usando MTP, pero compartir internet por USB no estará disponible. \r\n\n\n\n\n",
  "faqTypeId": null,
  "faqType": null,
  "useful": 1,
  "unUseful": 3,
  "languageId": 103,
  "languageName": "es",
  "faqCode": "9744",
  "faqTypeCode": null,
  "isTop": "0",
  "moduleCode": "faq",
  "productId": null,
  "productCode": null,
  "postDate": 1430959729000,
  "seriesProductName": "G510-0251,G620S-L03,Y220-U05,Y221-U33,Y300-0151,Y321-U051,Y330-U05,Y330-U15,Y550-L03,Y600-U151,Y600-U351",
  "visitedTimes": 129,
  "isUsefulFlag": null,
  "score": 0,
  "times": 0,
  "imageList": null,
  "displayType": "text",
  "justView": "0",
  "fileName": null,
  "filePath": null,
  "imagePath": null,
  "imageName": null,
  "productIdList": null,
  "curPage": null,
  "pageSize": null,
  "siteCode": null,
  "statusFlag": "Publish",
  "returnCode": 0,
  "totalRows": null,
  "keywords": null,
  "avgScore": 0.0,
  "createDate": null,
  "totalPages": null
}