{
  "type": null,
  "faqId": 25626,
  "title": "¿Cómo puedo ajustar el brillo de la pantalla?",
  "answer": " En la pantalla de inicio, seleccione el icono de Ajustes/Pantalla/Brillo. Seleccione la opción automático o puede hacerlo manualmente. \r\n\r\nFigure 1-1Ajuste del brillo \r\n\r\n ![](http://consumer.huawei.com/support/servlet/imageServlet?dlType=HtmlAreaImage&imageId=88222) ![](http://consumer.huawei.com/support/servlet/imageServlet?dlType=HtmlAreaImage&imageId=88223) \r\n\r\n ![](http://consumer.huawei.com/support/servlet/imageServlet?dlType=HtmlAreaImage&imageId=88224)\r\n\r\n\n\n\n\n",
  "faqTypeId": null,
  "faqType": null,
  "useful": 0,
  "unUseful": 1,
  "languageId": 103,
  "languageName": "es",
  "faqCode": "9746",
  "faqTypeCode": null,
  "isTop": "0",
  "moduleCode": "faq",
  "productId": null,
  "productCode": null,
  "postDate": 1430959730000,
  "seriesProductName": "G510-0251,G620S-L03,Y220-U05,Y221-U33,Y300-0151,Y321-U051,Y330-U05,Y330-U15,Y550-L03,Y600-U151,Y600-U351",
  "visitedTimes": 25,
  "isUsefulFlag": null,
  "score": 0,
  "times": 0,
  "imageList": null,
  "displayType": "text",
  "justView": "0",
  "fileName": null,
  "filePath": null,
  "imagePath": null,
  "imageName": null,
  "productIdList": null,
  "curPage": null,
  "pageSize": null,
  "siteCode": null,
  "statusFlag": "Publish",
  "returnCode": 0,
  "totalRows": null,
  "keywords": null,
  "avgScore": 0.0,
  "createDate": null,
  "totalPages": null
}