{
  "type": null,
  "faqId": 13643,
  "title": "Kako da vratim podatke iz backup-a?",
  "answer": " **** \r\n\r\n **** \r\n\r\n **** \r\n\r\n Na ekranu svog mobilnog telefona, locirajte aplikaciju “Rezervna kopija” koja se, u zavisnosti od modela uređaja i verzije softvera, obično nalazi u folderu “Upravljanje” \r\n\r\n Nakon pokretanja, aplikacija će zatražiti potvrdu opšti uslova i odredbi, kako i politike privatnosti. Nakon potvrde klikom na taster „Počni sada“, otvara se glavni ekran aplikacije koji automatski skenira i prikazuje već kreirane rezervne kopije koje pronalazi na vašem uređaju. Svaka kopija u svom imenu sadrži datum i vreme kada je napravljena, model telefona na kome je napravljena, veličinu fajla i module koji su sačuvani u rezervnoj kopiji. Odaberite željenu rezervnu kopiju koju želite da vratite na vaš telefon \r\n\r\n Aplikacija učitava module iz fajla rezervne kopije i izlistava ih na ekranu. Možete odabrati željene module, kako biste samo određene podatke vratili u telefon. Nakon odabira pojedinih stavki, potvrdite izbor klikom na taster „VRATI“, na kome će biti ispisan broj modula čiji će podati biti vraćeni \r\n\r\n Aplikacija započinje obnavljanje (povraćaj) rezervne kopije podataka na telefon. U zavisnosti od količine podataka po odabranim modulima, proces može trajati od nekoliko sekundi, do nekoliko minuta. Nakon završetka, aplikacija obaveštava da je povraćaj podataka uspešno izveden i daje obaveštenje da će se neki moduli povratiti tek nakon ponovog pokretanja telefona. Potvrdite klikom na taster „U redu“. Aplikacija se zatim vraća na prikaz glavnog ekrana \r\n\r\n Sada možete napustiti aplikaciju „Rezervna kopija“",
  "faqTypeId": null,
  "faqType": null,
  "useful": 3,
  "unUseful": 1,
  "languageId": 106,
  "languageName": "rs",
  "faqCode": "5303",
  "faqTypeCode": null,
  "isTop": "0",
  "moduleCode": "faq",
  "productId": null,
  "productCode": null,
  "postDate": 1406810123000,
  "seriesProductName": "",
  "visitedTimes": 290,
  "isUsefulFlag": null,
  "score": 0,
  "times": 0,
  "imageList": null,
  "displayType": "text",
  "justView": "0",
  "fileName": null,
  "filePath": null,
  "imagePath": null,
  "imageName": null,
  "productIdList": null,
  "curPage": null,
  "pageSize": null,
  "siteCode": null,
  "statusFlag": "Publish",
  "returnCode": 0,
  "totalRows": null,
  "keywords": null,
  "avgScore": 0.0,
  "createDate": null,
  "totalPages": null
}