{
  "type": null,
  "faqId": 13641,
  "title": "Kako da vratim uređaj na fabrička podešavanja?",
  "answer": "Za potrebe vraćanja uređaja na fabrička podešavanja potrebno je izvršiti sledeće korake:  \r\n\n1. Izabrati opciju **Postavke**  \r\n\n2. Izabrati stavku **Rezervna kopija i resetovanje**  \r\n\n3. Izabrati stavku **Vraćanje fabričkih podataka**  \r\n\n4. Izabrati stavku **Resetuj telefon**  \r\n\n    a. Opciono čekirati Obriši internu memoriju  \r\n\n    b. Uneti zaštitnu šifru ukoliko je podešena  \r\n\n5. Izabrati opciju **Resetuj telefon**  \r\n\r\n Nakon odabira opcije Resetuj telefon aparat će krenuti da se restartuje i proces vraćanja uređaja na fabrička podešavanja je uspešno završen.",
  "faqTypeId": null,
  "faqType": null,
  "useful": 4,
  "unUseful": 0,
  "languageId": 106,
  "languageName": "rs",
  "faqCode": "5301",
  "faqTypeCode": null,
  "isTop": "0",
  "moduleCode": "faq",
  "productId": null,
  "productCode": null,
  "postDate": 1406809687000,
  "seriesProductName": "",
  "visitedTimes": 167,
  "isUsefulFlag": null,
  "score": 0,
  "times": 0,
  "imageList": null,
  "displayType": "text",
  "justView": "0",
  "fileName": null,
  "filePath": null,
  "imagePath": null,
  "imageName": null,
  "productIdList": null,
  "curPage": null,
  "pageSize": null,
  "siteCode": null,
  "statusFlag": "Publish",
  "returnCode": 0,
  "totalRows": null,
  "keywords": null,
  "avgScore": 0.0,
  "createDate": null,
  "totalPages": null
}