{
  "type": null,
  "faqId": 13661,
  "title": "Kako da sa memorije telefona prebacim podatke na MMC?",
  "answer": " Pratite sledeće korake: \r\n\r\n     1. Pokrenite aplikaciju **Menadžer datoteka** \r\n\r\n     2. Izaberite **Lokalno**      \r\n\r\n     3. Označite fajl koji želite da kopirate tako što ćete dugo zadržati kontakt na touch panel-u \r\n\r\n     4. Pojaviće se pop up meni - izaberite opciju **Iseci** \r\n\r\n     5. Izaberite **SD kartica** \r\n\n    6. Sada ste pristupili SD kartici i ovde možete potvrditi premeštanje fajla izborom opcije **Nalepi** \n\r\n\r\n\n\n\t**  \r\n\n** \n",
  "faqTypeId": null,
  "faqType": null,
  "useful": 4,
  "unUseful": 0,
  "languageId": 106,
  "languageName": "rs",
  "faqCode": "5321",
  "faqTypeCode": null,
  "isTop": "0",
  "moduleCode": "faq",
  "productId": null,
  "productCode": null,
  "postDate": 1406833173000,
  "seriesProductName": "",
  "visitedTimes": 141,
  "isUsefulFlag": null,
  "score": 0,
  "times": 0,
  "imageList": null,
  "displayType": "text",
  "justView": "0",
  "fileName": null,
  "filePath": null,
  "imagePath": null,
  "imageName": null,
  "productIdList": null,
  "curPage": null,
  "pageSize": null,
  "siteCode": null,
  "statusFlag": "Publish",
  "returnCode": 0,
  "totalRows": null,
  "keywords": null,
  "avgScore": 0.0,
  "createDate": null,
  "totalPages": null
}