{
  "type": null,
  "faqId": 14950,
  "title": "Telefon mi je zaključan šarom, kako da ga vratim na fabrička podešavanja?",
  "answer": "![](http://consumer.huawei.com/support/servlet/imageServlet?dlType=HtmlAreaImage&imageId=51233)  \r\n\r\nVAŽNO!\r\n\r\nNapomena: Zavisno od modela uređaja nekada je potrebno samo pritisnuti taster za pojačavanje tona a ne oba tastera.",
  "faqTypeId": null,
  "faqType": null,
  "useful": 3,
  "unUseful": 2,
  "languageId": 106,
  "languageName": "rs",
  "faqCode": "7191",
  "faqTypeCode": null,
  "isTop": "0",
  "moduleCode": "faq",
  "productId": null,
  "productCode": null,
  "postDate": 1411136493000,
  "seriesProductName": "",
  "visitedTimes": 227,
  "isUsefulFlag": null,
  "score": 0,
  "times": 0,
  "imageList": null,
  "displayType": "text",
  "justView": "0",
  "fileName": null,
  "filePath": null,
  "imagePath": null,
  "imageName": null,
  "productIdList": null,
  "curPage": null,
  "pageSize": null,
  "siteCode": null,
  "statusFlag": "Publish",
  "returnCode": 0,
  "totalRows": null,
  "keywords": "šara, sara, zakljucan, zaključan, hard, reset",
  "avgScore": 0.0,
  "createDate": null,
  "totalPages": null
}