{
  "type": null,
  "faqId": 15213,
  "title": "Imam telefon Huawei G510, prilikom razgovora mi prekida zvučnik i mikrofon. Kako da rešim problem?",
  "answer": "Poštovani korisnici,\r\n\r\nPrilikom testiranja mobilnog telefona Huawei G510-200 ustanovljeno je da uzrok nepravilnosti u radu mogu biti aplikacije Viber i/ili Whatsapp.\r\n\r\nNeispravnost se manifestuje tako što mikrofon/zvučnik mogu prekidati prilikom telefonskog razgovora. \r\n\r\nKorisnicima se savetuje da instaliraju i koriste poslednju verziju aplikacije Viber i Whatsapp kako bi izbegli probleme u radu. Poslednje verzije ovih aplikacija su uvek dostupne na Google Play prodavnici. \r\n\r\nPozdrav!",
  "faqTypeId": null,
  "faqType": null,
  "useful": 6,
  "unUseful": 1,
  "languageId": 106,
  "languageName": "rs",
  "faqCode": "7416",
  "faqTypeCode": null,
  "isTop": "0",
  "moduleCode": "faq",
  "productId": null,
  "productCode": null,
  "postDate": 1411629374000,
  "seriesProductName": "G510-0200",
  "visitedTimes": 423,
  "isUsefulFlag": null,
  "score": 0,
  "times": 0,
  "imageList": null,
  "displayType": "text",
  "justView": "0",
  "fileName": null,
  "filePath": null,
  "imagePath": null,
  "imageName": null,
  "productIdList": null,
  "curPage": null,
  "pageSize": null,
  "siteCode": null,
  "statusFlag": "Publish",
  "returnCode": 0,
  "totalRows": null,
  "keywords": "zvučnik, G510, ton, mikrofon",
  "avgScore": 0.0,
  "createDate": null,
  "totalPages": null
}