{
  "type": null,
  "faqId": 32141,
  "title": "Kakva su pravila garancije za Mate7/MateS uređaj?",
  "answer": "Dodatna “***premium garancija***” koju nudimo se zapravo odnosi na besplatno servisiranje uredjaja koji je ostecen od strane krajnjeg korisnika. Funkcionise na taj nacin da je omoguceno korisniku da osteti uredjaj i da mu se kvar koji je nastao ostecenjem otkloni bez novcane nadoknade i ova besplatna usluga je omogucena samo jednom. Ukoliko korisnik ponovo osteti uredjaj nije moguce servisiranje u garanciji vec se popravka smatra van garancije – kao i za sve ostale proizvode u nasoj ponudi.\r\n\r\nPod ostecenjem se podrazumeva:\r\n\r\n- Mehanicko ostecenje (usled pada, uvijanja itd)\r\n\r\n- Ostecenje izazvano tecnoscu (prodiranje tecnosti u unutrasnjost uredjaja)\r\n\r\nNEOVLASCENE SERVISNE AKTIVNOSTI NECE BITI POKRIVENE GARANCIJOM – to podrazumeva:\r\n\r\n1.       Upisivanje neovlascenog Firmware-a koji nije potpisan od strane Huawei-a\r\n\r\n2.       Intervencije na uredjaju od strane neovlascenog servisera.\r\n\r\nNAPOMENA: Potpuno oštećeni uređaji ne podležu premium garanciji pošto je njihovo servisranje nemoguće. \r\n\r\nMolimo proverite tačne uslove garancije sa prodavcem",
  "faqTypeId": null,
  "faqType": null,
  "useful": 0,
  "unUseful": 1,
  "languageId": 106,
  "languageName": "rs",
  "faqCode": "6804",
  "faqTypeCode": null,
  "isTop": "0",
  "moduleCode": "faq",
  "productId": null,
  "productCode": null,
  "postDate": 1436372121000,
  "seriesProductName": "",
  "visitedTimes": 132,
  "isUsefulFlag": null,
  "score": 0,
  "times": 0,
  "imageList": null,
  "displayType": "text",
  "justView": "0",
  "fileName": null,
  "filePath": null,
  "imagePath": null,
  "imageName": null,
  "productIdList": null,
  "curPage": null,
  "pageSize": null,
  "siteCode": null,
  "statusFlag": "Publish",
  "returnCode": 0,
  "totalRows": null,
  "keywords": null,
  "avgScore": 0.0,
  "createDate": null,
  "totalPages": null
}