{
  "type": null,
  "faqId": 36481,
  "title": "Kako može na rad mog uređaja uticati \"Google Stage fright\" ranjivost Android operativnog sistema?",
  "answer": "Uočena je bezbednosna rupa u Android sistemu koja utiče na sve proizvođače mobilnih uređaja. Maliciozni kod je moguće ubaciti putem slanja MMS-a na uređaj na kome je omogućena opcija automatskog preuzimanja poruke, što je standardno omogućena opcija na svim Android telefonima. Nakon ubacivanja ovakvog koda moguće je ostvariti neovlašćeni pristup uređaju.\r\n\r\nKorisnicima se savetuje da privremeno isključe opciju automatskog preuzimanja, nove verzije firmwera su u pripremi i bice objavljene uskoro, korisnici će moći da izvrše ažuriranje putem bezičnog interneta ili mobilne mreže. \r\n\r\nGlobalnu Huawei bezbednosnu objavu možete naći na:\r\n\r\n[<font style=\"COLOR: #333399; FONT-SIZE: 14px\">**http://www.huawei.com/en/security/psirt/security-bulletins/security-notices/hw-445925.htm**</font>](http://www.huawei.com/en/security/psirt/security-bulletins/security-notices/hw-445925.htm)\r\n\r\nUputstvo za deaktivaciju automatskog preuzimanja MMS poruka mozete preuzeti na linku:\r\n\r\n[<font style=\"COLOR: #333399; FONT-SIZE: 14px\">**http://consumer.huawei.com/rs/support/manuals/detail/index.htm?id=50407**</font>](http://consumer.huawei.com/rs/support/manuals/detail/index.htm?id=50407)\r\n\r\n** **",
  "faqTypeId": null,
  "faqType": null,
  "useful": 2,
  "unUseful": 0,
  "languageId": 106,
  "languageName": "rs",
  "faqCode": "1521",
  "faqTypeCode": null,
  "isTop": "0",
  "moduleCode": "faq",
  "productId": null,
  "productCode": null,
  "postDate": 1439369157000,
  "seriesProductName": "",
  "visitedTimes": 80,
  "isUsefulFlag": null,
  "score": 0,
  "times": 0,
  "imageList": null,
  "displayType": "text",
  "justView": "0",
  "fileName": null,
  "filePath": null,
  "imagePath": null,
  "imageName": null,
  "productIdList": null,
  "curPage": null,
  "pageSize": null,
  "siteCode": null,
  "statusFlag": "Publish",
  "returnCode": 0,
  "totalRows": null,
  "keywords": null,
  "avgScore": 0.0,
  "createDate": null,
  "totalPages": null
}