{
  "type": null,
  "faqId": 14164,
  "title": "How do I add a widget to a home screen?",
  "answer": "1.         On a home screen, touch and hold a blank area. The **Set home screen** window is displayed.\n\r\n\r\n 2.         Touch **Widgets**. \r\n\r\n 3.         Select a widget in the list and drag it to a desired home screen. \r\n\r\n 4.         Touch ![](http://consumer.huawei.com/support/servlet/imageServlet?dlType=HtmlAreaImage&imageId=45279) to return to the home screen. \r\n\r\n Note: If the blank area in the home screen is insufficient to receive widgets, a new home screen is automatically created on the right side of the home screen and the widgets will be placed in the new home screen. \r\n\n![](http://consumer.huawei.com/support/servlet/imageServlet?dlType=HtmlAreaImage&imageId=45280)",
  "faqTypeId": null,
  "faqType": null,
  "useful": 0,
  "unUseful": 0,
  "languageId": 242,
  "languageName": "id",
  "faqCode": "5904",
  "faqTypeCode": null,
  "isTop": "0",
  "moduleCode": "faq",
  "productId": null,
  "productCode": null,
  "postDate": 1407292857000,
  "seriesProductName": "G6-U10",
  "visitedTimes": 5,
  "isUsefulFlag": null,
  "score": 0,
  "times": 0,
  "imageList": null,
  "displayType": "text",
  "justView": "0",
  "fileName": null,
  "filePath": null,
  "imagePath": null,
  "imageName": null,
  "productIdList": null,
  "curPage": null,
  "pageSize": null,
  "siteCode": null,
  "statusFlag": "Publish",
  "returnCode": 0,
  "totalRows": null,
  "keywords": "widget",
  "avgScore": 0.0,
  "createDate": null,
  "totalPages": null
}