{"type":null,"faqId":14161,"title":"In what colors is the G6 available?","answer":"Black/White/Pink","faqTypeId":null,"faqType":null,"useful":1,"unUseful":0,"languageId":242,"languageName":"id","faqCode":"5901","faqTypeCode":null,"isTop":"0","moduleCode":"faq","productId":null,"productCode":null,"postDate":1407291540000,"seriesProductName":"G6-U10","visitedTimes":5,"isUsefulFlag":null,"score":0,"times":0,"imageList":null,"displayType":"text","justView":"0","fileName":null,"filePath":null,"imagePath":null,"imageName":null,"productIdList":null,"curPage":null,"pageSize":null,"siteCode":null,"statusFlag":"Publish","returnCode":0,"totalRows":null,"keywords":null,"avgScore":0.0,"createDate":null,"totalPages":null}