{
  "type": null,
  "faqId": 14162,
  "title": "What are the selling points of the G6?",
  "answer": "l   Huawei Emotion UI 2.0 Lite (compatible with Android 4.3)\n\r\n\r\n l   4.5-inch qHD LCD touchscreen \r\n\r\n l   1.2 GHz quad-core CPU \r\n\r\n l   Front camera: 800MP AF \r\n\r\n l   Connectivity: Wi-Fi and portable Wi-Fi hotspot \r\n\r\n l   Simple UI",
  "faqTypeId": null,
  "faqType": null,
  "useful": 1,
  "unUseful": 0,
  "languageId": 242,
  "languageName": "id",
  "faqCode": "5902",
  "faqTypeCode": null,
  "isTop": "0",
  "moduleCode": "faq",
  "productId": null,
  "productCode": null,
  "postDate": 1407291650000,
  "seriesProductName": "G6-U10",
  "visitedTimes": 7,
  "isUsefulFlag": null,
  "score": 0,
  "times": 0,
  "imageList": null,
  "displayType": "text",
  "justView": "0",
  "fileName": null,
  "filePath": null,
  "imagePath": null,
  "imageName": null,
  "productIdList": null,
  "curPage": null,
  "pageSize": null,
  "siteCode": null,
  "statusFlag": "Publish",
  "returnCode": 0,
  "totalRows": null,
  "keywords": null,
  "avgScore": 0.0,
  "createDate": null,
  "totalPages": null
}