{
  "type": null,
  "faqId": 14165,
  "title": "How do I export and import contacts in a UIM card?",
  "answer": " 1.         Importing contacts in a UIM card to your phone\n\r\n\r\n −       Touch **People** > ![](http://consumer.huawei.com/support/servlet/imageServlet?dlType=HtmlAreaImage&imageId=45283) > **Manage contacts** > **Copy contacts** > **UIM**. Select the contacts you want to copy from the UIM card or touch **All**. Then touch **COPY** > **Phone**. \r\n\r\n ![](http://consumer.huawei.com/support/servlet/imageServlet?dlType=HtmlAreaImage&imageId=45284) \r\n\r\n 2.         Exporting contacts in your phone to a UIM card \r\n\r\n Touch **People** > ![](http://consumer.huawei.com/support/servlet/imageServlet?dlType=HtmlAreaImage&imageId=45285) > **Manage contacts** > **Copy contacts** > **Phone**. Select the contacts you want to copy from your phone or touch **All**. Then touch **COPY** > **UIM**.",
  "faqTypeId": null,
  "faqType": null,
  "useful": 0,
  "unUseful": 0,
  "languageId": 242,
  "languageName": "id",
  "faqCode": "5922",
  "faqTypeCode": null,
  "isTop": "0",
  "moduleCode": "faq",
  "productId": null,
  "productCode": null,
  "postDate": 1407293906000,
  "seriesProductName": "G6-U10",
  "visitedTimes": 5,
  "isUsefulFlag": null,
  "score": 0,
  "times": 0,
  "imageList": null,
  "displayType": "text",
  "justView": "0",
  "fileName": null,
  "filePath": null,
  "imagePath": null,
  "imageName": null,
  "productIdList": null,
  "curPage": null,
  "pageSize": null,
  "siteCode": null,
  "statusFlag": "Publish",
  "returnCode": 0,
  "totalRows": null,
  "keywords": "export, import, Contact",
  "avgScore": 0.0,
  "createDate": null,
  "totalPages": null
}