{
  "type": null,
  "faqId": 14169,
  "title": "What can I do during a call and how do I switch between calls?",
  "answer": " You can perform the following operations during a call. \r\n\n![](http://consumer.huawei.com/support/servlet/imageServlet?dlType=HtmlAreaImage&imageId=45321) \n\r\n\r\n To switch between calls, touch ![](http://consumer.huawei.com/support/servlet/imageServlet?dlType=HtmlAreaImage&imageId=45324)",
  "faqTypeId": null,
  "faqType": null,
  "useful": 0,
  "unUseful": 0,
  "languageId": 242,
  "languageName": "id",
  "faqCode": "5911",
  "faqTypeCode": null,
  "isTop": "0",
  "moduleCode": "faq",
  "productId": null,
  "productCode": null,
  "postDate": 1407297517000,
  "seriesProductName": "G6-U10",
  "visitedTimes": 3,
  "isUsefulFlag": null,
  "score": 0,
  "times": 0,
  "imageList": null,
  "displayType": "text",
  "justView": "0",
  "fileName": null,
  "filePath": null,
  "imagePath": null,
  "imageName": null,
  "productIdList": null,
  "curPage": null,
  "pageSize": null,
  "siteCode": null,
  "statusFlag": "Publish",
  "returnCode": 0,
  "totalRows": null,
  "keywords": "call",
  "avgScore": 0.0,
  "createDate": null,
  "totalPages": null
}