{
  "type": null,
  "faqId": 14175,
  "title": "How do I play music in the background, exit music, and synchronize lyrics?",
  "answer": "l   To play music in the background, touch **Music**, play a song, and touch Back key or the Home key.  \n\r\n\r\n l   To exit music, on the music playing screen, touch ![](http://consumer.huawei.com/support/servlet/imageServlet?dlType=HtmlAreaImage&imageId=45339) > **Exit** > **OK**. \r\n\r\n l   If a song and its lyrics are saved in the same directory on your phone, the lyrics are automatically loaded when you play the song. You can flick your finger across the music playing screen to view the lyrics.",
  "faqTypeId": null,
  "faqType": null,
  "useful": 0,
  "unUseful": 0,
  "languageId": 242,
  "languageName": "id",
  "faqCode": "5929",
  "faqTypeCode": null,
  "isTop": "0",
  "moduleCode": "faq",
  "productId": null,
  "productCode": null,
  "postDate": 1407299286000,
  "seriesProductName": "G6-U10",
  "visitedTimes": 9,
  "isUsefulFlag": null,
  "score": 0,
  "times": 0,
  "imageList": null,
  "displayType": "text",
  "justView": "0",
  "fileName": null,
  "filePath": null,
  "imagePath": null,
  "imageName": null,
  "productIdList": null,
  "curPage": null,
  "pageSize": null,
  "siteCode": null,
  "statusFlag": "Publish",
  "returnCode": 0,
  "totalRows": null,
  "keywords": "Music, background",
  "avgScore": 0.0,
  "createDate": null,
  "totalPages": null
}