{
  "type": null,
  "faqId": 14178,
  "title": "How do I change the default save path of photos and video files?",
  "answer": "Open the camera, touch ![](http://consumer.huawei.com/support/servlet/imageServlet?dlType=HtmlAreaImage&imageId=45340) > ![](http://consumer.huawei.com/support/servlet/imageServlet?dlType=HtmlAreaImage&imageId=45341) > **Preferred save location** > **SD card**/**Internal storage**. ![](http://consumer.huawei.com/support/servlet/imageServlet?dlType=HtmlAreaImage&imageId=45342) \n\r\n\r\n l   To browse the photos or video files saved in the SD card, touch **File Manager** > **SD card > DCIM\\Camera**. \r\n\r\n l   To browse the photos or video files saved in the internal storage, touch **File Manager** > **Internal storage > DCIM\\Camera**.",
  "faqTypeId": null,
  "faqType": null,
  "useful": 0,
  "unUseful": 0,
  "languageId": 242,
  "languageName": "id",
  "faqCode": "5920",
  "faqTypeCode": null,
  "isTop": "0",
  "moduleCode": "faq",
  "productId": null,
  "productCode": null,
  "postDate": 1407300316000,
  "seriesProductName": "G6-U10",
  "visitedTimes": 2,
  "isUsefulFlag": null,
  "score": 0,
  "times": 0,
  "imageList": null,
  "displayType": "text",
  "justView": "0",
  "fileName": null,
  "filePath": null,
  "imagePath": null,
  "imageName": null,
  "productIdList": null,
  "curPage": null,
  "pageSize": null,
  "siteCode": null,
  "statusFlag": "Publish",
  "returnCode": 0,
  "totalRows": null,
  "keywords": "camera",
  "avgScore": 0.0,
  "createDate": null,
  "totalPages": null
}