{
  "type": null,
  "faqId": 14177,
  "title": "Why cannot I open some pictures or video files on my phone?",
  "answer": "l   File formats are not supported. \n\r\n\r\n l   The memory of your phone is insufficient. \r\n\r\n l   Files are damaged. \r\n\r\n l   (DCF) files are under copyright protection. \r\n\r\n l   The battery is low. \r\n\r\n l   Unknown errors occurred in the phone's OS or applications. Restart the phone or reset it to factory defaults.****",
  "faqTypeId": null,
  "faqType": null,
  "useful": 0,
  "unUseful": 0,
  "languageId": 242,
  "languageName": "id",
  "faqCode": "5919",
  "faqTypeCode": null,
  "isTop": "0",
  "moduleCode": "faq",
  "productId": null,
  "productCode": null,
  "postDate": 1407299836000,
  "seriesProductName": "G6-U10",
  "visitedTimes": 3,
  "isUsefulFlag": null,
  "score": 0,
  "times": 0,
  "imageList": null,
  "displayType": "text",
  "justView": "0",
  "fileName": null,
  "filePath": null,
  "imagePath": null,
  "imageName": null,
  "productIdList": null,
  "curPage": null,
  "pageSize": null,
  "siteCode": null,
  "statusFlag": "Publish",
  "returnCode": 0,
  "totalRows": null,
  "keywords": "camera",
  "avgScore": 0.0,
  "createDate": null,
  "totalPages": null
}