{
  "type": null,
  "faqId": 14172,
  "title": "Where is the attachment of a multimedia message stored?",
  "answer": "The attachment of a multimedia message you received is stored in the **/data** folder, which is invisible to you.  \n\r\n\r\n You can find the attachments you have saved by the following paths: \r\n\r\n l   In your phone: **File Manager** > **Internal** > **Download** \r\n\r\n l   In your SD card: **File Manager** > **SD card** > **Download**",
  "faqTypeId": null,
  "faqType": null,
  "useful": 0,
  "unUseful": 0,
  "languageId": 242,
  "languageName": "id",
  "faqCode": "5914",
  "faqTypeCode": null,
  "isTop": "0",
  "moduleCode": "faq",
  "productId": null,
  "productCode": null,
  "postDate": 1407298371000,
  "seriesProductName": "G6-U10",
  "visitedTimes": 2,
  "isUsefulFlag": null,
  "score": 0,
  "times": 0,
  "imageList": null,
  "displayType": "text",
  "justView": "0",
  "fileName": null,
  "filePath": null,
  "imagePath": null,
  "imageName": null,
  "productIdList": null,
  "curPage": null,
  "pageSize": null,
  "siteCode": null,
  "statusFlag": "Publish",
  "returnCode": 0,
  "totalRows": null,
  "keywords": "MMS",
  "avgScore": 0.0,
  "createDate": null,
  "totalPages": null
}