{
  "type": null,
  "faqId": 14174,
  "title": "How do I create a playlist?",
  "answer": " ![](http://consumer.huawei.com/support/servlet/imageServlet?dlType=HtmlAreaImage&imageId=45338) \r\n\r\n 1.         Touch **Music** > **Playlist** > **Create new playlist**. \r\n\r\n 2.         Input the name of the playlist you want to create and touch **Save**. \r\n\r\n 3.         Touch **OK** in the **Add songs to playlist** window. Select your songs to add and touch **ADD**.",
  "faqTypeId": null,
  "faqType": null,
  "useful": 0,
  "unUseful": 0,
  "languageId": 242,
  "languageName": "id",
  "faqCode": "5916",
  "faqTypeCode": null,
  "isTop": "0",
  "moduleCode": "faq",
  "productId": null,
  "productCode": null,
  "postDate": 1407299045000,
  "seriesProductName": "G6-U10",
  "visitedTimes": 2,
  "isUsefulFlag": null,
  "score": 0,
  "times": 0,
  "imageList": null,
  "displayType": "text",
  "justView": "0",
  "fileName": null,
  "filePath": null,
  "imagePath": null,
  "imageName": null,
  "productIdList": null,
  "curPage": null,
  "pageSize": null,
  "siteCode": null,
  "statusFlag": "Publish",
  "returnCode": 0,
  "totalRows": null,
  "keywords": "Music, play list",
  "avgScore": 0.0,
  "createDate": null,
  "totalPages": null
}