{
  "type": null,
  "faqId": 14171,
  "title": "failed to send or receive a multimedia message. What should I do?",
  "answer": "**Failed to send a multimedia message:** \n\r\n\r\n l   Possible cause 1: The network connection is unstable or signals are poor. \r\n\r\n Solution: Try again later. \r\n\r\n l   Possible cause 2: The network is busy. \r\n\r\n Solution: Try again later. \r\n\r\n l   Possible cause 3: The number of the recipient is incorrect. \r\n\r\n Solution: Correct the recipient number and send the multimedia message again. \r\n\r\n l   Possible cause 4: The size of the multimedia exceeds 300 KB. \r\n\r\n Solution: Limit the size of the multimedia message to 300 KB and send it again. \r\n\r\n l   Possible cause 5: Your phone bill is overdue. \r\n\r\n Solution: Try again after you pay your bill. \r\n\r\n **Failed to receive a multimedia message** \r\n\r\n l   Possible cause: Your phone has insufficient space to receive a multimedia message. \r\n\r\n Solution: Free up your phone memory and keep the free space greater than 300 KB. \r\n\n![](http://consumer.huawei.com/support/servlet/imageServlet?dlType=HtmlAreaImage&imageId=45329)",
  "faqTypeId": null,
  "faqType": null,
  "useful": 0,
  "unUseful": 0,
  "languageId": 242,
  "languageName": "id",
  "faqCode": "5913",
  "faqTypeCode": null,
  "isTop": "0",
  "moduleCode": "faq",
  "productId": null,
  "productCode": null,
  "postDate": 1407298102000,
  "seriesProductName": "G6-U10",
  "visitedTimes": 2,
  "isUsefulFlag": null,
  "score": 0,
  "times": 0,
  "imageList": null,
  "displayType": "text",
  "justView": "0",
  "fileName": null,
  "filePath": null,
  "imagePath": null,
  "imageName": null,
  "productIdList": null,
  "curPage": null,
  "pageSize": null,
  "siteCode": null,
  "statusFlag": "Publish",
  "returnCode": 0,
  "totalRows": null,
  "keywords": "MMS",
  "avgScore": 0.0,
  "createDate": null,
  "totalPages": null
}