{
  "type": null,
  "faqId": 14173,
  "title": "What are the meanings of Artists, Albums, Folders, Scan for songs, and Playlists",
  "answer": "**Playlist**: contains the playlists you created.  \n\r\n\r\n **Albums**: lists songs grouped by album. \r\n\r\n **Artists**: lists songs grouped by artist. \r\n\r\n **Folders**: provides playlists available for your song scanning. \r\n\r\n **Scan for songs**: displays songs scanned out from your phone and supported by the player.",
  "faqTypeId": null,
  "faqType": null,
  "useful": 0,
  "unUseful": 0,
  "languageId": 242,
  "languageName": "id",
  "faqCode": "5915",
  "faqTypeCode": null,
  "isTop": "0",
  "moduleCode": "faq",
  "productId": null,
  "productCode": null,
  "postDate": 1407298499000,
  "seriesProductName": "G6-U10",
  "visitedTimes": 2,
  "isUsefulFlag": null,
  "score": 0,
  "times": 0,
  "imageList": null,
  "displayType": "text",
  "justView": "0",
  "fileName": null,
  "filePath": null,
  "imagePath": null,
  "imageName": null,
  "productIdList": null,
  "curPage": null,
  "pageSize": null,
  "siteCode": null,
  "statusFlag": "Publish",
  "returnCode": 0,
  "totalRows": null,
  "keywords": "Music",
  "avgScore": 0.0,
  "createDate": null,
  "totalPages": null
}