{
  "type": null,
  "faqId": 14179,
  "title": "How do I switch between front and rear cameras?",
  "answer": "Open a camera and touch ![](http://consumer.huawei.com/support/servlet/imageServlet?dlType=HtmlAreaImage&imageId=45343) on the right upper corner of the screen. ",
  "faqTypeId": null,
  "faqType": null,
  "useful": 16,
  "unUseful": 38,
  "languageId": 242,
  "languageName": "id",
  "faqCode": "5933",
  "faqTypeCode": null,
  "isTop": "0",
  "moduleCode": "faq",
  "productId": null,
  "productCode": null,
  "postDate": 1407301037000,
  "seriesProductName": "EDGE-U00,G525-U00,G610-U20,G6-U10,G750-U10,H30-U10,H60-L04,Jazz-L09,MT1-U06,Sophia-L10,U9510E,W1-U00,Y320-U30,Y330-U11,Y511-U30,Y520-U22,Y530-U00",
  "visitedTimes": 1522,
  "isUsefulFlag": null,
  "score": 0,
  "times": 0,
  "imageList": null,
  "displayType": "text",
  "justView": "0",
  "fileName": null,
  "filePath": null,
  "imagePath": null,
  "imageName": null,
  "productIdList": null,
  "curPage": null,
  "pageSize": null,
  "siteCode": null,
  "statusFlag": "Publish",
  "returnCode": 0,
  "totalRows": null,
  "keywords": "camera",
  "avgScore": 0.0,
  "createDate": null,
  "totalPages": null
}