{
  "type": null,
  "faqId": 14183,
  "title": "How do I manage (copy/back up) contacts?",
  "answer": "**Backing up contacts to an SD card:** \n\r\n\r\n 1.         Touch **Settings** > **DEVICE** > **Storage** > **Default Storage Location**. Select the SD card. \r\n\r\n 2.         On the **Contacts** screen, touch ![](http://consumer.huawei.com/support/servlet/imageServlet?dlType=HtmlAreaImage&imageId=45289) > **Manage contacts** > **Export to storage** and then touch **OK**. You can open File Manager and check the VCF file in the root directory of the SD card. \r\n\n![](http://consumer.huawei.com/support/servlet/imageServlet?dlType=HtmlAreaImage&imageId=45290) \n\r\n\r\n **Recovering contacts from the SD card** \r\n\r\n 1.         Touch **File Manager** and **SD card**. \r\n\r\n 2.         Select the backup VCF file and touch **OK**. Contacts on your phone are automatically recovered from the SD card.",
  "faqTypeId": null,
  "faqType": null,
  "useful": 0,
  "unUseful": 0,
  "languageId": 242,
  "languageName": "id",
  "faqCode": "5923",
  "faqTypeCode": null,
  "isTop": "0",
  "moduleCode": "faq",
  "productId": null,
  "productCode": null,
  "postDate": 1407295432000,
  "seriesProductName": "G6-U10",
  "visitedTimes": 4,
  "isUsefulFlag": null,
  "score": 0,
  "times": 0,
  "imageList": null,
  "displayType": "text",
  "justView": "0",
  "fileName": null,
  "filePath": null,
  "imagePath": null,
  "imageName": null,
  "productIdList": null,
  "curPage": null,
  "pageSize": null,
  "siteCode": null,
  "statusFlag": "Publish",
  "returnCode": 0,
  "totalRows": null,
  "keywords": "manage, contact",
  "avgScore": 0.0,
  "createDate": null,
  "totalPages": null
}