{
  "type": null,
  "faqId": 14186,
  "title": "How do I forward a message or send a mass message?",
  "answer": "**Forwarding messages:****** \n\r\n\r\n Open a conversation thread with a contact, touch and hold a message you want to forward and choose **Forward**. \r\n\n![](http://consumer.huawei.com/support/servlet/imageServlet?dlType=HtmlAreaImage&imageId=45305) \n\r\n\r\n **Sending mass messages:** \r\n\r\n Create a message and click ![](http://consumer.huawei.com/support/servlet/imageServlet?dlType=HtmlAreaImage&imageId=45310) . Select multiple contacts and touch **SELECT**. The message is sent to all selected contacts.",
  "faqTypeId": null,
  "faqType": null,
  "useful": 0,
  "unUseful": 0,
  "languageId": 242,
  "languageName": "id",
  "faqCode": "5925",
  "faqTypeCode": null,
  "isTop": "0",
  "moduleCode": "faq",
  "productId": null,
  "productCode": null,
  "postDate": 1407296180000,
  "seriesProductName": "G6-U10",
  "visitedTimes": 3,
  "isUsefulFlag": null,
  "score": 0,
  "times": 0,
  "imageList": null,
  "displayType": "text",
  "justView": "0",
  "fileName": null,
  "filePath": null,
  "imagePath": null,
  "imageName": null,
  "productIdList": null,
  "curPage": null,
  "pageSize": null,
  "siteCode": null,
  "statusFlag": "Publish",
  "returnCode": 0,
  "totalRows": null,
  "keywords": "forward, sms",
  "avgScore": 0.0,
  "createDate": null,
  "totalPages": null
}