{
  "type": null,
  "faqId": 14187,
  "title": "How many characters are allowed in a text message?",
  "answer": "A text message contains maximum of 160 English characters or 70 Chinese characters. \n\r\n\r\n A long text message contains up to 7 pages. If the message content is longer than 8 pages, the message will be automatically converted to a multimedia message. \r\n\r\n This is applicable to mobile phones sold in China and customized by China Mobile but not in all markets. This feature is market demand-driven.",
  "faqTypeId": null,
  "faqType": null,
  "useful": 0,
  "unUseful": 0,
  "languageId": 242,
  "languageName": "id",
  "faqCode": "5926",
  "faqTypeCode": null,
  "isTop": "0",
  "moduleCode": "faq",
  "productId": null,
  "productCode": null,
  "postDate": 1407296392000,
  "seriesProductName": "G6-U10",
  "visitedTimes": 3,
  "isUsefulFlag": null,
  "score": 0,
  "times": 0,
  "imageList": null,
  "displayType": "text",
  "justView": "0",
  "fileName": null,
  "filePath": null,
  "imagePath": null,
  "imageName": null,
  "productIdList": null,
  "curPage": null,
  "pageSize": null,
  "siteCode": null,
  "statusFlag": "Publish",
  "returnCode": 0,
  "totalRows": null,
  "keywords": "sms, character",
  "avgScore": 0.0,
  "createDate": null,
  "totalPages": null
}