{
  "type": null,
  "faqId": 14181,
  "title": "How do I create contacts and use photos as callee IDs?",
  "answer": "**Create contacts:**\n\r\n\r\nOn a home screen, touch **People** > **Create contact** > **Phone/SIM**. On the **Phone contact** screen, enter contact information and touch **CANCEL**/**DONE**. \r\n\n![](http://consumer.huawei.com/support/servlet/imageServlet?dlType=HtmlAreaImage&imageId=45281) \n\r\n\r\n**Using Photos as Callee IDs** \r\n\r\nNote: Photos cannot be used as callee IDs of UIM contacts. \r\n\r\nTouch **People** and choose a contact. On the **Details** screen, touch the contact image and choose **Take photo**/**Choose photo from Gallery**. \r\n\r\n![](http://consumer.huawei.com/support/servlet/imageServlet?dlType=HtmlAreaImage&imageId=45282)",
  "faqTypeId": null,
  "faqType": null,
  "useful": 0,
  "unUseful": 0,
  "languageId": 242,
  "languageName": "id",
  "faqCode": "5905",
  "faqTypeCode": null,
  "isTop": "0",
  "moduleCode": "faq",
  "productId": null,
  "productCode": null,
  "postDate": 1407293508000,
  "seriesProductName": "EDGE-U00,G525-U00,G610-U20,G6-U10,G750-U10,H30-U10,H60-L04,Jazz-L09,MT1-U06,Sophia-L10,U9510E,W1-U00,Y320-U30,Y330-U11,Y511-U30,Y520-U22,Y530-U00",
  "visitedTimes": 88,
  "isUsefulFlag": null,
  "score": 0,
  "times": 0,
  "imageList": null,
  "displayType": "text",
  "justView": "0",
  "fileName": null,
  "filePath": null,
  "imagePath": null,
  "imageName": null,
  "productIdList": null,
  "curPage": null,
  "pageSize": null,
  "siteCode": null,
  "statusFlag": "Publish",
  "returnCode": 0,
  "totalRows": null,
  "keywords": "contact\",caller id",
  "avgScore": 0.0,
  "createDate": null,
  "totalPages": null
}