{
  "type": null,
  "faqId": 14188,
  "title": "How many text messages can be saved on my phone?",
  "answer": "A conversation supports a maximum of 500 text messages or 50 multimedia messages.  \n\r\n\r\n To set the number of messages in a conversation, touch **Messaging > ![](http://consumer.huawei.com/support/servlet/imageServlet?dlType=HtmlAreaImage&imageId=45315) > Settings > Delete old messages**. \r\n\n![](http://consumer.huawei.com/support/servlet/imageServlet?dlType=HtmlAreaImage&imageId=45316) \n\r\n\r\n No limit is set to the total number of text or multimedia messages saved on a phone. The total number of text or multimedia messages that can be saved on a phone depends on the free space on the phone.",
  "faqTypeId": null,
  "faqType": null,
  "useful": 0,
  "unUseful": 0,
  "languageId": 242,
  "languageName": "id",
  "faqCode": "5909",
  "faqTypeCode": null,
  "isTop": "0",
  "moduleCode": "faq",
  "productId": null,
  "productCode": null,
  "postDate": 1407296907000,
  "seriesProductName": "G6-U10",
  "visitedTimes": 2,
  "isUsefulFlag": null,
  "score": 0,
  "times": 0,
  "imageList": null,
  "displayType": "text",
  "justView": "0",
  "fileName": null,
  "filePath": null,
  "imagePath": null,
  "imageName": null,
  "productIdList": null,
  "curPage": null,
  "pageSize": null,
  "siteCode": null,
  "statusFlag": "Publish",
  "returnCode": 0,
  "totalRows": null,
  "keywords": "saving, sms",
  "avgScore": 0.0,
  "createDate": null,
  "totalPages": null
}