{
  "type": null,
  "faqId": 14190,
  "title": "What playback modes does my phone support?",
  "answer": "l   Play in order (default): plays songs from the first and stops when the last song is played in a playlist.  \n\r\n\r\n l   Shuffle: plays all the songs in a playlist in a random order, once only. \r\n\r\n l   Repeat playlist: repeats all the songs in a playlist in sequence again and again. \r\n\r\n l   Repeat song: repeats the current playing song again and again.",
  "faqTypeId": null,
  "faqType": null,
  "useful": 0,
  "unUseful": 0,
  "languageId": 242,
  "languageName": "id",
  "faqCode": "5917",
  "faqTypeCode": null,
  "isTop": "0",
  "moduleCode": "faq",
  "productId": null,
  "productCode": null,
  "postDate": 1407299159000,
  "seriesProductName": "G6-U10",
  "visitedTimes": 3,
  "isUsefulFlag": null,
  "score": 0,
  "times": 0,
  "imageList": null,
  "displayType": "text",
  "justView": "0",
  "fileName": null,
  "filePath": null,
  "imagePath": null,
  "imageName": null,
  "productIdList": null,
  "curPage": null,
  "pageSize": null,
  "siteCode": null,
  "statusFlag": "Publish",
  "returnCode": 0,
  "totalRows": null,
  "keywords": "Music, Playback",
  "avgScore": 0.0,
  "createDate": null,
  "totalPages": null
}