{
  "type": null,
  "faqId": 14191,
  "title": "How do I edit a photo or video file? Can I add a frame to a photo?",
  "answer": " l   To edit a photo, touch  when you browse photos.  \n\r\n\r\n l   Video clips cannot be edited. \r\n\r\n l   You can add a frame to a photo.",
  "faqTypeId": null,
  "faqType": null,
  "useful": 0,
  "unUseful": 0,
  "languageId": 242,
  "languageName": "id",
  "faqCode": "5930",
  "faqTypeCode": null,
  "isTop": "0",
  "moduleCode": "faq",
  "productId": null,
  "productCode": null,
  "postDate": 1407300461000,
  "seriesProductName": "G6-U10",
  "visitedTimes": 2,
  "isUsefulFlag": null,
  "score": 0,
  "times": 0,
  "imageList": null,
  "displayType": "text",
  "justView": "0",
  "fileName": null,
  "filePath": null,
  "imagePath": null,
  "imageName": null,
  "productIdList": null,
  "curPage": null,
  "pageSize": null,
  "siteCode": null,
  "statusFlag": "Publish",
  "returnCode": 0,
  "totalRows": null,
  "keywords": "edit, photo, video",
  "avgScore": 0.0,
  "createDate": null,
  "totalPages": null
}