{
  "type": null,
  "faqId": 14199,
  "title": "Will the memory become insufficient if my phone is playing and downloading online streaming media at the same time?",
  "answer": "No. Playing online streaming media occupies the RAM rather than the internal storage of your phone.</a>",
  "faqTypeId": null,
  "faqType": null,
  "useful": 0,
  "unUseful": 0,
  "languageId": 242,
  "languageName": "id",
  "faqCode": "5962",
  "faqTypeCode": null,
  "isTop": "0",
  "moduleCode": "faq",
  "productId": null,
  "productCode": null,
  "postDate": 1407307895000,
  "seriesProductName": "G6-U10",
  "visitedTimes": 2,
  "isUsefulFlag": null,
  "score": 0,
  "times": 0,
  "imageList": null,
  "displayType": "text",
  "justView": "0",
  "fileName": null,
  "filePath": null,
  "imagePath": null,
  "imageName": null,
  "productIdList": null,
  "curPage": null,
  "pageSize": null,
  "siteCode": null,
  "statusFlag": "Publish",
  "returnCode": 0,
  "totalRows": null,
  "keywords": "media streaming",
  "avgScore": 0.0,
  "createDate": null,
  "totalPages": null
}