{
  "type": null,
  "faqId": 14198,
  "title": "The quality of streaming media played online is poor. Why?",
  "answer": "l   The source files of the streaming media are of poor quality. \n\r\n\r\n l   The network connection is weak. \r\n\r\n l   Your phone hardware is faulty. For example, the display is damaged. To verify the problem, play a local video. \r\n\r\n l   The memory of your phone is insufficient. \r\n\r\n l   The CPU usage is high. \r\n\r\n l   Your phone is running too many applications.",
  "faqTypeId": null,
  "faqType": null,
  "useful": 0,
  "unUseful": 0,
  "languageId": 242,
  "languageName": "id",
  "faqCode": "5961",
  "faqTypeCode": null,
  "isTop": "0",
  "moduleCode": "faq",
  "productId": null,
  "productCode": null,
  "postDate": 1407307790000,
  "seriesProductName": "G6-U10",
  "visitedTimes": 3,
  "isUsefulFlag": null,
  "score": 0,
  "times": 0,
  "imageList": null,
  "displayType": "text",
  "justView": "0",
  "fileName": null,
  "filePath": null,
  "imagePath": null,
  "imageName": null,
  "productIdList": null,
  "curPage": null,
  "pageSize": null,
  "siteCode": null,
  "statusFlag": "Publish",
  "returnCode": 0,
  "totalRows": null,
  "keywords": "Media streaming",
  "avgScore": 0.0,
  "createDate": null,
  "totalPages": null
}