{
  "type": null,
  "faqId": 14197,
  "title": "Why cannot some streaming media be played on my phone?",
  "answer": "l   File formats are not supported. \n\r\n\r\n Your phone supports the following audio/video coding standards and file formats: \r\n\r\n −       Video coding: H.263, H.264, and MPEG-4 \r\n\r\n −       Audio coding: AAC, AAC+, AAC+E, AMR-NB, FLAC, MP3, MIDI, Vorbis, and PCM (WAVE) \r\n\r\n −       File format: MP4 and 3GP \r\n\r\n l   The network connection is unstable. \r\n\r\n l   The phone memory is insufficient.",
  "faqTypeId": null,
  "faqType": null,
  "useful": 0,
  "unUseful": 0,
  "languageId": 242,
  "languageName": "id",
  "faqCode": "5942",
  "faqTypeCode": null,
  "isTop": "0",
  "moduleCode": "faq",
  "productId": null,
  "productCode": null,
  "postDate": 1407301604000,
  "seriesProductName": "G6-U10",
  "visitedTimes": 5,
  "isUsefulFlag": null,
  "score": 0,
  "times": 0,
  "imageList": null,
  "displayType": "text",
  "justView": "0",
  "fileName": null,
  "filePath": null,
  "imagePath": null,
  "imageName": null,
  "productIdList": null,
  "curPage": null,
  "pageSize": null,
  "siteCode": null,
  "statusFlag": "Publish",
  "returnCode": 0,
  "totalRows": null,
  "keywords": "Media streaming",
  "avgScore": 0.0,
  "createDate": null,
  "totalPages": null
}