{
  "type": null,
  "faqId": 14201,
  "title": "How do I transmit a data file over Bluetooth?",
  "answer": "l   Touch **File Manager**. Touch and hold the file you want to send and choose **Share** > **Bluetooth**.  \n\r\n\r\n l   Touch **Gallery**, select the file you want to send and touch ![](http://consumer.huawei.com/support/servlet/imageServlet?dlType=HtmlAreaImage&imageId=45349) > **Bluetooth**. \r\n\n![](http://consumer.huawei.com/support/servlet/imageServlet?dlType=HtmlAreaImage&imageId=45354) \n\r\n\r\n l   On the music playing screen, touch ![](http://consumer.huawei.com/support/servlet/imageServlet?dlType=HtmlAreaImage&imageId=45355) > **Share** >** Share song** > **Bluetooth**. \r\n\r\n ![](http://consumer.huawei.com/support/servlet/imageServlet?dlType=HtmlAreaImage&imageId=45356) \r\n\r\n l   Touch **Browser** > ![](http://consumer.huawei.com/support/servlet/imageServlet?dlType=HtmlAreaImage&imageId=45357) > **Share page** > **Bluetooth**. \r\n\r\n ![](http://consumer.huawei.com/support/servlet/imageServlet?dlType=HtmlAreaImage&imageId=45359) \r\n\r\n l   On the **Contacts** screen, touch ![](http://consumer.huawei.com/support/servlet/imageServlet?dlType=HtmlAreaImage&imageId=45360) > **Share contacts > Bluetooth**. \r\n\r\n ![](http://consumer.huawei.com/support/servlet/imageServlet?dlType=HtmlAreaImage&imageId=45362)",
  "faqTypeId": null,
  "faqType": null,
  "useful": 0,
  "unUseful": 0,
  "languageId": 242,
  "languageName": "id",
  "faqCode": "5963",
  "faqTypeCode": null,
  "isTop": "0",
  "moduleCode": "faq",
  "productId": null,
  "productCode": null,
  "postDate": 1407308196000,
  "seriesProductName": "G6-U10",
  "visitedTimes": 2,
  "isUsefulFlag": null,
  "score": 0,
  "times": 0,
  "imageList": null,
  "displayType": "text",
  "justView": "0",
  "fileName": null,
  "filePath": null,
  "imagePath": null,
  "imageName": null,
  "productIdList": null,
  "curPage": null,
  "pageSize": null,
  "siteCode": null,
  "statusFlag": "Publish",
  "returnCode": 0,
  "totalRows": null,
  "keywords": "bluetooh",
  "avgScore": 0.0,
  "createDate": null,
  "totalPages": null
}