{
  "type": null,
  "faqId": 14200,
  "title": "What formats of data files can be transmitted over Bluetooth?",
  "answer": "Data files such as audio, videos, photos, contacts, compressed files, APK files can be transmitted by Bluetooth.",
  "faqTypeId": null,
  "faqType": null,
  "useful": 0,
  "unUseful": 0,
  "languageId": 242,
  "languageName": "id",
  "faqCode": "5943",
  "faqTypeCode": null,
  "isTop": "0",
  "moduleCode": "faq",
  "productId": null,
  "productCode": null,
  "postDate": 1407307990000,
  "seriesProductName": "G6-U10",
  "visitedTimes": 2,
  "isUsefulFlag": null,
  "score": 0,
  "times": 0,
  "imageList": null,
  "displayType": "text",
  "justView": "0",
  "fileName": null,
  "filePath": null,
  "imagePath": null,
  "imageName": null,
  "productIdList": null,
  "curPage": null,
  "pageSize": null,
  "siteCode": null,
  "statusFlag": "Publish",
  "returnCode": 0,
  "totalRows": null,
  "keywords": "bluetooth",
  "avgScore": 0.0,
  "createDate": null,
  "totalPages": null
}