{
  "type": null,
  "faqId": 14209,
  "title": "How do I synchronize contacts and calendars? What should I do if synchronization fails?",
  "answer": "You need at least one Exchange account to synchronize contacts. \n\r\n\r\nOn the **Add account **screen, touch **Exchange**. Complete account settings by referring to information available at the website of your email service provider. \r\n\n![](http://consumer.huawei.com/support/servlet/imageServlet?dlType=HtmlAreaImage&imageId=45432)\n\r\n\r\n![](http://consumer.huawei.com/support/servlet/imageServlet?dlType=HtmlAreaImage&imageId=45433) \r\n\r\nOn a home screen, touch **Settings** > **Accounts**. Select an email account and synchronization items. Touch  > ![](http://consumer.huawei.com/support/servlet/imageServlet?dlType=HtmlAreaImage&imageId=45434) **Sync now**. \r\n\r\nIf synchronizing contacts fails, verify that the data connection on your phone is enabled and that the email server supports contacts synchronization.",
  "faqTypeId": null,
  "faqType": null,
  "useful": 2,
  "unUseful": 11,
  "languageId": 242,
  "languageName": "id",
  "faqCode": "5954",
  "faqTypeCode": null,
  "isTop": "0",
  "moduleCode": "faq",
  "productId": null,
  "productCode": null,
  "postDate": 1407313575000,
  "seriesProductName": "EDGE-U00,G525-U00,G610-U20,G6-U10,G750-U10,H30-U10,H60-L04,Jazz-L09,MT1-U06,Sophia-L10,U9510E,W1-U00,Y320-U30,Y330-U11,Y511-U30,Y520-U22,Y530-U00",
  "visitedTimes": 3431,
  "isUsefulFlag": null,
  "score": 0,
  "times": 0,
  "imageList": null,
  "displayType": "text",
  "justView": "0",
  "fileName": null,
  "filePath": null,
  "imagePath": null,
  "imageName": null,
  "productIdList": null,
  "curPage": null,
  "pageSize": null,
  "siteCode": null,
  "statusFlag": "Publish",
  "returnCode": 0,
  "totalRows": null,
  "keywords": "callendars, contact, synchronize",
  "avgScore": 0.0,
  "createDate": null,
  "totalPages": null
}