{
  "type": null,
  "faqId": 14203,
  "title": "The navigation software fails to receive signals from GPS satellites. What should I do?",
  "answer": "l   Go outdoors and try again if you are now in a house.  \n\r\n\r\n l   Go to an open space outdoors without high buildings around and try again.",
  "faqTypeId": null,
  "faqType": null,
  "useful": 0,
  "unUseful": 0,
  "languageId": 242,
  "languageName": "id",
  "faqCode": "5949",
  "faqTypeCode": null,
  "isTop": "0",
  "moduleCode": "faq",
  "productId": null,
  "productCode": null,
  "postDate": 1407309860000,
  "seriesProductName": "",
  "visitedTimes": 7,
  "isUsefulFlag": null,
  "score": 0,
  "times": 0,
  "imageList": null,
  "displayType": "text",
  "justView": "0",
  "fileName": null,
  "filePath": null,
  "imagePath": null,
  "imageName": null,
  "productIdList": null,
  "curPage": null,
  "pageSize": null,
  "siteCode": null,
  "statusFlag": "Publish",
  "returnCode": 0,
  "totalRows": null,
  "keywords": "GPS",
  "avgScore": 0.0,
  "createDate": null,
  "totalPages": null
}