{
  "type": null,
  "faqId": 14205,
  "title": "Headset line sequence",
  "answer": "The headset delivered with your phone adopts the American line sequence that prevails in the industry.  \n\r\n\r\n You can press the hook key on the headset to answer or end a call, or to play or suspend a song. \r\n\r\n To answer a call, press the hook key. To end a call, press and hold the hook key. To play or suspend a song, press the hook key. \r\n\r\n The headset delivered with your phone does not have volume keys but your phone is compatible with headsets that have volume keys.",
  "faqTypeId": null,
  "faqType": null,
  "useful": 1,
  "unUseful": 0,
  "languageId": 242,
  "languageName": "id",
  "faqCode": "5969",
  "faqTypeCode": null,
  "isTop": "0",
  "moduleCode": "faq",
  "productId": null,
  "productCode": null,
  "postDate": 1407311800000,
  "seriesProductName": "G6-U10",
  "visitedTimes": 11,
  "isUsefulFlag": null,
  "score": 0,
  "times": 0,
  "imageList": null,
  "displayType": "text",
  "justView": "0",
  "fileName": null,
  "filePath": null,
  "imagePath": null,
  "imageName": null,
  "productIdList": null,
  "curPage": null,
  "pageSize": null,
  "siteCode": null,
  "statusFlag": "Publish",
  "returnCode": 0,
  "totalRows": null,
  "keywords": "Headset",
  "avgScore": 0.0,
  "createDate": null,
  "totalPages": null
}