{
  "type": null,
  "faqId": 14206,
  "title": "Email Settings",
  "answer": " l   Adding an email account, On a home screen, touch **Email**. \r\n\r\n −       Manual settings \r\n\r\n 1.         On the **Account setup** screen, input an account and a password. \r\n\r\n 2.         Touch **Manual setup**. \r\n\r\n 3.         Touch **POP3** and set the POP3 server. \r\n\r\n 4.         Touch **Next** and set the SMTP server. \r\n\r\n 5.         Touch **Next** and select email sending and receiving options. \r\n\r\n 6.         Touch **Next** and set **Your name** and **Give this account a name**. \r\n\r\n 7.         Touch **Next**. The inbox is displayed. \r\n\n![](http://consumer.huawei.com/support/servlet/imageServlet?dlType=HtmlAreaImage&imageId=45415)![](http://consumer.huawei.com/support/servlet/imageServlet?dlType=HtmlAreaImage&imageId=45416)![](http://consumer.huawei.com/support/servlet/imageServlet?dlType=HtmlAreaImage&imageId=45417) \n\r\n\r\n −       Automatic settings (Parameters about this type of email have been predefined on your phone.) \r\n\r\n 1.         On the **Account setup** screen, input an account and a password. \r\n\r\n 1.         Touch **Next**. \r\n\r\n 2.         Select email sending and receiving options. \r\n\r\n 3.         Touch **Next **and set **Your name** and **Give this account a name**. \r\n\r\n 4.         Touch **Next. **The inbox is displayed. \r\n\r\n ![](http://consumer.huawei.com/support/servlet/imageServlet?dlType=HtmlAreaImage&imageId=45420) \r\n\r\n l   Sending an email \r\n\r\n Touch **Email** > **Compose**. On the **Compose** screen, write an email and touch ![](http://consumer.huawei.com/support/servlet/imageServlet?dlType=HtmlAreaImage&imageId=45421) \r\n\r\n ![](http://consumer.huawei.com/support/servlet/imageServlet?dlType=HtmlAreaImage&imageId=45422) \r\n\r\n l   Viewing/Deleting an email \r\n\r\n On the **Inbox** screen, select and view an email. To delete an email, touch ![](http://consumer.huawei.com/support/servlet/imageServlet?dlType=HtmlAreaImage&imageId=45425). \r\n\r\n l   Deleting an email account \r\n\r\n Touch **Email** > ![](http://consumer.huawei.com/support/servlet/imageServlet?dlType=HtmlAreaImage&imageId=45426) > **Settings**. Select the email you want to delete and touch **Remove account** in the **REMOVE ACCOUNT **field.",
  "faqTypeId": null,
  "faqType": null,
  "useful": 0,
  "unUseful": 0,
  "languageId": 242,
  "languageName": "id",
  "faqCode": "5970",
  "faqTypeCode": null,
  "isTop": "0",
  "moduleCode": "faq",
  "productId": null,
  "productCode": null,
  "postDate": 1407312914000,
  "seriesProductName": "G6-U10",
  "visitedTimes": 7,
  "isUsefulFlag": null,
  "score": 0,
  "times": 0,
  "imageList": null,
  "displayType": "text",
  "justView": "0",
  "fileName": null,
  "filePath": null,
  "imagePath": null,
  "imageName": null,
  "productIdList": null,
  "curPage": null,
  "pageSize": null,
  "siteCode": null,
  "statusFlag": "Publish",
  "returnCode": 0,
  "totalRows": null,
  "keywords": "email",
  "avgScore": 0.0,
  "createDate": null,
  "totalPages": null
}