{
  "type": null,
  "faqId": 14210,
  "title": "I cannot find Wi-Fi signals. What should I do?",
  "answer": "If you have enabled Wi-Fi on your phone, but it cannot find Wi-Fi signals from a wireless router while other devices can, perform the following operations:\n\r\n\r\nl Verify that the wireless router's service set identifier (SSID) is not hidden. \r\n\r\nl Verify that your phone is within the Wi-Fi coverage of the wireless router. \r\n\r\nl Disable and then enable Wi-Fi on your phone. \r\n\r\nl Restart your phone.",
  "faqTypeId": null,
  "faqType": null,
  "useful": 4,
  "unUseful": 1,
  "languageId": 242,
  "languageName": "id",
  "faqCode": "5958",
  "faqTypeCode": null,
  "isTop": "0",
  "moduleCode": "faq",
  "productId": null,
  "productCode": null,
  "postDate": 1407314140000,
  "seriesProductName": "EDGE-U00,G525-U00,G610-U20,G6-U10,G750-U10,H30-U10,H60-L04,Jazz-L09,MT1-U06,Sophia-L10,U9510E,W1-U00,Y320-U30,Y330-U11,Y511-U30,Y520-U22,Y530-U00",
  "visitedTimes": 171,
  "isUsefulFlag": null,
  "score": 0,
  "times": 0,
  "imageList": null,
  "displayType": "text",
  "justView": "0",
  "fileName": null,
  "filePath": null,
  "imagePath": null,
  "imageName": null,
  "productIdList": null,
  "curPage": null,
  "pageSize": null,
  "siteCode": null,
  "statusFlag": "Publish",
  "returnCode": 0,
  "totalRows": null,
  "keywords": "wi-fi",
  "avgScore": 0.0,
  "createDate": null,
  "totalPages": null
}