{
  "type": null,
  "faqId": 14211,
  "title": "My phone is disconnected from Wi-Fi in standby mode. What should I do?",
  "answer": " On a home screen, touch **Settings** > **WI-FI** > ![](http://consumer.huawei.com/support/servlet/imageServlet?dlType=HtmlAreaImage&imageId=45444) > **Advanced** > **Keep Wi-Fi on during sleep** > **Always**.\n\r\n\r\n ****  \r\n\r\n **![](http://consumer.huawei.com/support/servlet/imageServlet?dlType=HtmlAreaImage&imageId=45445) Note: Only when plugged in** is selected by default. The following options are available: \r\n\r\n **Never(increase data usage)**: Your phone goes to sleep in 15 minutes when the display is turned off. \r\n\r\n **Only when plugged in**: Your phone keeps awake when being charged. \r\n\n**Always**: Your phone never goes to sleep",
  "faqTypeId": null,
  "faqType": null,
  "useful": 0,
  "unUseful": 0,
  "languageId": 242,
  "languageName": "id",
  "faqCode": "5982",
  "faqTypeCode": null,
  "isTop": "0",
  "moduleCode": "faq",
  "productId": null,
  "productCode": null,
  "postDate": 1407315122000,
  "seriesProductName": "G6-U10",
  "visitedTimes": 51,
  "isUsefulFlag": null,
  "score": 0,
  "times": 0,
  "imageList": null,
  "displayType": "text",
  "justView": "0",
  "fileName": null,
  "filePath": null,
  "imagePath": null,
  "imageName": null,
  "productIdList": null,
  "curPage": null,
  "pageSize": null,
  "siteCode": null,
  "statusFlag": "Publish",
  "returnCode": 0,
  "totalRows": null,
  "keywords": "wi-fi",
  "avgScore": 0.0,
  "createDate": null,
  "totalPages": null
}