{
  "type": null,
  "faqId": 14227,
  "title": "Can I switch themes of my phone or use live wallpapers?",
  "answer": "You can switch themes and use live wallpapers on your phone. \n\r\n\r\n Touch **Themes**. Four default themes are displayed. \r\n\n![](http://consumer.huawei.com/support/servlet/imageServlet?dlType=HtmlAreaImage&imageId=45402) \n\r\n\r\n Touch and hold in a blank area. On the **Set home screen** window, touch **Wallpaper** > **Home screen wall paper** > **Live wallpaper** \r\n\n![](http://consumer.huawei.com/support/servlet/imageServlet?dlType=HtmlAreaImage&imageId=45405)",
  "faqTypeId": null,
  "faqType": null,
  "useful": 0,
  "unUseful": 0,
  "languageId": 242,
  "languageName": "id",
  "faqCode": "5950",
  "faqTypeCode": null,
  "isTop": "0",
  "moduleCode": "faq",
  "productId": null,
  "productCode": null,
  "postDate": 1407310838000,
  "seriesProductName": "G6-U10",
  "visitedTimes": 3,
  "isUsefulFlag": null,
  "score": 0,
  "times": 0,
  "imageList": null,
  "displayType": "text",
  "justView": "0",
  "fileName": null,
  "filePath": null,
  "imagePath": null,
  "imageName": null,
  "productIdList": null,
  "curPage": null,
  "pageSize": null,
  "siteCode": null,
  "statusFlag": "Publish",
  "returnCode": 0,
  "totalRows": null,
  "keywords": "themes, wallpapers",
  "avgScore": 0.0,
  "createDate": null,
  "totalPages": null
}