{
  "type": null,
  "faqId": 14225,
  "title": "What should I do if the data of the navigation software is lost or if the license file or activation code is lost?",
  "answer": "Re-download the software if the data is lost. Amap does not require a license file or an activation code. </a>",
  "faqTypeId": null,
  "faqType": null,
  "useful": 0,
  "unUseful": 0,
  "languageId": 242,
  "languageName": "id",
  "faqCode": "5965",
  "faqTypeCode": null,
  "isTop": "0",
  "moduleCode": "faq",
  "productId": null,
  "productCode": null,
  "postDate": 1407309723000,
  "seriesProductName": "G6-U10",
  "visitedTimes": 17,
  "isUsefulFlag": null,
  "score": 0,
  "times": 0,
  "imageList": null,
  "displayType": "text",
  "justView": "0",
  "fileName": null,
  "filePath": null,
  "imagePath": null,
  "imageName": null,
  "productIdList": null,
  "curPage": null,
  "pageSize": null,
  "siteCode": null,
  "statusFlag": "Publish",
  "returnCode": 0,
  "totalRows": null,
  "keywords": "GPS",
  "avgScore": 0.0,
  "createDate": null,
  "totalPages": null
}