{
  "type": null,
  "faqId": 14221,
  "title": "Why cannot my phone be found by other phones?",
  "answer": "l   Bluetooth is disabled. \n\r\n\r\n Solution: Touch **Settings** and enable **Bluetooth**. \r\n\n![](http://consumer.huawei.com/support/servlet/imageServlet?dlType=HtmlAreaImage&imageId=45367) \n\r\n\r\n l   The phone is set to **Not visible to other Bluetooth devices** though Bluetooth is enabled. \r\n\r\n Solution: Touch **Settings** > **Bluetooth** and then touch the device name. \r\n\n![](http://consumer.huawei.com/support/servlet/imageServlet?dlType=HtmlAreaImage&imageId=45371)",
  "faqTypeId": null,
  "faqType": null,
  "useful": 0,
  "unUseful": 0,
  "languageId": 242,
  "languageName": "id",
  "faqCode": "5945",
  "faqTypeCode": null,
  "isTop": "0",
  "moduleCode": "faq",
  "productId": null,
  "productCode": null,
  "postDate": 1407308927000,
  "seriesProductName": "G6-U10",
  "visitedTimes": 3,
  "isUsefulFlag": null,
  "score": 0,
  "times": 0,
  "imageList": null,
  "displayType": "text",
  "justView": "0",
  "fileName": null,
  "filePath": null,
  "imagePath": null,
  "imageName": null,
  "productIdList": null,
  "curPage": null,
  "pageSize": null,
  "siteCode": null,
  "statusFlag": "Publish",
  "returnCode": 0,
  "totalRows": null,
  "keywords": "bluetooth",
  "avgScore": 0.0,
  "createDate": null,
  "totalPages": null
}