{"type":null,"faqId":14222,"title":"What is the Bluetooth's working range?","answer":"10 meters","faqTypeId":null,"faqType":null,"useful":0,"unUseful":0,"languageId":242,"languageName":"id","faqCode":"5946","faqTypeCode":null,"isTop":"0","moduleCode":"faq","productId":null,"productCode":null,"postDate":1407309005000,"seriesProductName":"G6-U10","visitedTimes":3,"isUsefulFlag":null,"score":0,"times":0,"imageList":null,"displayType":"text","justView":"0","fileName":null,"filePath":null,"imagePath":null,"imageName":null,"productIdList":null,"curPage":null,"pageSize":null,"siteCode":null,"statusFlag":"Publish","returnCode":0,"totalRows":null,"keywords":"Bluetooth","avgScore":0.0,"createDate":null,"totalPages":null}