{
  "type": null,
  "faqId": 14223,
  "title": "Why cannot my phone be paired with other Bluetooth devices?",
  "answer": "l   The phone cannot find other Bluetooth devices. \n\r\n\r\n Verify that Bluetooth is enabled on other devices and these devices are discoverable. \r\n\r\n l   The phone cannot detect the Bluetooth headset. \r\n\r\n Verify that the headset is discoverable. For related settings about the headset, see the user guide of the headset. \r\n\r\n l   The phone cannot establish connections with other phones when sending files. \r\n\r\n Verify that the paired phone is able to receive files or supports the format of the file being sent.",
  "faqTypeId": null,
  "faqType": null,
  "useful": 0,
  "unUseful": 0,
  "languageId": 242,
  "languageName": "id",
  "faqCode": "5947",
  "faqTypeCode": null,
  "isTop": "0",
  "moduleCode": "faq",
  "productId": null,
  "productCode": null,
  "postDate": 1407309240000,
  "seriesProductName": "G6-U10",
  "visitedTimes": 2,
  "isUsefulFlag": null,
  "score": 0,
  "times": 0,
  "imageList": null,
  "displayType": "text",
  "justView": "0",
  "fileName": null,
  "filePath": null,
  "imagePath": null,
  "imageName": null,
  "productIdList": null,
  "curPage": null,
  "pageSize": null,
  "siteCode": null,
  "statusFlag": "Publish",
  "returnCode": 0,
  "totalRows": null,
  "keywords": "Bluetooh",
  "avgScore": 0.0,
  "createDate": null,
  "totalPages": null
}