{
  "type": null,
  "faqId": 14229,
  "title": "Does my phone support flash videos or flash players?",
  "answer": "No flash player is preinstalled on your phone.You can download a flash player from websites where flash videos are delivered",
  "faqTypeId": null,
  "faqType": null,
  "useful": 0,
  "unUseful": 0,
  "languageId": 242,
  "languageName": "id",
  "faqCode": "5968",
  "faqTypeCode": null,
  "isTop": "0",
  "moduleCode": "faq",
  "productId": null,
  "productCode": null,
  "postDate": 1407311582000,
  "seriesProductName": "G6-U10",
  "visitedTimes": 5,
  "isUsefulFlag": null,
  "score": 0,
  "times": 0,
  "imageList": null,
  "displayType": "text",
  "justView": "0",
  "fileName": null,
  "filePath": null,
  "imagePath": null,
  "imageName": null,
  "productIdList": null,
  "curPage": null,
  "pageSize": null,
  "siteCode": null,
  "statusFlag": "Publish",
  "returnCode": 0,
  "totalRows": null,
  "keywords": "Falsh video, flash player",
  "avgScore": 0.0,
  "createDate": null,
  "totalPages": null
}