{
  "type": null,
  "faqId": 14233,
  "title": "My phone is connected to a Wi-Fi network but I cannot open web pages. Why?",
  "answer": "Possible causes are as follows: \n\r\n\r\n l xDSL connections fail if the hotspot, for example, a wireless router, uses xDSL to access the Internet. \r\n\r\n l Domain name service fails if you can use QQ but cannot open webpages. \r\n\nAccess restrictions are set on the Wi-Fi hotspot",
  "faqTypeId": null,
  "faqType": null,
  "useful": 0,
  "unUseful": 0,
  "languageId": 242,
  "languageName": "id",
  "faqCode": "5957",
  "faqTypeCode": null,
  "isTop": "0",
  "moduleCode": "faq",
  "productId": null,
  "productCode": null,
  "postDate": 1407314011000,
  "seriesProductName": "G6-U10",
  "visitedTimes": 11,
  "isUsefulFlag": null,
  "score": 0,
  "times": 0,
  "imageList": null,
  "displayType": "text",
  "justView": "0",
  "fileName": null,
  "filePath": null,
  "imagePath": null,
  "imageName": null,
  "productIdList": null,
  "curPage": null,
  "pageSize": null,
  "siteCode": null,
  "statusFlag": "Publish",
  "returnCode": 0,
  "totalRows": null,
  "keywords": "Wi-fi",
  "avgScore": 0.0,
  "createDate": null,
  "totalPages": null
}