{
  "type": null,
  "faqId": 14237,
  "title": "Internet access using Wi-Fi with a static IP address",
  "answer": " Touch **Settings** > **WI-FI**, select a hotspot, and on the displayed dialog box, select **Show advanced options**. Set **IP settings** to **Static**, and in most cases, set **IP address** to **192.168.1.***** and **Gateway** to **192.168.1.1**. Then set **Network prefix length**, **DNS 1**, and **DNS 2** \r\n\n![](http://consumer.huawei.com/support/servlet/imageServlet?dlType=HtmlAreaImage&imageId=45475) \n\r\n\r\n The process for a mobile device to obtain a dynamic IP address when connected to a router and then gain the access to the Internet using Wi-Fi is time consuming. By using a static IP address, your phone can quickly access the Internet through a Wi-Fi connection.",
  "faqTypeId": null,
  "faqType": null,
  "useful": 17,
  "unUseful": 5,
  "languageId": 242,
  "languageName": "id",
  "faqCode": "5984",
  "faqTypeCode": null,
  "isTop": "0",
  "moduleCode": "faq",
  "productId": null,
  "productCode": null,
  "postDate": 1407319246000,
  "seriesProductName": "G6-U10",
  "visitedTimes": 1911,
  "isUsefulFlag": null,
  "score": 0,
  "times": 0,
  "imageList": null,
  "displayType": "text",
  "justView": "0",
  "fileName": null,
  "filePath": null,
  "imagePath": null,
  "imageName": null,
  "productIdList": null,
  "curPage": null,
  "pageSize": null,
  "siteCode": null,
  "statusFlag": "Publish",
  "returnCode": 0,
  "totalRows": null,
  "keywords": "wi-fi, IP",
  "avgScore": 0.0,
  "createDate": null,
  "totalPages": null
}