{
  "type": null,
  "faqId": 14234,
  "title": "How do I know whether my phone uses the UIM card or the Wi-Fi connection to access the Internet?",
  "answer": "If ![](http://consumer.huawei.com/support/servlet/imageServlet?dlType=HtmlAreaImage&imageId=45441) is available on the right upper corner of your phone screen, your phone accesses the Internet using the Wi-Fi connection. Your phone prefers Wi-Fi than a UIM/SIM card for Internet use",
  "faqTypeId": null,
  "faqType": null,
  "useful": 4,
  "unUseful": 0,
  "languageId": 242,
  "languageName": "id",
  "faqCode": "5959",
  "faqTypeCode": null,
  "isTop": "0",
  "moduleCode": "faq",
  "productId": null,
  "productCode": null,
  "postDate": 1407314493000,
  "seriesProductName": "G6-U10",
  "visitedTimes": 131,
  "isUsefulFlag": null,
  "score": 0,
  "times": 0,
  "imageList": null,
  "displayType": "text",
  "justView": "0",
  "fileName": null,
  "filePath": null,
  "imagePath": null,
  "imageName": null,
  "productIdList": null,
  "curPage": null,
  "pageSize": null,
  "siteCode": null,
  "statusFlag": "Publish",
  "returnCode": 0,
  "totalRows": null,
  "keywords": "wi-fi",
  "avgScore": 0.0,
  "createDate": null,
  "totalPages": null
}