{
  "type": null,
  "faqId": 14231,
  "title": "How do I access the Internet using Wi-Fi?",
  "answer": "1. Touch **Settings **> **WI-FI**.  \n\r\n\r\n 2. Enable Wi-Fi. \r\n\r\n 3. Select a hotspot found by your phone, input the password, and touch **Connect**. You can access the Internet when the connection succeeds.",
  "faqTypeId": null,
  "faqType": null,
  "useful": 2,
  "unUseful": 0,
  "languageId": 242,
  "languageName": "id",
  "faqCode": "5955",
  "faqTypeCode": null,
  "isTop": "0",
  "moduleCode": "faq",
  "productId": null,
  "productCode": null,
  "postDate": 1407313706000,
  "seriesProductName": "G6-U10",
  "visitedTimes": 15,
  "isUsefulFlag": null,
  "score": 0,
  "times": 0,
  "imageList": null,
  "displayType": "text",
  "justView": "0",
  "fileName": null,
  "filePath": null,
  "imagePath": null,
  "imageName": null,
  "productIdList": null,
  "curPage": null,
  "pageSize": null,
  "siteCode": null,
  "statusFlag": "Publish",
  "returnCode": 0,
  "totalRows": null,
  "keywords": "Wi-Fi",
  "avgScore": 0.0,
  "createDate": null,
  "totalPages": null
}