{
  "type": null,
  "faqId": 14236,
  "title": "Network sharing and portable hotspot",
  "answer": "You can use your phone as a portable Wi-Fi hotspot and share your phone's mobile data connection with another device. Then you can access the Internet from the device. \n\r\n\r\nTo enable this function, touch **Settings > More... > Tethering & portable hotspot > Portable Wi-Fi hotspot** > **Configure Wi-Fi hotspot**. Set the Wi-Fi hotspot name (**Network SSID**), password, and authentication mode (**Security**). \r\n\r\nAfter the device finds your phone using Wi-Fi, you can access the Internet from the device using your phone's mobile data connection. \r\n\n![](http://consumer.huawei.com/support/servlet/imageServlet?dlType=HtmlAreaImage&imageId=45454)",
  "faqTypeId": null,
  "faqType": null,
  "useful": 6,
  "unUseful": 0,
  "languageId": 242,
  "languageName": "id",
  "faqCode": "5983",
  "faqTypeCode": null,
  "isTop": "0",
  "moduleCode": "faq",
  "productId": null,
  "productCode": null,
  "postDate": 1407316551000,
  "seriesProductName": "EDGE-U00,G525-U00,G610-U20,G6-U10,G750-U10,H30-U10,H60-L04,Jazz-L09,MT1-U06,Sophia-L10,U9510E,W1-U00,Y320-U30,Y330-U11,Y511-U30,Y520-U22,Y530-U00",
  "visitedTimes": 528,
  "isUsefulFlag": null,
  "score": 0,
  "times": 0,
  "imageList": null,
  "displayType": "text",
  "justView": "0",
  "fileName": null,
  "filePath": null,
  "imagePath": null,
  "imageName": null,
  "productIdList": null,
  "curPage": null,
  "pageSize": null,
  "siteCode": null,
  "statusFlag": "Publish",
  "returnCode": 0,
  "totalRows": null,
  "keywords": "hotspot",
  "avgScore": 0.0,
  "createDate": null,
  "totalPages": null
}