{
  "type": null,
  "faqId": 14238,
  "title": "Can my phone work as a modem to provide Internet access for computers?",
  "answer": " 1. On a home screen, touch **Settings**. \r\n\n![](http://consumer.huawei.com/support/servlet/imageServlet?dlType=HtmlAreaImage&imageId=45480) \n\r\n\r\n 2. In the **WIRELESS & NETWORKS** field, touch **More… > Tethering & portable hotspot > Portable Wi-Fi hotspot**. \r\n\r\n ![](http://consumer.huawei.com/support/servlet/imageServlet?dlType=HtmlAreaImage&imageId=45481) \r\n\r\n 3. Select **USB tethering**. \r\n\r\n ![](http://consumer.huawei.com/support/servlet/imageServlet?dlType=HtmlAreaImage&imageId=45482) \r\n\r\n  4. Install the driver using Hisuite. On the computer, right-click **My computer** and choose **Management** > **Device Manager** from the shortcut menu. The new network adapter is displayed. \r\n\r\n ![](http://consumer.huawei.com/support/servlet/imageServlet?dlType=HtmlAreaImage&imageId=45483)Note: When using USB tethering, your phone's mobile data connection must be turned on. Otherwise, the phone cannot provide Internet access for the comput \r\n\r\n If a computer provides a wireless network adapter, you can turn on **Portable Wi-Fi hotspot**. Then the computer can connect to your phone over Wi-Fi to access the Internet. Currently, this function is available to computers running Windows.",
  "faqTypeId": null,
  "faqType": null,
  "useful": 1,
  "unUseful": 0,
  "languageId": 242,
  "languageName": "id",
  "faqCode": "5985",
  "faqTypeCode": null,
  "isTop": "0",
  "moduleCode": "faq",
  "productId": null,
  "productCode": null,
  "postDate": 1407320157000,
  "seriesProductName": "G6-U10",
  "visitedTimes": 74,
  "isUsefulFlag": null,
  "score": 0,
  "times": 0,
  "imageList": null,
  "displayType": "text",
  "justView": "0",
  "fileName": null,
  "filePath": null,
  "imagePath": null,
  "imageName": null,
  "productIdList": null,
  "curPage": null,
  "pageSize": null,
  "siteCode": null,
  "statusFlag": "Publish",
  "returnCode": 0,
  "totalRows": null,
  "keywords": "modem, internet",
  "avgScore": 0.0,
  "createDate": null,
  "totalPages": null
}