{
  "type": null,
  "faqId": 14235,
  "title": "Why cannot I connect to Wi-Fi?",
  "answer": "l The network SSID and password have been changed. \n\r\n\r\n l Your balance is insufficient. \r\n\r\n l You are out of the Wi-Fi hotspot's coverage.",
  "faqTypeId": null,
  "faqType": null,
  "useful": 2,
  "unUseful": 1,
  "languageId": 242,
  "languageName": "id",
  "faqCode": "5981",
  "faqTypeCode": null,
  "isTop": "0",
  "moduleCode": "faq",
  "productId": null,
  "productCode": null,
  "postDate": 1407314938000,
  "seriesProductName": "G6-U10",
  "visitedTimes": 33,
  "isUsefulFlag": null,
  "score": 0,
  "times": 0,
  "imageList": null,
  "displayType": "text",
  "justView": "0",
  "fileName": null,
  "filePath": null,
  "imagePath": null,
  "imageName": null,
  "productIdList": null,
  "curPage": null,
  "pageSize": null,
  "siteCode": null,
  "statusFlag": "Publish",
  "returnCode": 0,
  "totalRows": null,
  "keywords": "wi-fi",
  "avgScore": 0.0,
  "createDate": null,
  "totalPages": null
}