{
  "type": null,
  "faqId": 14241,
  "title": "How do I set a song as a ringtone for incoming calls or new messages?",
  "answer": "l Touch **Settings > Sound > Phone ringtone > Music** to change the ringtone for incoming calls. \n\r\n\r\n l Touch **Settings > Sound > Phone ringtone > Music** to change the ringtone for new messages. \r\n\n![](http://consumer.huawei.com/support/servlet/imageServlet?dlType=HtmlAreaImage&imageId=45486) \n\r\n\r\n l Touch and hold the desired music file in **File Manager**, touch **Set music as > Phone ringtone/Notification ringtone.** \r\n\r\n ![](http://consumer.huawei.com/support/servlet/imageServlet?dlType=HtmlAreaImage&imageId=45487) \r\n\r\n l You can also enter **Music**. Touch and hold the desired music file in the music list, touch **Set music as > Phone ringtone/Notification ringtone.** \r\n\r\n ![](http://consumer.huawei.com/support/servlet/imageServlet?dlType=HtmlAreaImage&imageId=45488)",
  "faqTypeId": null,
  "faqType": null,
  "useful": 2,
  "unUseful": 0,
  "languageId": 242,
  "languageName": "id",
  "faqCode": "5988",
  "faqTypeCode": null,
  "isTop": "0",
  "moduleCode": "faq",
  "productId": null,
  "productCode": null,
  "postDate": 1407320878000,
  "seriesProductName": "G6-U10",
  "visitedTimes": 121,
  "isUsefulFlag": null,
  "score": 0,
  "times": 0,
  "imageList": null,
  "displayType": "text",
  "justView": "0",
  "fileName": null,
  "filePath": null,
  "imagePath": null,
  "imageName": null,
  "productIdList": null,
  "curPage": null,
  "pageSize": null,
  "siteCode": null,
  "statusFlag": "Publish",
  "returnCode": 0,
  "totalRows": null,
  "keywords": "ringtone",
  "avgScore": 0.0,
  "createDate": null,
  "totalPages": null
}