{
  "type": null,
  "faqId": 14240,
  "title": "How do I set incoming call and message vibrations?",
  "answer": "Touch **Settings > Sound > Vibration**.",
  "faqTypeId": null,
  "faqType": null,
  "useful": 1,
  "unUseful": 0,
  "languageId": 242,
  "languageName": "id",
  "faqCode": "5987",
  "faqTypeCode": null,
  "isTop": "0",
  "moduleCode": "faq",
  "productId": null,
  "productCode": null,
  "postDate": 1407320392000,
  "seriesProductName": "G6-U10",
  "visitedTimes": 51,
  "isUsefulFlag": null,
  "score": 0,
  "times": 0,
  "imageList": null,
  "displayType": "text",
  "justView": "0",
  "fileName": null,
  "filePath": null,
  "imagePath": null,
  "imageName": null,
  "productIdList": null,
  "curPage": null,
  "pageSize": null,
  "siteCode": null,
  "statusFlag": "Publish",
  "returnCode": 0,
  "totalRows": null,
  "keywords": "Vibration",
  "avgScore": 0.0,
  "createDate": null,
  "totalPages": null
}