{
  "type": null,
  "faqId": 24926,
  "title": "Can I update my HUAWEI MediaPad X1 7.0 online? If yes, how?",
  "answer": "Yes.   \r\n\nOn the home screen, touch Settings > General > Updates > System updates > Online updates to check for updates. If updates are available, follow the onscreen instructions to update your HUAWEI MediaPad X1 7.0 online.",
  "faqTypeId": null,
  "faqType": null,
  "useful": 4,
  "unUseful": 5,
  "languageId": 242,
  "languageName": "id",
  "faqCode": "8969",
  "faqTypeCode": null,
  "isTop": "0",
  "moduleCode": "faq",
  "productId": null,
  "productCode": null,
  "postDate": 1430374898000,
  "seriesProductName": "7D-501u",
  "visitedTimes": 174,
  "isUsefulFlag": null,
  "score": 0,
  "times": 0,
  "imageList": null,
  "displayType": "text",
  "justView": "0",
  "fileName": null,
  "filePath": null,
  "imagePath": null,
  "imageName": null,
  "productIdList": null,
  "curPage": null,
  "pageSize": null,
  "siteCode": null,
  "statusFlag": "Publish",
  "returnCode": 0,
  "totalRows": null,
  "keywords": "\"mediaPad\", \"x1\", \"FAQ\", \"7D-501U\"",
  "avgScore": 0.0,
  "createDate": null,
  "totalPages": null
}