{
  "type": null,
  "faqId": 24927,
  "title": "Can I configure more than one email account on my HUAWEI MediaPad X1 7.0?",
  "answer": "Yes.   \r\n\nIf you have not configured any email accounts, touch Email, and follow the onscreen instructions.   \r\n\nIf you have already configured an email account, touch Email > > Settings > Add account, and follow the onscreen instructions.   \r\n\r\n\n![](http://consumer.huawei.com/support/servlet/imageServlet?dlType=SupportImage&imagePath=/20150430143142553001.png)  \r\n\nNOTE: For details about your email account settings, contact your email service provider.",
  "faqTypeId": null,
  "faqType": null,
  "useful": 0,
  "unUseful": 0,
  "languageId": 242,
  "languageName": "id",
  "faqCode": "8971",
  "faqTypeCode": null,
  "isTop": "0",
  "moduleCode": "faq",
  "productId": null,
  "productCode": null,
  "postDate": 1430375534000,
  "seriesProductName": "7D-501u",
  "visitedTimes": 49,
  "isUsefulFlag": null,
  "score": 0,
  "times": 0,
  "imageList": null,
  "displayType": "text",
  "justView": "0",
  "fileName": null,
  "filePath": null,
  "imagePath": null,
  "imageName": null,
  "productIdList": null,
  "curPage": null,
  "pageSize": null,
  "siteCode": null,
  "statusFlag": "Publish",
  "returnCode": 0,
  "totalRows": null,
  "keywords": "\"MediaPad\", \"X1\", \"7D-501u\", \"FAQ\"",
  "avgScore": 0.0,
  "createDate": null,
  "totalPages": null
}