{
  "type": null,
  "faqId": 24930,
  "title": "Can my HUAWEI MediaPad X1 7.0 function as a USB host? Can it work with an external USB flash drive, mouse, or printer?",
  "answer": "Your HUAWEI MediaPad X1 7.0 can function as a USB host. You can connect it to a USB flash drive, mouse, or keyboard using a USB On-The-Go (OTG) cable. However, it cannot be connected to a printer.   \r\n\r\nNOTE: Some peripheral devices may require separate power supplies.",
  "faqTypeId": null,
  "faqType": null,
  "useful": 8,
  "unUseful": 0,
  "languageId": 242,
  "languageName": "id",
  "faqCode": "8985",
  "faqTypeCode": null,
  "isTop": "0",
  "moduleCode": "faq",
  "productId": null,
  "productCode": null,
  "postDate": 1430375705000,
  "seriesProductName": "",
  "visitedTimes": 385,
  "isUsefulFlag": null,
  "score": 0,
  "times": 0,
  "imageList": null,
  "displayType": "text",
  "justView": "0",
  "fileName": null,
  "filePath": null,
  "imagePath": null,
  "imageName": null,
  "productIdList": null,
  "curPage": null,
  "pageSize": null,
  "siteCode": null,
  "statusFlag": "Publish",
  "returnCode": 0,
  "totalRows": null,
  "keywords": "\"MediaPad\", \"7D-501U\", \"FAQ\"",
  "avgScore": 0.0,
  "createDate": null,
  "totalPages": null
}