{"type":null,"faqId":24941,"title":"Does my HUAWEI MediaPad X1 7.0 support video chats?","answer":"Yes. You can use third-party applications, such as Hangouts and Skype, for video chats.","faqTypeId":null,"faqType":null,"useful":0,"unUseful":0,"languageId":242,"languageName":"id","faqCode":"8943","faqTypeCode":null,"isTop":"0","moduleCode":"faq","productId":null,"productCode":null,"postDate":1430370189000,"seriesProductName":"7D-501u","visitedTimes":22,"isUsefulFlag":null,"score":0,"times":0,"imageList":null,"displayType":"text","justView":"0","fileName":null,"filePath":null,"imagePath":null,"imageName":null,"productIdList":null,"curPage":null,"pageSize":null,"siteCode":null,"statusFlag":"Publish","returnCode":0,"totalRows":null,"keywords":"\"MediaPad\", \"X1\", \"7D-501U\"","avgScore":0.0,"createDate":null,"totalPages":null}