{
  "type": null,
  "faqId": 24948,
  "title": "Can I uninstall my carrier-customized or other preinstalled applications?",
  "answer": "Preinstalled system applications cannot be uninstalled. Whether carrier-customized applications can be uninstalled depends on your carrier.   \r\n\nOn the All screen, touch Manage apps > All, select the application you want to uninstall, touch Uninstall, and follow the onscreen instructions to remove the application.   \r\n\nIf the Uninstall button is unavailable for an application, the application cannot be uninstalled.",
  "faqTypeId": null,
  "faqType": null,
  "useful": 0,
  "unUseful": 1,
  "languageId": 242,
  "languageName": "id",
  "faqCode": "8984",
  "faqTypeCode": null,
  "isTop": "0",
  "moduleCode": "faq",
  "productId": null,
  "productCode": null,
  "postDate": 1430375107000,
  "seriesProductName": "7D-501u",
  "visitedTimes": 55,
  "isUsefulFlag": null,
  "score": 0,
  "times": 0,
  "imageList": null,
  "displayType": "text",
  "justView": "0",
  "fileName": null,
  "filePath": null,
  "imagePath": null,
  "imageName": null,
  "productIdList": null,
  "curPage": null,
  "pageSize": null,
  "siteCode": null,
  "statusFlag": "Publish",
  "returnCode": 0,
  "totalRows": null,
  "keywords": "\"MediaPad\", \"X1\", \"7D-501U\", \"FAQ\"",
  "avgScore": 0.0,
  "createDate": null,
  "totalPages": null
}