{"type":null,"faqId":24950,"title":"Why doesn't my charging icon appear when I charge my HUAWEI MediaPad X1 7.0 when it is off?","answer":"Your HUAWEI MediaPad X1 7.0's system may be unstable when the battery level is extremely low. Charge your HUAWEI MediaPad X1 7.0 for a few minutes and check again.","faqTypeId":null,"faqType":null,"useful":0,"unUseful":1,"languageId":242,"languageName":"id","faqCode":"8970","faqTypeCode":null,"isTop":"0","moduleCode":"faq","productId":null,"productCode":null,"postDate":1430375247000,"seriesProductName":"7D-501u","visitedTimes":87,"isUsefulFlag":null,"score":0,"times":0,"imageList":null,"displayType":"text","justView":"0","fileName":null,"filePath":null,"imagePath":null,"imageName":null,"productIdList":null,"curPage":null,"pageSize":null,"siteCode":null,"statusFlag":"Publish","returnCode":0,"totalRows":null,"keywords":"\"MediaPad\", \"X1\", \"7D-501\" \"FAQ\"","avgScore":0.0,"createDate":null,"totalPages":null}