{
  "type": null,
  "faqId": 26165,
  "title": "How do I move the installed apps to the microSD card?",
  "answer": "On the Huawei App Center screen, go to TOOLS > Move apps. Touch Move apps to SD card next to the app. \r\n\n\n\n",
  "faqTypeId": null,
  "faqType": null,
  "useful": 0,
  "unUseful": 0,
  "languageId": 242,
  "languageName": "id",
  "faqCode": "486",
  "faqTypeCode": null,
  "isTop": "0",
  "moduleCode": "faq",
  "productId": null,
  "productCode": null,
  "postDate": 1432284386000,
  "seriesProductName": "GRA-L03,GRA-UL00",
  "visitedTimes": 13,
  "isUsefulFlag": null,
  "score": 0,
  "times": 0,
  "imageList": null,
  "displayType": "text",
  "justView": "0",
  "fileName": null,
  "filePath": null,
  "imagePath": null,
  "imageName": null,
  "productIdList": null,
  "curPage": null,
  "pageSize": null,
  "siteCode": null,
  "statusFlag": "Publish",
  "returnCode": 0,
  "totalRows": null,
  "keywords": "\"app\"",
  "avgScore": 0.0,
  "createDate": null,
  "totalPages": null
}