{
  "type": null,
  "faqId": 26161,
  "title": "How do I edit the screen partially captured using the smart screenshot function?",
  "answer": "After you partially capture a screen, you can touch ![](http://app.huawei.com/tkb/ha-i/40dd7_zspxd.png) to edit the picture:\r\n\r\n1.l [![](http://app.huawei.com/tkb/ha-i/40dd8_4yiph.png)](http://app.huawei.com/tkb/ha-i/40dd8_4yiph.png): adjusting the size of the picture\r\n\r\n2.l ![](http://app.huawei.com/tkb/ha-i/40dd9_3mqns.png): fuzzy processing for the part you do not want to share\r\n\r\n3.l ![](http://app.huawei.com/tkb/ha-i/40dda_on6c8.png): removing the added mosaic\r\n\r\n[![](http://app.huawei.com/tkb/ha-i/40ddb_itjdv.png)](http://app.huawei.com/tkb/ha-i/40ddb_itjdv.png)\r\n\r\nThe figures are for your reference only. The actual screens may vary.\r\n\n\n\n",
  "faqTypeId": null,
  "faqType": null,
  "useful": 1,
  "unUseful": 0,
  "languageId": 242,
  "languageName": "id",
  "faqCode": "501",
  "faqTypeCode": null,
  "isTop": "0",
  "moduleCode": "faq",
  "productId": null,
  "productCode": null,
  "postDate": 1432282753000,
  "seriesProductName": "GRA-L03,GRA-UL00",
  "visitedTimes": 5,
  "isUsefulFlag": null,
  "score": 0,
  "times": 0,
  "imageList": null,
  "displayType": "text",
  "justView": "0",
  "fileName": null,
  "filePath": null,
  "imagePath": null,
  "imageName": null,
  "productIdList": null,
  "curPage": null,
  "pageSize": null,
  "siteCode": null,
  "statusFlag": "Publish",
  "returnCode": 0,
  "totalRows": null,
  "keywords": "\"Screenshot\"",
  "avgScore": 0.0,
  "createDate": null,
  "totalPages": null
}