{
  "type": null,
  "faqId": 26167,
  "title": "Can I browse or edit Word, Excel, PowerPoint, and PDF files on my phone?",
  "answer": "Yes. You can open the files using third-party apps such as WPS Office, OfficeSuite, and OliveOfficePremiu.\r\n\n\n\n",
  "faqTypeId": null,
  "faqType": null,
  "useful": 3,
  "unUseful": 0,
  "languageId": 242,
  "languageName": "id",
  "faqCode": "528",
  "faqTypeCode": null,
  "isTop": "0",
  "moduleCode": "faq",
  "productId": null,
  "productCode": null,
  "postDate": 1432287277000,
  "seriesProductName": "GRA-L03,GRA-UL00",
  "visitedTimes": 83,
  "isUsefulFlag": null,
  "score": 0,
  "times": 0,
  "imageList": null,
  "displayType": "text",
  "justView": "0",
  "fileName": null,
  "filePath": null,
  "imagePath": null,
  "imageName": null,
  "productIdList": null,
  "curPage": null,
  "pageSize": null,
  "siteCode": null,
  "statusFlag": "Publish",
  "returnCode": 0,
  "totalRows": null,
  "keywords": "\"word\", \"Excel\", \"powerPoint\", \"PDF\"",
  "avgScore": 0.0,
  "createDate": null,
  "totalPages": null
}