{
  "type": null,
  "faqId": 26162,
  "title": "Can my phone display multiple windows on the screen at the same time?",
  "answer": "On the Settings screen, enable Suspend button. Touch ![](http://app.huawei.com/tkb/ha-i/40dd1_qin36.png) to rapidly open the suspend windows of calendar, message, Notes, or calculator. \r\n\n\n\n",
  "faqTypeId": null,
  "faqType": null,
  "useful": 0,
  "unUseful": 0,
  "languageId": 242,
  "languageName": "id",
  "faqCode": "502",
  "faqTypeCode": null,
  "isTop": "0",
  "moduleCode": "faq",
  "productId": null,
  "productCode": null,
  "postDate": 1432283223000,
  "seriesProductName": "GRA-L03,GRA-UL00",
  "visitedTimes": 5,
  "isUsefulFlag": null,
  "score": 0,
  "times": 0,
  "imageList": null,
  "displayType": "text",
  "justView": "0",
  "fileName": null,
  "filePath": null,
  "imagePath": null,
  "imageName": null,
  "productIdList": null,
  "curPage": null,
  "pageSize": null,
  "siteCode": null,
  "statusFlag": "Publish",
  "returnCode": 0,
  "totalRows": null,
  "keywords": "\"display\"",
  "avgScore": 0.0,
  "createDate": null,
  "totalPages": null
}