{
  "type": null,
  "faqId": 26163,
  "title": "What can I do if my phone fails to download the available update package?",
  "answer": "1. Check whether your mobile or Wi-Fi network is disabled. If so, the download will not be able to start.\r\n\r\n2. Check whether airplane mode is enabled.\r\n\r\n3. Check whether you have touched the pause button.\r\n\n\n\n",
  "faqTypeId": null,
  "faqType": null,
  "useful": 0,
  "unUseful": 0,
  "languageId": 242,
  "languageName": "id",
  "faqCode": "483",
  "faqTypeCode": null,
  "isTop": "0",
  "moduleCode": "faq",
  "productId": null,
  "productCode": null,
  "postDate": 1432283832000,
  "seriesProductName": "GRA-L03,GRA-UL00",
  "visitedTimes": 42,
  "isUsefulFlag": null,
  "score": 0,
  "times": 0,
  "imageList": null,
  "displayType": "text",
  "justView": "0",
  "fileName": null,
  "filePath": null,
  "imagePath": null,
  "imageName": null,
  "productIdList": null,
  "curPage": null,
  "pageSize": null,
  "siteCode": null,
  "statusFlag": "Publish",
  "returnCode": 0,
  "totalRows": null,
  "keywords": "\"update\"",
  "avgScore": 0.0,
  "createDate": null,
  "totalPages": null
}