{
  "type": null,
  "faqId": 26166,
  "title": "How do I use NFC to transfer files?",
  "answer": "1.l Enable NFC. If you are using the China Mobile-customized phone, you need to turn on the P2P switch. \r\n\r\n[![](http://app.huawei.com/tkb/ha-i/40ce1_2upfe.png)](http://app.huawei.com/tkb/ha-i/40ce1_2upfe.png)\r\n\r\nThe figures are for your reference only. The actual screens may vary.\r\n\r\n2.l Open an image in the Gallery or open the contact details of a contact. Then, place two phones with the antennas close to each other. \r\n\r\n[![](http://app.huawei.com/tkb/ha-i/40ce2_rwgyb.png)](http://app.huawei.com/tkb/ha-i/40ce2_rwgyb.png)\r\n\r\nThe figures are for your reference only. The actual screens may vary.\r\n\r\n3.l When your phone detects that it is close to NFC phone, the screen of the image or contact information is zoomed out and displays the information about file transfer by touching. You can touch the screen at this time to transfer the file to the peer phone. \r\n\r\n4.l After the file transfer is started, you can separate two phones. \r\n\n\n\n",
  "faqTypeId": null,
  "faqType": null,
  "useful": 0,
  "unUseful": 0,
  "languageId": 242,
  "languageName": "id",
  "faqCode": "488",
  "faqTypeCode": null,
  "isTop": "0",
  "moduleCode": "faq",
  "productId": null,
  "productCode": null,
  "postDate": 1432284617000,
  "seriesProductName": "GRA-L03,GRA-UL00",
  "visitedTimes": 11,
  "isUsefulFlag": null,
  "score": 0,
  "times": 0,
  "imageList": null,
  "displayType": "text",
  "justView": "0",
  "fileName": null,
  "filePath": null,
  "imagePath": null,
  "imageName": null,
  "productIdList": null,
  "curPage": null,
  "pageSize": null,
  "siteCode": null,
  "statusFlag": "Publish",
  "returnCode": 0,
  "totalRows": null,
  "keywords": "\"NFC\"",
  "avgScore": 0.0,
  "createDate": null,
  "totalPages": null
}