{
  "type": null,
  "faqId": 26207,
  "title": "What data will be erased after my phone is updated?",
  "answer": "After your phone is updated, contacts, messages, email accounts, system settings, and installed applications will be erased. Back up important data on your phone before you update your phone. \r\n\r\n[![](http://app.huawei.com/tkb/ha-i/40dcc_egpmc.png)](http://app.huawei.com/tkb/ha-i/40dcc_egpmc.png)\r\n\r\nYour phone data will not be erased if HOTA update is used.\r\n\n\n\n",
  "faqTypeId": null,
  "faqType": null,
  "useful": 0,
  "unUseful": 0,
  "languageId": 242,
  "languageName": "id",
  "faqCode": "487",
  "faqTypeCode": null,
  "isTop": "0",
  "moduleCode": "faq",
  "productId": null,
  "productCode": null,
  "postDate": 1432284489000,
  "seriesProductName": "GRA-L03,GRA-UL00",
  "visitedTimes": 12,
  "isUsefulFlag": null,
  "score": 0,
  "times": 0,
  "imageList": null,
  "displayType": "text",
  "justView": "0",
  "fileName": null,
  "filePath": null,
  "imagePath": null,
  "imageName": null,
  "productIdList": null,
  "curPage": null,
  "pageSize": null,
  "siteCode": null,
  "statusFlag": "Publish",
  "returnCode": 0,
  "totalRows": null,
  "keywords": null,
  "avgScore": 0.0,
  "createDate": null,
  "totalPages": null
}