{
  "type": null,
  "faqId": 26209,
  "title": "How do I restore data to my phone?",
  "answer": "1. On your computer, click Home Page from the navigation area on the left, then ![](http://app.huawei.com/tkb/ha-i/40dcb_x5lmr.png) to display the restoration page.\r\n\r\n2. Select the backup files you want to restore. You can change the backup directory to view backup files in other locations on your computer.\r\n\r\n3. Select the data you want to restore.\r\n\r\n4. Click Next.\r\n\n\n\n",
  "faqTypeId": null,
  "faqType": null,
  "useful": 1,
  "unUseful": 0,
  "languageId": 242,
  "languageName": "id",
  "faqCode": "490",
  "faqTypeCode": null,
  "isTop": "0",
  "moduleCode": "faq",
  "productId": null,
  "productCode": null,
  "postDate": 1432286912000,
  "seriesProductName": "CHM-U01,G750-U10,GRA-L03,GRA-UL00,H30-U10,H60-L04,Jazz-L09,Jazz-L11,MT1-U06,Pine-TL10,Sophia-L10",
  "visitedTimes": 89,
  "isUsefulFlag": null,
  "score": 0,
  "times": 0,
  "imageList": null,
  "displayType": "text",
  "justView": "0",
  "fileName": null,
  "filePath": null,
  "imagePath": null,
  "imageName": null,
  "productIdList": null,
  "curPage": null,
  "pageSize": null,
  "siteCode": null,
  "statusFlag": "Publish",
  "returnCode": 0,
  "totalRows": null,
  "keywords": "\"Restore\"",
  "avgScore": 0.0,
  "createDate": null,
  "totalPages": null
}