{
  "type": null,
  "faqId": 26208,
  "title": "How do I set the push notifications of the apps?",
  "answer": "On the Settings screen, touch Notification manager. Touch Allow or restrict. \r\n\n\n\n",
  "faqTypeId": null,
  "faqType": null,
  "useful": 0,
  "unUseful": 0,
  "languageId": 242,
  "languageName": "id",
  "faqCode": "489",
  "faqTypeCode": null,
  "isTop": "0",
  "moduleCode": "faq",
  "productId": null,
  "productCode": null,
  "postDate": 1432285032000,
  "seriesProductName": "GRA-L03,GRA-UL00,H60-L04,Jazz-L09,Sophia-L10",
  "visitedTimes": 12,
  "isUsefulFlag": null,
  "score": 0,
  "times": 0,
  "imageList": null,
  "displayType": "text",
  "justView": "0",
  "fileName": null,
  "filePath": null,
  "imagePath": null,
  "imageName": null,
  "productIdList": null,
  "curPage": null,
  "pageSize": null,
  "siteCode": null,
  "statusFlag": "Publish",
  "returnCode": 0,
  "totalRows": null,
  "keywords": "'notification\"",
  "avgScore": 0.0,
  "createDate": null,
  "totalPages": null
}