{
  "type": null,
  "faqId": 26345,
  "title": "Support screenshot (screen capture), screenshots?",
  "answer": "Method one: non-standby mode, enter the screen interface, press the volume underkey and power key 2 Second, you can screenshot. \r\n\r\nMethod two: via HiSuite Software screenshot. \r\n\r\nWay three: drop down the notification bar, switch interfaces, click on the screenshots.",
  "faqTypeId": null,
  "faqType": null,
  "useful": 0,
  "unUseful": 0,
  "languageId": 242,
  "languageName": "id",
  "faqCode": "746",
  "faqTypeCode": null,
  "isTop": "0",
  "moduleCode": "faq",
  "productId": null,
  "productCode": null,
  "postDate": 1433142079000,
  "seriesProductName": "Y336-U02",
  "visitedTimes": 94,
  "isUsefulFlag": null,
  "score": 0,
  "times": 0,
  "imageList": null,
  "displayType": "text",
  "justView": "0",
  "fileName": null,
  "filePath": null,
  "imagePath": null,
  "imageName": null,
  "productIdList": null,
  "curPage": null,
  "pageSize": null,
  "siteCode": null,
  "statusFlag": "Publish",
  "returnCode": 0,
  "totalRows": null,
  "keywords": "\"screenchot\", \"y3\"",
  "avgScore": 0.0,
  "createDate": null,
  "totalPages": null
}