{
  "type": null,
  "faqId": 26344,
  "title": "How to transfer data files via Bluetooth",
  "answer": " Enter Gallery or music player to select any file you want to send, long press the file, in the pop-up menu select **sharing** > **Bluetooth**** **, You can transfer files. \n\r\n\r\nOpen a browser and enter any page, press menu > **Share Web pages **> **Bluetooth **。 \r\n\r\n![](http://consumer.huawei.com/support/servlet/imageServlet?dlType=SupportImage&imagePath=/20150601145019636001.gif)",
  "faqTypeId": null,
  "faqType": null,
  "useful": 0,
  "unUseful": 0,
  "languageId": 242,
  "languageName": "id",
  "faqCode": "744",
  "faqTypeCode": null,
  "isTop": "0",
  "moduleCode": "faq",
  "productId": null,
  "productCode": null,
  "postDate": 1433141484000,
  "seriesProductName": "Y336-U02",
  "visitedTimes": 93,
  "isUsefulFlag": null,
  "score": 0,
  "times": 0,
  "imageList": null,
  "displayType": "text",
  "justView": "0",
  "fileName": null,
  "filePath": null,
  "imagePath": null,
  "imageName": null,
  "productIdList": null,
  "curPage": null,
  "pageSize": null,
  "siteCode": null,
  "statusFlag": "Publish",
  "returnCode": 0,
  "totalRows": null,
  "keywords": null,
  "avgScore": 0.0,
  "createDate": null,
  "totalPages": null
}