{
  "type": null,
  "faqId": 26346,
  "title": "Mailbox settings",
  "answer": " l Add Email Account \r\n\r\nMain menu > **Email**** **。 Select the type of mailbox, if no selection in the options, after entering the login screen, there will be manual and automatic settings for login.\r\n\r\n![](http://consumer.huawei.com/support/servlet/imageServlet?dlType=SupportImage&imagePath=/20150601150503626001.gif)  \r\n ![](http://consumer.huawei.com/support/servlet/imageServlet?dlType=SupportImage&imagePath=/20150601150552823001.png)  \r\n ![](http://consumer.huawei.com/support/servlet/imageServlet?dlType=SupportImage&imagePath=/20150601150949214001.png)  \r\n\r\n-- Manual settings:\r\n\r\n1. Account settings interface > Enter your account number and password. \r\n\r\n2. Click on manual settings. \r\n\r\n3. Click on the POP3 , and enter into the receiving server settings interface. \r\n\r\n4. Click Next and enter into the outgoing server settings interface. \r\n\r\n5. Click Next and enter the incoming mail settings screen, select the Inbox check frequency. \r\n\r\n6. Click Next and enter the set up e-mail interface created for the account name and your name. \r\n\r\n7. Click Next and complete the login and enter the Inbox interface. \r\n\r\n-- Automatically (automatic settings need to preset the type of mobile phone email parameters):\r\n\r\n1. account settings > enter your account number and password. \r\n\r\n2. click Next. \r\n\r\n3. click Next and enter the incoming mail settings screen to select the Inbox check frequency. \r\n\r\n4. click Next and enter the set up e-mail interface to create for the account name and your name. \r\n\r\n5. click Next and complete the login and enter the Inbox interface. \r\n\r\nThose are not preset Email Account settings for the logon process, users can log on to your e-mail service provider's Website to check. \r\n\r\nl Send e-mail\r\n\r\nThe Inbox interface, press menu key > **Write message****  **Enter the email interface, edit the **recipient** and the **subject** and the **content** , and then click **send mail** .   \r\n\r\nl View/delete email\r\n\r\nThe Inbox interface, click on a message, you can view the message; click on menu> Delete , you could delete the message. \r\n\r\nThe Inbox interface, to the left / Slide right to a message, you can delete the message. \r\n\r\nl Delete Email Account\r\n\r\nEnter **settings** > **All settings**** **> **Account**** **,click the account that you want to delete, and press the menu key and select delete account.",
  "faqTypeId": null,
  "faqType": null,
  "useful": 1,
  "unUseful": 0,
  "languageId": 242,
  "languageName": "id",
  "faqCode": "747",
  "faqTypeCode": null,
  "isTop": "0",
  "moduleCode": "faq",
  "productId": null,
  "productCode": null,
  "postDate": 1433142655000,
  "seriesProductName": "Y336-U02",
  "visitedTimes": 283,
  "isUsefulFlag": null,
  "score": 0,
  "times": 0,
  "imageList": null,
  "displayType": "text",
  "justView": "0",
  "fileName": null,
  "filePath": null,
  "imagePath": null,
  "imageName": null,
  "productIdList": null,
  "curPage": null,
  "pageSize": null,
  "siteCode": null,
  "statusFlag": "Publish",
  "returnCode": 0,
  "totalRows": null,
  "keywords": null,
  "avgScore": 0.0,
  "createDate": null,
  "totalPages": null
}