{
  "type": null,
  "faqId": 26341,
  "title": "Edit text how to switch a handwriting input method",
  "answer": " Creates a new message, click on the input box, the following pop up soft keyboard, default to Bao input methods, touch, click on the top left of the keyboard ![](http://consumer.huawei.com/support/servlet/imageServlet?dlType=SupportImage&imagePath=/20150601143344996001.gif)You can choose to use handwriting input method ( used for the first time need to download handwritten data file ). \r\n\r\n![](http://consumer.huawei.com/support/servlet/imageServlet?dlType=SupportImage&imagePath=/20150601143519433001.gif)",
  "faqTypeId": null,
  "faqType": null,
  "useful": 8,
  "unUseful": 1,
  "languageId": 242,
  "languageName": "id",
  "faqCode": "741",
  "faqTypeCode": null,
  "isTop": "0",
  "moduleCode": "faq",
  "productId": null,
  "productCode": null,
  "postDate": 1433140561000,
  "seriesProductName": "Y336-U02",
  "visitedTimes": 675,
  "isUsefulFlag": null,
  "score": 0,
  "times": 0,
  "imageList": null,
  "displayType": "text",
  "justView": "0",
  "fileName": null,
  "filePath": null,
  "imagePath": null,
  "imageName": null,
  "productIdList": null,
  "curPage": null,
  "pageSize": null,
  "siteCode": null,
  "statusFlag": "Publish",
  "returnCode": 0,
  "totalRows": null,
  "keywords": "\"sms\", \"input method\"",
  "avgScore": 0.0,
  "createDate": null,
  "totalPages": null
}