{
  "type": null,
  "faqId": 26342,
  "title": "how many text messages can be saved at Mobile phone",
  "answer": "A session inside the text messaging supports 500 Or multimedia messages 50 (The user can change in the settings). \r\n\r\nNo limit to the number of short multimedia messages for cellphones, but it relates to mobile storage space remaining.",
  "faqTypeId": null,
  "faqType": null,
  "useful": 0,
  "unUseful": 0,
  "languageId": 242,
  "languageName": "id",
  "faqCode": "742",
  "faqTypeCode": null,
  "isTop": "0",
  "moduleCode": "faq",
  "productId": null,
  "productCode": null,
  "postDate": 1433140713000,
  "seriesProductName": "Holly-U19,Y336-U02",
  "visitedTimes": 15,
  "isUsefulFlag": null,
  "score": 0,
  "times": 0,
  "imageList": null,
  "displayType": "text",
  "justView": "0",
  "fileName": null,
  "filePath": null,
  "imagePath": null,
  "imageName": null,
  "productIdList": null,
  "curPage": null,
  "pageSize": null,
  "siteCode": null,
  "statusFlag": "Publish",
  "returnCode": 0,
  "totalRows": null,
  "keywords": null,
  "avgScore": 0.0,
  "createDate": null,
  "totalPages": null
}