{
  "type": null,
  "faqId": 26347,
  "title": "Synchronize contacts, calendar, and what to do when cannot be synchronized",
  "answer": "Sync contacts must log at least one Exchange Account. \r\n\r\nSet > Account > Add account > E-mail, enter your account number, password, click manually, select **Exchange **From email service providers Website to check the mailbox server configuration, complete the configuration and land successfully. \r\n\r\nAccess the main menu, select **settings** > **Company**** **, Select Synchronize account and tick the options need to be synchronized; then click the menu button > **Sync now**** **, Sync content selected from the server to your mobile phone. \r\n\r\nIf you sync contacts failed, then check if your cellular data connection is turned on, and if the mailbox server supports contact synchronization.\r\n\r\n![](http://consumer.huawei.com/support/servlet/imageServlet?dlType=SupportImage&imagePath=/20150601151307224001.gif)",
  "faqTypeId": null,
  "faqType": null,
  "useful": 0,
  "unUseful": 0,
  "languageId": 242,
  "languageName": "id",
  "faqCode": "748",
  "faqTypeCode": null,
  "isTop": "0",
  "moduleCode": "faq",
  "productId": null,
  "productCode": null,
  "postDate": 1433142832000,
  "seriesProductName": "",
  "visitedTimes": 3,
  "isUsefulFlag": null,
  "score": 0,
  "times": 0,
  "imageList": null,
  "displayType": "text",
  "justView": "0",
  "fileName": null,
  "filePath": null,
  "imagePath": null,
  "imageName": null,
  "productIdList": null,
  "curPage": null,
  "pageSize": null,
  "siteCode": null,
  "statusFlag": "Publish",
  "returnCode": 0,
  "totalRows": null,
  "keywords": null,
  "avgScore": 0.0,
  "createDate": null,
  "totalPages": null
}