{
  "type": null,
  "faqId": 26343,
  "title": "Why some streaming mobile cannot play",
  "answer": " l Phone does not support file formats\n\r\n\r\nStreaming media support audio and video encoding as following file formats:\r\n\r\n-- Video encoding: MP4 , H.264 , H.263, DIVX , XVID , MKV, WebM\r\n\r\n-- Audio encoding: WAV , MP3 , MP2 , AMR , MIDI , Vorbis , AAC , AAC+ , FLAC, OGG\r\n\r\n-- Video recording format: 3gp , mp4\r\n\r\nl Network is not stable.\r\n\nl Phone is out of memory",
  "faqTypeId": null,
  "faqType": null,
  "useful": 0,
  "unUseful": 0,
  "languageId": 242,
  "languageName": "id",
  "faqCode": "761",
  "faqTypeCode": null,
  "isTop": "0",
  "moduleCode": "faq",
  "productId": null,
  "productCode": null,
  "postDate": 1433141276000,
  "seriesProductName": "Y336-U02",
  "visitedTimes": 22,
  "isUsefulFlag": null,
  "score": 0,
  "times": 0,
  "imageList": null,
  "displayType": "text",
  "justView": "0",
  "fileName": null,
  "filePath": null,
  "imagePath": null,
  "imageName": null,
  "productIdList": null,
  "curPage": null,
  "pageSize": null,
  "siteCode": null,
  "statusFlag": "Publish",
  "returnCode": 0,
  "totalRows": null,
  "keywords": null,
  "avgScore": 0.0,
  "createDate": null,
  "totalPages": null
}