{
  "type": null,
  "faqId": 26362,
  "title": "Whether the phone supports video calls or video chat?",
  "answer": "Mobile video calls are not supported; but the phone has a front-facing camera, cell phones might be installed QQ ( 2012 And above) and other third-party software for video chat",
  "faqTypeId": null,
  "faqType": null,
  "useful": 6,
  "unUseful": 2,
  "languageId": 242,
  "languageName": "id",
  "faqCode": "745",
  "faqTypeCode": null,
  "isTop": "0",
  "moduleCode": "faq",
  "productId": null,
  "productCode": null,
  "postDate": 1433141676000,
  "seriesProductName": "Y336-U02",
  "visitedTimes": 175,
  "isUsefulFlag": null,
  "score": 0,
  "times": 0,
  "imageList": null,
  "displayType": "text",
  "justView": "0",
  "fileName": null,
  "filePath": null,
  "imagePath": null,
  "imageName": null,
  "productIdList": null,
  "curPage": null,
  "pageSize": null,
  "siteCode": null,
  "statusFlag": "Publish",
  "returnCode": 0,
  "totalRows": null,
  "keywords": "\"video call\", \"y3\"",
  "avgScore": 0.0,
  "createDate": null,
  "totalPages": null
}