{
  "type": null,
  "faqId": 26361,
  "title": "Streaming media plays in the background during the call? Can automatically recover?",
  "answer": "l When play streaming media during the calling, streaming media automatically stops;\r\n\r\nl After the end of the call, you need to manually click the play;",
  "faqTypeId": null,
  "faqType": null,
  "useful": 0,
  "unUseful": 0,
  "languageId": 242,
  "languageName": "id",
  "faqCode": "743",
  "faqTypeCode": null,
  "isTop": "0",
  "moduleCode": "faq",
  "productId": null,
  "productCode": null,
  "postDate": 1433141090000,
  "seriesProductName": "Y336-U02",
  "visitedTimes": 10,
  "isUsefulFlag": null,
  "score": 0,
  "times": 0,
  "imageList": null,
  "displayType": "text",
  "justView": "0",
  "fileName": null,
  "filePath": null,
  "imagePath": null,
  "imageName": null,
  "productIdList": null,
  "curPage": null,
  "pageSize": null,
  "siteCode": null,
  "statusFlag": "Publish",
  "returnCode": 0,
  "totalRows": null,
  "keywords": "\"streaming\", \"Y3\"",
  "avgScore": 0.0,
  "createDate": null,
  "totalPages": null
}