{
  "type": null,
  "faqId": 32084,
  "title": "What can I do if my phone can't receive signals?",
  "answer": "l   Your phone may not detect the SIM card. If so, ![](http://consumer.huawei.com/support/servlet/imageServlet?dlType=SupportImage&imagePath=/20150707125624593001.png) or a similar sign will be displayed on the status bar.\r\n\r\nMake sure your SIM card is properly inserted. For details, see the Quick Start Guide that comes with your phone.\r\n\r\nMake sure your phone supports the SIM card mode. For details, contact your SIM card vendor.\r\n\r\nl   Your phone may have no reception. If so, ![](http://consumer.huawei.com/support/servlet/imageServlet?dlType=SupportImage&imagePath=/20150707125624593001.png) or a similar sign will be displayed on the status bar.\r\n\r\nWait for a while or move your phone to a place with good reception.\r\n\r\nYou can also try restarting your phone.\r\n\r\nIf the problem persists, contact Huawei technical support or take your phone to an authorized Huawei service center.",
  "faqTypeId": null,
  "faqType": null,
  "useful": 0,
  "unUseful": 0,
  "languageId": 242,
  "languageName": "id",
  "faqCode": "6725",
  "faqTypeCode": null,
  "isTop": "0",
  "moduleCode": "faq",
  "productId": null,
  "productCode": null,
  "postDate": 1436245006000,
  "seriesProductName": "Jazz-L09,Jazz-L11",
  "visitedTimes": 3,
  "isUsefulFlag": null,
  "score": 0,
  "times": 0,
  "imageList": null,
  "displayType": "text",
  "justView": "0",
  "fileName": null,
  "filePath": null,
  "imagePath": null,
  "imageName": null,
  "productIdList": null,
  "curPage": null,
  "pageSize": null,
  "siteCode": null,
  "statusFlag": "Publish",
  "returnCode": 0,
  "totalRows": null,
  "keywords": null,
  "avgScore": 0.0,
  "createDate": null,
  "totalPages": null
}