{
  "type": null,
  "faqId": 32083,
  "title": "What can I do if my phone can't properly power on?",
  "answer": "l   If you are using the phone for the first time:\r\n\r\nCharge your phone for about half an hour before powering it on.\r\n\r\nWhen your phone powers on for the first time, the system needs to be initialized, which may take a while. Please wait patiently.\r\n\r\nl   If you just restored your phone to its factory settings or updated it:\r\n\r\nPlease wait patiently because the system needs to be initialized, which may take a while.\r\n\r\nIf the screen freezes, press and hold the power button for 10 seconds or more to forcibly restart your phone.\r\n\r\nl   If your phone powers off during normal use and can't power on again:\r\n\r\nThe battery level may be too low. Charge your phone for a while and try again.\r\n\r\nl   If the problem persists:\r\n\r\nContact Huawei technical support or take your phone to an authorized Huawei service center.\r\n\r\nHuawei releases updates at its official website from time to time. For better user experience, use the online update feature to update your phone.",
  "faqTypeId": null,
  "faqType": null,
  "useful": 0,
  "unUseful": 0,
  "languageId": 242,
  "languageName": "id",
  "faqCode": "6724",
  "faqTypeCode": null,
  "isTop": "0",
  "moduleCode": "faq",
  "productId": null,
  "productCode": null,
  "postDate": 1436244928000,
  "seriesProductName": "Jazz-L09,Jazz-L11",
  "visitedTimes": 7,
  "isUsefulFlag": null,
  "score": 0,
  "times": 0,
  "imageList": null,
  "displayType": "text",
  "justView": "0",
  "fileName": null,
  "filePath": null,
  "imagePath": null,
  "imageName": null,
  "productIdList": null,
  "curPage": null,
  "pageSize": null,
  "siteCode": null,
  "statusFlag": "Publish",
  "returnCode": 0,
  "totalRows": null,
  "keywords": null,
  "avgScore": 0.0,
  "createDate": null,
  "totalPages": null
}