{
  "type": null,
  "faqId": 32094,
  "title": "How do I save my data traffic?",
  "answer": "l   Try to use Wi-Fi networks more often.\r\n\r\nl   Turn off your data service when you don't need to go on the Internet.\r\n\r\nTo quickly turn on or off your data service, open the notification panel and touch ![](http://consumer.huawei.com/support/servlet/imageServlet?dlType=SupportImage&imagePath=/20150707131535408001.png).\r\n\r\nl   When you surf the Internet, set your phone to block images on web pages.\r\n\r\nOn the browser screen, touch ![](http://consumer.huawei.com/support/servlet/imageServlet?dlType=SupportImage&imagePath=/20150707131535227002.png) > **Settings** > **Bandwidth management**, and clear the **Load images** check box.\r\n\r\n![](http://consumer.huawei.com/support/servlet/imageServlet?dlType=SupportImage&imagePath=/20150707131536255003.jpg)![](http://consumer.huawei.com/support/servlet/imageServlet?dlType=SupportImage&imagePath=/20150707131536451004.jpg)![](http://consumer.huawei.com/support/servlet/imageServlet?dlType=SupportImage&imagePath=/20150707131536836005.jpg) \r\n\r\nl   Prevent applications from accessing the Internet using your mobile data connection.\r\n\r\nGo to the **Settings** screen, touch **Networked apps** > **System applications**, and follow the onscreen instructions to prevent applications from accessing the Internet using your mobile data connection.\r\n\r\n![](http://consumer.huawei.com/support/servlet/imageServlet?dlType=SupportImage&imagePath=/20150707131536771006.jpg)![](http://consumer.huawei.com/support/servlet/imageServlet?dlType=SupportImage&imagePath=/20150707131536758007.jpg)\r\n\r\n![](http://consumer.huawei.com/support/servlet/imageServlet?dlType=SupportImage&imagePath=/20150707131536182008.jpg)![](http://consumer.huawei.com/support/servlet/imageServlet?dlType=SupportImage&imagePath=/20150707131537867009.jpg)\r\n\r\nl   If not needed, turn off background data synchronization.\r\n\r\nOpen the notification panel, and touch ![](http://consumer.huawei.com/support/servlet/imageServlet?dlType=SupportImage&imagePath=/20150707131537737010.png).\r\n\r\n![](http://consumer.huawei.com/support/servlet/imageServlet?dlType=SupportImage&imagePath=/20150707131537646011.jpg)\r\n\r\nl   Close networked applications not in use.\r\n\r\nTouch ![](http://consumer.huawei.com/support/servlet/imageServlet?dlType=SupportImage&imagePath=/20150707131537804012.png) to display the list of recently used applications. Flick up across an application to close it, or flick up from the bottom of the screen to close all applications simultaneously.\r\n\r\n![](http://consumer.huawei.com/support/servlet/imageServlet?dlType=SupportImage&imagePath=/20150707131537198013.png)\r\n\r\nThe figures are for your reference only. The actual screens may vary.",
  "faqTypeId": null,
  "faqType": null,
  "useful": 0,
  "unUseful": 0,
  "languageId": 242,
  "languageName": "id",
  "faqCode": "6735",
  "faqTypeCode": null,
  "isTop": "0",
  "moduleCode": "faq",
  "productId": null,
  "productCode": null,
  "postDate": 1436246142000,
  "seriesProductName": "GRA-L03,GRA-UL00,H60-L04,Holly-U19,Jazz-L09,Jazz-L11,Sophia-L10",
  "visitedTimes": 147,
  "isUsefulFlag": null,
  "score": 0,
  "times": 0,
  "imageList": null,
  "displayType": "text",
  "justView": "0",
  "fileName": null,
  "filePath": null,
  "imagePath": null,
  "imageName": null,
  "productIdList": null,
  "curPage": null,
  "pageSize": null,
  "siteCode": null,
  "statusFlag": "Publish",
  "returnCode": 0,
  "totalRows": null,
  "keywords": null,
  "avgScore": 0.0,
  "createDate": null,
  "totalPages": null
}