{
  "type": null,
  "faqId": 32095,
  "title": "How do I close background applications?",
  "answer": "Go to the **Settings** screen, and touch **Manage apps**. Under **Running**, select the application you want to close, touch **Stop**, and follow the onscreen instructions to close the application.\r\n\r\n![](http://consumer.huawei.com/support/servlet/imageServlet?dlType=SupportImage&imagePath=/20150707131935788001.jpg)![](http://consumer.huawei.com/support/servlet/imageServlet?dlType=SupportImage&imagePath=/20150707131935994002.jpg)![](http://consumer.huawei.com/support/servlet/imageServlet?dlType=SupportImage&imagePath=/20150707131935886003.jpg) \r\n\r\n![](http://consumer.huawei.com/support/servlet/imageServlet?dlType=SupportImage&imagePath=/20150707131936178004.png)\r\n\r\nThe figures are for your reference only. The actual screens may vary.",
  "faqTypeId": null,
  "faqType": null,
  "useful": 1,
  "unUseful": 6,
  "languageId": 242,
  "languageName": "id",
  "faqCode": "6737",
  "faqTypeCode": null,
  "isTop": "0",
  "moduleCode": "faq",
  "productId": null,
  "productCode": null,
  "postDate": 1436246382000,
  "seriesProductName": "EDGE-U00,G750-U10,GRA-L03,GRA-UL00,H30-U10,H60-L04,Jazz-L09,Jazz-L11,Sophia-L10,Y336-U02,Y541-U02",
  "visitedTimes": 1436,
  "isUsefulFlag": null,
  "score": 0,
  "times": 0,
  "imageList": null,
  "displayType": "text",
  "justView": "0",
  "fileName": null,
  "filePath": null,
  "imagePath": null,
  "imageName": null,
  "productIdList": null,
  "curPage": null,
  "pageSize": null,
  "siteCode": null,
  "statusFlag": "Publish",
  "returnCode": 0,
  "totalRows": null,
  "keywords": null,
  "avgScore": 0.0,
  "createDate": null,
  "totalPages": null
}