{
  "type": null,
  "faqId": 32090,
  "title": "How do I turn on and off a 4G network?",
  "answer": "Open the notification panel, touch ![](http://consumer.huawei.com/support/servlet/imageServlet?dlType=SupportImage&imagePath=/20150707130824571001.png) to quickly turn on and off a 4G network.",
  "faqTypeId": null,
  "faqType": null,
  "useful": 2,
  "unUseful": 3,
  "languageId": 242,
  "languageName": "id",
  "faqCode": "6731",
  "faqTypeCode": null,
  "isTop": "0",
  "moduleCode": "faq",
  "productId": null,
  "productCode": null,
  "postDate": 1436245776000,
  "seriesProductName": "GRA-L03,GRA-UL00,H60-L04,Jazz-L09,Jazz-L11,Sophia-L10",
  "visitedTimes": 128,
  "isUsefulFlag": null,
  "score": 0,
  "times": 0,
  "imageList": null,
  "displayType": "text",
  "justView": "0",
  "fileName": null,
  "filePath": null,
  "imagePath": null,
  "imageName": null,
  "productIdList": null,
  "curPage": null,
  "pageSize": null,
  "siteCode": null,
  "statusFlag": "Publish",
  "returnCode": 0,
  "totalRows": null,
  "keywords": null,
  "avgScore": 0.0,
  "createDate": null,
  "totalPages": null
}