{
  "type": null,
  "faqId": 32091,
  "title": "What can I do if my phone can't find a 4G network after I turned it on?",
  "answer": "l   Make sure you are within the 4G network coverage.\r\n\r\nl   Open the notification panel, touch ![](http://consumer.huawei.com/support/servlet/imageServlet?dlType=SupportImage&imagePath=/20150707131026519001.png) to quickly turn off the 4G network, and touch again to turn it back on.\r\n\r\nl   Restart your phone.",
  "faqTypeId": null,
  "faqType": null,
  "useful": 0,
  "unUseful": 2,
  "languageId": 242,
  "languageName": "id",
  "faqCode": "6732",
  "faqTypeCode": null,
  "isTop": "0",
  "moduleCode": "faq",
  "productId": null,
  "productCode": null,
  "postDate": 1436245847000,
  "seriesProductName": "GRA-L03,GRA-UL00,H60-L04,Jazz-L09,Jazz-L11,Sophia-L10",
  "visitedTimes": 134,
  "isUsefulFlag": null,
  "score": 0,
  "times": 0,
  "imageList": null,
  "displayType": "text",
  "justView": "0",
  "fileName": null,
  "filePath": null,
  "imagePath": null,
  "imageName": null,
  "productIdList": null,
  "curPage": null,
  "pageSize": null,
  "siteCode": null,
  "statusFlag": "Publish",
  "returnCode": 0,
  "totalRows": null,
  "keywords": null,
  "avgScore": 0.0,
  "createDate": null,
  "totalPages": null
}