{
  "type": null,
  "faqId": 32096,
  "title": "How do I set a screen unlock fingerprint?",
  "answer": "Go to **Settings** and touch **Fingerprint ID**.\r\n\r\nYou need to set a screen unlock PIN or password as the backup unlock mode before you enroll your fingerprint.\r\n\r\nRemember your password correctly. Otherwise, the password cannot be retrieved. If you forget your password, you have to unlock the screen using your fingerprint, back up important data, and contact your service provider to forcibly update your phone or restore your phone to its factory settings.\r\n\r\nIf you have entered incorrect fingerprints for the specified number of times, a countdown of 30 seconds will be displayed on the idle screen, during which time you can only unlock the screen using your password. After the 30 seconds, you can unlock the screen using your fingerprint again.\r\n\r\n![](http://consumer.huawei.com/support/servlet/imageServlet?dlType=SupportImage&imagePath=/20150707132457380001.jpg)![](http://consumer.huawei.com/support/servlet/imageServlet?dlType=SupportImage&imagePath=/20150707132458681002.jpg)![](http://consumer.huawei.com/support/servlet/imageServlet?dlType=SupportImage&imagePath=/20150707132458760003.jpg)![](http://consumer.huawei.com/support/servlet/imageServlet?dlType=SupportImage&imagePath=/20150707132458105004.jpg)![](http://consumer.huawei.com/support/servlet/imageServlet?dlType=SupportImage&imagePath=/20150707132458571005.jpg)",
  "faqTypeId": null,
  "faqType": null,
  "useful": 0,
  "unUseful": 0,
  "languageId": 242,
  "languageName": "id",
  "faqCode": "6739",
  "faqTypeCode": null,
  "isTop": "0",
  "moduleCode": "faq",
  "productId": null,
  "productCode": null,
  "postDate": 1436246723000,
  "seriesProductName": "Jazz-L09,Jazz-L11",
  "visitedTimes": 102,
  "isUsefulFlag": null,
  "score": 0,
  "times": 0,
  "imageList": null,
  "displayType": "text",
  "justView": "0",
  "fileName": null,
  "filePath": null,
  "imagePath": null,
  "imageName": null,
  "productIdList": null,
  "curPage": null,
  "pageSize": null,
  "siteCode": null,
  "statusFlag": "Publish",
  "returnCode": 0,
  "totalRows": null,
  "keywords": null,
  "avgScore": 0.0,
  "createDate": null,
  "totalPages": null
}