{
  "type": null,
  "faqId": 32097,
  "title": "How do I enroll my fingerprint?",
  "answer": "After you set a PIN or password, follow the onscreen instructions to enroll your fingerprint.\r\n\r\nWhen you are enrolling your fingerprint, press your finger on the fingerprint sensor on the back of your phone for about 0.5s, and continue to press the edges of your finger. A total number of 6 fingerprint images will be enrolled.\r\n\r\nIt will be easier for your phone to read your fingerprint if the fingerprint area you enrolled is larger. As a result, you must carefully enroll the center area and the edges of your fingerprint.\r\n\r\nPrecautions\r\n\r\n1.         Fingerprints change with different environmental elements, such as temperature, humidity, power of hydrogen, and oiliness. The fingerprint enrolling and reading are also affected by fingerprint patterns.\r\n\r\n2.         When you are about to enroll your fingerprint, clean your fingers first. Keep your fingers in a moderate humidity and oiliness conditions. For example, if your fingers are too dry, your phone may fail to read your fingerprint.\r\n\r\n3.         If your fingers often sweat, it is recommended that you use tissues to wipe your fingers before you unlock the screen.\r\n\r\n4.         You only need to slightly press your finger against the sensor to enroll your fingerprint. Do not scratch the fingerprint sensor. If your fingers are dry, you may need to press your finger against the sensor more strongly.\r\n\r\n![](http://consumer.huawei.com/support/servlet/imageServlet?dlType=SupportImage&imagePath=/20150707132618398001.jpg)![](http://consumer.huawei.com/support/servlet/imageServlet?dlType=SupportImage&imagePath=/20150707132618917002.jpg)![](http://consumer.huawei.com/support/servlet/imageServlet?dlType=SupportImage&imagePath=/20150707132618439003.jpg)![](http://consumer.huawei.com/support/servlet/imageServlet?dlType=SupportImage&imagePath=/20150707132619934004.jpg)![](http://consumer.huawei.com/support/servlet/imageServlet?dlType=SupportImage&imagePath=/20150707132619352005.jpg)![](http://consumer.huawei.com/support/servlet/imageServlet?dlType=SupportImage&imagePath=/20150707132619412006.jpg)",
  "faqTypeId": null,
  "faqType": null,
  "useful": 1,
  "unUseful": 0,
  "languageId": 242,
  "languageName": "id",
  "faqCode": "6740",
  "faqTypeCode": null,
  "isTop": "0",
  "moduleCode": "faq",
  "productId": null,
  "productCode": null,
  "postDate": 1436246783000,
  "seriesProductName": "Jazz-L09,Jazz-L11",
  "visitedTimes": 199,
  "isUsefulFlag": null,
  "score": 0,
  "times": 0,
  "imageList": null,
  "displayType": "text",
  "justView": "0",
  "fileName": null,
  "filePath": null,
  "imagePath": null,
  "imageName": null,
  "productIdList": null,
  "curPage": null,
  "pageSize": null,
  "siteCode": null,
  "statusFlag": "Publish",
  "returnCode": 0,
  "totalRows": null,
  "keywords": null,
  "avgScore": 0.0,
  "createDate": null,
  "totalPages": null
}