{
  "type": null,
  "faqId": 32101,
  "title": "What can I do if my phone can't install a third-party application?",
  "answer": "l   Your phone supports third-party applications in APK format only. Make sure the application you are trying to download is in this format.\r\n\r\nl   If the application is not from Google's **Play Store**, go to the **Settings** screen, touch **Security**, select the **Unknown sources** check box, and touch **OK**.\r\n\r\n![](http://consumer.huawei.com/support/servlet/imageServlet?dlType=SupportImage&imagePath=/20150707131759471001.jpg)![](http://consumer.huawei.com/support/servlet/imageServlet?dlType=SupportImage&imagePath=/20150707131759620002.jpg)![](http://consumer.huawei.com/support/servlet/imageServlet?dlType=SupportImage&imagePath=/20150707131759356003.jpg) \r\n\r\nl   The third-party application may not be compatible with your phone.\r\n\r\n![](http://consumer.huawei.com/support/servlet/imageServlet?dlType=SupportImage&imagePath=/20150707131759385004.png)\r\n\r\nThe figures are for your reference only. The actual screens may vary.",
  "faqTypeId": null,
  "faqType": null,
  "useful": 1,
  "unUseful": 0,
  "languageId": 242,
  "languageName": "id",
  "faqCode": "6736",
  "faqTypeCode": null,
  "isTop": "0",
  "moduleCode": "faq",
  "productId": null,
  "productCode": null,
  "postDate": 1436246285000,
  "seriesProductName": "CHM-U01,EDGE-U00,G750-U10,GRA-L03,GRA-UL00,H30-U10,H60-L04,Jazz-L09,Jazz-L11,Pine-TL10,Sophia-L10,Y336-U02,Y541-U02",
  "visitedTimes": 404,
  "isUsefulFlag": null,
  "score": 0,
  "times": 0,
  "imageList": null,
  "displayType": "text",
  "justView": "0",
  "fileName": null,
  "filePath": null,
  "imagePath": null,
  "imageName": null,
  "productIdList": null,
  "curPage": null,
  "pageSize": null,
  "siteCode": null,
  "statusFlag": "Publish",
  "returnCode": 0,
  "totalRows": null,
  "keywords": null,
  "avgScore": 0.0,
  "createDate": null,
  "totalPages": null
}