{
  "type": null,
  "faqId": 36106,
  "title": "How do I set a screen lock?",
  "answer": "On the home screen, touch Settings > Security > Screen lock, choose an unlock pattern, and follow the onscreen instructions to set the required settings.\r\n\r\n![](http://consumer.huawei.com/support/servlet/imageServlet?dlType=SupportImage&imagePath=/20150730165219776001.png)",
  "faqTypeId": null,
  "faqType": null,
  "useful": 0,
  "unUseful": 0,
  "languageId": 242,
  "languageName": "id",
  "faqCode": "1045",
  "faqTypeCode": null,
  "isTop": "0",
  "moduleCode": "faq",
  "productId": null,
  "productCode": null,
  "postDate": 1438246345000,
  "seriesProductName": "7D-501L,7D-501u,S8-301u,S8-701u,T1-701u",
  "visitedTimes": 31,
  "isUsefulFlag": null,
  "score": 0,
  "times": 0,
  "imageList": null,
  "displayType": "text",
  "justView": "0",
  "fileName": null,
  "filePath": null,
  "imagePath": null,
  "imageName": null,
  "productIdList": null,
  "curPage": null,
  "pageSize": null,
  "siteCode": null,
  "statusFlag": "Publish",
  "returnCode": 0,
  "totalRows": null,
  "keywords": "\"Screen Lock\"",
  "avgScore": 0.0,
  "createDate": null,
  "totalPages": null
}