{
  "type": null,
  "faqId": 36101,
  "title": "How do I save battery power?",
  "answer": "- Enable power saving mode. (Not all models support this function.)   \r\n   On the home screen, touch Settings > Power saving and select a power saving mode.   \r\n - When your HUAWEI MediaPad is not in use, press the power button to turn off the screen.   \r\n - Set the screen timeout period to a smaller value.   \r\n   On the home screen, touch Settings > Display > Sleep and select a shorter timeout period. \r\n\r\n![](http://consumer.huawei.com/support/servlet/imageServlet?dlType=SupportImage&imagePath=/20150730163310771001.png)  \r\n\r\n -  Lower the screen brightness.   \r\n   On the home screen, touch Settings > Display > Brightness, and drag the slider to lower the screen brightness.   \r\n - Use the headset when you are in a call or listening to music.   \r\n - Turn off Bluetooth when you do not need it. \r\n\r\n![](http://consumer.huawei.com/support/servlet/imageServlet?dlType=SupportImage&imagePath=/20150730163435682001.png)  \r\n\r\n -  Turn off Wi-Fi when you do not need it.  \r\n\r\n![](http://consumer.huawei.com/support/servlet/imageServlet?dlType=SupportImage&imagePath=/20150730163607975001.png)  \r\n\r\n -  Turn off GPS when you do not need it. \r\n\r\n![](http://consumer.huawei.com/support/servlet/imageServlet?dlType=SupportImage&imagePath=/20150730163631894001.png)  \r\n\r\n The figures are for your reference only. The actual screens may vary.",
  "faqTypeId": null,
  "faqType": null,
  "useful": 0,
  "unUseful": 0,
  "languageId": 242,
  "languageName": "id",
  "faqCode": "1041",
  "faqTypeCode": null,
  "isTop": "0",
  "moduleCode": "faq",
  "productId": null,
  "productCode": null,
  "postDate": 1438245424000,
  "seriesProductName": "T1-701u",
  "visitedTimes": 10,
  "isUsefulFlag": null,
  "score": 0,
  "times": 0,
  "imageList": null,
  "displayType": "text",
  "justView": "0",
  "fileName": null,
  "filePath": null,
  "imagePath": null,
  "imageName": null,
  "productIdList": null,
  "curPage": null,
  "pageSize": null,
  "siteCode": null,
  "statusFlag": "Publish",
  "returnCode": 0,
  "totalRows": null,
  "keywords": "\"T1, \"Battery power\"",
  "avgScore": 0.0,
  "createDate": null,
  "totalPages": null
}