{"type":null,"faqId":36109,"title":"Can my HUAWEI MediaPad T1 7.0 function as a USB host? Can it work with an external USB flash drive, mouse, or printer?","answer":"Your HUAWEI MediaPad T1 7.0 can function as a USB host. You can connect it to a USB flash drive, mouse, or keyboard using a USB On-The-Go (OTG) cable. However, it cannot be connected to a printer.","faqTypeId":null,"faqType":null,"useful":0,"unUseful":0,"languageId":242,"languageName":"id","faqCode":"1047","faqTypeCode":null,"isTop":"0","moduleCode":"faq","productId":null,"productCode":null,"postDate":1438246865000,"seriesProductName":"T1-701u","visitedTimes":34,"isUsefulFlag":null,"score":0,"times":0,"imageList":null,"displayType":"text","justView":"0","fileName":null,"filePath":null,"imagePath":null,"imageName":null,"productIdList":null,"curPage":null,"pageSize":null,"siteCode":null,"statusFlag":"Publish","returnCode":0,"totalRows":null,"keywords":null,"avgScore":0.0,"createDate":null,"totalPages":null}