{
  "type": null,
  "faqId": 36111,
  "title": "How do I transfer files between my HUAWEI MediaPad and a Mac?",
  "answer": "1. Download and install Android File Transfer from http://www.android.com/filetransfer/ or a third-party website.   \r\n\n2. Connect your HUAWEI MediaPad to a Mac using a USB cable.   \r\n\n3. Start Android File Transfer. You can then transfer files between your HUAWEI MediaPad and the Mac.",
  "faqTypeId": null,
  "faqType": null,
  "useful": 6,
  "unUseful": 3,
  "languageId": 242,
  "languageName": "id",
  "faqCode": "1049",
  "faqTypeCode": null,
  "isTop": "0",
  "moduleCode": "faq",
  "productId": null,
  "productCode": null,
  "postDate": 1438247319000,
  "seriesProductName": "7D-501L,7D-501u,S8-301u,S8-701u,T1-701u",
  "visitedTimes": 771,
  "isUsefulFlag": null,
  "score": 0,
  "times": 0,
  "imageList": null,
  "displayType": "text",
  "justView": "0",
  "fileName": null,
  "filePath": null,
  "imagePath": null,
  "imageName": null,
  "productIdList": null,
  "curPage": null,
  "pageSize": null,
  "siteCode": null,
  "statusFlag": "Publish",
  "returnCode": 0,
  "totalRows": null,
  "keywords": null,
  "avgScore": 0.0,
  "createDate": null,
  "totalPages": null
}