{
  "type": null,
  "faqId": 36121,
  "title": "How do I take a screenshot?",
  "answer": "To take a screenshot, use either of the following methods:   \r\n -  Simultaneously press the power and volume down buttons.   \r\n -  Flick down from the status bar to open the notification panel and touch Screenshot.\r\n\r\n![](http://consumer.huawei.com/support/servlet/imageServlet?dlType=SupportImage&imagePath=/20150730164334144001.png)\r\n\r\nScreenshots are saved to Gallery. \r\n\r\n![](http://consumer.huawei.com/support/servlet/imageServlet?dlType=SupportImage&imagePath=/20150730164430409001.png)  \r\n\r\n The figures are for your reference only. The actual screens may vary.",
  "faqTypeId": null,
  "faqType": null,
  "useful": 0,
  "unUseful": 0,
  "languageId": 242,
  "languageName": "id",
  "faqCode": "1061",
  "faqTypeCode": null,
  "isTop": "0",
  "moduleCode": "faq",
  "productId": null,
  "productCode": null,
  "postDate": 1438245876000,
  "seriesProductName": "7D-501L,7D-501u,S8-301u,S8-701u,T1-701u",
  "visitedTimes": 122,
  "isUsefulFlag": null,
  "score": 0,
  "times": 0,
  "imageList": null,
  "displayType": "text",
  "justView": "0",
  "fileName": null,
  "filePath": null,
  "imagePath": null,
  "imageName": null,
  "productIdList": null,
  "curPage": null,
  "pageSize": null,
  "siteCode": null,
  "statusFlag": "Publish",
  "returnCode": 0,
  "totalRows": null,
  "keywords": null,
  "avgScore": 0.0,
  "createDate": null,
  "totalPages": null
}