{
  "type": null,
  "faqId": 45801,
  "title": "WIFI already be activated but cannot surf internet",
  "answer": "1. WI-FI Hotspot cannot support IN connection.\r\n\r\n2. DSL dials fail.\r\n\r\n3. Setting DNS, such as SNS application can work (QQ),only cannot surf internet.\r\n\r\n4. WI-FI hotspot block limit.",
  "faqTypeId": null,
  "faqType": null,
  "useful": 0,
  "unUseful": 0,
  "languageId": 242,
  "languageName": "id",
  "faqCode": "1581",
  "faqTypeCode": null,
  "isTop": "0",
  "moduleCode": "faq",
  "productId": null,
  "productCode": null,
  "postDate": 1444276213000,
  "seriesProductName": "Holly-U19",
  "visitedTimes": 9,
  "isUsefulFlag": null,
  "score": 0,
  "times": 0,
  "imageList": null,
  "displayType": "text",
  "justView": "0",
  "fileName": null,
  "filePath": null,
  "imagePath": null,
  "imageName": null,
  "productIdList": null,
  "curPage": null,
  "pageSize": null,
  "siteCode": null,
  "statusFlag": "Publish",
  "returnCode": 0,
  "totalRows": null,
  "keywords": null,
  "avgScore": 0.0,
  "createDate": null,
  "totalPages": null
}