{
  "type": null,
  "faqId": 46261,
  "title": "Your phone at a glance",
  "answer": " ![](http://consumer.huawei.com/support/servlet/imageServlet?dlType=SupportImage&imagePath=/20151009185720758001.png) \r\n\r\n ![](http://consumer.huawei.com/support/servlet/imageServlet?dlType=SupportImage&imagePath=/20151009185735829001.png)",
  "faqTypeId": null,
  "faqType": null,
  "useful": 0,
  "unUseful": 0,
  "languageId": 242,
  "languageName": "id",
  "faqCode": "1855",
  "faqTypeCode": null,
  "isTop": "0",
  "moduleCode": "faq",
  "productId": null,
  "productCode": null,
  "postDate": 1444388290000,
  "seriesProductName": "Pine-TL10",
  "visitedTimes": 6,
  "isUsefulFlag": null,
  "score": 0,
  "times": 0,
  "imageList": null,
  "displayType": "text",
  "justView": "0",
  "fileName": null,
  "filePath": null,
  "imagePath": null,
  "imageName": null,
  "productIdList": null,
  "curPage": null,
  "pageSize": null,
  "siteCode": null,
  "statusFlag": "Publish",
  "returnCode": 0,
  "totalRows": null,
  "keywords": null,
  "avgScore": 0.0,
  "createDate": null,
  "totalPages": null
}