{
  "type": null,
  "faqId": 46285,
  "title": "The phone cannot open some pictures or video files, why?",
  "answer": "1.         The phone does not support the file format.\r\n\r\n2.         The phone memory is insufficient.\r\n\r\n3.         The file is damaged.\r\n\r\n4.         The file is copyright-protected (for example, a .dcf file).\r\n\r\n5.         The phone does not have sufficient resources. Close some running third-party applications and try again.\r\n\r\n6.         An unknown error occurred in the camera or the phone's OS. Restart the phone and try again.",
  "faqTypeId": null,
  "faqType": null,
  "useful": 0,
  "unUseful": 0,
  "languageId": 242,
  "languageName": "id",
  "faqCode": "2044",
  "faqTypeCode": null,
  "isTop": "0",
  "moduleCode": "faq",
  "productId": null,
  "productCode": null,
  "postDate": 1444388642000,
  "seriesProductName": "Pine-TL10",
  "visitedTimes": 3,
  "isUsefulFlag": null,
  "score": 0,
  "times": 0,
  "imageList": null,
  "displayType": "text",
  "justView": "0",
  "fileName": null,
  "filePath": null,
  "imagePath": null,
  "imageName": null,
  "productIdList": null,
  "curPage": null,
  "pageSize": null,
  "siteCode": null,
  "statusFlag": "Publish",
  "returnCode": 0,
  "totalRows": null,
  "keywords": null,
  "avgScore": 0.0,
  "createDate": null,
  "totalPages": null
}