{
  "type": null,
  "faqId": 46282,
  "title": "How do I change the input method when editing a text message?",
  "answer": "Create a message, and touch the text field to bring up the onscreen keyboard. The default input method is the Huawei IME input method. Swipe down on the screen to open the status bar, touch ![](http://consumer.huawei.com/support/servlet/imageServlet?dlType=SupportImage&imagePath=/20151009190045864001.png) and select an input method. \r\n\r\n![](http://consumer.huawei.com/support/servlet/imageServlet?dlType=SupportImage&imagePath=/20151009190104334001.jpg)",
  "faqTypeId": null,
  "faqType": null,
  "useful": 0,
  "unUseful": 0,
  "languageId": 242,
  "languageName": "id",
  "faqCode": "1856",
  "faqTypeCode": null,
  "isTop": "0",
  "moduleCode": "faq",
  "productId": null,
  "productCode": null,
  "postDate": 1444388466000,
  "seriesProductName": "Pine-TL10",
  "visitedTimes": 1,
  "isUsefulFlag": null,
  "score": 0,
  "times": 0,
  "imageList": null,
  "displayType": "text",
  "justView": "0",
  "fileName": null,
  "filePath": null,
  "imagePath": null,
  "imageName": null,
  "productIdList": null,
  "curPage": null,
  "pageSize": null,
  "siteCode": null,
  "statusFlag": "Publish",
  "returnCode": 0,
  "totalRows": null,
  "keywords": null,
  "avgScore": 0.0,
  "createDate": null,
  "totalPages": null
}