{
  "type": null,
  "faqId": 46283,
  "title": "How do I lock a text message in a conversation? How do I delete one or more conversions and text messages?",
  "answer": "Go to **Messaging** and touch a conversation to display all messages in the conversation. Touch and hold the message you want to lock. Choose **Menu**. From the displayed option menu, choose **Lock**.\r\n\r\nTo delete one or more conversations: Go to **Messaging** and touch and hold a conversation you want to delete. Select more conversations to delete and touch **Delete**.   \r\n To delete one or more text messages from a conversation: Go to **Messaging** and touch a conversation to display all text messages in the conversation. Touch and hold a text message you want to delete, select more text messages to delete, and touch **Delete**.",
  "faqTypeId": null,
  "faqType": null,
  "useful": 0,
  "unUseful": 0,
  "languageId": 242,
  "languageName": "id",
  "faqCode": "2042",
  "faqTypeCode": null,
  "isTop": "0",
  "moduleCode": "faq",
  "productId": null,
  "productCode": null,
  "postDate": 1444388514000,
  "seriesProductName": "Pine-TL10",
  "visitedTimes": 3,
  "isUsefulFlag": null,
  "score": 0,
  "times": 0,
  "imageList": null,
  "displayType": "text",
  "justView": "0",
  "fileName": null,
  "filePath": null,
  "imagePath": null,
  "imageName": null,
  "productIdList": null,
  "curPage": null,
  "pageSize": null,
  "siteCode": null,
  "statusFlag": "Publish",
  "returnCode": 0,
  "totalRows": null,
  "keywords": null,
  "avgScore": 0.0,
  "createDate": null,
  "totalPages": null
}