{
  "type": null,
  "faqId": 46284,
  "title": "I cannot send or receive multimedia messages, why? How can I solve this problem?",
  "answer": "l   Scenario 1: You may not be able to send a multimedia message when the network condition or signal reception is poor. \r\n\r\n−       Solution: You can try sending it again later.\r\n\r\nl   Scenario 2: The message is denied by the network (MMS center).\r\n\r\n−       Cause 1: You may not be able to send a multimedia message when the network is busy. \r\n\r\n−       Solution 1: You can try sending it again later.\r\n\r\n−       Cause 2: The recipient number is invalid.\r\n\r\n−       Solution 2: Check whether the recipient number is correct and try again.\r\n\r\n−       Cause 3: The multimedia message exceeds the maximum size (300 KB) allowed by your service provider. \r\n\r\n−       Solution 3: Delete some content from the multimedia message to make sure that it does not exceed 300 KB, and try again. \r\n\r\nl   Scenario 3: Your account balance is insufficient.\r\n\r\n−       Cause: You may not be able to send a multimedia message when your account balance is insufficient. \r\n\r\n−       Solution: Recharge your account and try again.\r\n\r\nl   Scenario 4: Your phone is running out of available storage space.\r\n\r\n−       Cause: You may not be able to send a multimedia message when your phone does not have sufficient storage space. \r\n\r\n−       Free up your phone's storage space and make sure the available storage space is at least 300 KB.",
  "faqTypeId": null,
  "faqType": null,
  "useful": 0,
  "unUseful": 0,
  "languageId": 242,
  "languageName": "id",
  "faqCode": "2043",
  "faqTypeCode": null,
  "isTop": "0",
  "moduleCode": "faq",
  "productId": null,
  "productCode": null,
  "postDate": 1444388580000,
  "seriesProductName": "Pine-TL10",
  "visitedTimes": 3,
  "isUsefulFlag": null,
  "score": 0,
  "times": 0,
  "imageList": null,
  "displayType": "text",
  "justView": "0",
  "fileName": null,
  "filePath": null,
  "imagePath": null,
  "imageName": null,
  "productIdList": null,
  "curPage": null,
  "pageSize": null,
  "siteCode": null,
  "statusFlag": "Publish",
  "returnCode": 0,
  "totalRows": null,
  "keywords": null,
  "avgScore": 0.0,
  "createDate": null,
  "totalPages": null
}