{
  "type": null,
  "faqId": 46286,
  "title": "How do I edit a photo or video or add a photo frame?",
  "answer": "l   To edit a photo: In gallery, touch a photo to view it, touch the edit icon below the photo, and then you can rotate or cut the photo.\r\n\r\nl   You can perform simple edit operations on videos.\r\n\r\nl   You cannot add photo frames.",
  "faqTypeId": null,
  "faqType": null,
  "useful": 0,
  "unUseful": 0,
  "languageId": 242,
  "languageName": "id",
  "faqCode": "2045",
  "faqTypeCode": null,
  "isTop": "0",
  "moduleCode": "faq",
  "productId": null,
  "productCode": null,
  "postDate": 1444388705000,
  "seriesProductName": "Pine-TL10",
  "visitedTimes": 6,
  "isUsefulFlag": null,
  "score": 0,
  "times": 0,
  "imageList": null,
  "displayType": "text",
  "justView": "0",
  "fileName": null,
  "filePath": null,
  "imagePath": null,
  "imageName": null,
  "productIdList": null,
  "curPage": null,
  "pageSize": null,
  "siteCode": null,
  "statusFlag": "Publish",
  "returnCode": 0,
  "totalRows": null,
  "keywords": null,
  "avgScore": 0.0,
  "createDate": null,
  "totalPages": null
}