{
  "type": null,
  "faqId": 47101,
  "title": "How do I use smart unlock?",
  "answer": "Smart unlock makes unlocking your phone a breeze. Simply bring your Bluetooth device within range of your phone and press the power key to unlock. No password is required. To use smart unlock, you will need a supported Huawei phone and a Bluetooth-enabled device, such as a headset or wristband. The steps for enabling smart unlock with a Bluetooth headset are as follows: \r\n\r\n1. Open **Settings** and select **Screen lock & passwords**. Select **Password** and enter a password (skip this step if you already have a password). \r\n\r\n2. Open **Settings** and select **Screen lock & passwords**. Select **Smart unlock**, as shown below: \r\n\r\n ![](http://consumer.huawei.com/support/servlet/imageServlet?dlType=SupportImage&imagePath=/20151015174408275001.jpg) ![](http://consumer.huawei.com/support/servlet/imageServlet?dlType=SupportImage&imagePath=/20151015174433869001.jpg) ![](http://consumer.huawei.com/support/servlet/imageServlet?dlType=SupportImage&imagePath=/20151015174447832001.jpg) \r\n\r\n 3. Enter your screen unlock password to enter the smart unlock settings screen. Connect your Bluetooth device as shown below: \r\n\r\n ![](http://consumer.huawei.com/support/servlet/imageServlet?dlType=SupportImage&imagePath=/20151015174541224001.jpg) ![](http://consumer.huawei.com/support/servlet/imageServlet?dlType=SupportImage&imagePath=/20151015174558179001.jpg) ![](http://consumer.huawei.com/support/servlet/imageServlet?dlType=SupportImage&imagePath=/20151015174612435001.jpg) \r\n\r\n 4. Select **Add a Bluetooth device**, enable **Smart unlock** and then select the Bluetooth device you connected during Step 3 as shown below: \r\n\r\n ![](http://consumer.huawei.com/support/servlet/imageServlet?dlType=SupportImage&imagePath=/20151015174659555001.jpg) \r\n\r\n 5. Once configured, you can unlock your phone using a Bluetooth device when it is in range. \r\n\r\nNote: When more than one Bluetooth device is connected to your phone, all devices can use the smart unlock feature.",
  "faqTypeId": null,
  "faqType": null,
  "useful": 0,
  "unUseful": 0,
  "languageId": 242,
  "languageName": "id",
  "faqCode": "2601",
  "faqTypeCode": null,
  "isTop": "0",
  "moduleCode": "faq",
  "productId": null,
  "productCode": null,
  "postDate": 1444902474000,
  "seriesProductName": "CRR-L13",
  "visitedTimes": 20,
  "isUsefulFlag": null,
  "score": 0,
  "times": 0,
  "imageList": null,
  "displayType": "text",
  "justView": "0",
  "fileName": null,
  "filePath": null,
  "imagePath": null,
  "imageName": null,
  "productIdList": null,
  "curPage": null,
  "pageSize": null,
  "siteCode": null,
  "statusFlag": "Publish",
  "returnCode": 0,
  "totalRows": null,
  "keywords": null,
  "avgScore": 0.0,
  "createDate": null,
  "totalPages": null
}