{
  "type": null,
  "faqId": 47108,
  "title": "How do I access the safe using my fingerprint?",
  "answer": "You can access the safe using your fingerprint and the password after **Access safe** is enabled.\r\n\r\nGo to **Settings** > **All** > **Privacy & passwords** > **Fingerprint ID** > **Fingerprint management** and enter the unlock password. You need to enter the password for the safe before enabling **Access safe**. If you haven't created a safe, the screen to enable the safe will be displayed. You can create a safe and set a password. After that you can enable **Access safe**.\r\n\r\nGo to **Files** > **Safe** to access your safe.",
  "faqTypeId": null,
  "faqType": null,
  "useful": 0,
  "unUseful": 0,
  "languageId": 242,
  "languageName": "id",
  "faqCode": "2609",
  "faqTypeCode": null,
  "isTop": "0",
  "moduleCode": "faq",
  "productId": null,
  "productCode": null,
  "postDate": 1444903089000,
  "seriesProductName": "CRR-L13",
  "visitedTimes": 4,
  "isUsefulFlag": null,
  "score": 0,
  "times": 0,
  "imageList": null,
  "displayType": "text",
  "justView": "0",
  "fileName": null,
  "filePath": null,
  "imagePath": null,
  "imageName": null,
  "productIdList": null,
  "curPage": null,
  "pageSize": null,
  "siteCode": null,
  "statusFlag": "Publish",
  "returnCode": 0,
  "totalRows": null,
  "keywords": null,
  "avgScore": 0.0,
  "createDate": null,
  "totalPages": null
}