{
  "type": null,
  "faqId": 47107,
  "title": "How do I unlock the screen using my fingerprint?",
  "answer": "Go to **Settings** > **All** > **Privacy & passwords** > **Fingerprint ID** > **Fingerprint management**. When you access **Fingerprint management** for the first time, you need to create a screen-lock password. Then follow the onscreen instructions to enroll your fingerprints. After your fingerprints are enrolled, the fingerprint unlock feature is enabled automatically. You can also set it manually under **Fingerprint management**.",
  "faqTypeId": null,
  "faqType": null,
  "useful": 1,
  "unUseful": 0,
  "languageId": 242,
  "languageName": "id",
  "faqCode": "2608",
  "faqTypeCode": null,
  "isTop": "0",
  "moduleCode": "faq",
  "productId": null,
  "productCode": null,
  "postDate": 1444903027000,
  "seriesProductName": "CRR-L13",
  "visitedTimes": 237,
  "isUsefulFlag": null,
  "score": 0,
  "times": 0,
  "imageList": null,
  "displayType": "text",
  "justView": "0",
  "fileName": null,
  "filePath": null,
  "imagePath": null,
  "imageName": null,
  "productIdList": null,
  "curPage": null,
  "pageSize": null,
  "siteCode": null,
  "statusFlag": "Publish",
  "returnCode": 0,
  "totalRows": null,
  "keywords": null,
  "avgScore": 0.0,
  "createDate": null,
  "totalPages": null
}