{
  "type": null,
  "faqId": 47102,
  "title": "What is encrypted SMS?",
  "answer": " Encrypted SMS is a highly secure, encrypted messaging service. When encrypted SMS is used, messages are encrypted on the sender's phone before being sent. Recipients must decrypt messages using their Huawei ID password before they can be read. This makes SMS messages much more secure. Messages are stored on servers in an encrypted form or are kept in the phone's secure storage module. \r\n\r\nIn order to use encrypted SMS, both the sender and the recipient must use supported Huawei phones with the encrypted SMS feature enabled. To enable encrypted SMS, you must associate your phone number with a Huawei ID. A number can only be associated with one ID. An ID can be associated with more than one number. When you change your phone or SIM card, this account association will not be affected provided you retain your old number.",
  "faqTypeId": null,
  "faqType": null,
  "useful": 0,
  "unUseful": 0,
  "languageId": 242,
  "languageName": "id",
  "faqCode": "2602",
  "faqTypeCode": null,
  "isTop": "0",
  "moduleCode": "faq",
  "productId": null,
  "productCode": null,
  "postDate": 1444902560000,
  "seriesProductName": "CRR-L13",
  "visitedTimes": 3,
  "isUsefulFlag": null,
  "score": 0,
  "times": 0,
  "imageList": null,
  "displayType": "text",
  "justView": "0",
  "fileName": null,
  "filePath": null,
  "imagePath": null,
  "imageName": null,
  "productIdList": null,
  "curPage": null,
  "pageSize": null,
  "siteCode": null,
  "statusFlag": "Publish",
  "returnCode": 0,
  "totalRows": null,
  "keywords": null,
  "avgScore": 0.0,
  "createDate": null,
  "totalPages": null
}