{
  "type": null,
  "faqId": 47109,
  "title": "How do I access the app lock using my fingerprint?",
  "answer": "You can access the app lock using your fingerprint and the password after **Access app lock** is enabled.\r\n\r\nGo to **Settings** > **All** > **Privacy & passwords** > **Fingerprint ID** > **Fingerprint management** and enter the unlock password. You need to enter the password when enabling **Access app lock**. If you haven't enabled the app lock, the screen to enable it will be displayed. You can create one and set a password. After that you can enable **Access app lock**.\r\n\r\nGo to **Phone manager** > **App lock** to select the applications you want to lock.",
  "faqTypeId": null,
  "faqType": null,
  "useful": 55,
  "unUseful": 16,
  "languageId": 242,
  "languageName": "id",
  "faqCode": "2610",
  "faqTypeCode": null,
  "isTop": "0",
  "moduleCode": "faq",
  "productId": null,
  "productCode": null,
  "postDate": 1444903313000,
  "seriesProductName": "CRR-L13",
  "visitedTimes": 6044,
  "isUsefulFlag": null,
  "score": 0,
  "times": 0,
  "imageList": null,
  "displayType": "text",
  "justView": "0",
  "fileName": null,
  "filePath": null,
  "imagePath": null,
  "imageName": null,
  "productIdList": null,
  "curPage": null,
  "pageSize": null,
  "siteCode": null,
  "statusFlag": "Publish",
  "returnCode": 0,
  "totalRows": null,
  "keywords": null,
  "avgScore": 0.0,
  "createDate": null,
  "totalPages": null
}