{
  "type": null,
  "faqId": 47106,
  "title": "Why does my NFC SIM card often fail to be detected when I swipe my phone?",
  "answer": "Check that your SIM card supports NFC-SWP.\r\n\r\nCheck that all switches are enabled under **Settings** > **More** > **NFC** and that SIM 1 is selected for NFC payment.\r\n\r\nCheck that you have installed the carrier's payment app (such as those for China Mobile, China Telecom and China Unicom) and that you have correctly configured the default payment card in the app's settings.\r\n\r\nThe location of antenna in subway turnstiles may vary. When passing through a subway turnstile, try swiping your phone in a different place if your NFC SIM card is not detected. When swiping your phone on a bus, swipe your phone over the center of the card reader.\r\n\r\nIf you are using a China Mobile NFC SIM card at Shanghai Metro stations, please note that you can only swipe your SIM card on turnstiles that feature a green China Mobile label.\r\n\r\nIf your SIM card is not detected, try using another card reader or POS terminal. If your card is detected, this means that the first card reader/POS terminal is incompatible with your SIM card. Please inform us of any compatibility issues so that we can continue to enhance the NFC feature.\r\n\r\nIf you cannot pass through a subway turnstile, you may not have exited the turnstile correctly after your previous journey. If so, go to the information desk at the subway station for assistance.",
  "faqTypeId": null,
  "faqType": null,
  "useful": 0,
  "unUseful": 0,
  "languageId": 242,
  "languageName": "id",
  "faqCode": "2606",
  "faqTypeCode": null,
  "isTop": "0",
  "moduleCode": "faq",
  "productId": null,
  "productCode": null,
  "postDate": 1444902914000,
  "seriesProductName": "CRR-L13",
  "visitedTimes": 167,
  "isUsefulFlag": null,
  "score": 0,
  "times": 0,
  "imageList": null,
  "displayType": "text",
  "justView": "0",
  "fileName": null,
  "filePath": null,
  "imagePath": null,
  "imageName": null,
  "productIdList": null,
  "curPage": null,
  "pageSize": null,
  "siteCode": null,
  "statusFlag": "Publish",
  "returnCode": 0,
  "totalRows": null,
  "keywords": null,
  "avgScore": 0.0,
  "createDate": null,
  "totalPages": null
}