{
  "type": null,
  "faqId": 47103,
  "title": "How do I activate encrypted SMS?",
  "answer": "First ensure you have a working data or Wi-Fi connection. Open the **Menu** beneath the message list and select **Settings** and then **Attach signature** to open the encrypted SMS menu. Enable the switch for the SIM card you wish to use and then follow the instructions to activate the encrypted SMS feature.",
  "faqTypeId": null,
  "faqType": null,
  "useful": 0,
  "unUseful": 0,
  "languageId": 242,
  "languageName": "id",
  "faqCode": "2603",
  "faqTypeCode": null,
  "isTop": "0",
  "moduleCode": "faq",
  "productId": null,
  "productCode": null,
  "postDate": 1444902622000,
  "seriesProductName": "CRR-L13",
  "visitedTimes": 1,
  "isUsefulFlag": null,
  "score": 0,
  "times": 0,
  "imageList": null,
  "displayType": "text",
  "justView": "0",
  "fileName": null,
  "filePath": null,
  "imagePath": null,
  "imageName": null,
  "productIdList": null,
  "curPage": null,
  "pageSize": null,
  "siteCode": null,
  "statusFlag": "Publish",
  "returnCode": 0,
  "totalRows": null,
  "keywords": null,
  "avgScore": 0.0,
  "createDate": null,
  "totalPages": null
}