{
  "type": null,
  "faqId": 47113,
  "title": "Why can't I draw a track and partially capture a screenshot using my knuckle?",
  "answer": "Your phone implements partial screenshot based on the gravity sensor signals. If you only lightly draw a circle on the screen, even when you use your knuckle, your phone can't receive the signals. Rapidly draw a circle on the screen a little harder to achieve partial screenshot. Practice several times to master this operation.",
  "faqTypeId": null,
  "faqType": null,
  "useful": 0,
  "unUseful": 0,
  "languageId": 242,
  "languageName": "id",
  "faqCode": "2614",
  "faqTypeCode": null,
  "isTop": "0",
  "moduleCode": "faq",
  "productId": null,
  "productCode": null,
  "postDate": 1444903616000,
  "seriesProductName": "CRR-L13",
  "visitedTimes": 21,
  "isUsefulFlag": null,
  "score": 0,
  "times": 0,
  "imageList": null,
  "displayType": "text",
  "justView": "0",
  "fileName": null,
  "filePath": null,
  "imagePath": null,
  "imageName": null,
  "productIdList": null,
  "curPage": null,
  "pageSize": null,
  "siteCode": null,
  "statusFlag": "Publish",
  "returnCode": 0,
  "totalRows": null,
  "keywords": null,
  "avgScore": 0.0,
  "createDate": null,
  "totalPages": null
}