{
  "type": null,
  "faqId": 47111,
  "title": "Why does my phone suddenly take a screenshot when I use it normally?",
  "answer": "Your phone takes a screenshot based on the instructions from your knuckles by detecting the screen touch capacity and gravity sensor signals. The probability of triggering the screenshot with fingers by mistake during normal use is extremely low. You may occasionally trigger screenshot if you continuously knock the screen hard with your nails. Make sure you use the phone normally, and do not knock the screen hard with your nails.",
  "faqTypeId": null,
  "faqType": null,
  "useful": 0,
  "unUseful": 0,
  "languageId": 242,
  "languageName": "id",
  "faqCode": "2612",
  "faqTypeCode": null,
  "isTop": "0",
  "moduleCode": "faq",
  "productId": null,
  "productCode": null,
  "postDate": 1444903436000,
  "seriesProductName": "CRR-L13",
  "visitedTimes": 28,
  "isUsefulFlag": null,
  "score": 0,
  "times": 0,
  "imageList": null,
  "displayType": "text",
  "justView": "0",
  "fileName": null,
  "filePath": null,
  "imagePath": null,
  "imageName": null,
  "productIdList": null,
  "curPage": null,
  "pageSize": null,
  "siteCode": null,
  "statusFlag": "Publish",
  "returnCode": 0,
  "totalRows": null,
  "keywords": null,
  "avgScore": 0.0,
  "createDate": null,
  "totalPages": null
}