{
  "type": null,
  "faqId": 47110,
  "title": "What is smart screenshot?",
  "answer": "Smart screenshot is brand-new touch technology jointly developed by Huawei and Qeexo. This technology can distinguish touch operations by fingers or knuckles. Your phone includes this technology. You can double-touch any screen using your knuckles to achieve instant screenshot, which improves screenshot efficiency.\r\n\r\nYou can also draw a circle on the screen using your knuckle to partially capture the screen. For example, to share a part of a WeChat record, circle the content using your knuckle to share it with others.",
  "faqTypeId": null,
  "faqType": null,
  "useful": 2,
  "unUseful": 2,
  "languageId": 242,
  "languageName": "id",
  "faqCode": "2611",
  "faqTypeCode": null,
  "isTop": "0",
  "moduleCode": "faq",
  "productId": null,
  "productCode": null,
  "postDate": 1444903356000,
  "seriesProductName": "CRR-L13",
  "visitedTimes": 482,
  "isUsefulFlag": null,
  "score": 0,
  "times": 0,
  "imageList": null,
  "displayType": "text",
  "justView": "0",
  "fileName": null,
  "filePath": null,
  "imagePath": null,
  "imageName": null,
  "productIdList": null,
  "curPage": null,
  "pageSize": null,
  "siteCode": null,
  "statusFlag": "Publish",
  "returnCode": 0,
  "totalRows": null,
  "keywords": null,
  "avgScore": 0.0,
  "createDate": null,
  "totalPages": null
}