{
  "type": null,
  "faqId": 47112,
  "title": "How do I partially capture the screen?",
  "answer": "On any screen, use the knuckle of any finger (such as the thumb or index finger) to touch the screen a little harder, and then draw a closed pattern without leaving the screen. After your phone successfully identifies the knuckle, it generates a blue track that moves along your knuckle's path.\r\n\r\n ![](http://consumer.huawei.com/support/servlet/imageServlet?dlType=SupportImage&imagePath=/20151015180515322001.jpg) ![](http://consumer.huawei.com/support/servlet/imageServlet?dlType=SupportImage&imagePath=/20151015180529699001.jpg) \r\n\r\n*For reference purposes only. Your phone's interface may differ from the interface shown in this image.",
  "faqTypeId": null,
  "faqType": null,
  "useful": 0,
  "unUseful": 0,
  "languageId": 242,
  "languageName": "id",
  "faqCode": "2613",
  "faqTypeCode": null,
  "isTop": "0",
  "moduleCode": "faq",
  "productId": null,
  "productCode": null,
  "postDate": 1444903556000,
  "seriesProductName": "CRR-L13",
  "visitedTimes": 28,
  "isUsefulFlag": null,
  "score": 0,
  "times": 0,
  "imageList": null,
  "displayType": "text",
  "justView": "0",
  "fileName": null,
  "filePath": null,
  "imagePath": null,
  "imageName": null,
  "productIdList": null,
  "curPage": null,
  "pageSize": null,
  "siteCode": null,
  "statusFlag": "Publish",
  "returnCode": 0,
  "totalRows": null,
  "keywords": null,
  "avgScore": 0.0,
  "createDate": null,
  "totalPages": null
}