{
  "type": null,
  "faqId": 47443,
  "title": "What can I do if the amount of power remaining in the battery is not displayed accurately?",
  "answer": " 1.         Try restarting your phone or back up your data and restore your phone to factory settings.\r\n\r\n2.         Try updating your phone's operating system to the latest version.\r\n\r\n3.         If the problem persists, replace the battery (if it can be removed) or take your phone and proof of purchase to an authorized Huawei service center to be tested.",
  "faqTypeId": null,
  "faqType": null,
  "useful": 0,
  "unUseful": 0,
  "languageId": 242,
  "languageName": "id",
  "faqCode": "2951",
  "faqTypeCode": null,
  "isTop": "0",
  "moduleCode": "faq",
  "productId": null,
  "productCode": null,
  "postDate": 1445222888000,
  "seriesProductName": "RIO-L01",
  "visitedTimes": 4,
  "isUsefulFlag": null,
  "score": 0,
  "times": 0,
  "imageList": null,
  "displayType": "text",
  "justView": "0",
  "fileName": null,
  "filePath": null,
  "imagePath": null,
  "imageName": null,
  "productIdList": null,
  "curPage": null,
  "pageSize": null,
  "siteCode": null,
  "statusFlag": "Publish",
  "returnCode": 0,
  "totalRows": null,
  "keywords": null,
  "avgScore": 0.0,
  "createDate": null,
  "totalPages": null
}