{
  "type": null,
  "faqId": 47447,
  "title": "What types of cards are supported by my phone's card slots?",
  "answer": "l   Single SIM card phones\r\n\r\n−       Card slot 1: supports nano-SIM cards\r\n\r\n−       Card slot 2: only supports microSD cards, not nano-SIM cards.\r\n\r\nl   Dual SIM card phones\r\n\r\n−       Card slot 1: supports nano-SIM cards\r\n\r\n−       Card slot 2: supports SD cards or nano-SIM cards.",
  "faqTypeId": null,
  "faqType": null,
  "useful": 0,
  "unUseful": 0,
  "languageId": 242,
  "languageName": "id",
  "faqCode": "2955",
  "faqTypeCode": null,
  "isTop": "0",
  "moduleCode": "faq",
  "productId": null,
  "productCode": null,
  "postDate": 1445223272000,
  "seriesProductName": "RIO-L01",
  "visitedTimes": 5,
  "isUsefulFlag": null,
  "score": 0,
  "times": 0,
  "imageList": null,
  "displayType": "text",
  "justView": "0",
  "fileName": null,
  "filePath": null,
  "imagePath": null,
  "imageName": null,
  "productIdList": null,
  "curPage": null,
  "pageSize": null,
  "siteCode": null,
  "statusFlag": "Publish",
  "returnCode": 0,
  "totalRows": null,
  "keywords": null,
  "avgScore": 0.0,
  "createDate": null,
  "totalPages": null
}