{
  "type": null,
  "faqId": 47442,
  "title": "What can I do if my phone heats up when in standby?",
  "answer": " Check the list of power-intensive apps. Go to **Settings** > **Power saving** > **Detailed power info** > **Background power-intensive apps**. Check whether a lot of apps are marked red, indicating that they are using a comparatively large amount of power. If the list contains apps that you are not currently using, close or uninstall them.",
  "faqTypeId": null,
  "faqType": null,
  "useful": 0,
  "unUseful": 0,
  "languageId": 242,
  "languageName": "id",
  "faqCode": "2950",
  "faqTypeCode": null,
  "isTop": "0",
  "moduleCode": "faq",
  "productId": null,
  "productCode": null,
  "postDate": 1445222767000,
  "seriesProductName": "RIO-L01",
  "visitedTimes": 5,
  "isUsefulFlag": null,
  "score": 0,
  "times": 0,
  "imageList": null,
  "displayType": "text",
  "justView": "0",
  "fileName": null,
  "filePath": null,
  "imagePath": null,
  "imageName": null,
  "productIdList": null,
  "curPage": null,
  "pageSize": null,
  "siteCode": null,
  "statusFlag": "Publish",
  "returnCode": 0,
  "totalRows": null,
  "keywords": null,
  "avgScore": 0.0,
  "createDate": null,
  "totalPages": null
}