{
  "type": null,
  "faqId": 47445,
  "title": "What can I do if, after I insert a SIM card, my phone doesn't recognize it?",
  "answer": "1.         You can only use standard nano-SIM cards. If you do not have a standard SIM card, save the contact information on the card and go to your carrier's service center to get a standard SIM card. Hand-cut SIM cards may not be recognized by your phone and may damage the card slot. If you use a hand-cut nano-SIM card, after cutting the card, make sure you polish the metal edges smooth before using.\r\n\r\n2.         Make sure the SIM card you use is compatible with your phone model. Check that your primary and secondary SIM cards are set correctly.\r\n\r\n3.         Try restarting your phone.\r\n\r\n4.         If your SIM card is still not recognized after restarting your phone, try backing up your data and resetting your phone to factory settings. Insert the card again and check whether the card is recognized.\r\n\r\n5.         Check whether the SIM card is recognized by other phones and whether your phone can recognize other SIM cards.\r\n\r\n6.         If the previous suggestions don't work, it may be that the SIM card slot is damaged or there may be some other problem. Take your phone to an authorized Huawei service center for service.",
  "faqTypeId": null,
  "faqType": null,
  "useful": 1,
  "unUseful": 0,
  "languageId": 242,
  "languageName": "id",
  "faqCode": "2953",
  "faqTypeCode": null,
  "isTop": "0",
  "moduleCode": "faq",
  "productId": null,
  "productCode": null,
  "postDate": 1445223058000,
  "seriesProductName": "RIO-L01",
  "visitedTimes": 14,
  "isUsefulFlag": null,
  "score": 0,
  "times": 0,
  "imageList": null,
  "displayType": "text",
  "justView": "0",
  "fileName": null,
  "filePath": null,
  "imagePath": null,
  "imageName": null,
  "productIdList": null,
  "curPage": null,
  "pageSize": null,
  "siteCode": null,
  "statusFlag": "Publish",
  "returnCode": 0,
  "totalRows": null,
  "keywords": null,
  "avgScore": 0.0,
  "createDate": null,
  "totalPages": null
}