{
  "type": null,
  "faqId": 47444,
  "title": "Why does my phone get very hot when completing an over-the-air update?",
  "answer": " In order to update as quickly as possible, the update program runs at full speed, reading and writing a large amount of data to your phones eMMC internal memory. This consumes a lot of power in a short amount of time and produces a lot of heat. After the update, the phone will return to its normal temperature.",
  "faqTypeId": null,
  "faqType": null,
  "useful": 0,
  "unUseful": 0,
  "languageId": 242,
  "languageName": "id",
  "faqCode": "2952",
  "faqTypeCode": null,
  "isTop": "0",
  "moduleCode": "faq",
  "productId": null,
  "productCode": null,
  "postDate": 1445222962000,
  "seriesProductName": "RIO-L01",
  "visitedTimes": 17,
  "isUsefulFlag": null,
  "score": 0,
  "times": 0,
  "imageList": null,
  "displayType": "text",
  "justView": "0",
  "fileName": null,
  "filePath": null,
  "imagePath": null,
  "imageName": null,
  "productIdList": null,
  "curPage": null,
  "pageSize": null,
  "siteCode": null,
  "statusFlag": "Publish",
  "returnCode": 0,
  "totalRows": null,
  "keywords": null,
  "avgScore": 0.0,
  "createDate": null,
  "totalPages": null
}