{
  "type": null,
  "faqId": 47450,
  "title": "Does my phone support double touch to turn on the screen function?",
  "answer": "Yes. Go to **Settings** > **All** > **Smart assistance** > **Motion control**. One the **Motion control** screen, touch **Double touch**. Then turn on the **Double touch to turn on the screen** switch. When the screen is turned off double touch the screen to quickly turn it on.",
  "faqTypeId": null,
  "faqType": null,
  "useful": 0,
  "unUseful": 0,
  "languageId": 242,
  "languageName": "id",
  "faqCode": "2958",
  "faqTypeCode": null,
  "isTop": "0",
  "moduleCode": "faq",
  "productId": null,
  "productCode": null,
  "postDate": 1445223774000,
  "seriesProductName": "RIO-L01",
  "visitedTimes": 9,
  "isUsefulFlag": null,
  "score": 0,
  "times": 0,
  "imageList": null,
  "displayType": "text",
  "justView": "0",
  "fileName": null,
  "filePath": null,
  "imagePath": null,
  "imageName": null,
  "productIdList": null,
  "curPage": null,
  "pageSize": null,
  "siteCode": null,
  "statusFlag": "Publish",
  "returnCode": 0,
  "totalRows": null,
  "keywords": null,
  "avgScore": 0.0,
  "createDate": null,
  "totalPages": null
}