{
  "type": null,
  "faqId": 47452,
  "title": "Does my phone support drawing letters when the screen is off to open applications?",
  "answer": "When the screen is off, drawing letters can help you quickly open applications. Your phone supports using up to 4 letters to open applications.\r\n\r\nGo to **Settings** > **Motion control** > **Draw**. Touch either the slide or draw letters preset options. Choose the application you would like to open. After checking the slide or draw letters check box, you can quickly open the applications by swiping on the screen or drawing the letter that corresponds to the application when the screen is off.\r\n\r\n![](http://consumer.huawei.com/support/servlet/imageServlet?dlType=SupportImage&imagePath=/20151019110742838001.png)![](http://consumer.huawei.com/support/servlet/imageServlet?dlType=SupportImage&imagePath=/20151019110800756001.png)",
  "faqTypeId": null,
  "faqType": null,
  "useful": 4,
  "unUseful": 0,
  "languageId": 242,
  "languageName": "id",
  "faqCode": "2960",
  "faqTypeCode": null,
  "isTop": "0",
  "moduleCode": "faq",
  "productId": null,
  "productCode": null,
  "postDate": 1445224092000,
  "seriesProductName": "RIO-L01",
  "visitedTimes": 195,
  "isUsefulFlag": null,
  "score": 0,
  "times": 0,
  "imageList": null,
  "displayType": "text",
  "justView": "0",
  "fileName": null,
  "filePath": null,
  "imagePath": null,
  "imageName": null,
  "productIdList": null,
  "curPage": null,
  "pageSize": null,
  "siteCode": null,
  "statusFlag": "Publish",
  "returnCode": 0,
  "totalRows": null,
  "keywords": null,
  "avgScore": 0.0,
  "createDate": null,
  "totalPages": null
}