{
  "type": null,
  "faqId": 47451,
  "title": "Why doesn't the screen turn on when I double touch the screen?",
  "answer": "Make sure the **Double touch** switch is turned on in **Settings** > **Motion control** > **Double touch**. If it is turned on, make sure you double touch correctly according. Note the following:\r\n\r\nl   The area within 1 cm from the edge of the screen does not recognize touches.\r\n\r\nl   The interval between touches must not exceed 500 ms.\r\n\r\nl   The distance between touches must not exceed 5 mm.\r\n\r\nl   Don't try to turn on the screen in this way immediately after locking the screen. The screen only recognizes your touches 800 ms after turning off.\r\n\r\nl   When double touching, make sure not to block the light sensor. If you block or touch near the light sensor, your touches will not be recognized.",
  "faqTypeId": null,
  "faqType": null,
  "useful": 4,
  "unUseful": 0,
  "languageId": 242,
  "languageName": "id",
  "faqCode": "2959",
  "faqTypeCode": null,
  "isTop": "0",
  "moduleCode": "faq",
  "productId": null,
  "productCode": null,
  "postDate": 1445223837000,
  "seriesProductName": "RIO-L01",
  "visitedTimes": 258,
  "isUsefulFlag": null,
  "score": 0,
  "times": 0,
  "imageList": null,
  "displayType": "text",
  "justView": "0",
  "fileName": null,
  "filePath": null,
  "imagePath": null,
  "imageName": null,
  "productIdList": null,
  "curPage": null,
  "pageSize": null,
  "siteCode": null,
  "statusFlag": "Publish",
  "returnCode": 0,
  "totalRows": null,
  "keywords": null,
  "avgScore": 0.0,
  "createDate": null,
  "totalPages": null
}