{
  "type": null,
  "faqId": 47456,
  "title": "Why do the ongoing download tasks over a Wi-Fi network stop after the screen turns off?",
  "answer": " Check whether you have modified the settings for **Keep Wi-Fi on during sleep**.** **The default value is **Always** (download tasks will not stop when the screen turns off). If you select **Only when plugged in** or **Never**, the Wi-Fi network will disconnect when the screen turns off, and the ongoing download tasks will stop.\r\n\r\n1. Touch **Advanced settings** \r\n\r\n![](http://consumer.huawei.com/support/servlet/imageServlet?dlType=SupportImage&imagePath=/20151019113020503001.png)\r\n\r\n2.  On the screen, touch **Keep Wi-Fi on during sleep** and select **Always**.\r\n\r\n![](http://consumer.huawei.com/support/servlet/imageServlet?dlType=SupportImage&imagePath=/20151019113110964001.png)",
  "faqTypeId": null,
  "faqType": null,
  "useful": 0,
  "unUseful": 0,
  "languageId": 242,
  "languageName": "id",
  "faqCode": "2964",
  "faqTypeCode": null,
  "isTop": "0",
  "moduleCode": "faq",
  "productId": null,
  "productCode": null,
  "postDate": 1445225482000,
  "seriesProductName": "RIO-L01",
  "visitedTimes": 101,
  "isUsefulFlag": null,
  "score": 0,
  "times": 0,
  "imageList": null,
  "displayType": "text",
  "justView": "0",
  "fileName": null,
  "filePath": null,
  "imagePath": null,
  "imageName": null,
  "productIdList": null,
  "curPage": null,
  "pageSize": null,
  "siteCode": null,
  "statusFlag": "Publish",
  "returnCode": 0,
  "totalRows": null,
  "keywords": null,
  "avgScore": 0.0,
  "createDate": null,
  "totalPages": null
}