{
  "type": null,
  "faqId": 47549,
  "title": "What are the features of my phone camera?",
  "answer": "Good food mode, Perfect selfie, Makeup mode, Beauty mode, Panoramic photos, HDR, All-focus mode, Watermarks, Audio photo, Best photo mode, Ultra snapshot mode, Capture smiles, Audio control, Timer, Touch to capture, and Time-lapse mode.",
  "faqTypeId": null,
  "faqType": null,
  "useful": 0,
  "unUseful": 1,
  "languageId": 242,
  "languageName": "id",
  "faqCode": "3117",
  "faqTypeCode": null,
  "isTop": "0",
  "moduleCode": "faq",
  "productId": null,
  "productCode": null,
  "postDate": 1445226332000,
  "seriesProductName": "RIO-L01",
  "visitedTimes": 199,
  "isUsefulFlag": null,
  "score": 0,
  "times": 0,
  "imageList": null,
  "displayType": "text",
  "justView": "0",
  "fileName": null,
  "filePath": null,
  "imagePath": null,
  "imageName": null,
  "productIdList": null,
  "curPage": null,
  "pageSize": null,
  "siteCode": null,
  "statusFlag": "Publish",
  "returnCode": 0,
  "totalRows": null,
  "keywords": null,
  "avgScore": 0.0,
  "createDate": null,
  "totalPages": null
}