{"type":null,"faqId":47547,"title":"Does my phone support fingerprint identification?","answer":"Yes","faqTypeId":null,"faqType":null,"useful":1,"unUseful":0,"languageId":242,"languageName":"id","faqCode":"3115","faqTypeCode":null,"isTop":"0","moduleCode":"faq","productId":null,"productCode":null,"postDate":1445226083000,"seriesProductName":"RIO-L01","visitedTimes":59,"isUsefulFlag":null,"score":0,"times":0,"imageList":null,"displayType":"text","justView":"0","fileName":null,"filePath":null,"imagePath":null,"imageName":null,"productIdList":null,"curPage":null,"pageSize":null,"siteCode":null,"statusFlag":"Publish","returnCode":0,"totalRows":null,"keywords":null,"avgScore":0.0,"createDate":null,"totalPages":null}