{
  "type": null,
  "faqId": 47548,
  "title": "What is fingerprint identification?",
  "answer": "The fingerprint identification is a highlight of your phone. It enhances the information security of your phone and provides shortcut operations. When you power on your phone for the first time, you can follow the onscreen instructions to configure the fingerprint identification.\r\n\r\nThe fingerprint identification includes the Touch control and the Fingerprint ID.\r\n\r\nTouch control: You can touch, touch and hold, and swipe on the fingerprint sensor to operate your phone without entering your fingerprint. You can answer calls, take photos, record videos, stop alarms, and open the notification panel using the fingerprint sensor.\r\n\r\nFingerprint ID: You can unlock the screen, access the safe, and access the App lock** **by entering your fingerprint instead of the password.** **You can also use it on third-party applications that support the fingerprint identification. You need to enable the PIN unlock or mixed password unlock for the fingerprint identification.",
  "faqTypeId": null,
  "faqType": null,
  "useful": 1,
  "unUseful": 0,
  "languageId": 242,
  "languageName": "id",
  "faqCode": "3116",
  "faqTypeCode": null,
  "isTop": "0",
  "moduleCode": "faq",
  "productId": null,
  "productCode": null,
  "postDate": 1445226169000,
  "seriesProductName": "RIO-L01",
  "visitedTimes": 186,
  "isUsefulFlag": null,
  "score": 0,
  "times": 0,
  "imageList": null,
  "displayType": "text",
  "justView": "0",
  "fileName": null,
  "filePath": null,
  "imagePath": null,
  "imageName": null,
  "productIdList": null,
  "curPage": null,
  "pageSize": null,
  "siteCode": null,
  "statusFlag": "Publish",
  "returnCode": 0,
  "totalRows": null,
  "keywords": null,
  "avgScore": 0.0,
  "createDate": null,
  "totalPages": null
}