{
  "type": null,
  "faqId": 47550,
  "title": "How do I use Makeup mode when taking photos?",
  "answer": "Open **Camera**, switch to the front camera, and select Makeup mode. Touch the icon in the lower right corner and select a makeup style among all the styles in the displayed options menu.\r\n\r\n![](http://consumer.huawei.com/support/servlet/imageServlet?dlType=SupportImage&imagePath=/20151019114633315001.png)![](http://consumer.huawei.com/support/servlet/imageServlet?dlType=SupportImage&imagePath=/20151019114643472001.png)  \r\n ![](http://consumer.huawei.com/support/servlet/imageServlet?dlType=SupportImage&imagePath=/20151019114701140001.png)![](http://consumer.huawei.com/support/servlet/imageServlet?dlType=SupportImage&imagePath=/20151019114716691001.png)",
  "faqTypeId": null,
  "faqType": null,
  "useful": 1,
  "unUseful": 0,
  "languageId": 242,
  "languageName": "id",
  "faqCode": "3118",
  "faqTypeCode": null,
  "isTop": "0",
  "moduleCode": "faq",
  "productId": null,
  "productCode": null,
  "postDate": 1445226451000,
  "seriesProductName": "RIO-L01",
  "visitedTimes": 248,
  "isUsefulFlag": null,
  "score": 0,
  "times": 0,
  "imageList": null,
  "displayType": "text",
  "justView": "0",
  "fileName": null,
  "filePath": null,
  "imagePath": null,
  "imageName": null,
  "productIdList": null,
  "curPage": null,
  "pageSize": null,
  "siteCode": null,
  "statusFlag": "Publish",
  "returnCode": 0,
  "totalRows": null,
  "keywords": null,
  "avgScore": 0.0,
  "createDate": null,
  "totalPages": null
}