{
  "type": null,
  "faqId": 19601,
  "title": "Συχνές Ερωτήσεις για Mate 7",
  "answer": "Συχνές Ερωτήσεις , Mate 7,Jazz L09",
  "faqTypeId": null,
  "faqType": null,
  "useful": 22,
  "unUseful": 5,
  "languageId": 107,
  "languageName": "gr",
  "faqCode": "2801",
  "faqTypeCode": null,
  "isTop": "0",
  "moduleCode": "faq",
  "productId": null,
  "productCode": null,
  "postDate": 1422875906000,
  "seriesProductName": "Jazz-L09",
  "visitedTimes": 701,
  "isUsefulFlag": null,
  "score": 0,
  "times": 0,
  "imageList": null,
  "displayType": "text",
  "justView": "0",
  "fileName": null,
  "filePath": null,
  "imagePath": null,
  "imageName": null,
  "productIdList": null,
  "curPage": null,
  "pageSize": null,
  "siteCode": null,
  "statusFlag": "Publish",
  "returnCode": 0,
  "totalRows": null,
  "keywords": "Συχνές Ερωτήσεις,Mate 7,Jazz L09",
  "avgScore": 0.0,
  "createDate": null,
  "totalPages": null
}