{
  "type": null,
  "faqId": 15461,
  "title": "Как обновить версию Android 4.2 до 4.4 для P6",
  "answer": "<font style=\"FONT-FAMILY: Arial\">1. Оригинальная версия ПО должна быть EDGE-U00 V100R001C00B122 </font>\r\n\r\n![](http://consumer.huawei.com/support/servlet/imageServlet?dlType=SupportImage&imagePath=/20141014154606994001.jpg)\r\n\r\n<font style=\"FONT-FAMILY: Arial\">2. Проверьте новую версию</font> \r\n\r\n![](http://consumer.huawei.com/support/servlet/imageServlet?dlType=SupportImage&imagePath=/20141014154607880002.jpg)\r\n\r\n <font style=\"FONT-FAMILY: Arial\">3.       Запустите онлайн обновление. Рекомендуется подключиться к Wi-Fi для того, чтобы скачать пакет обновления, т.к. размер около 1 ГБ. </font>\r\n\r\n![](http://consumer.huawei.com/support/servlet/imageServlet?dlType=SupportImage&imagePath=/20141014154608413003.jpg)\r\n\r\n<font style=\"FONT-FAMILY: Arial\">4. Скачайте пакет обновления. </font>\r\n\r\n![](http://consumer.huawei.com/support/servlet/imageServlet?dlType=SupportImage&imagePath=/20141014154608755004.jpg)\r\n\r\n<font style=\"FONT-FAMILY: Arial\">5. После того, как обновление будет скачено и установится, ваша версия ПО станет<font style=\"COLOR: #000000\"> P6-U06V100R001C00B520 </font></font>\r\n\r\n![](http://consumer.huawei.com/support/servlet/imageServlet?dlType=SupportImage&imagePath=/20141014154609391005.jpg)",
  "faqTypeId": null,
  "faqType": null,
  "useful": 421,
  "unUseful": 350,
  "languageId": 21,
  "languageName": "ru",
  "faqCode": "7821",
  "faqTypeCode": null,
  "isTop": "0",
  "moduleCode": "faq",
  "productId": null,
  "productCode": null,
  "postDate": 1413272906000,
  "seriesProductName": "EDGE-U00",
  "visitedTimes": 20150,
  "isUsefulFlag": null,
  "score": 0,
  "times": 0,
  "imageList": null,
  "displayType": "text",
  "justView": "0",
  "fileName": null,
  "filePath": null,
  "imagePath": null,
  "imageName": null,
  "productIdList": null,
  "curPage": null,
  "pageSize": null,
  "siteCode": null,
  "statusFlag": "Publish",
  "returnCode": 0,
  "totalRows": null,
  "keywords": "Android 4.4",
  "avgScore": 0.0,
  "createDate": null,
  "totalPages": null
}