{
  "type": null,
  "faqId": 37161,
  "title": "Как изменить шрифт и размер шрифта системы?",
  "answer": "*   \r\n\r\nЧтобы изменить шрифт системы:\r\n\r\nНа экране **Настройки** выберите **Экран** > **Стиль шрифтов** и выберите тип шрифта.\r\n\r\n*   \r\n\r\nЧтобы изменить размер шрифта системы:\r\n\r\nНа экране **Настройки** выберите **Экран** > **Размер шрифта**. В отобразившемся меню опций выберите размер шрифта.\r\n\r\n <p style=\"margin: 8pt 0cm 8pt 3cm;\">Примечание: Рисунки в данном документе приведены для справки. Фактический внешний вид экрана может отличаться.</p> <p align=\"left\" style=\"margin: 4pt 0cm 4pt 106.3pt;\">  \r\n </p>",
  "faqTypeId": null,
  "faqType": null,
  "useful": 0,
  "unUseful": 0,
  "languageId": 21,
  "languageName": "ru",
  "faqCode": "2321",
  "faqTypeCode": null,
  "isTop": "0",
  "moduleCode": "faq",
  "productId": null,
  "productCode": null,
  "postDate": 1440814472000,
  "seriesProductName": "",
  "visitedTimes": 4,
  "isUsefulFlag": null,
  "score": 0,
  "times": 0,
  "imageList": null,
  "displayType": "text",
  "justView": "0",
  "fileName": null,
  "filePath": null,
  "imagePath": null,
  "imageName": null,
  "productIdList": null,
  "curPage": null,
  "pageSize": null,
  "siteCode": null,
  "statusFlag": "Publish",
  "returnCode": 0,
  "totalRows": null,
  "keywords": null,
  "avgScore": 0.0,
  "createDate": null,
  "totalPages": null
}