{
  "type": null,
  "faqId": 37541,
  "title": "Что делать, если датчик наклона телефона работает некорректно?",
  "answer": " <p style=\"color: rgb(0, 0, 0); font-family: Tahoma, Arial, sans-serif, 'Times New Roman', Verdana; font-size: 12px; font-style: normal; font-variant: normal; font-weight: normal; letter-spacing: normal; line-height: normal; orphans: auto; text-align: start; text-indent: 0px; text-transform: none; white-space: normal; widows: auto; word-spacing: 0px; -webkit-text-stroke-width: 0px; margin: 4pt 0cm 4pt 127.6pt; background-color: rgb(255, 255, 255);\">l   Если это происходит при использовании стороннего приложения, убедитесь, что это приложение разработано с учетом использования датчика наклона.</p> <p style=\"color: rgb(0, 0, 0); font-family: Tahoma, Arial, sans-serif, 'Times New Roman', Verdana; font-size: 12px; font-style: normal; font-variant: normal; font-weight: normal; letter-spacing: normal; line-height: normal; orphans: auto; text-align: start; text-indent: 0px; text-transform: none; white-space: normal; widows: auto; word-spacing: 0px; -webkit-text-stroke-width: 0px; margin: 4pt 0cm 4pt 127.6pt; background-color: rgb(255, 255, 255);\">l   Сбой в работе датчика наклона может произойти в результате удаления некоторых системных файлов.</p> <p style=\"color: rgb(0, 0, 0); font-family: Tahoma, Arial, sans-serif, 'Times New Roman', Verdana; font-size: 12px; font-style: normal; font-variant: normal; font-weight: normal; letter-spacing: normal; line-height: normal; orphans: auto; text-align: start; text-indent: 0px; text-transform: none; white-space: normal; widows: auto; word-spacing: 0px; -webkit-text-stroke-width: 0px; margin: 4pt 0cm 4pt 106.3pt; background-color: rgb(255, 255, 255);\">Выполните резервное копирование данных и восстановите заводские настройки телефона.</p>",
  "faqTypeId": null,
  "faqType": null,
  "useful": 0,
  "unUseful": 0,
  "languageId": 21,
  "languageName": "ru",
  "faqCode": "2761",
  "faqTypeCode": null,
  "isTop": "0",
  "moduleCode": "faq",
  "productId": null,
  "productCode": null,
  "postDate": 1441002602000,
  "seriesProductName": "",
  "visitedTimes": 10,
  "isUsefulFlag": null,
  "score": 0,
  "times": 0,
  "imageList": null,
  "displayType": "text",
  "justView": "0",
  "fileName": null,
  "filePath": null,
  "imagePath": null,
  "imageName": null,
  "productIdList": null,
  "curPage": null,
  "pageSize": null,
  "siteCode": null,
  "statusFlag": "Publish",
  "returnCode": 0,
  "totalRows": null,
  "keywords": null,
  "avgScore": 0.0,
  "createDate": null,
  "totalPages": null
}