{
  "type": null,
  "faqId": 8421,
  "title": "1.1 Почему экран телефона выключается, когда его подносишь к уху? Почему экран не включается, когда разговор завершен?",
  "answer": " Ваш телефон оснащен датчиком приближения, расположенным рядом с динамиком. \r\n\r\n Когда Ваше ухо (или другой объект) расположено рядом с датчиком приближения, экран автоматически выключается. Когда Ваше ухо (или другой объект) оказываются на достаточном расстоянии от датчика приближения, экран автоматически включается. \r\n\r\n Если экран не включается, когда Вы завершили разговор, убедитесь, что датчик приближения не закрыт каким-либо предметом.",
  "faqTypeId": null,
  "faqType": null,
  "useful": 1,
  "unUseful": 3,
  "languageId": 21,
  "languageName": "ru",
  "faqCode": "8922",
  "faqTypeCode": null,
  "isTop": "0",
  "moduleCode": "faq",
  "productId": null,
  "productCode": null,
  "postDate": 1386267044000,
  "seriesProductName": "",
  "visitedTimes": 163,
  "isUsefulFlag": null,
  "score": 0,
  "times": 0,
  "imageList": null,
  "displayType": "text",
  "justView": "0",
  "fileName": null,
  "filePath": null,
  "imagePath": null,
  "imageName": null,
  "productIdList": null,
  "curPage": null,
  "pageSize": null,
  "siteCode": null,
  "statusFlag": "Publish",
  "returnCode": 0,
  "totalRows": null,
  "keywords": " 8922",
  "avgScore": 0.0,
  "createDate": null,
  "totalPages": null
}