{
  "type": null,
  "faqId": 8422,
  "title": "1.2 Как установить пользовательскую мелодию вызова? Как настроить вибрацию или отключение звука при входящем вызове?",
  "answer": " l   Вы можете сохранить Ваши любимые музыкальные композиции на телефоне и установить одну из них в качестве мелодии вызова. \r\n\r\n Отройте предустановленный на телефоне аудиоплеер от компании Huawei. В списке композиций нажмите и удерживайте композицию, которую Вы хотите установить как мелодию вызова, затем в отобразившемся меню опций выберите **Устан. как мелодию вызова**. \r\n\r\n ![](http://consumer.huawei.com/support/servlet/imageServlet?dlType=HtmlAreaImage&imageId=22701) \r\n\r\n **Рисунок 1-1 ** \r\n\r\n l   Чтобы включить вибрацию или отключить звук при входящем вызове: \r\n\r\n Перейдите в раздел **Настройки**, нажмите **Звук** > **Режим без звука**. В отобразившемся меню опций выберите **Вибросигнал** или **Без звука**. \r\n\r\n ![](http://consumer.huawei.com/support/servlet/imageServlet?dlType=HtmlAreaImage&imageId=22702) \r\n\r\n **Рисунок 1-2 **",
  "faqTypeId": null,
  "faqType": null,
  "useful": 0,
  "unUseful": 1,
  "languageId": 21,
  "languageName": "ru",
  "faqCode": "8902",
  "faqTypeCode": null,
  "isTop": "0",
  "moduleCode": "faq",
  "productId": null,
  "productCode": null,
  "postDate": 1386267454000,
  "seriesProductName": "",
  "visitedTimes": 174,
  "isUsefulFlag": null,
  "score": 0,
  "times": 0,
  "imageList": null,
  "displayType": "text",
  "justView": "0",
  "fileName": null,
  "filePath": null,
  "imagePath": null,
  "imageName": null,
  "productIdList": null,
  "curPage": null,
  "pageSize": null,
  "siteCode": null,
  "statusFlag": "Publish",
  "returnCode": 0,
  "totalRows": null,
  "keywords": " 8902",
  "avgScore": 0.0,
  "createDate": null,
  "totalPages": null
}