{
  "type": null,
  "faqId": 8442,
  "title": "2.1 Как скопировать контакты с SIM-карты в память телефона?",
  "answer": " **                               Шаг 1     **В списке контактов нажмите ![](http://consumer.huawei.com/support/servlet/imageServlet?dlType=HtmlAreaImage&imageId=22843)  > **Управлять контактами**. В отобразившемся меню опций выберите **Копировать контакты**. \r\n\r\n ![](http://consumer.huawei.com/support/servlet/imageServlet?dlType=HtmlAreaImage&imageId=22844) \r\n\r\n **                               Шаг 1     **Выберите копирование контактов с SIM-карты, подождите, пока контакты загрузятся, затем выберите контакты, которые хотите скопировать, или нажмите **ВЫБРАТЬ ВСЕ**, чтобы выбрать все контакты. \r\n\r\n **                               Шаг 2     **Нажмите **КОПИРОВАТЬ**. Следуя инструкциям на экране, скопируйте контакты в память телефона. \r\n\r\n ![](http://consumer.huawei.com/support/servlet/imageServlet?dlType=HtmlAreaImage&imageId=22845)",
  "faqTypeId": null,
  "faqType": null,
  "useful": 0,
  "unUseful": 0,
  "languageId": 21,
  "languageName": "ru",
  "faqCode": "8905",
  "faqTypeCode": null,
  "isTop": "0",
  "moduleCode": "faq",
  "productId": null,
  "productCode": null,
  "postDate": 1386676931000,
  "seriesProductName": "",
  "visitedTimes": 75,
  "isUsefulFlag": null,
  "score": 0,
  "times": 0,
  "imageList": null,
  "displayType": "text",
  "justView": "0",
  "fileName": null,
  "filePath": null,
  "imagePath": null,
  "imageName": null,
  "productIdList": null,
  "curPage": null,
  "pageSize": null,
  "siteCode": null,
  "statusFlag": "Publish",
  "returnCode": 0,
  "totalRows": null,
  "keywords": "8905",
  "avgScore": 0.0,
  "createDate": null,
  "totalPages": null
}