{
  "type": null,
  "faqId": 8443,
  "title": "2.2 Как скопировать контакты из памяти телефона на SIM-карту?",
  "answer": " ** Шаг 1     **В списке контактов нажмите ![](http://consumer.huawei.com/support/servlet/imageServlet?dlType=HtmlAreaImage&imageId=22846) > **Управлять контактами**. В отобразившемся меню опций выберите **Копировать контакты**. \r\n\r\n ![](http://consumer.huawei.com/support/servlet/imageServlet?dlType=HtmlAreaImage&imageId=22847) \r\n\r\n **  Шаг 2     **Выберите копирование контактов из памяти телефона, подождите, пока контакты загрузятся, затем выберите контакты, которые хотите скопировать, или нажмите **ВЫБРАТЬ ВСЕ**, чтобы выбрать все контакты. \r\n\r\n **  Шаг 3     **Нажмите **КОПИРОВАТЬ**. Следуя инструкциям на экране, скопируйте контакты на SIM-карту. \r\n\r\n ![](http://consumer.huawei.com/support/servlet/imageServlet?dlType=HtmlAreaImage&imageId=22848)",
  "faqTypeId": null,
  "faqType": null,
  "useful": 0,
  "unUseful": 0,
  "languageId": 21,
  "languageName": "ru",
  "faqCode": "8906",
  "faqTypeCode": null,
  "isTop": "0",
  "moduleCode": "faq",
  "productId": null,
  "productCode": null,
  "postDate": 1386677438000,
  "seriesProductName": "",
  "visitedTimes": 54,
  "isUsefulFlag": null,
  "score": 0,
  "times": 0,
  "imageList": null,
  "displayType": "text",
  "justView": "0",
  "fileName": null,
  "filePath": null,
  "imagePath": null,
  "imageName": null,
  "productIdList": null,
  "curPage": null,
  "pageSize": null,
  "siteCode": null,
  "statusFlag": "Publish",
  "returnCode": 0,
  "totalRows": null,
  "keywords": "8906",
  "avgScore": 0.0,
  "createDate": null,
  "totalPages": null
}