{
  "type": null,
  "faqId": 8444,
  "title": "2.3 Почему некоторые контакты не скопированы на SIM-карту?",
  "answer": " Если на SIM-карте есть контакт с тем же именем, что и в памяти телефона, то при копировании из памяти телефона эти контакты будут объединены.",
  "faqTypeId": null,
  "faqType": null,
  "useful": 0,
  "unUseful": 0,
  "languageId": 21,
  "languageName": "ru",
  "faqCode": "8907",
  "faqTypeCode": null,
  "isTop": "0",
  "moduleCode": "faq",
  "productId": null,
  "productCode": null,
  "postDate": 1386677554000,
  "seriesProductName": "",
  "visitedTimes": 57,
  "isUsefulFlag": null,
  "score": 0,
  "times": 0,
  "imageList": null,
  "displayType": "text",
  "justView": "0",
  "fileName": null,
  "filePath": null,
  "imagePath": null,
  "imageName": null,
  "productIdList": null,
  "curPage": null,
  "pageSize": null,
  "siteCode": null,
  "statusFlag": "Publish",
  "returnCode": 0,
  "totalRows": null,
  "keywords": " 8907",
  "avgScore": 0.0,
  "createDate": null,
  "totalPages": null
}