{
  "type": null,
  "faqId": 8445,
  "title": "2.4 Как экспортировать контакты на карту microSD? Как импортировать контакты с карты microSD?",
  "answer": " l   Чтобы экспортировать контакты на карту microSD: \r\n\r\n **                               Шаг 1     **В списке контактов нажмите![](http://consumer.huawei.com/support/servlet/imageServlet?dlType=HtmlAreaImage&imageId=22849)> **Управлять контактами**. \r\n\r\n **                               Шаг 2     **В отобразившемся меню опций выберите **Экпорт на накопитель**. \r\n\r\n Примечание \r\n\r\n После выбора опции **Экспорт на накопитель** на экране появится сообщение, в котором будет запрашиваться место сохранения файла .vcf, в который будут экспортированы контакты. \r\n\r\n **                               Шаг 3     **Нажмите **OK** , чтобы экспортировать контакты из памяти телефона на карту microSD . Вы можете также скопировать файл .vcf с карты microSD на Ваш ПК. \r\n\r\n l   Чтобы импортировать контакты с карты microSD: \r\n\r\n **                               Шаг 1     **В списке контактов нажмите![](http://consumer.huawei.com/support/servlet/imageServlet?dlType=HtmlAreaImage&imageId=22850)> **Управлять контактами**. \r\n\r\n **                               Шаг 2     **В отобразившемся меню опций выберите **Импорт из накопителя**. \r\n\r\n Если на карте microSD несколько файлов .vcf, Вы можете импортировать контакты из одного, нескольких или всех файлов .vcf. \r\n\r\n Дополнительную информацию см. в Руководстве пользователя на сайте [http://www.huaweidevice.com](http://www.huaweidevice.com/).",
  "faqTypeId": null,
  "faqType": null,
  "useful": 2,
  "unUseful": 0,
  "languageId": 21,
  "languageName": "ru",
  "faqCode": "8908",
  "faqTypeCode": null,
  "isTop": "0",
  "moduleCode": "faq",
  "productId": null,
  "productCode": null,
  "postDate": 1386677623000,
  "seriesProductName": "",
  "visitedTimes": 63,
  "isUsefulFlag": null,
  "score": 0,
  "times": 0,
  "imageList": null,
  "displayType": "text",
  "justView": "0",
  "fileName": null,
  "filePath": null,
  "imagePath": null,
  "imageName": null,
  "productIdList": null,
  "curPage": null,
  "pageSize": null,
  "siteCode": null,
  "statusFlag": "Publish",
  "returnCode": 0,
  "totalRows": null,
  "keywords": " 8908",
  "avgScore": 0.0,
  "createDate": null,
  "totalPages": null
}