{
  "type": null,
  "faqId": 8446,
  "title": "2.5 Как экспортировать контакты на другой телефон?",
  "answer": " Существует несколько способов копирования контактов на другой телефон: \r\n\r\n l   Bluetooth: Убедитесь, что оба телефона поддерживают функцию Bluetooth. \r\n\r\n Включите Bluetooth на обоих телефонах. В списке контактов нажмите ![](http://consumer.huawei.com/support/servlet/imageServlet?dlType=HtmlAreaImage&imageId=22851) > **Доступ к контактам** и выберите контакты. Нажмите **ОТПРАВИТЬ**. В отобразившемся меню опций выберите **Bluetooth**. Следуя инструкциям на экране, скопируйте выбранные контакты на другой телефон. \r\n\r\n ![](http://consumer.huawei.com/support/servlet/imageServlet?dlType=HtmlAreaImage&imageId=22852) \r\n\r\n l   SIM-карта: Скопируйте контакты на SIM-карту, вставьте SIM-карту в другой телефон, затем скопируйте контакты с SIM-карты в память телефона. \r\n\r\n l   Карта microSD: Экспортируйте контакты, хранящиеся на Вашем телефоне, на карту microSD. Вставьте карту microSD в другой телефон, затем импортируйте контакты с карты microSD в память телефона.",
  "faqTypeId": null,
  "faqType": null,
  "useful": 0,
  "unUseful": 0,
  "languageId": 21,
  "languageName": "ru",
  "faqCode": "8909",
  "faqTypeCode": null,
  "isTop": "0",
  "moduleCode": "faq",
  "productId": null,
  "productCode": null,
  "postDate": 1386678175000,
  "seriesProductName": "",
  "visitedTimes": 68,
  "isUsefulFlag": null,
  "score": 0,
  "times": 0,
  "imageList": null,
  "displayType": "text",
  "justView": "0",
  "fileName": null,
  "filePath": null,
  "imagePath": null,
  "imageName": null,
  "productIdList": null,
  "curPage": null,
  "pageSize": null,
  "siteCode": null,
  "statusFlag": "Publish",
  "returnCode": 0,
  "totalRows": null,
  "keywords": " 8909",
  "avgScore": 0.0,
  "createDate": null,
  "totalPages": null
}