{
  "type": null,
  "faqId": 8447,
  "title": "2.6 Как задать фото контакта?",
  "answer": " Вы можете выбрать фото, хранящееся в памяти телефона, и задать его как фото контакта. \r\n\r\n l   На экране редактирования контакта: \r\n\r\n **                               Шаг 1     **Нажмите на значок ![](http://consumer.huawei.com/support/servlet/imageServlet?dlType=HtmlAreaImage&imageId=22853)  рядом с именем контакта. \r\n\r\n **                               Шаг 2     **В отобразившемся меню опций выберите **Сфотографировать** или **Выбрать фото из галереи**. Следуя инструкциям на экране, выберите фото контакта. \r\n\r\n **                               Шаг 3     **Нажмите **ГОТОВО**. \r\n\r\n ![](http://consumer.huawei.com/support/servlet/imageServlet?dlType=HtmlAreaImage&imageId=22854) \r\n\r\n l   В приложении **Галерея** или **Диспетчер файлов**: \r\n\r\n **                               Шаг 1     **На экране приложения **Галерея** или **Диспетчер файлов **откройте фото. \r\n\r\n **                               Шаг 2     **Выберите![](http://consumer.huawei.com/support/servlet/imageServlet?dlType=HtmlAreaImage&imageId=22855)  > **Установить как **> **Фотография контакта**, выберите или сделайте фото. Следуя инструкциям на экране, отредактируйте фото. Затем нажмите **СОХРАНИТЬ**. ![](http://consumer.huawei.com/support/servlet/imageServlet?dlType=HtmlAreaImage&imageId=22856)",
  "faqTypeId": null,
  "faqType": null,
  "useful": 1,
  "unUseful": 3,
  "languageId": 21,
  "languageName": "ru",
  "faqCode": "8910",
  "faqTypeCode": null,
  "isTop": "0",
  "moduleCode": "faq",
  "productId": null,
  "productCode": null,
  "postDate": 1386678366000,
  "seriesProductName": "",
  "visitedTimes": 154,
  "isUsefulFlag": null,
  "score": 0,
  "times": 0,
  "imageList": null,
  "displayType": "text",
  "justView": "0",
  "fileName": null,
  "filePath": null,
  "imagePath": null,
  "imageName": null,
  "productIdList": null,
  "curPage": null,
  "pageSize": null,
  "siteCode": null,
  "statusFlag": "Publish",
  "returnCode": 0,
  "totalRows": null,
  "keywords": "8910",
  "avgScore": 0.0,
  "createDate": null,
  "totalPages": null
}