{
  "type": null,
  "faqId": 8448,
  "title": "2.7 Как удалить несколько контактов одновременно?",
  "answer": " **                               Шаг 1     **В списке контактов нажмите  ![](http://consumer.huawei.com/support/servlet/imageServlet?dlType=HtmlAreaImage&imageId=22857)> **Фильтр контактов** и выберите место хранения контактов (аккаунт). \r\n\r\n **                               Шаг 2     **В отобразившемся списке контактов нажмите![](http://consumer.huawei.com/support/servlet/imageServlet?dlType=HtmlAreaImage&imageId=22858)  > **Удалить контакты**. \r\n\r\n **                               Шаг 3     **Выберите контакты для удаления или нажмите **ВЫБРАТЬ ВСЕ**, чтобы выбрать все контакты. Затем нажмите **УДАЛИТЬ**** **> **OK**. \r\n\r\n ![](http://consumer.huawei.com/support/servlet/imageServlet?dlType=HtmlAreaImage&imageId=22859)",
  "faqTypeId": null,
  "faqType": null,
  "useful": 0,
  "unUseful": 0,
  "languageId": 21,
  "languageName": "ru",
  "faqCode": "8910",
  "faqTypeCode": null,
  "isTop": "0",
  "moduleCode": "faq",
  "productId": null,
  "productCode": null,
  "postDate": 1386678374000,
  "seriesProductName": "",
  "visitedTimes": 28,
  "isUsefulFlag": null,
  "score": 0,
  "times": 0,
  "imageList": null,
  "displayType": "text",
  "justView": "0",
  "fileName": null,
  "filePath": null,
  "imagePath": null,
  "imageName": null,
  "productIdList": null,
  "curPage": null,
  "pageSize": null,
  "siteCode": null,
  "statusFlag": "Publish",
  "returnCode": 0,
  "totalRows": null,
  "keywords": "8910",
  "avgScore": 0.0,
  "createDate": null,
  "totalPages": null
}