{
  "type": null,
  "faqId": 8449,
  "title": "2.8 Как распределить контакты по группам? Как добавить контакт в группу?",
  "answer": " **                               Шаг 1     **В списке контактов нажмите![](http://consumer.huawei.com/support/servlet/imageServlet?dlType=HtmlAreaImage&imageId=22860) , чтобы посмотреть группы контактов. \r\n\r\n **                               Шаг 2     **Нажмите![](http://consumer.huawei.com/support/servlet/imageServlet?dlType=HtmlAreaImage&imageId=22861) , чтобы добавить группу контактов. Введите имя группы. \r\n\r\n **                               Шаг 3     **Нажмите **Добавить участника**, выберите контакты для добавления, затем нажмите **ДОБАВИТЬ УЧАСТНИКА**. \r\n\r\n **                               Шаг 4     **Нажмите **ГОТОВО**. \r\n\r\n Дополнительную информацию см. в Руководстве пользователя на сайте [http://www.huaweidevice.com](http://www.huaweidevice.com/).\n",
  "faqTypeId": null,
  "faqType": null,
  "useful": 0,
  "unUseful": 0,
  "languageId": 21,
  "languageName": "ru",
  "faqCode": "8912",
  "faqTypeCode": null,
  "isTop": "0",
  "moduleCode": "faq",
  "productId": null,
  "productCode": null,
  "postDate": 1386679167000,
  "seriesProductName": "",
  "visitedTimes": 45,
  "isUsefulFlag": null,
  "score": 0,
  "times": 0,
  "imageList": null,
  "displayType": "text",
  "justView": "0",
  "fileName": null,
  "filePath": null,
  "imagePath": null,
  "imageName": null,
  "productIdList": null,
  "curPage": null,
  "pageSize": null,
  "siteCode": null,
  "statusFlag": "Publish",
  "returnCode": 0,
  "totalRows": null,
  "keywords": " 8912",
  "avgScore": 0.0,
  "createDate": null,
  "totalPages": null
}