{
  "type": null,
  "faqId": 8450,
  "title": "3.1 Как изменить язык системы?",
  "answer": " Откройте приложение **Настройки**. В разделе **ЛИЧНЫЕ ДАННЫЕ** выберите **Язык и ввод** > **Язык**, чтобы выбрать язык. \r\n\r\n Если языка, который Вам нужен, нет в списке доступных языков, можно установить стороннее приложение, поддерживающее работу данного языка. \r\n\r\n ![](http://consumer.huawei.com/support/servlet/imageServlet?dlType=HtmlAreaImage&imageId=22862)",
  "faqTypeId": null,
  "faqType": null,
  "useful": 2,
  "unUseful": 0,
  "languageId": 21,
  "languageName": "ru",
  "faqCode": "8913",
  "faqTypeCode": null,
  "isTop": "0",
  "moduleCode": "faq",
  "productId": null,
  "productCode": null,
  "postDate": 1386679240000,
  "seriesProductName": "",
  "visitedTimes": 46,
  "isUsefulFlag": null,
  "score": 0,
  "times": 0,
  "imageList": null,
  "displayType": "text",
  "justView": "0",
  "fileName": null,
  "filePath": null,
  "imagePath": null,
  "imageName": null,
  "productIdList": null,
  "curPage": null,
  "pageSize": null,
  "siteCode": null,
  "statusFlag": "Publish",
  "returnCode": 0,
  "totalRows": null,
  "keywords": " 8913",
  "avgScore": 0.0,
  "createDate": null,
  "totalPages": null
}