{
  "type": null,
  "faqId": 8451,
  "title": "3.2 Как переключиться меджу методами ввода?",
  "answer": " Нажмите на текстовое поле, чтобы открыть экранную клавиатуру. Значок клавиатуры появится в строке состояния телефона. Проведите вниз по строке состояния, чтобы открыть панель уведомлений. Нажмите **Выберите способ ввода**, чтобы выбрать метод ввода. \r\n\r\n ![](http://consumer.huawei.com/support/servlet/imageServlet?dlType=HtmlAreaImage&imageId=22863)",
  "faqTypeId": null,
  "faqType": null,
  "useful": 0,
  "unUseful": 1,
  "languageId": 21,
  "languageName": "ru",
  "faqCode": "8914",
  "faqTypeCode": null,
  "isTop": "0",
  "moduleCode": "faq",
  "productId": null,
  "productCode": null,
  "postDate": 1386679329000,
  "seriesProductName": "",
  "visitedTimes": 41,
  "isUsefulFlag": null,
  "score": 0,
  "times": 0,
  "imageList": null,
  "displayType": "text",
  "justView": "0",
  "fileName": null,
  "filePath": null,
  "imagePath": null,
  "imageName": null,
  "productIdList": null,
  "curPage": null,
  "pageSize": null,
  "siteCode": null,
  "statusFlag": "Publish",
  "returnCode": 0,
  "totalRows": null,
  "keywords": " 8914",
  "avgScore": 0.0,
  "createDate": null,
  "totalPages": null
}