{
  "type": null,
  "faqId": 8452,
  "title": "3.3 Как изменить шрифт и размер шрифта?",
  "answer": " По умолчанию шрифт не может быть изменен. Можно установить стороннее приложение, позволяющее изменять шрифт интерфейса. \r\n\r\n Чтобы изменить размер шрифта: \r\n\r\n **                               Шаг 1     **Откройте приложение **Настройки**. В разделе **УСТРОЙСТВО** выберите **Экран **> **Размер шрифта**. \r\n\r\n **                               Шаг 2     **Нажмите на размер шрифта, чтобы применить его. \r\n\r\n ![](http://consumer.huawei.com/support/servlet/imageServlet?dlType=HtmlAreaImage&imageId=22864)",
  "faqTypeId": null,
  "faqType": null,
  "useful": 1,
  "unUseful": 0,
  "languageId": 21,
  "languageName": "ru",
  "faqCode": "8915",
  "faqTypeCode": null,
  "isTop": "0",
  "moduleCode": "faq",
  "productId": null,
  "productCode": null,
  "postDate": 1386679382000,
  "seriesProductName": "",
  "visitedTimes": 47,
  "isUsefulFlag": null,
  "score": 0,
  "times": 0,
  "imageList": null,
  "displayType": "text",
  "justView": "0",
  "fileName": null,
  "filePath": null,
  "imagePath": null,
  "imageName": null,
  "productIdList": null,
  "curPage": null,
  "pageSize": null,
  "siteCode": null,
  "statusFlag": "Publish",
  "returnCode": 0,
  "totalRows": null,
  "keywords": " 8915",
  "avgScore": 0.0,
  "createDate": null,
  "totalPages": null
}