{
  "type": null,
  "faqId": 8453,
  "title": "4.1 Как различить отправленные и полученные сообщения?",
  "answer": " На Вашем телефоне сообщения хранятся в виде цепочек. \r\n\r\n l   Полученные сообщения расположены в левой части экрана. Слева от сообщения отображается фото контакта. \r\n\r\n l   Отправленные сообщения расположены в правой части экрана. Справа от сообщения отображается Ваше фото. \r\n\r\n ![](http://consumer.huawei.com/support/servlet/imageServlet?dlType=HtmlAreaImage&imageId=22865)",
  "faqTypeId": null,
  "faqType": null,
  "useful": 0,
  "unUseful": 1,
  "languageId": 21,
  "languageName": "ru",
  "faqCode": "8916",
  "faqTypeCode": null,
  "isTop": "0",
  "moduleCode": "faq",
  "productId": null,
  "productCode": null,
  "postDate": 1386679445000,
  "seriesProductName": "",
  "visitedTimes": 30,
  "isUsefulFlag": null,
  "score": 0,
  "times": 0,
  "imageList": null,
  "displayType": "text",
  "justView": "0",
  "fileName": null,
  "filePath": null,
  "imagePath": null,
  "imageName": null,
  "productIdList": null,
  "curPage": null,
  "pageSize": null,
  "siteCode": null,
  "statusFlag": "Publish",
  "returnCode": 0,
  "totalRows": null,
  "keywords": " 8916",
  "avgScore": 0.0,
  "createDate": null,
  "totalPages": null
}