{
  "type": null,
  "faqId": 8454,
  "title": "4.2 Как сохранить черновик сообщения?",
  "answer": " Во время написания сообщения нажмите кнопку![](http://consumer.huawei.com/support/servlet/imageServlet?dlType=HtmlAreaImage&imageId=22866) или![](http://consumer.huawei.com/support/servlet/imageServlet?dlType=HtmlAreaImage&imageId=22867) , чтобы сохранить черновик сообщения. Этот черновик отобразится в цепочке сообщений, когда Вы откроете приложение SMS/MMS в следующий раз.",
  "faqTypeId": null,
  "faqType": null,
  "useful": 1,
  "unUseful": 0,
  "languageId": 21,
  "languageName": "ru",
  "faqCode": "8917",
  "faqTypeCode": null,
  "isTop": "0",
  "moduleCode": "faq",
  "productId": null,
  "productCode": null,
  "postDate": 1386679546000,
  "seriesProductName": "",
  "visitedTimes": 22,
  "isUsefulFlag": null,
  "score": 0,
  "times": 0,
  "imageList": null,
  "displayType": "text",
  "justView": "0",
  "fileName": null,
  "filePath": null,
  "imagePath": null,
  "imageName": null,
  "productIdList": null,
  "curPage": null,
  "pageSize": null,
  "siteCode": null,
  "statusFlag": "Publish",
  "returnCode": 0,
  "totalRows": null,
  "keywords": " 8917",
  "avgScore": 0.0,
  "createDate": null,
  "totalPages": null
}