{
  "type": null,
  "faqId": 8455,
  "title": "4.3 Какова длина SMS-сообщения? Что происходит с длинными SMS-сообщениями?",
  "answer": " Одно SMS-сообщение может содержать максимум 160 латинских символов или 70 китайских иероглифов. Длинное SMS-сообщение может состоять максимум из 7 SMS-сообщений. Если Ваше сообщение длиннее 7 SMS-сообщений, оно будет автоматически преобразовано в MMS-сообщение.",
  "faqTypeId": null,
  "faqType": null,
  "useful": 0,
  "unUseful": 0,
  "languageId": 21,
  "languageName": "ru",
  "faqCode": "8918",
  "faqTypeCode": null,
  "isTop": "0",
  "moduleCode": "faq",
  "productId": null,
  "productCode": null,
  "postDate": 1386679565000,
  "seriesProductName": "",
  "visitedTimes": 37,
  "isUsefulFlag": null,
  "score": 0,
  "times": 0,
  "imageList": null,
  "displayType": "text",
  "justView": "0",
  "fileName": null,
  "filePath": null,
  "imagePath": null,
  "imageName": null,
  "productIdList": null,
  "curPage": null,
  "pageSize": null,
  "siteCode": null,
  "statusFlag": "Publish",
  "returnCode": 0,
  "totalRows": null,
  "keywords": " 8918",
  "avgScore": 0.0,
  "createDate": null,
  "totalPages": null
}