{
  "type": null,
  "faqId": 8456,
  "title": "4.4 Как прикрепить вложение к MMS-сообщению? Есть ли ограничения размера вложения?",
  "answer": " Во время написания сообщения нажмите на значок ![](http://consumer.huawei.com/support/servlet/imageServlet?dlType=HtmlAreaImage&imageId=22868) , чтобы выбрать тип вложения. Следуя инструкциям на экране, добавьте вложение. \r\n\r\n Размер вложения MMS-сообщения не должен превышать 300 КБ. Если Вы прикрепляете вложение бóльшего размера, оно будет автоматически сжато перед добавлением в сообщение. Разрешение изображения будет уменьшено.![](http://consumer.huawei.com/support/servlet/imageServlet?dlType=HtmlAreaImage&imageId=22869)",
  "faqTypeId": null,
  "faqType": null,
  "useful": 0,
  "unUseful": 0,
  "languageId": 21,
  "languageName": "ru",
  "faqCode": "8919",
  "faqTypeCode": null,
  "isTop": "0",
  "moduleCode": "faq",
  "productId": null,
  "productCode": null,
  "postDate": 1386679645000,
  "seriesProductName": "",
  "visitedTimes": 12,
  "isUsefulFlag": null,
  "score": 0,
  "times": 0,
  "imageList": null,
  "displayType": "text",
  "justView": "0",
  "fileName": null,
  "filePath": null,
  "imagePath": null,
  "imageName": null,
  "productIdList": null,
  "curPage": null,
  "pageSize": null,
  "siteCode": null,
  "statusFlag": "Publish",
  "returnCode": 0,
  "totalRows": null,
  "keywords": " 8919",
  "avgScore": 0.0,
  "createDate": null,
  "totalPages": null
}