{
  "type": null,
  "faqId": 8457,
  "title": "4.5 При отправке или получении MMS-сообщения произошел сбой. Что делать?",
  "answer": " Возможные проблемы и способы их решения: \r\n\r\n l   MMS-сообщение не может быть отправлено или получено, если передача данных отключена. Перед отправкой или загрузкой MMS-сообщения включите мобильную  передачу данных или подключите телефон к сети Wi-Fi. \r\n\r\n l   Если проблема не решена, убедитесь, что в памяти Вашего телефона достаточно места. Для этого: \r\n\r\n Откройте приложение** Настройки**. В разделе **УСТРОЙСТВО** выберите **Память**, чтобы посмотреть сведения. Если в памяти телефона не достаточно свободного места, удалите ненужные файлы. \r\n\r\n ![](http://consumer.huawei.com/support/servlet/imageServlet?dlType=HtmlAreaImage&imageId=22870)",
  "faqTypeId": null,
  "faqType": null,
  "useful": 0,
  "unUseful": 1,
  "languageId": 21,
  "languageName": "ru",
  "faqCode": "8920",
  "faqTypeCode": null,
  "isTop": "0",
  "moduleCode": "faq",
  "productId": null,
  "productCode": null,
  "postDate": 1386679693000,
  "seriesProductName": "",
  "visitedTimes": 24,
  "isUsefulFlag": null,
  "score": 0,
  "times": 0,
  "imageList": null,
  "displayType": "text",
  "justView": "0",
  "fileName": null,
  "filePath": null,
  "imagePath": null,
  "imageName": null,
  "productIdList": null,
  "curPage": null,
  "pageSize": null,
  "siteCode": null,
  "statusFlag": "Publish",
  "returnCode": 0,
  "totalRows": null,
  "keywords": " 8920",
  "avgScore": 0.0,
  "createDate": null,
  "totalPages": null
}