{
  "type": null,
  "faqId": 8458,
  "title": "4.6 Как настроить мелодию уведомления и вибрацию при получении сообщения?",
  "answer": " **                               Шаг 1     **В списке сообщений нажмите ![](http://consumer.huawei.com/support/servlet/imageServlet?dlType=HtmlAreaImage&imageId=22871) > **Настройки**. \r\n\r\n **                               Шаг 2     **В разделе **УВЕДОМЛЕНИЯ** выберите **Выбрать мелодию**. В отобразившемся списке мелодий уведомлений выберите мелодию. \r\n\r\n ![](http://consumer.huawei.com/support/servlet/imageServlet?dlType=HtmlAreaImage&imageId=22872) \r\n\r\n **                               Шаг 3     **Чтобы включить вибрацию при получении новых сообщений, перейдите в раздел настроек сообщений и нажмите **Вибросигнал**. \r\n\r\n ![](http://consumer.huawei.com/support/servlet/imageServlet?dlType=HtmlAreaImage&imageId=22873)",
  "faqTypeId": null,
  "faqType": null,
  "useful": 0,
  "unUseful": 0,
  "languageId": 21,
  "languageName": "ru",
  "faqCode": "8941",
  "faqTypeCode": null,
  "isTop": "0",
  "moduleCode": "faq",
  "productId": null,
  "productCode": null,
  "postDate": 1386679798000,
  "seriesProductName": "",
  "visitedTimes": 80,
  "isUsefulFlag": null,
  "score": 0,
  "times": 0,
  "imageList": null,
  "displayType": "text",
  "justView": "0",
  "fileName": null,
  "filePath": null,
  "imagePath": null,
  "imageName": null,
  "productIdList": null,
  "curPage": null,
  "pageSize": null,
  "siteCode": null,
  "statusFlag": "Publish",
  "returnCode": 0,
  "totalRows": null,
  "keywords": " 8941",
  "avgScore": 0.0,
  "createDate": null,
  "totalPages": null
}