{
  "type": null,
  "faqId": 8459,
  "title": "4.7 Как удалить или заблокировать сообщение? Как удалить несколько сообщений одновременно?",
  "answer": "  ![](http://consumer.huawei.com/support/servlet/imageServlet?dlType=HtmlAreaImage&imageId=22879) \r\n\r\n l   Чтобы удалить или заблокировать сообщение, нажмите и удерживайте его. В отобразившемся меню опций выберите **Удалить** или **Заблокировать**. Заблокированные сообщения не будут удалены при удалении цепочки, в которую входит это сообщение. \r\n\r\n  ![](http://consumer.huawei.com/support/servlet/imageServlet?dlType=HtmlAreaImage&imageId=22874) \r\n\r\n l   Чтобы удалить все сообщения, на экране **SMS****/MMS** нажмите ![](http://consumer.huawei.com/support/servlet/imageServlet?dlType=HtmlAreaImage&imageId=22875)> **Удалить все цепочки** > **Удалить**. \r\n\r\n ![](http://consumer.huawei.com/support/servlet/imageServlet?dlType=HtmlAreaImage&imageId=22878) \r\n\r\n l   Чтобы удалить несколько сообщений, на экране **SMS****/MMS**** **нажмите и удерживайте цепочку, пока не появится значок Корзина. Выберите цепочки сообщений для удаления, нажмите на значок Корзина, затем нажмите **Удалить**.",
  "faqTypeId": null,
  "faqType": null,
  "useful": 1,
  "unUseful": 0,
  "languageId": 21,
  "languageName": "ru",
  "faqCode": "8942",
  "faqTypeCode": null,
  "isTop": "0",
  "moduleCode": "faq",
  "productId": null,
  "productCode": null,
  "postDate": 1386679999000,
  "seriesProductName": "",
  "visitedTimes": 49,
  "isUsefulFlag": null,
  "score": 0,
  "times": 0,
  "imageList": null,
  "displayType": "text",
  "justView": "0",
  "fileName": null,
  "filePath": null,
  "imagePath": null,
  "imageName": null,
  "productIdList": null,
  "curPage": null,
  "pageSize": null,
  "siteCode": null,
  "statusFlag": "Publish",
  "returnCode": 0,
  "totalRows": null,
  "keywords": " 8942",
  "avgScore": 0.0,
  "createDate": null,
  "totalPages": null
}