{
  "type": null,
  "faqId": 8460,
  "title": "4.8 Можно ли изменить шрифт сообщений, не меняя шрифт языка системы?",
  "answer": " Шрифт сообщений изменяется вместе с языком системы. Невозможно изменить шрифт сообщений, не меняя шрифт языка системы. \r\n\r\n Информация об изменении шрифта языка системы приведена в параграфе[** Как изменить шрифт и размер шрифта?**](http://comng.huawei.com/support_mng/#_Как_изменить_шрифт) раздела **[Язык и методы ввода текста](http://comng.huawei.com/support_mng/#_Язык_и_методы)**.",
  "faqTypeId": null,
  "faqType": null,
  "useful": 0,
  "unUseful": 0,
  "languageId": 21,
  "languageName": "ru",
  "faqCode": "8943",
  "faqTypeCode": null,
  "isTop": "0",
  "moduleCode": "faq",
  "productId": null,
  "productCode": null,
  "postDate": 1386682669000,
  "seriesProductName": "",
  "visitedTimes": 55,
  "isUsefulFlag": null,
  "score": 0,
  "times": 0,
  "imageList": null,
  "displayType": "text",
  "justView": "0",
  "fileName": null,
  "filePath": null,
  "imagePath": null,
  "imageName": null,
  "productIdList": null,
  "curPage": null,
  "pageSize": null,
  "siteCode": null,
  "statusFlag": "Publish",
  "returnCode": 0,
  "totalRows": null,
  "keywords": " 8943",
  "avgScore": 0.0,
  "createDate": null,
  "totalPages": null
}