{
  "type": null,
  "faqId": 8461,
  "title": "5.1 Как добавить или удалить аккаунт электронной почты?",
  "answer": " Чтобы добавить аккаунт электронной почты: \r\n\r\n **                               Шаг 1     **На рабочем экране нажмите  ![](http://consumer.huawei.com/support/servlet/imageServlet?dlType=HtmlAreaImage&imageId=22880)> **Эл. почта**. \r\n\r\n **                               Шаг 2     **Выберите тип аккаунта из списка или выберите **Другое**. Введите Ваш адрес и пароль  Вашей электронной почты, затем нажмите **Далее**. \r\n\r\n **                               Шаг 3     **Следуя инструкциям на экране, задайте тип аккаунта (POP3 или IMAP) и введите другую информацию. Если Вы не знаете какие-либо из параметров, необходимых для настройки аккаунта, обратитесь к Вашему провайдеру услуг электронной почты. \r\n\r\n **                               Шаг 4     **Нажмите **Далее**. На экране появится папка **Входящие** только что настроенного аккаунта электронной почты. \r\n\r\n Затем на экране **Входящие** нажмите ![](http://consumer.huawei.com/support/servlet/imageServlet?dlType=HtmlAreaImage&imageId=22881) > **Настройки** > **ДОБАВИТЬ АККАУНТ**, чтобы добавить еще один аккаунт электронной почты. \r\n\r\n Чтобы удалить аккаунт электронной почты: \r\n\r\n **                               Шаг 1     **На экране **Входящие** нажмите ![](http://consumer.huawei.com/support/servlet/imageServlet?dlType=HtmlAreaImage&imageId=22882)> **Настройки**. \r\n\r\n **                               Шаг 2     **Выберите аккаунт электронной почты. \r\n\r\n **                               Шаг 3     **Внизу экрана нажмите **Удалить аккаунт**, затем нажмите **OK**. \r\n\r\n Дополнительную информацию см. в Руководстве пользователя на сайте [http://www.huaweidevice.com](http://www.huaweidevice.com/).",
  "faqTypeId": null,
  "faqType": null,
  "useful": 0,
  "unUseful": 1,
  "languageId": 21,
  "languageName": "ru",
  "faqCode": "8944",
  "faqTypeCode": null,
  "isTop": "0",
  "moduleCode": "faq",
  "productId": null,
  "productCode": null,
  "postDate": 1386682760000,
  "seriesProductName": "",
  "visitedTimes": 70,
  "isUsefulFlag": null,
  "score": 0,
  "times": 0,
  "imageList": null,
  "displayType": "text",
  "justView": "0",
  "fileName": null,
  "filePath": null,
  "imagePath": null,
  "imageName": null,
  "productIdList": null,
  "curPage": null,
  "pageSize": null,
  "siteCode": null,
  "statusFlag": "Publish",
  "returnCode": 0,
  "totalRows": null,
  "keywords": " 8944",
  "avgScore": 0.0,
  "createDate": null,
  "totalPages": null
}