{
  "type": null,
  "faqId": 8462,
  "title": "5.2 Как прикрепить вложение к электронному письму? Есть ли ограничения размера вложения?",
  "answer": " Во время написания сообщения электронной почты нажмите на значок![](http://consumer.huawei.com/support/servlet/imageServlet?dlType=HtmlAreaImage&imageId=22883) , чтобы добавить вложение. \r\n\r\n Общий размер вложений одного электронного письма не должен превышать 5 МБ. \r\n\r\n ![](http://consumer.huawei.com/support/servlet/imageServlet?dlType=HtmlAreaImage&imageId=22884)",
  "faqTypeId": null,
  "faqType": null,
  "useful": 0,
  "unUseful": 0,
  "languageId": 21,
  "languageName": "ru",
  "faqCode": "8945",
  "faqTypeCode": null,
  "isTop": "0",
  "moduleCode": "faq",
  "productId": null,
  "productCode": null,
  "postDate": 1386682831000,
  "seriesProductName": "",
  "visitedTimes": 28,
  "isUsefulFlag": null,
  "score": 0,
  "times": 0,
  "imageList": null,
  "displayType": "text",
  "justView": "0",
  "fileName": null,
  "filePath": null,
  "imagePath": null,
  "imageName": null,
  "productIdList": null,
  "curPage": null,
  "pageSize": null,
  "siteCode": null,
  "statusFlag": "Publish",
  "returnCode": 0,
  "totalRows": null,
  "keywords": " 8945",
  "avgScore": 0.0,
  "createDate": null,
  "totalPages": null
}