{
  "type": null,
  "faqId": 8463,
  "title": "6.1 Где сохраняются фото и видео? Как изменить их место сохранения по умолчанию?",
  "answer": " На экране приложения Камера перетащите вниз значок Стрелка, чтобы открыть раздел Настройки. Затем нажмите на значок ![](http://consumer.huawei.com/support/servlet/imageServlet?dlType=HtmlAreaImage&imageId=22885)  и выберите **Сохранять на**. \r\n\r\n ![](http://consumer.huawei.com/support/servlet/imageServlet?dlType=HtmlAreaImage&imageId=22886) \r\n\r\n l   Если для параметра **Сохранять на** выбрано значение **Карта памяти**, откройте приложение **Диспетчер файлов** и выберите **SD****-карта**. Ваши фото и видео будут сохраняться в папке **DCIM** > **Camera**. \r\n\r\n l   Если для параметра **Сохранять на** выбрано значение **Телефон**, откройте приложение **Диспетчер файлов** и выберите **Телефон**. Ваши фото и видео будут сохраняться в папке **DCIM** > **Camera**. \r\n\r\n Невозможно изменить место сохранения по умолчанию.",
  "faqTypeId": null,
  "faqType": null,
  "useful": 1,
  "unUseful": 0,
  "languageId": 21,
  "languageName": "ru",
  "faqCode": "8946",
  "faqTypeCode": null,
  "isTop": "0",
  "moduleCode": "faq",
  "productId": null,
  "productCode": null,
  "postDate": 1386682939000,
  "seriesProductName": "",
  "visitedTimes": 73,
  "isUsefulFlag": null,
  "score": 0,
  "times": 0,
  "imageList": null,
  "displayType": "text",
  "justView": "0",
  "fileName": null,
  "filePath": null,
  "imagePath": null,
  "imageName": null,
  "productIdList": null,
  "curPage": null,
  "pageSize": null,
  "siteCode": null,
  "statusFlag": "Publish",
  "returnCode": 0,
  "totalRows": null,
  "keywords": " 8946",
  "avgScore": 0.0,
  "createDate": null,
  "totalPages": null
}