{
  "type": null,
  "faqId": 8464,
  "title": "6.2 Как выбрать карту microSD как место сохранения фото и видео по умолчанию?",
  "answer": " Убедитесь, что карта microSD корректно установлена в Вашем телефоне. \r\n\r\n На экране приложения Камера перетащите вниз значок Стрелка, чтобы открыть раздел Настройки. Затем нажмите на значок ![](http://consumer.huawei.com/support/servlet/imageServlet?dlType=HtmlAreaImage&imageId=22888) и выберите для параметра **Сохранять на** значение **Карта памяти**. \r\n\r\n ![](http://consumer.huawei.com/support/servlet/imageServlet?dlType=HtmlAreaImage&imageId=22889)",
  "faqTypeId": null,
  "faqType": null,
  "useful": 0,
  "unUseful": 0,
  "languageId": 21,
  "languageName": "ru",
  "faqCode": "8947",
  "faqTypeCode": null,
  "isTop": "0",
  "moduleCode": "faq",
  "productId": null,
  "productCode": null,
  "postDate": 1386683045000,
  "seriesProductName": "",
  "visitedTimes": 88,
  "isUsefulFlag": null,
  "score": 0,
  "times": 0,
  "imageList": null,
  "displayType": "text",
  "justView": "0",
  "fileName": null,
  "filePath": null,
  "imagePath": null,
  "imageName": null,
  "productIdList": null,
  "curPage": null,
  "pageSize": null,
  "siteCode": null,
  "statusFlag": "Publish",
  "returnCode": 0,
  "totalRows": null,
  "keywords": " 8947",
  "avgScore": 0.0,
  "createDate": null,
  "totalPages": null
}