{
  "type": null,
  "faqId": 8465,
  "title": "6.3 Как отключить звук при съемке фото?",
  "answer": " Невозможно отключить звук при съемке фото.",
  "faqTypeId": null,
  "faqType": null,
  "useful": 0,
  "unUseful": 2,
  "languageId": 21,
  "languageName": "ru",
  "faqCode": "8948",
  "faqTypeCode": null,
  "isTop": "0",
  "moduleCode": "faq",
  "productId": null,
  "productCode": null,
  "postDate": 1386683063000,
  "seriesProductName": "",
  "visitedTimes": 122,
  "isUsefulFlag": null,
  "score": 0,
  "times": 0,
  "imageList": null,
  "displayType": "text",
  "justView": "0",
  "fileName": null,
  "filePath": null,
  "imagePath": null,
  "imageName": null,
  "productIdList": null,
  "curPage": null,
  "pageSize": null,
  "siteCode": null,
  "statusFlag": "Publish",
  "returnCode": 0,
  "totalRows": null,
  "keywords": " 8948",
  "avgScore": 0.0,
  "createDate": null,
  "totalPages": null
}