{
  "type": null,
  "faqId": 8466,
  "title": "6.4 Почему не получается открыть некоторые изображения, видео- и аудиофайлы?",
  "answer": " Возможные проблемы и способы их решения: \r\n\r\n l   Ваш телефон не поддерживает данный формат файла. \r\n\r\n Поддерживаемые форматы изображений: PNG, GIF, JPG и BMP. Поддерживаемые аудио- и видеоформаты: MP3, WAV, OGG, MID, AMR, MP4 и 3GP. \r\n\r\n Чтобы открыть файлы других форматов, установите соответствующие сторонние приложения. \r\n\r\n l   Файл поврежден. \r\n\r\n Загрузите этот файл снова и попытайтесь открыть его. \r\n\r\n l   Файл защищен авторским правом. \r\n\r\n Получите не защищенную авторским правом версию этого файла. \r\n\r\n l   Низкий уровень заряда батареи. \r\n\r\n Подключите телефон к зарядному устройству и повторите попытку. \r\n\r\n l   В памяти телефона недостаточно места. \r\n\r\n Откройте приложение** Настройки**. В разделе **УСТРОЙСТВО** выберите **Память**, чтобы посмотреть сведения. Если в памяти телефона не достаточно свободного места, удалите ненужные файлы. ![](http://consumer.huawei.com/support/servlet/imageServlet?dlType=HtmlAreaImage&imageId=22890) \r\n\r\n l   Произошла неизвестная ошибка. \r\n\r\n Перезапустите соответствующее приложение или телефон.",
  "faqTypeId": null,
  "faqType": null,
  "useful": 1,
  "unUseful": 5,
  "languageId": 21,
  "languageName": "ru",
  "faqCode": "8949",
  "faqTypeCode": null,
  "isTop": "0",
  "moduleCode": "faq",
  "productId": null,
  "productCode": null,
  "postDate": 1386683187000,
  "seriesProductName": "",
  "visitedTimes": 283,
  "isUsefulFlag": null,
  "score": 0,
  "times": 0,
  "imageList": null,
  "displayType": "text",
  "justView": "0",
  "fileName": null,
  "filePath": null,
  "imagePath": null,
  "imageName": null,
  "productIdList": null,
  "curPage": null,
  "pageSize": null,
  "siteCode": null,
  "statusFlag": "Publish",
  "returnCode": 0,
  "totalRows": null,
  "keywords": " 8949",
  "avgScore": 0.0,
  "createDate": null,
  "totalPages": null
}