{
  "type": null,
  "faqId": 8467,
  "title": "6.5 Как посмотреть текст композиции во время ее воспроизведения?",
  "answer": " Текст музыкальных композиций должен быть в формате .lrc. Аудиофайл и файл с текстом композиции должны быть сохранены в одной папке, их имена должны совпадать. \r\n\r\n При прослушивании композиции на предустановленном аудиоплеере перетащите вниз значок Стрелка, чтобы посмотреть ее слова. \r\n\r\n ![](http://consumer.huawei.com/support/servlet/imageServlet?dlType=HtmlAreaImage&imageId=22891)",
  "faqTypeId": null,
  "faqType": null,
  "useful": 0,
  "unUseful": 3,
  "languageId": 21,
  "languageName": "ru",
  "faqCode": "8950",
  "faqTypeCode": null,
  "isTop": "0",
  "moduleCode": "faq",
  "productId": null,
  "productCode": null,
  "postDate": 1386683246000,
  "seriesProductName": "",
  "visitedTimes": 72,
  "isUsefulFlag": null,
  "score": 0,
  "times": 0,
  "imageList": null,
  "displayType": "text",
  "justView": "0",
  "fileName": null,
  "filePath": null,
  "imagePath": null,
  "imageName": null,
  "productIdList": null,
  "curPage": null,
  "pageSize": null,
  "siteCode": null,
  "statusFlag": "Publish",
  "returnCode": 0,
  "totalRows": null,
  "keywords": " 8950",
  "avgScore": 0.0,
  "createDate": null,
  "totalPages": null
}