{
  "type": null,
  "faqId": 8468,
  "title": "6.6 Остановится ли фоновое воспроизведение аудио или видео при входящем вызове?",
  "answer": " Когда при воспроизведении аудио или видео в фоновом режиме Вы получаете входящий вызов, воспроизведение музыки или видео будет приостановлено. \r\n\r\n Когда вызов будет завершен, воспроизведение музыки или видео возобновится.",
  "faqTypeId": null,
  "faqType": null,
  "useful": 2,
  "unUseful": 0,
  "languageId": 21,
  "languageName": "ru",
  "faqCode": "8951",
  "faqTypeCode": null,
  "isTop": "0",
  "moduleCode": "faq",
  "productId": null,
  "productCode": null,
  "postDate": 1386683265000,
  "seriesProductName": "",
  "visitedTimes": 35,
  "isUsefulFlag": null,
  "score": 0,
  "times": 0,
  "imageList": null,
  "displayType": "text",
  "justView": "0",
  "fileName": null,
  "filePath": null,
  "imagePath": null,
  "imageName": null,
  "productIdList": null,
  "curPage": null,
  "pageSize": null,
  "siteCode": null,
  "statusFlag": "Publish",
  "returnCode": 0,
  "totalRows": null,
  "keywords": " 8951",
  "avgScore": 0.0,
  "createDate": null,
  "totalPages": null
}