{
  "type": null,
  "faqId": 8469,
  "title": "6.7 Как использовать телефон для записи аудио? Где сохраняются аудиозаписи?",
  "answer": " Вы можете использовать Ваш телефон как диктофон. \r\n\r\n **                               Шаг 1     **Откройте приложение **Диктофон**. \r\n\r\n **                               Шаг 2     **Нажмите ![](http://consumer.huawei.com/support/servlet/imageServlet?dlType=HtmlAreaImage&imageId=22892), чтобы начать запись. \r\n\r\n **                               Шаг 3     **Нажмите![](http://consumer.huawei.com/support/servlet/imageServlet?dlType=HtmlAreaImage&imageId=22893) , чтобы остановить запись. Нажмите ![](http://consumer.huawei.com/support/servlet/imageServlet?dlType=HtmlAreaImage&imageId=22894), чтобы воспроизвести только что записанное аудио. ![](http://consumer.huawei.com/support/servlet/imageServlet?dlType=HtmlAreaImage&imageId=22895) \r\n\r\n Чтобы изменить место сохранения записей по умолчанию, откройте приложение **Настройки**. В разделе **УСТРОЙСТВО** выберите **Память** > **Память по умолчанию**, затем выберите **Внутренняя память** или **SD****-карта**. \r\n\r\n ![](http://consumer.huawei.com/support/servlet/imageServlet?dlType=HtmlAreaImage&imageId=22896) \r\n\r\n l   Если для параметра **Память по умолчанию** выбрано значение **Внутренняя память**, откройте приложение **Диспетчер файлов** и выберите **Телефон**. Ваши записи будут сохраняться в папке **Recordings**. \r\n\r\n l   Если для параметра **Память по умолчанию** выбрано значение **SD****-карта**, откройте приложение **Диспетчер файлов** и выберите **SD****-карта**. Ваши записи будут сохраняться в папке **Recordings**.",
  "faqTypeId": null,
  "faqType": null,
  "useful": 0,
  "unUseful": 1,
  "languageId": 21,
  "languageName": "ru",
  "faqCode": "8952",
  "faqTypeCode": null,
  "isTop": "0",
  "moduleCode": "faq",
  "productId": null,
  "productCode": null,
  "postDate": 1386683354000,
  "seriesProductName": "",
  "visitedTimes": 71,
  "isUsefulFlag": null,
  "score": 0,
  "times": 0,
  "imageList": null,
  "displayType": "text",
  "justView": "0",
  "fileName": null,
  "filePath": null,
  "imagePath": null,
  "imageName": null,
  "productIdList": null,
  "curPage": null,
  "pageSize": null,
  "siteCode": null,
  "statusFlag": "Publish",
  "returnCode": 0,
  "totalRows": null,
  "keywords": "8952",
  "avgScore": 0.0,
  "createDate": null,
  "totalPages": null
}