{
  "type": null,
  "faqId": 8470,
  "title": "7.1 Как проверить мобильный трафик данных?",
  "answer": " Откройте приложение **Настройки**. В разделе **БЕСПРОВОДНЫЕ СЕТИ** выберите **Передача данных**. ![](http://consumer.huawei.com/support/servlet/imageServlet?dlType=HtmlAreaImage&imageId=22897)",
  "faqTypeId": null,
  "faqType": null,
  "useful": 0,
  "unUseful": 2,
  "languageId": 21,
  "languageName": "ru",
  "faqCode": "8953",
  "faqTypeCode": null,
  "isTop": "0",
  "moduleCode": "faq",
  "productId": null,
  "productCode": null,
  "postDate": 1386683503000,
  "seriesProductName": "",
  "visitedTimes": 54,
  "isUsefulFlag": null,
  "score": 0,
  "times": 0,
  "imageList": null,
  "displayType": "text",
  "justView": "0",
  "fileName": null,
  "filePath": null,
  "imagePath": null,
  "imageName": null,
  "productIdList": null,
  "curPage": null,
  "pageSize": null,
  "siteCode": null,
  "statusFlag": "Publish",
  "returnCode": 0,
  "totalRows": null,
  "keywords": " 8953",
  "avgScore": 0.0,
  "createDate": null,
  "totalPages": null
}