{
  "type": null,
  "faqId": 8471,
  "title": "7.2 Как снизить объем мобильного трафика данных?",
  "answer": " Чтобы снизить объем трафика данных: \r\n\r\n l   Используйте сети Wi-Fi для выхода в Интернет. \r\n\r\n l   Отключайте мобильную передачу данных, когда Вам не нужен доступ в Интернет. \r\n\r\n Чтобы быстро включить или выключить передачу данных, откройте панель уведомлений и нажмите на значок![](http://consumer.huawei.com/support/servlet/imageServlet?dlType=HtmlAreaImage&imageId=22898) . \r\n\r\n l   Отключите загрузку изображений при работе в Интернете. \r\n\r\n На экране приложения **Браузер** нажмите ![](http://consumer.huawei.com/support/servlet/imageServlet?dlType=HtmlAreaImage&imageId=22899)> **Настройки** > **Настройки контента** и уберите галочку в поле **Загружать графику**.![](http://consumer.huawei.com/support/servlet/imageServlet?dlType=HtmlAreaImage&imageId=22900) \r\n\r\n l   Отключайте синхронизацию данных в фоновом режиме, когда она Вам не нужна. \r\n\r\n Выберите **Настройки** > **Аккаунты и синхронизация** и выключите **Аккаунты и синхронизация**. ![](http://consumer.huawei.com/support/servlet/imageServlet?dlType=HtmlAreaImage&imageId=22901) \r\n\r\n <p style=\"text-indent:2em;\"> l   Закрывайте приложения, работа которых может привести к передаче данных в фоновом режиме, когда не пользуетесь ими. </p> <p style=\"text-indent:2em;\">   </p>",
  "faqTypeId": null,
  "faqType": null,
  "useful": 0,
  "unUseful": 0,
  "languageId": 21,
  "languageName": "ru",
  "faqCode": "8954",
  "faqTypeCode": null,
  "isTop": "0",
  "moduleCode": "faq",
  "productId": null,
  "productCode": null,
  "postDate": 1386683599000,
  "seriesProductName": "",
  "visitedTimes": 87,
  "isUsefulFlag": null,
  "score": 0,
  "times": 0,
  "imageList": null,
  "displayType": "text",
  "justView": "0",
  "fileName": null,
  "filePath": null,
  "imagePath": null,
  "imageName": null,
  "productIdList": null,
  "curPage": null,
  "pageSize": null,
  "siteCode": null,
  "statusFlag": "Publish",
  "returnCode": 0,
  "totalRows": null,
  "keywords": "8954",
  "avgScore": 0.0,
  "createDate": null,
  "totalPages": null
}