{
  "type": null,
  "faqId": 8472,
  "title": "7.3 Как осуществлять поиск в Интернете во время разговора?",
  "answer": " Вы можете осуществлять поиск в Интернете во время разговора, только если вызов осуществляется по сети 3G.",
  "faqTypeId": null,
  "faqType": null,
  "useful": 0,
  "unUseful": 0,
  "languageId": 21,
  "languageName": "ru",
  "faqCode": "8954",
  "faqTypeCode": null,
  "isTop": "0",
  "moduleCode": "faq",
  "productId": null,
  "productCode": null,
  "postDate": 1386683663000,
  "seriesProductName": "",
  "visitedTimes": 45,
  "isUsefulFlag": null,
  "score": 0,
  "times": 0,
  "imageList": null,
  "displayType": "text",
  "justView": "0",
  "fileName": null,
  "filePath": null,
  "imagePath": null,
  "imageName": null,
  "productIdList": null,
  "curPage": null,
  "pageSize": null,
  "siteCode": null,
  "statusFlag": "Publish",
  "returnCode": 0,
  "totalRows": null,
  "keywords": " 8954",
  "avgScore": 0.0,
  "createDate": null,
  "totalPages": null
}