{
  "type": null,
  "faqId": 8473,
  "title": "7.4 Что делать, если нет доступа в Интернет после включения службы передачи данных?",
  "answer": " **                               Шаг 1     **Убедитесь, что в телефон корректно вставлена действительная SIM-карта. \r\n\r\n **                               Шаг 2     **Убедитесь, что для Вашей SIM-карты активирована услуга передачи данных. Для получения подробной информации обратитесь к Вашему провайдеру услуг. \r\n\r\n **                               Шаг 3     **Восстановите настройки точки доступа (APN) по умолчанию. \r\n\r\n Откройте приложение **Настройки**. В разделе **БЕСПРОВОДНЫЕ СЕТИ** выберите **Ещё...** > **Мобильная сеть** > **Точки доступа (APN)**. Нажмите ![](http://consumer.huawei.com/support/servlet/imageServlet?dlType=HtmlAreaImage&imageId=22903)> **Сброс настроек** и повторите попытку. \r\n\r\n ![](http://consumer.huawei.com/support/servlet/imageServlet?dlType=HtmlAreaImage&imageId=22904)",
  "faqTypeId": null,
  "faqType": null,
  "useful": 0,
  "unUseful": 0,
  "languageId": 21,
  "languageName": "ru",
  "faqCode": "8955",
  "faqTypeCode": null,
  "isTop": "0",
  "moduleCode": "faq",
  "productId": null,
  "productCode": null,
  "postDate": 1386683870000,
  "seriesProductName": "",
  "visitedTimes": 66,
  "isUsefulFlag": null,
  "score": 0,
  "times": 0,
  "imageList": null,
  "displayType": "text",
  "justView": "0",
  "fileName": null,
  "filePath": null,
  "imagePath": null,
  "imageName": null,
  "productIdList": null,
  "curPage": null,
  "pageSize": null,
  "siteCode": null,
  "statusFlag": "Publish",
  "returnCode": 0,
  "totalRows": null,
  "keywords": " 8955",
  "avgScore": 0.0,
  "createDate": null,
  "totalPages": null
}