{
  "type": null,
  "faqId": 8474,
  "title": "7.5 Что делать, если интернет-соедиение постоянно прерывается?",
  "answer": " l   Убедитесь, что сигнал сети сильный и устойчивый. \r\n\r\n l   Откройте приложение **Настройки**. В разделе **БЕСПРОВОДНЫЕ СЕТИ** выберите **Ещё...** > **Мобильная сеть**, затем поставьте галочку в поле **Пост. перед. данных**. \r\n\r\n  ![](http://consumer.huawei.com/support/servlet/imageServlet?dlType=HtmlAreaImage&imageId=22905) \r\n\r\n l   Если проблема не решена, восстановите настройки телефона по умолчанию и повторите попытку.",
  "faqTypeId": null,
  "faqType": null,
  "useful": 1,
  "unUseful": 3,
  "languageId": 21,
  "languageName": "ru",
  "faqCode": "8956",
  "faqTypeCode": null,
  "isTop": "0",
  "moduleCode": "faq",
  "productId": null,
  "productCode": null,
  "postDate": 1386683925000,
  "seriesProductName": "",
  "visitedTimes": 76,
  "isUsefulFlag": null,
  "score": 0,
  "times": 0,
  "imageList": null,
  "displayType": "text",
  "justView": "0",
  "fileName": null,
  "filePath": null,
  "imagePath": null,
  "imageName": null,
  "productIdList": null,
  "curPage": null,
  "pageSize": null,
  "siteCode": null,
  "statusFlag": "Publish",
  "returnCode": 0,
  "totalRows": null,
  "keywords": " 8956",
  "avgScore": 0.0,
  "createDate": null,
  "totalPages": null
}