{
  "type": null,
  "faqId": 8475,
  "title": "7.6 Как использовать телефон в качестве модема?",
  "answer": " Функция USB-модема позволяет использовать Ваш телефон в качестве модема для Вашего ПК. \r\n\r\n **                               Шаг 1     **Подключите Ваш телефон к ПК, используя USB-кабель. Драйвер автоматически установится на ПК. \r\n\r\n **                               Шаг 2     **Откройте приложение **Настройки** на Вашем телефоне. В разделе **БЕСПРОВОДНЫЕ СЕТИ** выберите **Ещё... **> **Режим модема**, затем выберите **USB****-модем** и включите службу передачи данных. У Вашего ПК появится доступ в Интернет. \r\n\r\n ![](http://consumer.huawei.com/support/servlet/imageServlet?dlType=HtmlAreaImage&imageId=22906)",
  "faqTypeId": null,
  "faqType": null,
  "useful": 1,
  "unUseful": 2,
  "languageId": 21,
  "languageName": "ru",
  "faqCode": "8957",
  "faqTypeCode": null,
  "isTop": "0",
  "moduleCode": "faq",
  "productId": null,
  "productCode": null,
  "postDate": 1386684021000,
  "seriesProductName": "",
  "visitedTimes": 88,
  "isUsefulFlag": null,
  "score": 0,
  "times": 0,
  "imageList": null,
  "displayType": "text",
  "justView": "0",
  "fileName": null,
  "filePath": null,
  "imagePath": null,
  "imageName": null,
  "productIdList": null,
  "curPage": null,
  "pageSize": null,
  "siteCode": null,
  "statusFlag": "Publish",
  "returnCode": 0,
  "totalRows": null,
  "keywords": " 8957",
  "avgScore": 0.0,
  "createDate": null,
  "totalPages": null
}