{
  "type": null,
  "faqId": 8476,
  "title": "8.1 Что делать, если при подключении телефона к сети Wi-Fi на экране телефона появляется сообщение «Сбой аутентификации» или телефон не может получить IP-адрес?",
  "answer": " Возможные проблемы и способы их решения: \r\n\r\n l   Имя и пароль точки доступа Wi-Fi были изменены. Для подключения к сети используйте верное имя и пароль. \r\n\r\n l   К точке доступа Wi-Fi подключено максимально возможное количество устройств. Подключитесь к другой точке доступа Wi-Fi. \r\n\r\n l   Если телефону не удается получить IP-адрес, настройте статический IP-адрес. Для этого: \r\n\r\n На экране настроек Wi-Fi нажмите на точку доступа, к которой хотите подключиться. В отобразившемся диалоговом окне выберите **Дополнительно**. В раскрывающемся списке **Настройки ****IP **выберите **Статический**. Введите пароль и нажмите **Подключить**. Когда соединение будет установлено, значок сети Wi-Fi отобразится в строке состояния. \r\n\r\n ![](http://consumer.huawei.com/support/servlet/imageServlet?dlType=HtmlAreaImage&imageId=22907) \r\n\r\n Если проблема не решена, выключите и повторно включите Wi-Fi или перезапустите Ваш телефон.",
  "faqTypeId": null,
  "faqType": null,
  "useful": 0,
  "unUseful": 0,
  "languageId": 21,
  "languageName": "ru",
  "faqCode": "8958",
  "faqTypeCode": null,
  "isTop": "0",
  "moduleCode": "faq",
  "productId": null,
  "productCode": null,
  "postDate": 1386684070000,
  "seriesProductName": "",
  "visitedTimes": 86,
  "isUsefulFlag": null,
  "score": 0,
  "times": 0,
  "imageList": null,
  "displayType": "text",
  "justView": "0",
  "fileName": null,
  "filePath": null,
  "imagePath": null,
  "imageName": null,
  "productIdList": null,
  "curPage": null,
  "pageSize": null,
  "siteCode": null,
  "statusFlag": "Publish",
  "returnCode": 0,
  "totalRows": null,
  "keywords": " 8958",
  "avgScore": 0.0,
  "createDate": null,
  "totalPages": null
}