{
  "type": null,
  "faqId": 8477,
  "title": "8.2 Что делать, если при подключении к сети Wi-Fi на телефоне не появляется доступ в Интернет?",
  "answer": " l   Убедитесь, что точка доступа Wi-Fi, к которой Вы подключены, имеет доступ в Интернет. \r\n\r\n l   Если в качестве точки доступа Wi-Fi используется другой телефон, убедитесь, что на нем включена служба передачи данных. \r\n\r\n l   Перезапустите точку доступа Wi-Fi и повторите попытку.",
  "faqTypeId": null,
  "faqType": null,
  "useful": 1,
  "unUseful": 10,
  "languageId": 21,
  "languageName": "ru",
  "faqCode": "8959",
  "faqTypeCode": null,
  "isTop": "0",
  "moduleCode": "faq",
  "productId": null,
  "productCode": null,
  "postDate": 1386684089000,
  "seriesProductName": "",
  "visitedTimes": 110,
  "isUsefulFlag": null,
  "score": 0,
  "times": 0,
  "imageList": null,
  "displayType": "text",
  "justView": "0",
  "fileName": null,
  "filePath": null,
  "imagePath": null,
  "imageName": null,
  "productIdList": null,
  "curPage": null,
  "pageSize": null,
  "siteCode": null,
  "statusFlag": "Publish",
  "returnCode": 0,
  "totalRows": null,
  "keywords": " 8959",
  "avgScore": 0.0,
  "createDate": null,
  "totalPages": null
}