{
  "type": null,
  "faqId": 8478,
  "title": "8.3 Что делать, если Wi-Fi-соединение постоянно прерывается?",
  "answer": " На экране настроек Wi-Fi нажмите ![](http://consumer.huawei.com/support/servlet/imageServlet?dlType=HtmlAreaImage&imageId=22908)> **Дополнительные функции** > **Wi****-Fi**** ****в спящем режиме**. В отобразившемся меню опций выберите **Всегда**. ![](http://consumer.huawei.com/support/servlet/imageServlet?dlType=HtmlAreaImage&imageId=22909)",
  "faqTypeId": null,
  "faqType": null,
  "useful": 0,
  "unUseful": 1,
  "languageId": 21,
  "languageName": "ru",
  "faqCode": "8960",
  "faqTypeCode": null,
  "isTop": "0",
  "moduleCode": "faq",
  "productId": null,
  "productCode": null,
  "postDate": 1386684165000,
  "seriesProductName": "",
  "visitedTimes": 107,
  "isUsefulFlag": null,
  "score": 0,
  "times": 0,
  "imageList": null,
  "displayType": "text",
  "justView": "0",
  "fileName": null,
  "filePath": null,
  "imagePath": null,
  "imageName": null,
  "productIdList": null,
  "curPage": null,
  "pageSize": null,
  "siteCode": null,
  "statusFlag": "Publish",
  "returnCode": 0,
  "totalRows": null,
  "keywords": " 8960",
  "avgScore": 0.0,
  "createDate": null,
  "totalPages": null
}