{
  "type": null,
  "faqId": 8479,
  "title": "8.4 Если телефон подключен к сети Wi-Fi и при этом включена передача данных, как выбрать способ доступа в Интернет?",
  "answer": " Когда телефон подключен к сети Wi-Fi и при этом включена служба мобильной передачи данных, телефон автоматически использует сеть Wi-Fi для доступа в Интернет. Когда Wi-Fi-соединение отсутствует, телефон автоматически переключается на мобильную передачу данных. Значки в строке состояния указывают, какая из сетей (сеть Wi-Fi или мобильная сеть) используется для доступа в Интернет. \r\n\r\n Значок ![](http://consumer.huawei.com/support/servlet/imageServlet?dlType=HtmlAreaImage&imageId=22910) означает, что используется сеть Wi-Fi , значок  ![](http://consumer.huawei.com/support/servlet/imageServlet?dlType=HtmlAreaImage&imageId=22911)означает, что используется мобильная сети. \r\n\r\n Примечание: Фактический вид значков может отличаться в зависимости от модели. \r\n\r\n ![](http://consumer.huawei.com/support/servlet/imageServlet?dlType=HtmlAreaImage&imageId=22912)",
  "faqTypeId": null,
  "faqType": null,
  "useful": 0,
  "unUseful": 0,
  "languageId": 21,
  "languageName": "ru",
  "faqCode": "8961",
  "faqTypeCode": null,
  "isTop": "0",
  "moduleCode": "faq",
  "productId": null,
  "productCode": null,
  "postDate": 1386684637000,
  "seriesProductName": "",
  "visitedTimes": 96,
  "isUsefulFlag": null,
  "score": 0,
  "times": 0,
  "imageList": null,
  "displayType": "text",
  "justView": "0",
  "fileName": null,
  "filePath": null,
  "imagePath": null,
  "imageName": null,
  "productIdList": null,
  "curPage": null,
  "pageSize": null,
  "siteCode": null,
  "statusFlag": "Publish",
  "returnCode": 0,
  "totalRows": null,
  "keywords": " 8961",
  "avgScore": 0.0,
  "createDate": null,
  "totalPages": null
}