{
  "type": null,
  "faqId": 8480,
  "title": "8.5 Как использовать телефон в качестве точки доступа Wi-Fi?",
  "answer": " Ваш телефон может работать в режиме беспроводной точки доступа и предоставлять доступ в Интернет для других устройств. \r\n\r\n **                               Шаг 1     **Откройте приложение **Настройки**. В разделе **БЕСПРОВОДНЫЕ СЕТИ** выберите **Ещё... **> **Режим модема**. \r\n\r\n **                               Шаг 2     **Выберите **Точка доступа ****Wi****-Fi**. \r\n\r\n **                               Шаг 3     **Нажмите **Настроить точку ****Wi****-Fi**. Задайте имя и пароль точки доступа, затем нажмите **Сохранить**. \r\n\r\n **                               Шаг 4     **Включите службу передачи данных. У других беспроводных устройств появится доступ в Интернет. \r\n\r\n ![](http://consumer.huawei.com/support/servlet/imageServlet?dlType=HtmlAreaImage&imageId=22913)",
  "faqTypeId": null,
  "faqType": null,
  "useful": 0,
  "unUseful": 0,
  "languageId": 21,
  "languageName": "ru",
  "faqCode": "8962",
  "faqTypeCode": null,
  "isTop": "0",
  "moduleCode": "faq",
  "productId": null,
  "productCode": null,
  "postDate": 1386684697000,
  "seriesProductName": "",
  "visitedTimes": 117,
  "isUsefulFlag": null,
  "score": 0,
  "times": 0,
  "imageList": null,
  "displayType": "text",
  "justView": "0",
  "fileName": null,
  "filePath": null,
  "imagePath": null,
  "imageName": null,
  "productIdList": null,
  "curPage": null,
  "pageSize": null,
  "siteCode": null,
  "statusFlag": "Publish",
  "returnCode": 0,
  "totalRows": null,
  "keywords": " 8962",
  "avgScore": 0.0,
  "createDate": null,
  "totalPages": null
}