{
  "type": null,
  "faqId": 8481,
  "title": "9.1 Что делать, если телефон невидимый для других Bluetooth-устройств?",
  "answer": " Возможные проблемы и способы их решения: \r\n\r\n l   Ваш телефон невидимый для других устройств. \r\n\r\n Включите Bluetooth, нажмите **Bluetooth**, чтобы перейти к экрану настроек Bluetooth. Нажмите на имя Вашего телефона и задайте параметры видимости.![](http://consumer.huawei.com/support/servlet/imageServlet?dlType=HtmlAreaImage&imageId=22914) \r\n\r\n l   Тайм-аут видимости Bluetooth. \r\n\r\n Повторно задайте видимость Bluetooth или измените тайм-аут видимости. На экране **Bluetooth** нажмите ![](http://consumer.huawei.com/support/servlet/imageServlet?dlType=HtmlAreaImage&imageId=22915)> **Тайм-аут видимости**, чтобы задать период видимости. \r\n\r\n ![](http://consumer.huawei.com/support/servlet/imageServlet?dlType=HtmlAreaImage&imageId=22916)",
  "faqTypeId": null,
  "faqType": null,
  "useful": 0,
  "unUseful": 0,
  "languageId": 21,
  "languageName": "ru",
  "faqCode": "8963",
  "faqTypeCode": null,
  "isTop": "0",
  "moduleCode": "faq",
  "productId": null,
  "productCode": null,
  "postDate": 1386684846000,
  "seriesProductName": "",
  "visitedTimes": 35,
  "isUsefulFlag": null,
  "score": 0,
  "times": 0,
  "imageList": null,
  "displayType": "text",
  "justView": "0",
  "fileName": null,
  "filePath": null,
  "imagePath": null,
  "imageName": null,
  "productIdList": null,
  "curPage": null,
  "pageSize": null,
  "siteCode": null,
  "statusFlag": "Publish",
  "returnCode": 0,
  "totalRows": null,
  "keywords": " 8963",
  "avgScore": 0.0,
  "createDate": null,
  "totalPages": null
}