{
  "type": null,
  "faqId": 8482,
  "title": "9.2 Почему не удается отправить файл на другое Bluetooth-устройство?",
  "answer": " Возможные причины: \r\n\r\n l   Другое Bluetooth-устройство не приняло Ваш запрос на передачу файла. \r\n\r\n l   Другое Bluetooth-устройство не поддерживает формат передаваемого файла. \r\n\r\n l   Расстояние между Вашим телефоном и другим Bluetooth-устройством больше 10 метров.",
  "faqTypeId": null,
  "faqType": null,
  "useful": 2,
  "unUseful": 0,
  "languageId": 21,
  "languageName": "ru",
  "faqCode": "8964",
  "faqTypeCode": null,
  "isTop": "0",
  "moduleCode": "faq",
  "productId": null,
  "productCode": null,
  "postDate": 1386684987000,
  "seriesProductName": "",
  "visitedTimes": 36,
  "isUsefulFlag": null,
  "score": 0,
  "times": 0,
  "imageList": null,
  "displayType": "text",
  "justView": "0",
  "fileName": null,
  "filePath": null,
  "imagePath": null,
  "imageName": null,
  "productIdList": null,
  "curPage": null,
  "pageSize": null,
  "siteCode": null,
  "statusFlag": "Publish",
  "returnCode": 0,
  "totalRows": null,
  "keywords": " 8964",
  "avgScore": 0.0,
  "createDate": null,
  "totalPages": null
}