{
  "type": null,
  "faqId": 8483,
  "title": "9.3 Каково максимальное расстояние между  Bluetooth-устройствами для сопряжения и передачи файлов?",
  "answer": " Максимальное расстояние между Bluetooth-устройствами для сопряжения и передачи файлов – 10 метров.",
  "faqTypeId": null,
  "faqType": null,
  "useful": 1,
  "unUseful": 0,
  "languageId": 21,
  "languageName": "ru",
  "faqCode": "8965",
  "faqTypeCode": null,
  "isTop": "0",
  "moduleCode": "faq",
  "productId": null,
  "productCode": null,
  "postDate": 1386685006000,
  "seriesProductName": "",
  "visitedTimes": 66,
  "isUsefulFlag": null,
  "score": 0,
  "times": 0,
  "imageList": null,
  "displayType": "text",
  "justView": "0",
  "fileName": null,
  "filePath": null,
  "imagePath": null,
  "imageName": null,
  "productIdList": null,
  "curPage": null,
  "pageSize": null,
  "siteCode": null,
  "statusFlag": "Publish",
  "returnCode": 0,
  "totalRows": null,
  "keywords": " 8965",
  "avgScore": 0.0,
  "createDate": null,
  "totalPages": null
}