{
  "type": null,
  "faqId": 8484,
  "title": "10.1 Как использовать функцию DLNA?",
  "answer": " Технология DLNA (Digital Living Network Alliance) позволяет размещать медиафайлы (например, фото, видео и музыкальные композиции) в общем доступе для устройств в одной сети Wi-Fi. \r\n\r\n Перед использованием функции DLNA убедитесь, что Ваш телефон и другие DLNA-устройства подключены к одной сети Wi-Fi и на них включена функция DLNA. \r\n\r\n Откройте приложение **DLNA**. Вы сможете размещать в общем доступе, просматривать и загружать медиафайлы на других DLNA-устройствах. \r\n\r\n ![](http://consumer.huawei.com/support/servlet/imageServlet?dlType=HtmlAreaImage&imageId=22917)",
  "faqTypeId": null,
  "faqType": null,
  "useful": 1,
  "unUseful": 0,
  "languageId": 21,
  "languageName": "ru",
  "faqCode": "8966",
  "faqTypeCode": null,
  "isTop": "0",
  "moduleCode": "faq",
  "productId": null,
  "productCode": null,
  "postDate": 1386685088000,
  "seriesProductName": "",
  "visitedTimes": 106,
  "isUsefulFlag": null,
  "score": 0,
  "times": 0,
  "imageList": null,
  "displayType": "text",
  "justView": "0",
  "fileName": null,
  "filePath": null,
  "imagePath": null,
  "imageName": null,
  "productIdList": null,
  "curPage": null,
  "pageSize": null,
  "siteCode": null,
  "statusFlag": "Publish",
  "returnCode": 0,
  "totalRows": null,
  "keywords": " 8966",
  "avgScore": 0.0,
  "createDate": null,
  "totalPages": null
}