{
  "type": null,
  "faqId": 8485,
  "title": "10.2 Как добавить и удалить файлы и папки общего доступа?",
  "answer": " Перед отправкой файла в общий доступ на экране приложения **DLNA** нажмите ![](http://consumer.huawei.com/support/servlet/imageServlet?dlType=HtmlAreaImage&imageId=22918)> **Настройки **и выберите **Доступ к моим файлам**. В противном случае, другие устройства не смогут определить Ваш телефон. \r\n\r\n ![](http://consumer.huawei.com/support/servlet/imageServlet?dlType=HtmlAreaImage&imageId=22919) \r\n\r\n l   Чтобы отправить медиафайл или папку в общий доступ: \r\n\r\n **                               Шаг 1     **На экране приложения **DLNA** нажмите **Общий до****ступ**. \r\n\r\n **                               Шаг 2     **Нажмите ![](http://consumer.huawei.com/support/servlet/imageServlet?dlType=HtmlAreaImage&imageId=22920), чтобы выбрать файлы или папки, которые Вы хотите отправить в общий доступ. \r\n\r\n **                               Шаг 3     **Нажмите ![](http://consumer.huawei.com/support/servlet/imageServlet?dlType=HtmlAreaImage&imageId=22921). \r\n\r\n ![](http://consumer.huawei.com/support/servlet/imageServlet?dlType=HtmlAreaImage&imageId=22923) \r\n\r\n l   Чтобы удалить медиафайл или папку из общего доступа: \r\n\r\n На экране **Общий доступ** нажмите ![](http://consumer.huawei.com/support/servlet/imageServlet?dlType=HtmlAreaImage&imageId=22924)> **Удалить файлы общего доступа**, нажмите на файлы и папки, которые Вы хотите удалить из общего доступа, затем нажмите![](http://consumer.huawei.com/support/servlet/imageServlet?dlType=HtmlAreaImage&imageId=22925) . \r\n\r\n ![](http://consumer.huawei.com/support/servlet/imageServlet?dlType=HtmlAreaImage&imageId=22926) \r\n\r\n Или на экране **Общий доступ **нажмите и удерживайте файл или папку, которую Вы хотите удалить из общего доступа, затем в отобразившемся меню опций выберите **Удалить файлы общего доступа**. \r\n\r\n ![](http://consumer.huawei.com/support/servlet/imageServlet?dlType=HtmlAreaImage&imageId=22927)",
  "faqTypeId": null,
  "faqType": null,
  "useful": 0,
  "unUseful": 0,
  "languageId": 21,
  "languageName": "ru",
  "faqCode": "8967",
  "faqTypeCode": null,
  "isTop": "0",
  "moduleCode": "faq",
  "productId": null,
  "productCode": null,
  "postDate": 1386685470000,
  "seriesProductName": "",
  "visitedTimes": 41,
  "isUsefulFlag": null,
  "score": 0,
  "times": 0,
  "imageList": null,
  "displayType": "text",
  "justView": "0",
  "fileName": null,
  "filePath": null,
  "imagePath": null,
  "imageName": null,
  "productIdList": null,
  "curPage": null,
  "pageSize": null,
  "siteCode": null,
  "statusFlag": "Publish",
  "returnCode": 0,
  "totalRows": null,
  "keywords": " 8967",
  "avgScore": 0.0,
  "createDate": null,
  "totalPages": null
}