{
  "type": null,
  "faqId": 8486,
  "title": "10.3 Как посмотреть файлы общего доступа на моем телефоне?",
  "answer": " Выполните одно из нижеприведенных действий: \r\n\r\n l   На экране приложения **DLNA**** **нажмите ![](http://consumer.huawei.com/support/servlet/imageServlet?dlType=HtmlAreaImage&imageId=22928), введите часть имени файла и имя файла целиком, затем нажмите на значок Поиск, чтобы выполнить поиск. В отобразившемся списке результатов поиска выберите искомый файл. \r\n\r\n ![](http://consumer.huawei.com/support/servlet/imageServlet?dlType=HtmlAreaImage&imageId=22929) \r\n\r\n l   На экране приложения **DLNA**** **нажмите **Периф. уст-ва** или другие медиаисточники. В списке серверов нажмите на сервер, чтобы посмотреть его файлы общего доступа. \r\n\r\n ![](http://consumer.huawei.com/support/servlet/imageServlet?dlType=HtmlAreaImage&imageId=22930)",
  "faqTypeId": null,
  "faqType": null,
  "useful": 0,
  "unUseful": 0,
  "languageId": 21,
  "languageName": "ru",
  "faqCode": "8968",
  "faqTypeCode": null,
  "isTop": "0",
  "moduleCode": "faq",
  "productId": null,
  "productCode": null,
  "postDate": 1386685606000,
  "seriesProductName": "",
  "visitedTimes": 64,
  "isUsefulFlag": null,
  "score": 0,
  "times": 0,
  "imageList": null,
  "displayType": "text",
  "justView": "0",
  "fileName": null,
  "filePath": null,
  "imagePath": null,
  "imageName": null,
  "productIdList": null,
  "curPage": null,
  "pageSize": null,
  "siteCode": null,
  "statusFlag": "Publish",
  "returnCode": 0,
  "totalRows": null,
  "keywords": " 8968",
  "avgScore": 0.0,
  "createDate": null,
  "totalPages": null
}