{
  "type": null,
  "faqId": 8487,
  "title": "10.4 Как выгружать и загружать файлы, используя DLNA?",
  "answer": " l   Чтобы выгрузить файл: \r\n\r\n **                               Шаг 1     **На экране приложения **DLNA** нажмите **Периф. уст-ва**. \r\n\r\n **                               Шаг 2     **В отобразившемся списке серверов нажмите и удерживайте искомый сервер. В отобразившемся меню опций выберите **Отпр. на уст-во**, чтобы отобразить экран **Диспетчер файлов**. \r\n\r\n **                               Шаг 3     **Нажмите **ТЕЛЕФОН** или **SD****-КАРТА**, выберите файл или папку, которую Вы хотите выгрузить, и нажмите![](http://consumer.huawei.com/support/servlet/imageServlet?dlType=HtmlAreaImage&imageId=22931). \r\n\r\n ![](http://consumer.huawei.com/support/servlet/imageServlet?dlType=HtmlAreaImage&imageId=22932) \r\n\r\n l   Чтобы загрузить файл: \r\n\r\n **                               Шаг 1     **На экране приложения **DLNA** нажмите **Периф. уст-ва**, чтобы отобразить список серверов. \r\n\r\n **                               Шаг 2     **Нажмите и удерживайте файл, который Вы хотите загрузить, в отобразившемся меню опций выберите **Загрузить**. По умолчанию загруженные файлы сохраняются в папку **download** в разделе **Диспетчер файлов **> **Телефон **> **DLNA**. \r\n\r\n ![](http://consumer.huawei.com/support/servlet/imageServlet?dlType=HtmlAreaImage&imageId=22933)",
  "faqTypeId": null,
  "faqType": null,
  "useful": 1,
  "unUseful": 0,
  "languageId": 21,
  "languageName": "ru",
  "faqCode": "8969",
  "faqTypeCode": null,
  "isTop": "0",
  "moduleCode": "faq",
  "productId": null,
  "productCode": null,
  "postDate": 1386685831000,
  "seriesProductName": "",
  "visitedTimes": 145,
  "isUsefulFlag": null,
  "score": 0,
  "times": 0,
  "imageList": null,
  "displayType": "text",
  "justView": "0",
  "fileName": null,
  "filePath": null,
  "imagePath": null,
  "imageName": null,
  "productIdList": null,
  "curPage": null,
  "pageSize": null,
  "siteCode": null,
  "statusFlag": "Publish",
  "returnCode": 0,
  "totalRows": null,
  "keywords": " 8969",
  "avgScore": 0.0,
  "createDate": null,
  "totalPages": null
}