{
  "type": null,
  "faqId": 8488,
  "title": "11.1 Как использовать приложение Android Beam?",
  "answer": " Приложение Android Beam предоставляет возможность быстрого обмена информацией между двумя телефонами с поддержкой технологии NFC. Чтобы передать веб-страницу или контакт с одного телефона на другой, просто разместите их задними панелями друг к другу. \r\n\r\n Чтобы включить NFC, откройте приложение **Настройки**. В разделе **БЕСПРОВОДНЫЕ СЕТИ** выберите **NFC**. Чтобы включить Android Beam, нажмите на **Android**** Beam** и выключите **Android**** Beam**. \r\n\r\n Чтобы передать веб-страницы или контакт с одного телефона на другой, разместите их задними панелями друг к другу, затем нажмите на экран телефона, с которого осуществляется передача. \r\n\r\n ![](http://consumer.huawei.com/support/servlet/imageServlet?dlType=HtmlAreaImage&imageId=22934)",
  "faqTypeId": null,
  "faqType": null,
  "useful": 0,
  "unUseful": 0,
  "languageId": 21,
  "languageName": "ru",
  "faqCode": "8970",
  "faqTypeCode": null,
  "isTop": "0",
  "moduleCode": "faq",
  "productId": null,
  "productCode": null,
  "postDate": 1386685882000,
  "seriesProductName": "",
  "visitedTimes": 122,
  "isUsefulFlag": null,
  "score": 0,
  "times": 0,
  "imageList": null,
  "displayType": "text",
  "justView": "0",
  "fileName": null,
  "filePath": null,
  "imagePath": null,
  "imageName": null,
  "productIdList": null,
  "curPage": null,
  "pageSize": null,
  "siteCode": null,
  "statusFlag": "Publish",
  "returnCode": 0,
  "totalRows": null,
  "keywords": " 8970",
  "avgScore": 0.0,
  "createDate": null,
  "totalPages": null
}