{
  "type": null,
  "faqId": 8489,
  "title": "11.2 Можно ли использовать Android Beam а режиме полета?",
  "answer": " Нет, невозможно использовать Android Beam в режиме полета.",
  "faqTypeId": null,
  "faqType": null,
  "useful": 0,
  "unUseful": 0,
  "languageId": 21,
  "languageName": "ru",
  "faqCode": "8971",
  "faqTypeCode": null,
  "isTop": "0",
  "moduleCode": "faq",
  "productId": null,
  "productCode": null,
  "postDate": 1386685899000,
  "seriesProductName": "",
  "visitedTimes": 35,
  "isUsefulFlag": null,
  "score": 0,
  "times": 0,
  "imageList": null,
  "displayType": "text",
  "justView": "0",
  "fileName": null,
  "filePath": null,
  "imagePath": null,
  "imageName": null,
  "productIdList": null,
  "curPage": null,
  "pageSize": null,
  "siteCode": null,
  "statusFlag": "Publish",
  "returnCode": 0,
  "totalRows": null,
  "keywords": " 8971",
  "avgScore": 0.0,
  "createDate": null,
  "totalPages": null
}