{
  "type": null,
  "faqId": 8490,
  "title": "12.1 Как использовать функцию GPS-навигации?",
  "answer": " Убедитесь, что Ваш телефон поддерживает GPS и на нем установлено навигационное приложение. \r\n\r\n **                               Шаг 1     **Откройте приложение **Настройки**. В разделе **ЛИЧНЫЕ ДАННЫЕ **нажмите **Мое местоположение** и выберите **По спутникам ****GPS**. \r\n\r\n ![](http://consumer.huawei.com/support/servlet/imageServlet?dlType=HtmlAreaImage&imageId=22935) \r\n\r\n **                               Шаг 1     **Откройте навигационное приложение на телефоне и проложите маршрут. \r\n\r\n Для работы некоторых навигационных приложений может требоваться подключение к сети. Если Вы планируете пользоваться таким приложением, убедитесь, что у Вашего телефона есть доступ в Интернет.",
  "faqTypeId": null,
  "faqType": null,
  "useful": 0,
  "unUseful": 0,
  "languageId": 21,
  "languageName": "ru",
  "faqCode": "8972",
  "faqTypeCode": null,
  "isTop": "0",
  "moduleCode": "faq",
  "productId": null,
  "productCode": null,
  "postDate": 1386685955000,
  "seriesProductName": "",
  "visitedTimes": 119,
  "isUsefulFlag": null,
  "score": 0,
  "times": 0,
  "imageList": null,
  "displayType": "text",
  "justView": "0",
  "fileName": null,
  "filePath": null,
  "imagePath": null,
  "imageName": null,
  "productIdList": null,
  "curPage": null,
  "pageSize": null,
  "siteCode": null,
  "statusFlag": "Publish",
  "returnCode": 0,
  "totalRows": null,
  "keywords": " 8972",
  "avgScore": 0.0,
  "createDate": null,
  "totalPages": null
}