{
  "type": null,
  "faqId": 8491,
  "title": "12.2 Может ли использование GPS-навигации привести к увеличению трафика данных?",
  "answer": " Да, использование GPS-навигации может привести к увеличению трафика данных. Для получения подробной информации о тарифах обратитесь к Вашему провайдеру услуг. \r\n\r\n Чтобы снизить трафик данных, загрузите офлайн-карты или сторонние приложения, которые поддерживают навигацию офлайн.",
  "faqTypeId": null,
  "faqType": null,
  "useful": 2,
  "unUseful": 0,
  "languageId": 21,
  "languageName": "ru",
  "faqCode": "8973",
  "faqTypeCode": null,
  "isTop": "0",
  "moduleCode": "faq",
  "productId": null,
  "productCode": null,
  "postDate": 1386685971000,
  "seriesProductName": "",
  "visitedTimes": 67,
  "isUsefulFlag": null,
  "score": 0,
  "times": 0,
  "imageList": null,
  "displayType": "text",
  "justView": "0",
  "fileName": null,
  "filePath": null,
  "imagePath": null,
  "imageName": null,
  "productIdList": null,
  "curPage": null,
  "pageSize": null,
  "siteCode": null,
  "statusFlag": "Publish",
  "returnCode": 0,
  "totalRows": null,
  "keywords": " 8973",
  "avgScore": 0.0,
  "createDate": null,
  "totalPages": null
}