{
  "type": null,
  "faqId": 8492,
  "title": "12.3 Что делать, если навигационное приложение не может определить местоположение? Можно ли опредледить местоположение в помещении?",
  "answer": " l   Для работы некоторых навигационных приложений требуется подключение к сети. Убедитесь, что Ваш телефон подключен к сети Wi-Fi или включена служба передачи данных. \r\n\r\n l   Для улучшения приема сигнала определяйте местоположение на улице. Сигналы GPS очень слабы в помещениях, что может привести к неточным результатам определения местоположения. \r\n\r\n l   Если проблема не решена, загрузите стороннее навигационное приложение и повторите попытку.",
  "faqTypeId": null,
  "faqType": null,
  "useful": 0,
  "unUseful": 0,
  "languageId": 21,
  "languageName": "ru",
  "faqCode": "8974",
  "faqTypeCode": null,
  "isTop": "0",
  "moduleCode": "faq",
  "productId": null,
  "productCode": null,
  "postDate": 1386685987000,
  "seriesProductName": "",
  "visitedTimes": 41,
  "isUsefulFlag": null,
  "score": 0,
  "times": 0,
  "imageList": null,
  "displayType": "text",
  "justView": "0",
  "fileName": null,
  "filePath": null,
  "imagePath": null,
  "imageName": null,
  "productIdList": null,
  "curPage": null,
  "pageSize": null,
  "siteCode": null,
  "statusFlag": "Publish",
  "returnCode": 0,
  "totalRows": null,
  "keywords": " 8974",
  "avgScore": 0.0,
  "createDate": null,
  "totalPages": null
}