{
  "type": null,
  "faqId": 8493,
  "title": "12.4 Что делать, если местоположение определяется неточно?",
  "answer": " Точность геопозиционирования зависит от сигнала спутников GPS и точности карты. Попробуйте определить местоположение на улице или используйте другое навигационное приложение. \r\n\r\n Если Ваш телефон поддерживает AGPS, откройте приложение **Настройки**. В разделе **ЛИЧНЫЕ ДАННЫЕ** нажмите **Мое местоположение** и выберите **Быстрый поиск ****GPS**. ![](http://consumer.huawei.com/support/servlet/imageServlet?dlType=HtmlAreaImage&imageId=22936) \r\n\r\n ****",
  "faqTypeId": null,
  "faqType": null,
  "useful": 0,
  "unUseful": 0,
  "languageId": 21,
  "languageName": "ru",
  "faqCode": "8975",
  "faqTypeCode": null,
  "isTop": "0",
  "moduleCode": "faq",
  "productId": null,
  "productCode": null,
  "postDate": 1386686001000,
  "seriesProductName": "",
  "visitedTimes": 74,
  "isUsefulFlag": null,
  "score": 0,
  "times": 0,
  "imageList": null,
  "displayType": "text",
  "justView": "0",
  "fileName": null,
  "filePath": null,
  "imagePath": null,
  "imageName": null,
  "productIdList": null,
  "curPage": null,
  "pageSize": null,
  "siteCode": null,
  "statusFlag": "Publish",
  "returnCode": 0,
  "totalRows": null,
  "keywords": "8975",
  "avgScore": 0.0,
  "createDate": null,
  "totalPages": null
}