{
  "type": null,
  "faqId": 8494,
  "title": "13.1 Как загрузить сторонние приложения?",
  "answer": " Сторонние приложения доступны в Google Play Store.",
  "faqTypeId": null,
  "faqType": null,
  "useful": 1,
  "unUseful": 0,
  "languageId": 21,
  "languageName": "ru",
  "faqCode": "8976",
  "faqTypeCode": null,
  "isTop": "0",
  "moduleCode": "faq",
  "productId": null,
  "productCode": null,
  "postDate": 1386686105000,
  "seriesProductName": "",
  "visitedTimes": 80,
  "isUsefulFlag": null,
  "score": 0,
  "times": 0,
  "imageList": null,
  "displayType": "text",
  "justView": "0",
  "fileName": null,
  "filePath": null,
  "imagePath": null,
  "imageName": null,
  "productIdList": null,
  "curPage": null,
  "pageSize": null,
  "siteCode": null,
  "statusFlag": "Publish",
  "returnCode": 0,
  "totalRows": null,
  "keywords": " 8976",
  "avgScore": 0.0,
  "createDate": null,
  "totalPages": null
}