{
  "type": null,
  "faqId": 8495,
  "title": "13.2 Что делать, если при установке стороннего приложения появляется сообщение \"Установка заблокирована\"?",
  "answer": " При установке стороннего приложения не из Google Play Store будет отображаться сообщение \"Установка заблокирована\". \r\n\r\n Если Вы все же хотите загрузить это стороннее приложение, откройте приложение **Настройки**. В разделе **ЛИЧНЫЕ ДАННЫЕ** нажмите **Безопасность **и выберите **Неизвестные источники**. \r\n\r\n После выполнения этих действий повторите попытку установки. \r\n\r\n ![](http://consumer.huawei.com/support/servlet/imageServlet?dlType=HtmlAreaImage&imageId=22937)",
  "faqTypeId": null,
  "faqType": null,
  "useful": 0,
  "unUseful": 0,
  "languageId": 21,
  "languageName": "ru",
  "faqCode": "8977",
  "faqTypeCode": null,
  "isTop": "0",
  "moduleCode": "faq",
  "productId": null,
  "productCode": null,
  "postDate": 1386686156000,
  "seriesProductName": "",
  "visitedTimes": 52,
  "isUsefulFlag": null,
  "score": 0,
  "times": 0,
  "imageList": null,
  "displayType": "text",
  "justView": "0",
  "fileName": null,
  "filePath": null,
  "imagePath": null,
  "imageName": null,
  "productIdList": null,
  "curPage": null,
  "pageSize": null,
  "siteCode": null,
  "statusFlag": "Publish",
  "returnCode": 0,
  "totalRows": null,
  "keywords": " 8977",
  "avgScore": 0.0,
  "createDate": null,
  "totalPages": null
}