{
  "type": null,
  "faqId": 8496,
  "title": "13.3 Можно ли удалить системные приложения и приложения, предустановленные оператором?",
  "answer": " Системные приложения невозможно удалить. Предустановленные оператором приложения, возможно, могут быть удалены. \r\n\r\n Чтобы удалить приложение, откройте приложение **Настройки**. Нажмите **Приложения**, затем нажмите на приложение, которое Вы хотите удалить, чтобы отобразить экран **О приложении**. Нажмите **Удалить** и следуйте инструкциям на экране. \r\n\r\n Если приложение невозможно удалить, на экране **О приложении** не будет отображаться  кнопка **Удалить**. \r\n\r\n ![](http://consumer.huawei.com/support/servlet/imageServlet?dlType=HtmlAreaImage&imageId=22938)",
  "faqTypeId": null,
  "faqType": null,
  "useful": 1,
  "unUseful": 6,
  "languageId": 21,
  "languageName": "ru",
  "faqCode": "8978",
  "faqTypeCode": null,
  "isTop": "0",
  "moduleCode": "faq",
  "productId": null,
  "productCode": null,
  "postDate": 1386686214000,
  "seriesProductName": "",
  "visitedTimes": 411,
  "isUsefulFlag": null,
  "score": 0,
  "times": 0,
  "imageList": null,
  "displayType": "text",
  "justView": "0",
  "fileName": null,
  "filePath": null,
  "imagePath": null,
  "imageName": null,
  "productIdList": null,
  "curPage": null,
  "pageSize": null,
  "siteCode": null,
  "statusFlag": "Publish",
  "returnCode": 0,
  "totalRows": null,
  "keywords": " 8978",
  "avgScore": 0.0,
  "createDate": null,
  "totalPages": null
}