{
  "type": null,
  "faqId": 8497,
  "title": "13.4 Как задать карту microSD хранилищем сторонних приложений по умолчанию?",
  "answer": " По умолчанию сторонние приложения устанавливаются во внутренней памяти телефона. Если в телефоне установлена карта microSD, Вы можете изменить хранилище по умолчанию для сторонних приложений. \r\n\r\n Откройте приложение **Настройки**. В разделе **УСТРОЙСТВО **нажмите **Память** > **Память по умолчанию**. В отобразившемся меню опций выберите **SD****-карта**. \r\n\r\n ![](http://consumer.huawei.com/support/servlet/imageServlet?dlType=HtmlAreaImage&imageId=22939)",
  "faqTypeId": null,
  "faqType": null,
  "useful": 7,
  "unUseful": 9,
  "languageId": 21,
  "languageName": "ru",
  "faqCode": "8979",
  "faqTypeCode": null,
  "isTop": "0",
  "moduleCode": "faq",
  "productId": null,
  "productCode": null,
  "postDate": 1386686263000,
  "seriesProductName": "",
  "visitedTimes": 236,
  "isUsefulFlag": null,
  "score": 0,
  "times": 0,
  "imageList": null,
  "displayType": "text",
  "justView": "0",
  "fileName": null,
  "filePath": null,
  "imagePath": null,
  "imageName": null,
  "productIdList": null,
  "curPage": null,
  "pageSize": null,
  "siteCode": null,
  "statusFlag": "Publish",
  "returnCode": 0,
  "totalRows": null,
  "keywords": " 8979",
  "avgScore": 0.0,
  "createDate": null,
  "totalPages": null
}