{
  "type": null,
  "faqId": 8498,
  "title": "14.1 Как восстановить заводские настройки? Будут ли при этом удалены данные?",
  "answer": " Восстановление заводских настроек удалит все пользовательские данные на Вашем телефоне, в том числе Ваш аккаунт Google и другие аккаунты, системные настройки и настройки приложений, а также установленные приложения. Восстановление заводских настроек не удаляет обновления системы. \r\n\r\n **                               Шаг 1     **На экране **Настройки **нажмите **Восстановление и сброс **> **Сброс настроек**. \r\n\r\n **                               Шаг 2     **Следуя подсказкам, нажмите **Сбросить настройки телефона**, затем снова **Сбросить настройки телефона**. Настройки телефона будут сброшены, телефон перезапустится. \r\n\r\n Дополнительную информацию см. в Руководстве пользователя на сайте [http://www.huaweidevice.com](http://www.huaweidevice.com/).",
  "faqTypeId": null,
  "faqType": null,
  "useful": 2,
  "unUseful": 1,
  "languageId": 21,
  "languageName": "ru",
  "faqCode": "8980",
  "faqTypeCode": null,
  "isTop": "0",
  "moduleCode": "faq",
  "productId": null,
  "productCode": null,
  "postDate": 1386686280000,
  "seriesProductName": "",
  "visitedTimes": 458,
  "isUsefulFlag": null,
  "score": 0,
  "times": 0,
  "imageList": null,
  "displayType": "text",
  "justView": "0",
  "fileName": null,
  "filePath": null,
  "imagePath": null,
  "imageName": null,
  "productIdList": null,
  "curPage": null,
  "pageSize": null,
  "siteCode": null,
  "statusFlag": "Publish",
  "returnCode": 0,
  "totalRows": null,
  "keywords": " 8980",
  "avgScore": 0.0,
  "createDate": null,
  "totalPages": null
}