{
  "type": null,
  "faqId": 8499,
  "title": "14.2 Как выполнить обновление ПО телефона?",
  "answer": " Перед началом обновления создайте резервную копию данных Вашего телефона. \r\n\r\n Существует несколько способов обновления ПО телефона: \r\n\r\n l   Онлайн-обновление: Перед началом обновления убедитесь, что на телефоне есть доступ в Интернет. Во избежание повышения трафика данных рекомендуется выполнять онлайн-обновление, подключившись к сети Wi-Fi.Откройте приложение **Настройки**, нажмите **О телефоне** > **Онлайн-обновление**, затем следуйте инструкциям на экране. ![](http://consumer.huawei.com/support/servlet/imageServlet?dlType=HtmlAreaImage&imageId=22940) \r\n\r\n l   Обновление с помощью карты microSD: Загрузите пакет обновления с сайта [http://www.huaweidevice.com](http://www.huaweidevice.com/) и сохраните его в корневом каталоге карты. Откройте приложение **Настройки**. В разделе **УСТРОЙСТВО **нажмите **Память** > **Обновление ПО** > **Обновление с ****SD****-карты**, затем следуйте инструкциям на экране. ![](http://consumer.huawei.com/support/servlet/imageServlet?dlType=HtmlAreaImage&imageId=22941)",
  "faqTypeId": null,
  "faqType": null,
  "useful": 4,
  "unUseful": 15,
  "languageId": 21,
  "languageName": "ru",
  "faqCode": "8981",
  "faqTypeCode": null,
  "isTop": "0",
  "moduleCode": "faq",
  "productId": null,
  "productCode": null,
  "postDate": 1386686356000,
  "seriesProductName": "",
  "visitedTimes": 938,
  "isUsefulFlag": null,
  "score": 0,
  "times": 0,
  "imageList": null,
  "displayType": "text",
  "justView": "0",
  "fileName": null,
  "filePath": null,
  "imagePath": null,
  "imageName": null,
  "productIdList": null,
  "curPage": null,
  "pageSize": null,
  "siteCode": null,
  "statusFlag": "Publish",
  "returnCode": 0,
  "totalRows": null,
  "keywords": " 8981",
  "avgScore": 0.0,
  "createDate": null,
  "totalPages": null
}