{
  "type": null,
  "faqId": 8500,
  "title": "14.3 Что делать, если Вы забыли графический ключ разблокировки?",
  "answer": " Если у Вас есть аккаунт Google: \r\n\r\n l   Если Вы введете графический ключ неверно пять раз подряд, на экране появится сообщение: «**Забыли графический ключ?**». Нажмите на него, чтобы зайти в Ваш аккаунт Google сбросить графический ключ разблокировки. \r\n\r\n l   Если ввести графический ключ неверно 20 раз подряд, экран входа в аккаунт Google отобразится автоматически. Зайдите в Ваш аккаунт Google, чтобы сбросить графический ключ разблокировки. \r\n\r\n Если у Вас нет аккаунта Google: \r\n\r\n Загрузите пакет обновления для Вашего телефона с сайта [http://www.huaweidevice.com](http://www.huaweidevice.com/). Сохраните пакет обновления в корневом каталоге карты microSD и установите карту microSD на Вашем телефоне. Включите телефон, одновременно нажмите и удерживайте кнопку питания, кнопку увеличения громкости и кнопку уменьшения громкости, пока на экране не появится значок Android. ПО Вашего телефона будет обновлено, настройки телефона будут сброшены. \r\n\r\n Если не удается выполнить обновление, обратитесь в авторизованный сервисный центр.",
  "faqTypeId": null,
  "faqType": null,
  "useful": 8,
  "unUseful": 12,
  "languageId": 21,
  "languageName": "ru",
  "faqCode": "8982",
  "faqTypeCode": null,
  "isTop": "0",
  "moduleCode": "faq",
  "productId": null,
  "productCode": null,
  "postDate": 1386686375000,
  "seriesProductName": "",
  "visitedTimes": 1066,
  "isUsefulFlag": null,
  "score": 0,
  "times": 0,
  "imageList": null,
  "displayType": "text",
  "justView": "0",
  "fileName": null,
  "filePath": null,
  "imagePath": null,
  "imageName": null,
  "productIdList": null,
  "curPage": null,
  "pageSize": null,
  "siteCode": null,
  "statusFlag": "Publish",
  "returnCode": 0,
  "totalRows": null,
  "keywords": " 8982",
  "avgScore": 0.0,
  "createDate": null,
  "totalPages": null
}