{
  "type": null,
  "faqId": 8501,
  "title": "14.4 Как использовать функцию Фейсконтроль?",
  "answer": " Чтобы использовать функцию Фейсконтроль, на телефоне должна быть фронтальная камера. При первом использовании функции Фейсконтроль включите службу передачи данных. \r\n\r\n **                               Шаг 1     **Откройте приложение **Настройки**. В разделе **ЛИЧНЫЕ ДАННЫЕ **нажмите **Безопасность **> **Блокировка экрана **> **Фейсконтроль**. \r\n\r\n ![](http://consumer.huawei.com/support/servlet/imageServlet?dlType=HtmlAreaImage&imageId=22942) \r\n\r\n **                               Шаг 1     **Следуйте инструкциям на экране, нажмите **Настроить **> **Продолжить**, чтобы сделать фото. \r\n\r\n **                               Шаг 2     **Убедитесь, что Ваше лицо расположено в центре экрана приложения Камера, подождите, пока телефон сделает фото. Затем нажмите **Продолжить**. \r\n\r\n **                               Шаг 3     **Выберите резервный способ разблокировки и задайте настройки разблокировки. Если по каким-либо причинам Ваше лицо не будет распознано при разблокировке, Вы сможете воспользоваться резервным способом. \r\n\r\n **                               Шаг 4     **Нажмите **OK**. \r\n\r\n Примечание \r\n\r\n Чтобы разблокировать телефон с помощью функции Фейсконтроль, разместите Ваше лицо в центре экрана приложения Камера. Телефон распознает Вас и выполнит разблокировку.",
  "faqTypeId": null,
  "faqType": null,
  "useful": 2,
  "unUseful": 0,
  "languageId": 21,
  "languageName": "ru",
  "faqCode": "8983",
  "faqTypeCode": null,
  "isTop": "0",
  "moduleCode": "faq",
  "productId": null,
  "productCode": null,
  "postDate": 1386686440000,
  "seriesProductName": "",
  "visitedTimes": 156,
  "isUsefulFlag": null,
  "score": 0,
  "times": 0,
  "imageList": null,
  "displayType": "text",
  "justView": "0",
  "fileName": null,
  "filePath": null,
  "imagePath": null,
  "imageName": null,
  "productIdList": null,
  "curPage": null,
  "pageSize": null,
  "siteCode": null,
  "statusFlag": "Publish",
  "returnCode": 0,
  "totalRows": null,
  "keywords": " 8983",
  "avgScore": 0.0,
  "createDate": null,
  "totalPages": null
}