{
  "type": null,
  "faqId": 8502,
  "title": "14.5 Как включить и выключить автоповорот экрана? Зачем нужна функция автоповорота экрана?",
  "answer": " Откройте приложение **Настройки**. В разделе **УСТРОЙСТВО** нажмите **Экран**, чтобы включить или выключить функцию автоповорота экрана, поставьте или уберите галочку в поле **Автоповорот экрана **соответственно. \r\n\r\n ![](http://consumer.huawei.com/support/servlet/imageServlet?dlType=HtmlAreaImage&imageId=22943) \r\n\r\n Когда функция автоповорота экрана включена, ориентация экрана телефона изменяется автоматически в зависимости от положения телефона. Данная функция очень удобна при просмотре веб-страниц, фото, видео, написании сообщений и играх.",
  "faqTypeId": null,
  "faqType": null,
  "useful": 0,
  "unUseful": 0,
  "languageId": 21,
  "languageName": "ru",
  "faqCode": "8984",
  "faqTypeCode": null,
  "isTop": "0",
  "moduleCode": "faq",
  "productId": null,
  "productCode": null,
  "postDate": 1386686504000,
  "seriesProductName": "",
  "visitedTimes": 53,
  "isUsefulFlag": null,
  "score": 0,
  "times": 0,
  "imageList": null,
  "displayType": "text",
  "justView": "0",
  "fileName": null,
  "filePath": null,
  "imagePath": null,
  "imageName": null,
  "productIdList": null,
  "curPage": null,
  "pageSize": null,
  "siteCode": null,
  "statusFlag": "Publish",
  "returnCode": 0,
  "totalRows": null,
  "keywords": " 8984",
  "avgScore": 0.0,
  "createDate": null,
  "totalPages": null
}