{
  "type": null,
  "faqId": 8503,
  "title": "14.6 От чего зависит подсветка кнопок телефона?",
  "answer": " Кнопки телефона подсвечиваются в зависимости от освещения: они подсвечиваются в темноте и не подсвечиваются при нормальном освещении.",
  "faqTypeId": null,
  "faqType": null,
  "useful": 0,
  "unUseful": 0,
  "languageId": 21,
  "languageName": "ru",
  "faqCode": "8985",
  "faqTypeCode": null,
  "isTop": "0",
  "moduleCode": "faq",
  "productId": null,
  "productCode": null,
  "postDate": 1386686521000,
  "seriesProductName": "",
  "visitedTimes": 79,
  "isUsefulFlag": null,
  "score": 0,
  "times": 0,
  "imageList": null,
  "displayType": "text",
  "justView": "0",
  "fileName": null,
  "filePath": null,
  "imagePath": null,
  "imageName": null,
  "productIdList": null,
  "curPage": null,
  "pageSize": null,
  "siteCode": null,
  "statusFlag": "Publish",
  "returnCode": 0,
  "totalRows": null,
  "keywords": " 8985",
  "avgScore": 0.0,
  "createDate": null,
  "totalPages": null
}