{
  "type": null,
  "faqId": 8504,
  "title": "14.7 Как отключить звук нажатия на экран и виброотклик?",
  "answer": " Откройте приложение **Настройки**. В разделе **УСТРОЙСТВО **нажмите **Звук**, уберите галочки в полях **Звук клавиш**, **Звук нажатия на экран**, **Звук блокировки экрана** и **Включить виброотклик**. \r\n\r\n ![](http://consumer.huawei.com/support/servlet/imageServlet?dlType=HtmlAreaImage&imageId=22944)",
  "faqTypeId": null,
  "faqType": null,
  "useful": 0,
  "unUseful": 0,
  "languageId": 21,
  "languageName": "ru",
  "faqCode": "8986",
  "faqTypeCode": null,
  "isTop": "0",
  "moduleCode": "faq",
  "productId": null,
  "productCode": null,
  "postDate": 1386686578000,
  "seriesProductName": "",
  "visitedTimes": 58,
  "isUsefulFlag": null,
  "score": 0,
  "times": 0,
  "imageList": null,
  "displayType": "text",
  "justView": "0",
  "fileName": null,
  "filePath": null,
  "imagePath": null,
  "imageName": null,
  "productIdList": null,
  "curPage": null,
  "pageSize": null,
  "siteCode": null,
  "statusFlag": "Publish",
  "returnCode": 0,
  "totalRows": null,
  "keywords": " 8986",
  "avgScore": 0.0,
  "createDate": null,
  "totalPages": null
}