{
  "type": null,
  "faqId": 8505,
  "title": "14.8 Как посмотреть доступное место во внутренней памяти и на карте microSD?",
  "answer": " Откройте приложение **Настройки**. В разделе **УСТРОЙСТВО **нажмите **Память**, чтобы посмотреть сведения. \r\n\r\n ![](http://consumer.huawei.com/support/servlet/imageServlet?dlType=HtmlAreaImage&imageId=22945)",
  "faqTypeId": null,
  "faqType": null,
  "useful": 0,
  "unUseful": 0,
  "languageId": 21,
  "languageName": "ru",
  "faqCode": "8987",
  "faqTypeCode": null,
  "isTop": "0",
  "moduleCode": "faq",
  "productId": null,
  "productCode": null,
  "postDate": 1386686629000,
  "seriesProductName": "",
  "visitedTimes": 78,
  "isUsefulFlag": null,
  "score": 0,
  "times": 0,
  "imageList": null,
  "displayType": "text",
  "justView": "0",
  "fileName": null,
  "filePath": null,
  "imagePath": null,
  "imageName": null,
  "productIdList": null,
  "curPage": null,
  "pageSize": null,
  "siteCode": null,
  "statusFlag": "Publish",
  "returnCode": 0,
  "totalRows": null,
  "keywords": " 8987",
  "avgScore": 0.0,
  "createDate": null,
  "totalPages": null
}