{
  "type": null,
  "faqId": 8506,
  "title": "14.9 Почему фактическая внутренняя память телефона меньше заявленной?",
  "answer": " Системные приложения занимают место в заявленной памяти телефона.",
  "faqTypeId": null,
  "faqType": null,
  "useful": 4,
  "unUseful": 9,
  "languageId": 21,
  "languageName": "ru",
  "faqCode": "8988",
  "faqTypeCode": null,
  "isTop": "0",
  "moduleCode": "faq",
  "productId": null,
  "productCode": null,
  "postDate": 1386686645000,
  "seriesProductName": "",
  "visitedTimes": 320,
  "isUsefulFlag": null,
  "score": 0,
  "times": 0,
  "imageList": null,
  "displayType": "text",
  "justView": "0",
  "fileName": null,
  "filePath": null,
  "imagePath": null,
  "imageName": null,
  "productIdList": null,
  "curPage": null,
  "pageSize": null,
  "siteCode": null,
  "statusFlag": "Publish",
  "returnCode": 0,
  "totalRows": null,
  "keywords": " 8988",
  "avgScore": 0.0,
  "createDate": null,
  "totalPages": null
}