{
  "type": null,
  "faqId": 8507,
  "title": "14.10 Как освободить место во внутренней памяти?",
  "answer": " l   Если в телефоне установлена карта microSD , переместите большие файлы на нее. \r\n\r\n ![](http://consumer.huawei.com/support/servlet/imageServlet?dlType=HtmlAreaImage&imageId=22946) \r\n\r\n l   Если в телефоне установлена карта microSD , измените место сохранения сторонних приложений по умолчанию на карту microSD. \r\n\r\n Откройте приложение **Настройки**. В разделе **УСТРОЙСТВО **нажмите **Память** > **Память по умолчанию**. В отобразившемся меню опций выберите **SD****-карта**. \r\n\r\n ![](http://consumer.huawei.com/support/servlet/imageServlet?dlType=HtmlAreaImage&imageId=22947) \r\n\r\n l   Удалите неиспользуемые приложения. \r\n\r\n Откройте приложение **Настройки** и нажмите **Приложения**, затем на неиспользуемое приложение, чтобы отобразить экран **О приложении**. Нажмите **Удалить** и следуйте инструкциям на экране. \r\n\r\n ![](http://consumer.huawei.com/support/servlet/imageServlet?dlType=HtmlAreaImage&imageId=22948)",
  "faqTypeId": null,
  "faqType": null,
  "useful": 27,
  "unUseful": 125,
  "languageId": 21,
  "languageName": "ru",
  "faqCode": "8989",
  "faqTypeCode": null,
  "isTop": "0",
  "moduleCode": "faq",
  "productId": null,
  "productCode": null,
  "postDate": 1386686774000,
  "seriesProductName": "",
  "visitedTimes": 5376,
  "isUsefulFlag": null,
  "score": 0,
  "times": 0,
  "imageList": null,
  "displayType": "text",
  "justView": "0",
  "fileName": null,
  "filePath": null,
  "imagePath": null,
  "imageName": null,
  "productIdList": null,
  "curPage": null,
  "pageSize": null,
  "siteCode": null,
  "statusFlag": "Publish",
  "returnCode": 0,
  "totalRows": null,
  "keywords": " 8989",
  "avgScore": 0.0,
  "createDate": null,
  "totalPages": null
}