{
  "type": null,
  "faqId": 8508,
  "title": "14.11 Что делать, если телефон работает очень медленно?",
  "answer": " l   Закройте неиспользуемые приложения, работающие в фоновом режиме. \r\n\r\n Откройте приложение **Настройки**, нажмите **Приложения **и откройте вкладку **РАБОТАЮЩИЕ**. Нажмите на приложение, чтобы открыть экран **О приложении**, затем нажмите **Стоп**. \r\n\r\n l   Очистите кэш приложений. \r\n\r\n Откройте приложение **Настройки**, нажмите **Приложения **и откройте вкладку **ВСЕ**. Затем нажмите **Очистить кэш**. \r\n\r\n l   Очистите кэш и историю браузера. \r\n\r\n На экране приложения **Браузер **нажмите  ![](http://consumer.huawei.com/support/servlet/imageServlet?dlType=HtmlAreaImage&imageId=22949)> **Настройки** > **Личные данные**, затем нажмите **Очистить кэш **и **Очистить историю**. \r\n\r\n ![](http://consumer.huawei.com/support/servlet/imageServlet?dlType=HtmlAreaImage&imageId=22950) \r\n\r\n l   Перезапустите телефон. \r\n\r\n l   Если проблема не решена, восстановите заводские настройки телефона.",
  "faqTypeId": null,
  "faqType": null,
  "useful": 38,
  "unUseful": 19,
  "languageId": 21,
  "languageName": "ru",
  "faqCode": "8990",
  "faqTypeCode": null,
  "isTop": "0",
  "moduleCode": "faq",
  "productId": null,
  "productCode": null,
  "postDate": 1386686843000,
  "seriesProductName": "",
  "visitedTimes": 6690,
  "isUsefulFlag": null,
  "score": 0,
  "times": 0,
  "imageList": null,
  "displayType": "text",
  "justView": "0",
  "fileName": null,
  "filePath": null,
  "imagePath": null,
  "imageName": null,
  "productIdList": null,
  "curPage": null,
  "pageSize": null,
  "siteCode": null,
  "statusFlag": "Publish",
  "returnCode": 0,
  "totalRows": null,
  "keywords": " 8990",
  "avgScore": 0.0,
  "createDate": null,
  "totalPages": null
}