{
  "type": null,
  "faqId": 8509,
  "title": "14.12 Как извлечь карту microSD?",
  "answer": " Перед извлечением карты microSD отключите ее. В противном случае данные, хранящиеся на карте microSD, могут быть потеряны. \r\n\r\n **                               Шаг 1     **Откройте приложение **Настройки**. В разделе **УСТРОЙСТВО** нажмите **Память **> **Отключить ****SD****-карту**. \r\n\r\n ![](http://consumer.huawei.com/support/servlet/imageServlet?dlType=HtmlAreaImage&imageId=22951)  \r\n\r\n **                               Шаг 2    **Извлеките карту microSD.",
  "faqTypeId": null,
  "faqType": null,
  "useful": 1,
  "unUseful": 2,
  "languageId": 21,
  "languageName": "ru",
  "faqCode": "8991",
  "faqTypeCode": null,
  "isTop": "0",
  "moduleCode": "faq",
  "productId": null,
  "productCode": null,
  "postDate": 1386686899000,
  "seriesProductName": "",
  "visitedTimes": 391,
  "isUsefulFlag": null,
  "score": 0,
  "times": 0,
  "imageList": null,
  "displayType": "text",
  "justView": "0",
  "fileName": null,
  "filePath": null,
  "imagePath": null,
  "imageName": null,
  "productIdList": null,
  "curPage": null,
  "pageSize": null,
  "siteCode": null,
  "statusFlag": "Publish",
  "returnCode": 0,
  "totalRows": null,
  "keywords": " 8991",
  "avgScore": 0.0,
  "createDate": null,
  "totalPages": null
}