{
  "type": null,
  "faqId": 8510,
  "title": "14.13 Как сохранить резерную копию приложений, контактов и сообщений? Где сохранить резервную копию?",
  "answer": " Приложение **Резервные копии** позволяет создавать резервные копии данных и восстанавливать их на Вашем телефоне. \r\n\r\n l   Чтобы создать резервную копию данных на карте microSD: \r\n\r\n **                               Шаг 1     **В списке приложений выберите **Резервные копии**. \r\n\r\n **                               Шаг 2     **Нажмите **Зарезервировать на ****SD****-карте**. \r\n\r\n **                               Шаг 3     **Нажмите **Приложения** или **Данные системы**, выберите приложения и системные данные, которые Вы хотите зарезервировать, затем нажмите **Резерв-ние**. \r\n\r\n ![](http://consumer.huawei.com/support/servlet/imageServlet?dlType=HtmlAreaImage&imageId=22952) \r\n\r\n l   Чтобы восстановить данные с карты microSD: \r\n\r\n **                               Шаг 1     **В списке приложений выберите **Резервные копии**. \r\n\r\n **                               Шаг 2     **Нажмите **Восстановить с ****SD****-карты**, чтобы отобразить список резервных файлов. \r\n\r\n **                               Шаг 3     **Нажмите на резервный файл, выберите приложения или системные данные, которые Вы хотите восстановить, затем нажмите **Восстан.** \r\n\r\n ![](http://consumer.huawei.com/support/servlet/imageServlet?dlType=HtmlAreaImage&imageId=22953)",
  "faqTypeId": null,
  "faqType": null,
  "useful": 7,
  "unUseful": 15,
  "languageId": 21,
  "languageName": "ru",
  "faqCode": "8992",
  "faqTypeCode": null,
  "isTop": "0",
  "moduleCode": "faq",
  "productId": null,
  "productCode": null,
  "postDate": 1386686987000,
  "seriesProductName": "",
  "visitedTimes": 1902,
  "isUsefulFlag": null,
  "score": 0,
  "times": 0,
  "imageList": null,
  "displayType": "text",
  "justView": "0",
  "fileName": null,
  "filePath": null,
  "imagePath": null,
  "imageName": null,
  "productIdList": null,
  "curPage": null,
  "pageSize": null,
  "siteCode": null,
  "statusFlag": "Publish",
  "returnCode": 0,
  "totalRows": null,
  "keywords": " 8992",
  "avgScore": 0.0,
  "createDate": null,
  "totalPages": null
}