{
  "type": null,
  "faqId": 8511,
  "title": "14.14 Как изменить город по умолчанию в приложении Погода и часы?",
  "answer": " **                               Шаг 1     **На экране приложения Погода и часы выберите ![](http://consumer.huawei.com/support/servlet/imageServlet?dlType=HtmlAreaImage&imageId=22954) >![](http://consumer.huawei.com/support/servlet/imageServlet?dlType=HtmlAreaImage&imageId=22955) . \r\n\r\n **                               Шаг 2     **Нажмите на город, чтобы задать его как город по умолчанию. \r\n\r\n Дополнительную информацию см. в Руководстве пользователя на сайте [http://www.huaweidevice.com](http://www.huaweidevice.com/).",
  "faqTypeId": null,
  "faqType": null,
  "useful": 15,
  "unUseful": 18,
  "languageId": 21,
  "languageName": "ru",
  "faqCode": "8993",
  "faqTypeCode": null,
  "isTop": "0",
  "moduleCode": "faq",
  "productId": null,
  "productCode": null,
  "postDate": 1386687057000,
  "seriesProductName": "",
  "visitedTimes": 905,
  "isUsefulFlag": null,
  "score": 0,
  "times": 0,
  "imageList": null,
  "displayType": "text",
  "justView": "0",
  "fileName": null,
  "filePath": null,
  "imagePath": null,
  "imageName": null,
  "productIdList": null,
  "curPage": null,
  "pageSize": null,
  "siteCode": null,
  "statusFlag": "Publish",
  "returnCode": 0,
  "totalRows": null,
  "keywords": "8993",
  "avgScore": 0.0,
  "createDate": null,
  "totalPages": null
}