{
  "type": null,
  "faqId": 8512,
  "title": "14.15 Как обновить данные в приложении Погода и часы? Что делать, если данные не обновляются?",
  "answer": " Убедитесь, что у Вашего телефона есть доступ в Интернет. \r\n\r\n В списке **ВИДЖЕТЫ** нажмите и удерживайте виджет **Погода и часы**, чтобы добавить его на рабочий экран. Нажмите![](http://consumer.huawei.com/support/servlet/imageServlet?dlType=HtmlAreaImage&imageId=22956)  на виджете **Погода и часы**, чтобы обновить информацию о погоде. \r\n\r\n Или нажмите на **Погода и часы** в списке приложений, чтобы обновить информацию о погоде на экране приложения **Погода и часы**. \r\n\r\n ![](http://consumer.huawei.com/support/servlet/imageServlet?dlType=HtmlAreaImage&imageId=22957) \r\n\r\n Возможные причины сбоя обновления информации: \r\n\r\n l   Слабый сигнал мобильной сети или сети Wi-Fi. Разместите телефон в месте с хорошим сигналом сети. \r\n\r\n l   Город по умолчанию или время заданы некорректно. Измените город по умолчанию и время и повторите попытку.",
  "faqTypeId": null,
  "faqType": null,
  "useful": 61,
  "unUseful": 31,
  "languageId": 21,
  "languageName": "ru",
  "faqCode": "8994",
  "faqTypeCode": null,
  "isTop": "0",
  "moduleCode": "faq",
  "productId": null,
  "productCode": null,
  "postDate": 1386687147000,
  "seriesProductName": "",
  "visitedTimes": 3510,
  "isUsefulFlag": null,
  "score": 0,
  "times": 0,
  "imageList": null,
  "displayType": "text",
  "justView": "0",
  "fileName": null,
  "filePath": null,
  "imagePath": null,
  "imageName": null,
  "productIdList": null,
  "curPage": null,
  "pageSize": null,
  "siteCode": null,
  "statusFlag": "Publish",
  "returnCode": 0,
  "totalRows": null,
  "keywords": " 8994",
  "avgScore": 0.0,
  "createDate": null,
  "totalPages": null
}