{
  "type": null,
  "faqId": 8513,
  "title": "14.16 Почему ПК не определяет телефон?",
  "answer": " После подключения к ПК проведите вниз по строке состояния, чтобы открыть панель уведомлений. Нажмите **USB****-подключение установлено**, затем нажмите **Включить ****USB****-накопитель**. Ваш ПК определит телефон как USB-накопитель. \r\n\r\n ![](http://consumer.huawei.com/support/servlet/imageServlet?dlType=HtmlAreaImage&imageId=22958)",
  "faqTypeId": null,
  "faqType": null,
  "useful": 3,
  "unUseful": 38,
  "languageId": 21,
  "languageName": "ru",
  "faqCode": "8995",
  "faqTypeCode": null,
  "isTop": "0",
  "moduleCode": "faq",
  "productId": null,
  "productCode": null,
  "postDate": 1386687197000,
  "seriesProductName": "",
  "visitedTimes": 642,
  "isUsefulFlag": null,
  "score": 0,
  "times": 0,
  "imageList": null,
  "displayType": "text",
  "justView": "0",
  "fileName": null,
  "filePath": null,
  "imagePath": null,
  "imageName": null,
  "productIdList": null,
  "curPage": null,
  "pageSize": null,
  "siteCode": null,
  "statusFlag": "Publish",
  "returnCode": 0,
  "totalRows": null,
  "keywords": " 8995",
  "avgScore": 0.0,
  "createDate": null,
  "totalPages": null
}