{
  "type": null,
  "faqId": 8514,
  "title": "14.17 Как сделать скриншот?",
  "answer": " Одновременно нажмите и удерживайте кнопку питания и кнопку уменьшения громкости. Скриншот будет сохранен в приложении **Галерея**.",
  "faqTypeId": null,
  "faqType": null,
  "useful": 210,
  "unUseful": 62,
  "languageId": 21,
  "languageName": "ru",
  "faqCode": "8996",
  "faqTypeCode": null,
  "isTop": "0",
  "moduleCode": "faq",
  "productId": null,
  "productCode": null,
  "postDate": 1386687214000,
  "seriesProductName": "",
  "visitedTimes": 7033,
  "isUsefulFlag": null,
  "score": 0,
  "times": 0,
  "imageList": null,
  "displayType": "text",
  "justView": "0",
  "fileName": null,
  "filePath": null,
  "imagePath": null,
  "imageName": null,
  "productIdList": null,
  "curPage": null,
  "pageSize": null,
  "siteCode": null,
  "statusFlag": "Publish",
  "returnCode": 0,
  "totalRows": null,
  "keywords": " 8996",
  "avgScore": 0.0,
  "createDate": null,
  "totalPages": null
}