{
  "type": null,
  "faqId": 8515,
  "title": "14.18 Как очистить кэш и историю браузера?",
  "answer": " **                               Шаг 1     **На экране приложения **Браузер** нажмите ![](http://consumer.huawei.com/support/servlet/imageServlet?dlType=HtmlAreaImage&imageId=22959)> **Настройки **> **Личные данные**. \r\n\r\n **                               Шаг 2     **Нажмите **Очистить кэш **и **Очистить историю**. \r\n\r\n ![](http://consumer.huawei.com/support/servlet/imageServlet?dlType=HtmlAreaImage&imageId=22960)",
  "faqTypeId": null,
  "faqType": null,
  "useful": 10,
  "unUseful": 32,
  "languageId": 21,
  "languageName": "ru",
  "faqCode": "8997",
  "faqTypeCode": null,
  "isTop": "0",
  "moduleCode": "faq",
  "productId": null,
  "productCode": null,
  "postDate": 1386687297000,
  "seriesProductName": "",
  "visitedTimes": 3023,
  "isUsefulFlag": null,
  "score": 0,
  "times": 0,
  "imageList": null,
  "displayType": "text",
  "justView": "0",
  "fileName": null,
  "filePath": null,
  "imagePath": null,
  "imageName": null,
  "productIdList": null,
  "curPage": null,
  "pageSize": null,
  "siteCode": null,
  "statusFlag": "Publish",
  "returnCode": 0,
  "totalRows": null,
  "keywords": " 8997",
  "avgScore": 0.0,
  "createDate": null,
  "totalPages": null
}