{
  "type": null,
  "faqId": 8587,
  "title": "Как узнать, что телефон полностью заряжен?",
  "answer": "*   \r\n\r\n Если телефон заряжается во включенном состоянии, нажмите кнопку питания, чтобы активировать экран. Если значок батареи в строке состояния становится или на экране блокировки отображается надпись «Заряжено», Ваш телефон полностью заряжен. \r\n\r\n*   \r\n\r\n Если телефон заряжается в выключенном состоянии, нажмите кнопку питания, чтобы активировать экран. Если индикатор заряда батареи показывает 100 %, Ваш телефон полностью заряжен. \r\n\n\t\n",
  "faqTypeId": null,
  "faqType": null,
  "useful": 11,
  "unUseful": 0,
  "languageId": 21,
  "languageName": "ru",
  "faqCode": "9100",
  "faqTypeCode": null,
  "isTop": "0",
  "moduleCode": "faq",
  "productId": null,
  "productCode": null,
  "postDate": 1394193339000,
  "seriesProductName": "",
  "visitedTimes": 878,
  "isUsefulFlag": null,
  "score": 0,
  "times": 0,
  "imageList": null,
  "displayType": "text",
  "justView": "0",
  "fileName": null,
  "filePath": null,
  "imagePath": null,
  "imageName": null,
  "productIdList": null,
  "curPage": null,
  "pageSize": null,
  "siteCode": null,
  "statusFlag": "Publish",
  "returnCode": 0,
  "totalRows": null,
  "keywords": null,
  "avgScore": 0.0,
  "createDate": null,
  "totalPages": null
}