{
  "type": null,
  "faqId": 8592,
  "title": "Как загрузить сторонние приложения?",
  "answer": " Сегодня владельцам смартфонов доступен богатый выбор приложений. Вы можете: \r\n\r\n Загрузить приложения из интернет-магазина **Play**** ****Маркет **компании Google. \r\n\r\n Загрузить приложения с веб-страницы с помощью браузера, установленного на Вашем телефоне. \r\n\r\n Загрузить приложения на ПК и скопировать их на Ваш телефон. \r\n\n ",
  "faqTypeId": null,
  "faqType": null,
  "useful": 12,
  "unUseful": 10,
  "languageId": 21,
  "languageName": "ru",
  "faqCode": "9142",
  "faqTypeCode": null,
  "isTop": "0",
  "moduleCode": "faq",
  "productId": null,
  "productCode": null,
  "postDate": 1394786385000,
  "seriesProductName": "",
  "visitedTimes": 626,
  "isUsefulFlag": null,
  "score": 0,
  "times": 0,
  "imageList": null,
  "displayType": "text",
  "justView": "0",
  "fileName": null,
  "filePath": null,
  "imagePath": null,
  "imageName": null,
  "productIdList": null,
  "curPage": null,
  "pageSize": null,
  "siteCode": null,
  "statusFlag": "Publish",
  "returnCode": 0,
  "totalRows": null,
  "keywords": null,
  "avgScore": 0.0,
  "createDate": null,
  "totalPages": null
}