{
  "type": null,
  "faqId": 8593,
  "title": "Что делать, если не удается установить стороннее приложение на телефон?",
  "answer": " Ваш телефон поддерживает сторонние приложения только в формате APK. Убедитесь, что формат загружаемого приложения APK \r\n\r\n Если Вы загрузили приложение не из интернет-магазина **Play**** ****Маркет **компании Google, откройте приложение **Настройки**, выберите **Безопасность**, поставьте флажок в поле **Неизвестные источники **и нажмите **OK**. \r\n\r\n Стороннее приложение может быть несовместимо с Вашим телефоном. \r\n\r\n Примечание: Рисунки в данном документе приведены для справки. Фактический внешний вид экрана может отличаться.",
  "faqTypeId": null,
  "faqType": null,
  "useful": 1,
  "unUseful": 8,
  "languageId": 21,
  "languageName": "ru",
  "faqCode": "9143",
  "faqTypeCode": null,
  "isTop": "0",
  "moduleCode": "faq",
  "productId": null,
  "productCode": null,
  "postDate": 1394791395000,
  "seriesProductName": "",
  "visitedTimes": 458,
  "isUsefulFlag": null,
  "score": 0,
  "times": 0,
  "imageList": null,
  "displayType": "text",
  "justView": "0",
  "fileName": null,
  "filePath": null,
  "imagePath": null,
  "imageName": null,
  "productIdList": null,
  "curPage": null,
  "pageSize": null,
  "siteCode": null,
  "statusFlag": "Publish",
  "returnCode": 0,
  "totalRows": null,
  "keywords": null,
  "avgScore": 0.0,
  "createDate": null,
  "totalPages": null
}