{
  "type": null,
  "faqId": 8594,
  "title": "Как преместить приложения, установленные в памяти телефона, на карту microSD?",
  "answer": " На экране **Настройки** нажмите **Управление приложениями**, выберите приложение, которое хотите переместить из памяти телефона на карту microSD. \r\n\r\n Некоторые приложения нельзя переместить на карту microSD. \r\n\r\n После перемещения приложения на карту microSD и в случае извлечения или форматирования карты microSD перенесенное на нее приложение будет недоступно. \r\n\r\n Примечание: Рисунки в данном документе приведены для справки. Фактический внешний вид экрана может отличаться. \r\n\r\n\n ",
  "faqTypeId": null,
  "faqType": null,
  "useful": 10,
  "unUseful": 15,
  "languageId": 21,
  "languageName": "ru",
  "faqCode": "9145",
  "faqTypeCode": null,
  "isTop": "0",
  "moduleCode": "faq",
  "productId": null,
  "productCode": null,
  "postDate": 1394793771000,
  "seriesProductName": "",
  "visitedTimes": 1488,
  "isUsefulFlag": null,
  "score": 0,
  "times": 0,
  "imageList": null,
  "displayType": "text",
  "justView": "0",
  "fileName": null,
  "filePath": null,
  "imagePath": null,
  "imageName": null,
  "productIdList": null,
  "curPage": null,
  "pageSize": null,
  "siteCode": null,
  "statusFlag": "Publish",
  "returnCode": 0,
  "totalRows": null,
  "keywords": null,
  "avgScore": 0.0,
  "createDate": null,
  "totalPages": null
}