{
  "type": null,
  "faqId": 8595,
  "title": "Что делать, если сторонние приложения неожиданно закрываются?",
  "answer": " Освободите место в памяти телефона: Закройте неиспользуемые приложения. \r\n\r\n На экране **Настройки** выберите **Управление приложениями**. В разделе **Работающие** выберите приложение, которое хотите закрыть, нажмите **Остановить** и следуйте инструкциям на экране. \r\n\r\n Для закрытия сразу нескольких приложений рекомендуется использовать приложение **Диспетчер телефона**. \r\n\r\n Откройте приложение **Диспетчер телефона**, нажмите **Акселератор**, выберите неиспользуемые приложения и нажмите **ЗАКРЫТЬ**.  \r\n\r\n Некоторые сторонние приложения могут быть несовместимы с Вашим телефоном. Вы можете заменить их на аналогичные совместимые приложения. \r\n\r\n  Если проблема не решена, перезагрузите телефон или восстановите заводские настройки телефона, предварительно сохранив резервную копию важных данных. \r\n\r\n  Примечание: Рисунки в данном документе приведены для справки. Фактический внешний вид экрана может отличаться.",
  "faqTypeId": null,
  "faqType": null,
  "useful": 2,
  "unUseful": 2,
  "languageId": 21,
  "languageName": "ru",
  "faqCode": "9146",
  "faqTypeCode": null,
  "isTop": "0",
  "moduleCode": "faq",
  "productId": null,
  "productCode": null,
  "postDate": 1394795281000,
  "seriesProductName": "",
  "visitedTimes": 473,
  "isUsefulFlag": null,
  "score": 0,
  "times": 0,
  "imageList": null,
  "displayType": "text",
  "justView": "0",
  "fileName": null,
  "filePath": null,
  "imagePath": null,
  "imageName": null,
  "productIdList": null,
  "curPage": null,
  "pageSize": null,
  "siteCode": null,
  "statusFlag": "Publish",
  "returnCode": 0,
  "totalRows": null,
  "keywords": null,
  "avgScore": 0.0,
  "createDate": null,
  "totalPages": null
}