{
  "type": null,
  "faqId": 8596,
  "title": "Как закрыть приложения, работающие в фоновом режиме?",
  "answer": " На экране **Настройки** нажмите **Управление приложениями**. В разделе **Работающие** выберите приложение, которое хотите закрыть, нажмите кнопку **Остановить** и следуйте инструкциям на экране. \r\n\r\n Примечание: Рисунки в данном документе приведены для справки. Фактический внешний вид экрана может отличаться.",
  "faqTypeId": null,
  "faqType": null,
  "useful": 21,
  "unUseful": 4,
  "languageId": 21,
  "languageName": "ru",
  "faqCode": "9147",
  "faqTypeCode": null,
  "isTop": "0",
  "moduleCode": "faq",
  "productId": null,
  "productCode": null,
  "postDate": 1394796613000,
  "seriesProductName": "",
  "visitedTimes": 2246,
  "isUsefulFlag": null,
  "score": 0,
  "times": 0,
  "imageList": null,
  "displayType": "text",
  "justView": "0",
  "fileName": null,
  "filePath": null,
  "imagePath": null,
  "imageName": null,
  "productIdList": null,
  "curPage": null,
  "pageSize": null,
  "siteCode": null,
  "statusFlag": "Publish",
  "returnCode": 0,
  "totalRows": null,
  "keywords": null,
  "avgScore": 0.0,
  "createDate": null,
  "totalPages": null
}