{
  "type": null,
  "faqId": 8597,
  "title": "Что делать, если на экране телефона отображается некорректная информация о погоде?",
  "answer": " Откройте приложение **Погода** и нажмите , чтобы обновить информацию о погоде. \r\n\r\n **ПРИМЕЧАНИЕ:** \r\n\r\n Перед обновлением информации о погоде убедитесь, что на Вашем телефоне включена служба передачи данных. \r\n\r\n Если проблема не решена, возможно, еще не обновлена база данных приложений. В этом случае повторите попытку позже. \r\n\r\n Загрузите другое приложение о погоде и сравните данные обоих приложений. \r\n\r\n **ПРИМЕЧАНИЕ:** \r\n\r\n Информация о погоде, представленная в приложениях о погоде, не может быть абсолютно точной. Наиболее точная информация публикуется в метеобюро.  \r\n Примечание: Рисунки в данном документе приведены для справки. Фактический внешний вид экрана может отличаться.",
  "faqTypeId": null,
  "faqType": null,
  "useful": 3,
  "unUseful": 2,
  "languageId": 21,
  "languageName": "ru",
  "faqCode": "9148",
  "faqTypeCode": null,
  "isTop": "0",
  "moduleCode": "faq",
  "productId": null,
  "productCode": null,
  "postDate": 1394797221000,
  "seriesProductName": "",
  "visitedTimes": 671,
  "isUsefulFlag": null,
  "score": 0,
  "times": 0,
  "imageList": null,
  "displayType": "text",
  "justView": "0",
  "fileName": null,
  "filePath": null,
  "imagePath": null,
  "imageName": null,
  "productIdList": null,
  "curPage": null,
  "pageSize": null,
  "siteCode": null,
  "statusFlag": "Publish",
  "returnCode": 0,
  "totalRows": null,
  "keywords": null,
  "avgScore": 0.0,
  "createDate": null,
  "totalPages": null
}