{
  "type": null,
  "faqId": 8598,
  "title": "Почему экран телефона выключается, когда его подносишь к уху? Почему экран телефона не включается, когда его убираешь от уха?",
  "answer": " Ваш телефон оснащен датчиком приближения, расположенным рядом с передним динамиком. \r\n\r\n Когда Ваше ухо (или другой объект) расположено рядом с датчиком приближения, экран автоматически выключается. Когда Ваше ухо (или другой объект) оказываются на достаточном расстоянии от датчика приближения, экран автоматически включается. \r\n\r\n Если экран не включается, когда Вы убрали телефон от уха, убедитесь, что датчик приближения не закрыт каким-либо предметом. \r\n\n ",
  "faqTypeId": null,
  "faqType": null,
  "useful": 10,
  "unUseful": 19,
  "languageId": 21,
  "languageName": "ru",
  "faqCode": "9149",
  "faqTypeCode": null,
  "isTop": "0",
  "moduleCode": "faq",
  "productId": null,
  "productCode": null,
  "postDate": 1394797558000,
  "seriesProductName": "",
  "visitedTimes": 1269,
  "isUsefulFlag": null,
  "score": 0,
  "times": 0,
  "imageList": null,
  "displayType": "text",
  "justView": "0",
  "fileName": null,
  "filePath": null,
  "imagePath": null,
  "imageName": null,
  "productIdList": null,
  "curPage": null,
  "pageSize": null,
  "siteCode": null,
  "statusFlag": "Publish",
  "returnCode": 0,
  "totalRows": null,
  "keywords": null,
  "avgScore": 0.0,
  "createDate": null,
  "totalPages": null
}