{
  "type": null,
  "faqId": 8599,
  "title": "Что делать, если громкость разговора низкая или речь нечеткая?",
  "answer": "  Выполняйте вызовы в местах с устойчивым сигналом сети. \r\n\r\n Держите телефон на одной линии с ухом.   \r\n\r\n Не закрывайте микрофон пальцем или другими предметами. \r\n\r\n При разговоре микрофон должен находиться на расстоянии 10 см.Во время разговора используйте гарнитуру Huawei. \r\n\r\n  Гарнитуры других производителей могут быть несовместимы с Вашим телефоном. \r\n\r\n Во время разговора нажмите на кнопку увеличения громкости, чтобы повысить громкость речи. \r\n\r\n Выполняйте вызовы в спокойной обстановке. \r\n\r\n Перезагрузите телефон или восстановите заводские настройки телефона, предварительно сохранив резервную копию важных данных. \r\n\r\n Если проблема не решена, обратитесь в службу поддержки клиентов или авторизованный сервисный центр Huawei.",
  "faqTypeId": null,
  "faqType": null,
  "useful": 10,
  "unUseful": 39,
  "languageId": 21,
  "languageName": "ru",
  "faqCode": "9150",
  "faqTypeCode": null,
  "isTop": "0",
  "moduleCode": "faq",
  "productId": null,
  "productCode": null,
  "postDate": 1394797708000,
  "seriesProductName": "",
  "visitedTimes": 1479,
  "isUsefulFlag": null,
  "score": 0,
  "times": 0,
  "imageList": null,
  "displayType": "text",
  "justView": "0",
  "fileName": null,
  "filePath": null,
  "imagePath": null,
  "imageName": null,
  "productIdList": null,
  "curPage": null,
  "pageSize": null,
  "siteCode": null,
  "statusFlag": "Publish",
  "returnCode": 0,
  "totalRows": null,
  "keywords": null,
  "avgScore": 0.0,
  "createDate": null,
  "totalPages": null
}