{
  "type": null,
  "faqId": 8600,
  "title": "Как удалить записи списка вызовов?",
  "answer": " На клавиатуре набора номера нажмите  **  >  Очистить список вызовов**. \r\n\r\n Выберите записи, которые хотите удалить, и нажмите **УДАЛИТЬ**. \r\n\r\n Примечание: Рисунки в данном документе приведены для справки. Фактический внешний вид экрана может отличаться.",
  "faqTypeId": null,
  "faqType": null,
  "useful": 4,
  "unUseful": 1,
  "languageId": 21,
  "languageName": "ru",
  "faqCode": "9151",
  "faqTypeCode": null,
  "isTop": "0",
  "moduleCode": "faq",
  "productId": null,
  "productCode": null,
  "postDate": 1394798205000,
  "seriesProductName": "",
  "visitedTimes": 428,
  "isUsefulFlag": null,
  "score": 0,
  "times": 0,
  "imageList": null,
  "displayType": "text",
  "justView": "0",
  "fileName": null,
  "filePath": null,
  "imagePath": null,
  "imageName": null,
  "productIdList": null,
  "curPage": null,
  "pageSize": null,
  "siteCode": null,
  "statusFlag": "Publish",
  "returnCode": 0,
  "totalRows": null,
  "keywords": null,
  "avgScore": 0.0,
  "createDate": null,
  "totalPages": null
}