{
  "type": null,
  "faqId": 8605,
  "title": "Что делать, если батарея телефона быстро разряжается?",
  "answer": " Включите режим энергосбережения. Для этого перейдите в **Настройки**, нажмите **Энергосбережение** и выберите **Умный **или **Энергосберегающий** режим. \r\n\r\n Выключайте экран, когда не используете телефон. \r\n\r\n Сократите время перехода телефона в спящий режим. \r\n\r\n Уменьшите яркость экрана. \r\n\r\n Уменьшите громкость. \r\n\r\n Выключайте службу передачи данных, Bluetooth, Wi-Fi или GPS, когда не используете их. \r\n\r\n Если время в режиме ожидания значительно сократилось, обратитесь в службу технической поддержки или в авторизованный сервисный центр компании Huawei. \r\n\r\n Примечание: Рисунки в данном документе приведены для справки. Фактический внешний вид экрана может отличаться. \r\n\r\n Закрывайте неиспользуемые приложения.",
  "faqTypeId": null,
  "faqType": null,
  "useful": 14,
  "unUseful": 43,
  "languageId": 21,
  "languageName": "ru",
  "faqCode": "9099",
  "faqTypeCode": null,
  "isTop": "0",
  "moduleCode": "faq",
  "productId": null,
  "productCode": null,
  "postDate": 1394086694000,
  "seriesProductName": "",
  "visitedTimes": 2383,
  "isUsefulFlag": null,
  "score": 0,
  "times": 0,
  "imageList": null,
  "displayType": "text",
  "justView": "0",
  "fileName": null,
  "filePath": null,
  "imagePath": null,
  "imageName": null,
  "productIdList": null,
  "curPage": null,
  "pageSize": null,
  "siteCode": null,
  "statusFlag": "Publish",
  "returnCode": 0,
  "totalRows": null,
  "keywords": null,
  "avgScore": 0.0,
  "createDate": null,
  "totalPages": null
}