{
  "type": null,
  "faqId": 8608,
  "title": "Что делать, если уровень заряда батареи отображается некорректно?",
  "answer": " Перезагрузите телефон или\nвосстановите заводские настройки телефона, предварительно сохранив резервную\nкопию важных данных. Если проблема не решена,\nзамените батарею. Если в Вашем телефоне установлена несъемная батарея,\nобратитесь в авторизованный сервисный центр компании Huawei. ",
  "faqTypeId": null,
  "faqType": null,
  "useful": 6,
  "unUseful": 10,
  "languageId": 21,
  "languageName": "ru",
  "faqCode": "9109",
  "faqTypeCode": null,
  "isTop": "0",
  "moduleCode": "faq",
  "productId": null,
  "productCode": null,
  "postDate": 1394699089000,
  "seriesProductName": "",
  "visitedTimes": 544,
  "isUsefulFlag": null,
  "score": 0,
  "times": 0,
  "imageList": null,
  "displayType": "text",
  "justView": "0",
  "fileName": null,
  "filePath": null,
  "imagePath": null,
  "imageName": null,
  "productIdList": null,
  "curPage": null,
  "pageSize": null,
  "siteCode": null,
  "statusFlag": "Publish",
  "returnCode": 0,
  "totalRows": null,
  "keywords": null,
  "avgScore": 0.0,
  "createDate": null,
  "totalPages": null
}