{
  "type": null,
  "faqId": 8609,
  "title": "Что делать, если телефон не заряжается?",
  "answer": "*   \r\n\r\n Если батарея полностью разряжена: \r\n\r\n Если батарея телефона находилась в разряженном состоянии слишком долго, она заблокируется. Подключите телефон к зарядному устройству и подождите некоторое время. Если в телефоне установлена съемная батарея, извлеките ее из телефона и подключите к дорожному зарядному устройству на 2 часа, затем установите ее обратно в телефон и продолжите зарядку. \r\n\r\n*   \r\n\r\n Если батарея не полностью разряжена: \r\n\r\n Используйте зарядное устройство, входящее в комплект поставки Вашего телефона. Если при зарядке телефона с помощью зарядного устройства, входящего в комплект поставки телефона, происходит сбой, замените USB-кабель или попробуйте подключиться к другой розетке электропитания. \r\n\r\n Если проблема не решена, перезагрузите телефон и повторите попытку. \r\n\r\n*   \r\n\r\n Если телефон перегревается: \r\n\r\n В Вашем телефоне установлена защита от перегрева, которая прерывает процесс зарядки при перегреве телефона. \r\n\r\n Не играйте в игры, не смотрите видео и не используйте энергоемкие приложения во время зарядки. Рекомендуется периодически закрывать приложения, работающие в фоновом режиме. \r\n\n ",
  "faqTypeId": null,
  "faqType": null,
  "useful": 6,
  "unUseful": 15,
  "languageId": 21,
  "languageName": "ru",
  "faqCode": "9110",
  "faqTypeCode": null,
  "isTop": "0",
  "moduleCode": "faq",
  "productId": null,
  "productCode": null,
  "postDate": 1394699368000,
  "seriesProductName": "",
  "visitedTimes": 634,
  "isUsefulFlag": null,
  "score": 0,
  "times": 0,
  "imageList": null,
  "displayType": "text",
  "justView": "0",
  "fileName": null,
  "filePath": null,
  "imagePath": null,
  "imageName": null,
  "productIdList": null,
  "curPage": null,
  "pageSize": null,
  "siteCode": null,
  "statusFlag": "Publish",
  "returnCode": 0,
  "totalRows": null,
  "keywords": null,
  "avgScore": 0.0,
  "createDate": null,
  "totalPages": null
}