{
  "type": null,
  "faqId": 8610,
  "title": "Что делать, если дата и время телефона не выставляются автоматически после переустановки батареи?",
  "answer": " После извлечения батареи ресурсов материнской платы Вашего телефона не хватает для хранения настроек даты и времени. Поэтому после повторной установки батареи Вам придется выставить дату и время вручную. \r\n\r\n Рекомендуется использовать дату и время сети. Ваш телефон автоматически синхронизирует дату и время со значениями сервера времени в Интернете. \r\n\r\n Чтобы включить автоматическую синхронизацию даты и времени, в приложении **Настройки **выберите **Дата и время**, поставьте флажки в полях **Дата и время сети** и **Часовой пояс сети**. \r\n\r\n <v:shapetype id=\"_x0000_t75\" stroked=\"f\" filled=\"f\" path=\"m@4@5l@4@11@9@11@9@5xe\" o:preferrelative=\"t\" o:spt=\"75\" coordsize=\"21600,21600\"> <v:stroke joinstyle=\"miter\"> <v:f eqn=\"if lineDrawn pixelLineWidth 0\"> <v:f eqn=\"sum @0 1 0\"> <v:f eqn=\"sum 0 0 @1\"> <v:f eqn=\"prod @2 1 2\"> <v:f eqn=\"prod @3 21600 pixelWidth\"> <v:f eqn=\"prod @3 21600 pixelHeight\"> <v:f eqn=\"sum @0 0 1\"> <v:f eqn=\"prod @6 1 2\"> <v:f eqn=\"prod @7 21600 pixelWidth\"> <v:f eqn=\"sum @8 21600 0\"> <v:f eqn=\"prod @7 21600 pixelHeight\"> <v:f eqn=\"sum @10 21600 0\"> </v:f> <v:path o:connecttype=\"rect\" gradientshapeok=\"t\" o:extrusionok=\"f\"> <o:lock aspectratio=\"t\" v:ext=\"edit\"> </o:lock><v:shape id=\"Picture_x0020_15\" style=\"width:261pt;height:206.25pt;visibility:visible;mso-wrap-style:square;\" type=\"#_x0000_t75\" o:spid=\"_x0000_i1025\"> <v:imagedata o:title=\"\" src=\"file:///D:\\Users\\T80042~1\\AppData\\Local\\Temp\\msohtmlclip1\\01\\clip_image001.png\"> </v:imagedata></v:shape></v:path></v:f></v:f></v:f></v:f></v:f></v:f></v:f></v:f></v:f></v:f></v:f></v:stroke></v:shapetype> \r\n\r\n Примечание: Рисунки в данном документе приведены для справки. Фактический внешний вид экрана может отличаться. \r\n\n ",
  "faqTypeId": null,
  "faqType": null,
  "useful": 2,
  "unUseful": 8,
  "languageId": 21,
  "languageName": "ru",
  "faqCode": "9111",
  "faqTypeCode": null,
  "isTop": "0",
  "moduleCode": "faq",
  "productId": null,
  "productCode": null,
  "postDate": 1394699554000,
  "seriesProductName": "",
  "visitedTimes": 372,
  "isUsefulFlag": null,
  "score": 0,
  "times": 0,
  "imageList": null,
  "displayType": "text",
  "justView": "0",
  "fileName": null,
  "filePath": null,
  "imagePath": null,
  "imageName": null,
  "productIdList": null,
  "curPage": null,
  "pageSize": null,
  "siteCode": null,
  "statusFlag": "Publish",
  "returnCode": 0,
  "totalRows": null,
  "keywords": null,
  "avgScore": 0.0,
  "createDate": null,
  "totalPages": null
}