{
  "type": null,
  "faqId": 8611,
  "title": "Что делать, если телефон не включается?",
  "answer": "*   \r\n\r\n При первом использовании телефона: \r\n\r\n Перед первым включением телефона заряжайте его не менее получаса. \r\n\r\n При первом включении телефона выполняется инициализация системы. Это может занять некоторое время. \r\n\r\n*   \r\n\r\n После восстановления заводских настроек или обновления телефона: \r\n\r\n После описанных выше действий выполняется инициализация системы. Этот процесс может занять некоторое время. \r\n\r\n Если экран не реагирует на касания, извлеките и установите обратно батарею и повторите попытку. \r\n\r\n Если экран не реагирует на касания, нажмите и удерживайте кнопку питания 10 секунд или дольше, чтобы принудительно перезагрузить телефон. \r\n\r\n*   \r\n\r\n Если телефон выключается во время работы и Вам не удается его включить: \r\n\r\n Возможно, уровень заряда батареи слишком низкий. Зарядите телефон в течение некоторого времени, затем повторите попытку. \r\n\r\n*   \r\n\r\n Если проблема не решена: \r\n\r\n Обратитесь в службу поддержки или авторизованный сервисный центр компании Huawei. \r\n\n ",
  "faqTypeId": null,
  "faqType": null,
  "useful": 8,
  "unUseful": 65,
  "languageId": 21,
  "languageName": "ru",
  "faqCode": "9112",
  "faqTypeCode": null,
  "isTop": "0",
  "moduleCode": "faq",
  "productId": null,
  "productCode": null,
  "postDate": 1394699632000,
  "seriesProductName": "",
  "visitedTimes": 2072,
  "isUsefulFlag": null,
  "score": 0,
  "times": 0,
  "imageList": null,
  "displayType": "text",
  "justView": "0",
  "fileName": null,
  "filePath": null,
  "imagePath": null,
  "imageName": null,
  "productIdList": null,
  "curPage": null,
  "pageSize": null,
  "siteCode": null,
  "statusFlag": "Publish",
  "returnCode": 0,
  "totalRows": null,
  "keywords": null,
  "avgScore": 0.0,
  "createDate": null,
  "totalPages": null
}