{
  "type": null,
  "faqId": 8612,
  "title": "Что делать, если телефон перестает работать?",
  "answer": "*   \r\n\r\n Нажмите и удерживайте кнопку питания, в появившемся меню опций выберите **Перезагрузить**. \r\n\r\n> Если на экране не появляется меню опций, извлеките и установите обратно батарею и включите телефон.   Если на экране не появляется меню опций, нажмите и удерживайте кнопку питания 10 секунд или дольше, чтобы принудительно перезагрузить телефон.\r\n\r\n*   \r\n\r\n Если телефон перестает работать во время работы стороннего приложения, возможно, это стороннее приложение несовместимо с Вашим телефоном. \r\n\r\n> Перезагрузите телефон и удалите это приложение.  \r\n\r\n*   \r\n\r\n Если проблема не решена, восстановите заводские настройки телефона, предварительно сохранив резервную копию важных данных. \r\n\r\n*   \r\n\r\n Если телефон совсем не работает, выполните принудительное обновление. \r\n\r\n> Загрузите пакет обновления для Вашего телефона с веб-сайта [<u>http</u><u>://</u><u>consumer</u><u>.</u><u>huawei</u><u>.</u><u>com</u>](http://consumer.huawei.com/ru)[<u>/ru</u>]() и, следуя инструкциям, обновите телефон.  Если проблема не решена, обратитесь в службу поддержки или авторизованный сервисный центр компании Huawei.",
  "faqTypeId": null,
  "faqType": null,
  "useful": 5,
  "unUseful": 4,
  "languageId": 21,
  "languageName": "ru",
  "faqCode": "9113",
  "faqTypeCode": null,
  "isTop": "0",
  "moduleCode": "faq",
  "productId": null,
  "productCode": null,
  "postDate": 1394699773000,
  "seriesProductName": "",
  "visitedTimes": 976,
  "isUsefulFlag": null,
  "score": 0,
  "times": 0,
  "imageList": null,
  "displayType": "text",
  "justView": "0",
  "fileName": null,
  "filePath": null,
  "imagePath": null,
  "imageName": null,
  "productIdList": null,
  "curPage": null,
  "pageSize": null,
  "siteCode": null,
  "statusFlag": "Publish",
  "returnCode": 0,
  "totalRows": null,
  "keywords": null,
  "avgScore": 0.0,
  "createDate": null,
  "totalPages": null
}