{
  "type": null,
  "faqId": 8613,
  "title": "Что делать, если телефон автоматически выключается или перезагружается?",
  "answer": "*   \r\n\r\n Проверьте уровень заряда батареи. Если уровень заряда слишком низкий, зарядите телефон. \r\n\r\n*   \r\n\r\n Если уровень заряда достаточный для нормальной работы телефона, возможно, батарея некорректно установлена или контакты батареи или телефона загрязнены. \r\n\r\n*   \r\n\r\n Извлеките батарею, протрите контакты батареи и телефона мягкой хлопчатобумажной тканью, смоченной в спирте, установите батарею на место и включите телефон. \r\n\r\n*   \r\n\r\n Нажмите и удерживайте кнопку питания, в появившемся меню опций выберите **Перезагрузить**. \r\n\r\n Если на экране не появляется меню опций, нажмите и удерживайте кнопку питания 10 секунд или дольше, чтобы принудительно перезагрузить телефон. \r\n\r\n*   \r\n\r\n Некоторые сторонние приложения могут быть несовместимы с Вашим телефоном. \r\n\r\n Восстановите заводские настройки телефона, предварительно сохранив резервную копию важных данных. \r\n\r\n*   \r\n\r\n Если телефон совсем не работает, выполните принудительное обновление. \r\n\r\n Загрузите пакет обновления для Вашего телефона с веб-сайта [http://consumer.huawei.com/ru](http://consumer.huawei.com/ru) и, следуя инструкциям, обновите телефон. \r\n\n Если проблема не решена,\nобратитесь в службу поддержки или авторизованный сервисный центр компании Huawei. ",
  "faqTypeId": null,
  "faqType": null,
  "useful": 3,
  "unUseful": 13,
  "languageId": 21,
  "languageName": "ru",
  "faqCode": "9114",
  "faqTypeCode": null,
  "isTop": "0",
  "moduleCode": "faq",
  "productId": null,
  "productCode": null,
  "postDate": 1394703327000,
  "seriesProductName": "",
  "visitedTimes": 1280,
  "isUsefulFlag": null,
  "score": 0,
  "times": 0,
  "imageList": null,
  "displayType": "text",
  "justView": "0",
  "fileName": null,
  "filePath": null,
  "imagePath": null,
  "imageName": null,
  "productIdList": null,
  "curPage": null,
  "pageSize": null,
  "siteCode": null,
  "statusFlag": "Publish",
  "returnCode": 0,
  "totalRows": null,
  "keywords": null,
  "avgScore": 0.0,
  "createDate": null,
  "totalPages": null
}