{
  "type": null,
  "faqId": 8616,
  "title": "Как обновить телефон?",
  "answer": "  **ВНИМАНИЕ!** <v:shapetype id=\"_x0000_t202\" coordsize=\"21600,21600\" o:spt=\"202\" path=\"m,l,21600r21600,l21600,xe\"> </v:shapetype> \r\n\r\n\n\tПеред началом обновления сохраните резервную копию важных данных, например контактов,\nсообщений, записей списка вызовов.  \n\t\r\n\r\n Онлайн-обновление: Перед началом обновления убедитесь, что на телефоне есть доступ в Интернет. Откройте приложение **Настройки**,** **выберите** Обновления **> **Обновления системы** > **Онлайн-обновление** и следуйте инструкциям на экране.  \r\n\r\n ****  \r\n\r\n*   \r\n\r\n Локальное обновление: Загрузите пакет обновления с веб-сайта ** ** [http://consumer.huawei.com/ru](http://consumer.huawei.com/ru)  и сохраните папку **dload** из пакета обновления в корневой каталог в памяти телефона. \r\n\n\t\t\n Откройте меню **Настройки**, выберите **Обновления **> **Системные обновления** > **Локальные\nобновления** и следуйте инструкциям на экране. Более подробную информацию см.\nв инструкциях в пакете обновления.   \n\t\r\n\r\n <v:shape id=\"_x0000_i1027\" style=\"width:390pt;height:197.25pt;visibility:visible;mso-wrap-style:square;\" type=\"#_x0000_t75\"> <v:imagedata o:title=\"\" src=\"file:///D:\\Users\\T80042~1\\AppData\\Local\\Temp\\msohtmlclip1\\01\\clip_image003.png\"> </v:imagedata></v:shape> \r\n\r\n*   \r\n\r\n Обновление с помощью карты microSD: Загрузите пакет обновления с веб-сайта [http://consumer.huawei.com/ru](http://consumer.huawei.com/ru), вставьте в телефон карту microSD и скопируйте папку **dload** из пакета обновления в корневой каталог на карте microSD. \r\n\r\n Откройте меню **Настройки**, выберите **Обновления **> **Системные обновления** > **Локальные обновления** и следуйте инструкциям на экране. Более подробную информацию см. в инструкциях в пакете обновления. \r\n\r\n ****   \r\n\r\n   Обновление с помощью USB-накопителя: Подключите Ваш телефон к USB-накопителю с помощью кабеля USB-OTG. По вопросу приобретения кабеля USB-OTG обращайтесь к продавцу устройства. \r\n\r\n Загрузите пакет обновления с веб-сайта  [http://consumer.huawei.com/ru](http://consumer.huawei.com/ru) и сохраните папку **dload** из пакета обновления в корневой каталог на USB-накопителе.  \r\n\r\n Откройте меню **Настройки**, выберите **Обновления** > **Обновления системы** > **Обновление по ****USB** и следуйте инструкциям на экране. \r\n\r\n <v:shape id=\"d0e629\" style=\"width:376.5pt;height:188.25pt;visibility:visible;mso-wrap-style:square;\" type=\"#_x0000_t75\" o:spid=\"_x0000_i1025\"> <v:imagedata o:title=\"\" src=\"file:///D:\\Users\\T80042~1\\AppData\\Local\\Temp\\msohtmlclip1\\01\\clip_image004.png\"> </v:imagedata></v:shape> \r\n\n  Примечание: Рисунки в\nданном документе приведены для справки. Фактический внешний вид экрана может\nотличаться.**  \r\n\n**",
  "faqTypeId": null,
  "faqType": null,
  "useful": 228,
  "unUseful": 147,
  "languageId": 21,
  "languageName": "ru",
  "faqCode": "9117",
  "faqTypeCode": null,
  "isTop": "0",
  "moduleCode": "faq",
  "productId": null,
  "productCode": null,
  "postDate": 1394705310000,
  "seriesProductName": "",
  "visitedTimes": 18391,
  "isUsefulFlag": null,
  "score": 0,
  "times": 0,
  "imageList": null,
  "displayType": "text",
  "justView": "0",
  "fileName": null,
  "filePath": null,
  "imagePath": null,
  "imageName": null,
  "productIdList": null,
  "curPage": null,
  "pageSize": null,
  "siteCode": null,
  "statusFlag": "Publish",
  "returnCode": 0,
  "totalRows": null,
  "keywords": null,
  "avgScore": 0.0,
  "createDate": null,
  "totalPages": null
}