{
  "type": null,
  "faqId": 8617,
  "title": "Что делать при сбое обновления?",
  "answer": "  Загрузите пакет обновления для модели Вашего телефона с веб-сайта [http://consumer.huawei.com/ru](http://consumer.huawei.com/ru)  и повторите процесс обновления. Более подробную информацию см. в инструкциях в пакете обновления. Рекомендуется перед началом обновления подключить телефон к зарядному устройству. Недостаточный уровень заряда батареи может привести к сбою обновления. \r\n\r\n В процессе обновления не извлекайте и не меняйте батарею. \r\n\r\n При обновлении телефона с помощью карты microSD не извлекайте и не меняйте карту microSD в процессе обновления. \r\n\r\n Если все равно не удается выполнить обновление, перезагрузите телефон или восстановите его заводские настройки, предварительно сохранив резервную копию важных данных.   \r\n\r\n Если проблема не решена, обратитесь в службу поддержки или авторизованный сервисный центр компании Huawei.",
  "faqTypeId": null,
  "faqType": null,
  "useful": 52,
  "unUseful": 64,
  "languageId": 21,
  "languageName": "ru",
  "faqCode": "9118",
  "faqTypeCode": null,
  "isTop": "0",
  "moduleCode": "faq",
  "productId": null,
  "productCode": null,
  "postDate": 1394707866000,
  "seriesProductName": "",
  "visitedTimes": 4751,
  "isUsefulFlag": null,
  "score": 0,
  "times": 0,
  "imageList": null,
  "displayType": "text",
  "justView": "0",
  "fileName": null,
  "filePath": null,
  "imagePath": null,
  "imageName": null,
  "productIdList": null,
  "curPage": null,
  "pageSize": null,
  "siteCode": null,
  "statusFlag": "Publish",
  "returnCode": 0,
  "totalRows": null,
  "keywords": null,
  "avgScore": 0.0,
  "createDate": null,
  "totalPages": null
}