{
  "type": null,
  "faqId": 8618,
  "title": "Как получить права root-доступа?",
  "answer": " Войдите на веб-сайт [http://consumer.huawei.com](http://consumer.huawei.com.html/ \" \") и подайте заявку на получение официального кода разблокировки,\nзатем разблокируйте телефон, следуя инструкциям на экране. После получения прав root-доступа Вы\nможете удалять предустановленные приложения, устанавливать стороннюю прошивку и\nвыполнять другие действия.  \n\r\n\r\n  **ВНИМАНИЕ** \r\n\n\n\t<v:shapetype id=\"_x0000_t202\" path=\"m,l,21600r21600,l21600,xe\" o:spt=\"202\" coordsize=\"21600,21600\"><v:stroke joinstyle=\"miter\">\n\t\r\n\r\n ** <v:path o:connecttype=\"rect\" gradientshapeok=\"t\"> </v:path>** \r\n\n<v:shape id=\"_x0000_s1026\" style=\"left:0px;width:98.95pt;height:25.05pt;text-align:left;margin-top:15.5pt;margin-left:126.6pt;position:absolute;z-index:1;mso-width-relative:margin;mso-height-relative:margin;\" type=\"#_x0000_t202\" stroked=\"f\">\n\t\r\n\r\n ** ** \r\n\n<v:textbox inset=\"0,0,0,0\">\n\t\r\n\r\n ** ** \r\n\n    \n\t<table width=\"100%\" cellspacing=\"0\" cellpadding=\"0\">\n\t\t<tbody>\n\t\t\t<tr>\n\t\t\t\t<td style=\"border:#000000;border-image:none;background-color:transparent;\">\n\t\t\t\t\t  \n\t\t\t\t\t\n\t\t\t\t\t\t  \n\t\t\t\t\t\t\r\n\r\n **  \r\n ** \r\n\n  \n\t\t\t\t\t\n  \n\t\t\t\t</td>\n\t\t\t</tr>\n\t\t</tbody>\n\t</table>\n\t\r\n\r\n ** ** \r\n\n</v:textbox>\n\t\r\n\r\n ** ** \r\n\n</v:shape>\n\t\r\n\r\n <v:shapetype id=\"_x0000_t75\" stroked=\"f\" filled=\"f\" path=\"m@4@5l@4@11@9@11@9@5xe\" o:preferrelative=\"t\" o:spt=\"75\" coordsize=\"21600,21600\">** <v:stroke joinstyle=\"miter\"> <v:f eqn=\"if lineDrawn pixelLineWidth 0\"> <v:f eqn=\"sum @0 1 0\"> <v:f eqn=\"sum 0 0 @1\"> <v:f eqn=\"prod @2 1 2\"> <v:f eqn=\"prod @3 21600 pixelWidth\"> <v:f eqn=\"prod @3 21600 pixelHeight\"> <v:f eqn=\"sum @0 0 1\"> <v:f eqn=\"prod @6 1 2\"> <v:f eqn=\"prod @7 21600 pixelWidth\"> <v:f eqn=\"sum @8 21600 0\"> <v:f eqn=\"prod @7 21600 pixelHeight\"> <v:f eqn=\"sum @10 21600 0\"> </v:f> <v:path o:connecttype=\"rect\" gradientshapeok=\"t\" o:extrusionok=\"f\"> <o:lock aspectratio=\"t\" v:ext=\"edit\"> </o:lock><v:shape id=\"图片_x0020_15\" style=\"width:108.75pt;height:31.5pt;visibility:visible;mso-wrap-style:square;\" type=\"#_x0000_t75\" o:spid=\"_x0000_i1025\" alt=\"Caution\"> <v:imagedata o:title=\"Caution\" src=\"file:///D:\\Users\\T80042~1\\AppData\\Local\\Temp\\msohtmlclip1\\01\\clip_image001.png\"> </v:imagedata></v:shape></v:path></v:f></v:f></v:f></v:f></v:f></v:f></v:f></v:f></v:f></v:f></v:f></v:stroke>**</v:shapetype> \r\n\n</v:stroke>\n\t</v:shapetype>\n\t\r\n\r\n Ваш телефон или некоторые его функции могут работать некорректно. Так как прошивка сторонних производителей не проходит необходимые тесты, она может быть несовместима с Вашим телефоном, а Ваш телефон может стать уязвим к вирусам. \r\n\r\n Разблокировка телефона может привести к неожиданным негативным последствиям, например к некорректной работе телефона или невозможности сбросить его настройки. \r\n\r\n Авторизованные сервисные центры компании Huawei могут помочь в решении проблем, связанных со сбоями в работе аппаратно-программной части, вызванными переформатированием устройства, но такой ремонт не является гарантийным случаем и оплачивается отдельно. \r\n\n  \n\n ",
  "faqTypeId": null,
  "faqType": null,
  "useful": 229,
  "unUseful": 144,
  "languageId": 21,
  "languageName": "ru",
  "faqCode": "9119",
  "faqTypeCode": null,
  "isTop": "0",
  "moduleCode": "faq",
  "productId": null,
  "productCode": null,
  "postDate": 1394711867000,
  "seriesProductName": "",
  "visitedTimes": 12588,
  "isUsefulFlag": null,
  "score": 0,
  "times": 0,
  "imageList": null,
  "displayType": "text",
  "justView": "0",
  "fileName": null,
  "filePath": null,
  "imagePath": null,
  "imageName": null,
  "productIdList": null,
  "curPage": null,
  "pageSize": null,
  "siteCode": null,
  "statusFlag": "Publish",
  "returnCode": 0,
  "totalRows": null,
  "keywords": null,
  "avgScore": 0.0,
  "createDate": null,
  "totalPages": null
}