{
  "type": null,
  "faqId": 8619,
  "title": "Что делать, если телефон работает медленно?",
  "answer": " Для повышения скорости\nработы телефона рекомендуется использовать приложение **Диспетчер телефона**:  \n\r\n\r\n\n На экране **Диспетчер телефона** нажмите кнопку **Поиск**. Следуя инструкциям на экране,\nповысьте скорость работы телефона.   \r\n\r\n*   \r\n\r\n На экране **Диспетчер телефона** выберите **Акселератор**. Следуя инструкциям на экране, закройте неиспользуемые приложения. \r\n\r\n На экране **Диспетчер телефона** выберите **Очистка памяти** > **Умная проверка**. После завершения сканирования нажмите **Очистить**. \r\n\r\n Память телефона также можно очистить следующими способами: \r\n\r\n Закройте неиспользуемые приложения. \r\n\r\n На экране **Настройки **выберите **Управление приложениями**. В разделе **Работающие** выберите приложение, которое хотите закрыть, нажмите кнопку **Остановить** и, следуя инструкциям на экране, закройте выбранное приложение. \r\n\r\n Очистите кэш-память приложений. \r\n\r\n На экране **Настройки **выберите **Управление приложениями**. В разделе **Все** нажмите кнопку **Очистить кэш**. \r\n\r\n Очистите кэш-память и историю браузера. \r\n\r\n Откройте приложение **Браузер** и выберите <v:shapetype id=\"_x0000_t75\" stroked=\"f\" filled=\"f\" path=\"m@4@5l@4@11@9@11@9@5xe\" o:preferrelative=\"t\" o:spt=\"75\" coordsize=\"21600,21600\"> <v:stroke joinstyle=\"miter\"> <v:f eqn=\"if lineDrawn pixelLineWidth 0\"> <v:f eqn=\"sum @0 1 0\"> <v:f eqn=\"sum 0 0 @1\"> <v:f eqn=\"prod @2 1 2\"> <v:f eqn=\"prod @3 21600 pixelWidth\"> <v:f eqn=\"prod @3 21600 pixelHeight\"> <v:f eqn=\"sum @0 0 1\"> <v:f eqn=\"prod @6 1 2\"> <v:f eqn=\"prod @7 21600 pixelWidth\"> <v:f eqn=\"sum @8 21600 0\"> <v:f eqn=\"prod @7 21600 pixelHeight\"> <v:f eqn=\"sum @10 21600 0\"> </v:f> <v:path o:connecttype=\"rect\" gradientshapeok=\"t\" o:extrusionok=\"f\"> <o:lock aspectratio=\"t\" v:ext=\"edit\"> </o:lock><v:shape id=\"图片_x0020_24\" style=\"width:21.75pt;height:15.75pt;visibility:visible;mso-wrap-style:square;\" type=\"#_x0000_t75\" o:spid=\"_x0000_i1025\" alt=\"fig_more_menu\"> <v:imagedata o:title=\"fig_more_menu\" src=\"file:///D:\\Users\\T80042~1\\AppData\\Local\\Temp\\msohtmlclip1\\01\\clip_image001.png\"> </v:imagedata></v:shape></v:path></v:f></v:f></v:f></v:f></v:f></v:f></v:f></v:f></v:f></v:f></v:f></v:stroke></v:shapetype> > **Настройки** > **Личные данные**. Затем нажмите **Очистить кэш **и **Очистить историю**. \r\n\r\n Перезагрузите Ваш телефон. \r\n\r\n Если проблема не решена, восстановите заводские настройки телефона, предварительно сохранив резервную копию важных данных. \r\n\r\n Примечание: Рисунки в данном документе приведены для справки. Фактический внешний вид экрана может отличаться. \r\n\r\n\n ",
  "faqTypeId": null,
  "faqType": null,
  "useful": 3,
  "unUseful": 0,
  "languageId": 21,
  "languageName": "ru",
  "faqCode": "9120",
  "faqTypeCode": null,
  "isTop": "0",
  "moduleCode": "faq",
  "productId": null,
  "productCode": null,
  "postDate": 1394712508000,
  "seriesProductName": "",
  "visitedTimes": 1210,
  "isUsefulFlag": null,
  "score": 0,
  "times": 0,
  "imageList": null,
  "displayType": "text",
  "justView": "0",
  "fileName": null,
  "filePath": null,
  "imagePath": null,
  "imageName": null,
  "productIdList": null,
  "curPage": null,
  "pageSize": null,
  "siteCode": null,
  "statusFlag": "Publish",
  "returnCode": 0,
  "totalRows": null,
  "keywords": null,
  "avgScore": 0.0,
  "createDate": null,
  "totalPages": null
}