{
  "type": null,
  "faqId": 8620,
  "title": "Какие данные удаляются при восстановлении заводских настроек телефона?",
  "answer": " При восстановлении заводских\nнастроек телефона удаляются все личные данные из памяти телефона, включая\nаккаунты эл. почты, настройки системы и приложений, а также установленные\nприложения. ",
  "faqTypeId": null,
  "faqType": null,
  "useful": 52,
  "unUseful": 8,
  "languageId": 21,
  "languageName": "ru",
  "faqCode": "9121",
  "faqTypeCode": null,
  "isTop": "0",
  "moduleCode": "faq",
  "productId": null,
  "productCode": null,
  "postDate": 1394713301000,
  "seriesProductName": "",
  "visitedTimes": 2046,
  "isUsefulFlag": null,
  "score": 0,
  "times": 0,
  "imageList": null,
  "displayType": "text",
  "justView": "0",
  "fileName": null,
  "filePath": null,
  "imagePath": null,
  "imageName": null,
  "productIdList": null,
  "curPage": null,
  "pageSize": null,
  "siteCode": null,
  "statusFlag": "Publish",
  "returnCode": 0,
  "totalRows": null,
  "keywords": null,
  "avgScore": 0.0,
  "createDate": null,
  "totalPages": null
}