{
  "type": null,
  "faqId": 8621,
  "title": "Как выйти из безопасного режима?",
  "answer": " Чтобы выйти из безопасного режима, перезагрузите Ваш телефон. \r\n\r\n Ваш телефон переходит в безопасный режим, если во время запуска телефона нажать и удерживать кнопку уменьшения громкости, пока телефон не включится.",
  "faqTypeId": null,
  "faqType": null,
  "useful": 8,
  "unUseful": 11,
  "languageId": 21,
  "languageName": "ru",
  "faqCode": "9122",
  "faqTypeCode": null,
  "isTop": "0",
  "moduleCode": "faq",
  "productId": null,
  "productCode": null,
  "postDate": 1394713456000,
  "seriesProductName": "",
  "visitedTimes": 890,
  "isUsefulFlag": null,
  "score": 0,
  "times": 0,
  "imageList": null,
  "displayType": "text",
  "justView": "0",
  "fileName": null,
  "filePath": null,
  "imagePath": null,
  "imageName": null,
  "productIdList": null,
  "curPage": null,
  "pageSize": null,
  "siteCode": null,
  "statusFlag": "Publish",
  "returnCode": 0,
  "totalRows": null,
  "keywords": null,
  "avgScore": 0.0,
  "createDate": null,
  "totalPages": null
}