{
  "type": null,
  "faqId": 8622,
  "title": "Что делать, если не получается подключиться к Интернету после включения службы передачи данных?",
  "answer": "*   \r\n\r\n Убедитесь, что SIM-карта установлена корректно. Более подробную информацию см. в Кратком руководстве пользователя к Вашему телефону. \r\n\r\n*   \r\n\r\n Убедитесь, что Ваш телефон поддерживает эту SIM-карту. Более подробную информацию спрашивайте у поставщика Вашей SIM-карты. \r\n\r\n*   \r\n\r\n Убедитесь, что Ваша SIM-карта поддерживает мобильную передачу данных. Более подробную информацию спрашивайте у Вашего провайдера услуг. \r\n\r\n*   \r\n\r\n Убедитесь, что на Вашем счету достаточно средств. Ваш провайдер услуг может приостановить предоставление интернет-соединения для SIM-карт с отрицательным балансом. \r\n\r\n*   \r\n\r\n На экране **Настройки** нажмите **Еще...** > **Передача данных**, чтобы проверить, установлен ли лимит трафика. Если лимит трафика установлен, Вы не сможете использовать службу передачи данных по достижении установленного лимита. Уберите ограничение или установите более высокий лимит. \r\n\r\n*   \r\n\r\n*   \r\n\r\n\n\t\tВосстановите\nзначения по умолчанию для настроек точки доступа. \n\t\t\r\n\r\n На экране **Настройки **выберите **Мобильная сеть **> **Точка доступа (APN)**, нажмите <v:shapetype id=\"_x0000_t75\" stroked=\"f\" filled=\"f\" path=\"m@4@5l@4@11@9@11@9@5xe\" o:preferrelative=\"t\" o:spt=\"75\" coordsize=\"21600,21600\"> <v:stroke joinstyle=\"miter\"> <v:formulas> <v:f eqn=\"if lineDrawn pixelLineWidth 0\"> <v:f eqn=\"sum @0 1 0\"> <v:f eqn=\"sum 0 0 @1\"> <v:f eqn=\"prod @2 1 2\"> <v:f eqn=\"prod @3 21600 pixelWidth\"> <v:f eqn=\"prod @3 21600 pixelHeight\"> <v:f eqn=\"sum @0 0 1\"> <v:f eqn=\"prod @6 1 2\"> <v:f eqn=\"prod @7 21600 pixelWidth\"> <v:f eqn=\"sum @8 21600 0\"> <v:f eqn=\"prod @7 21600 pixelHeight\"> <v:f eqn=\"sum @10 21600 0\"> </v:f> <v:path o:connecttype=\"rect\" gradientshapeok=\"t\" o:extrusionok=\"f\"> <o:lock aspectratio=\"t\" v:ext=\"edit\"> </o:lock><v:shape id=\"图片_x0020_24\" style=\"width:21.75pt;height:15.75pt;visibility:visible;mso-wrap-style:square;\" type=\"#_x0000_t75\" o:spid=\"_x0000_i1025\" alt=\"fig_more_menu\"> <v:imagedata o:title=\"fig_more_menu\" src=\"file:///D:\\Users\\T80042~1\\AppData\\Local\\Temp\\msohtmlclip1\\01\\clip_image001.png\"> </v:imagedata></v:shape></v:path></v:f></v:f></v:f></v:f></v:f></v:f></v:f></v:f></v:f></v:f></v:f></v:formulas></v:stroke></v:shapetype> > **Сброс настроек**, затем повторите попытку. \r\n\r\n Примечание: Рисунки в данном документе приведены для справки. Фактический внешний вид экрана может отличаться. \r\n\r\n\n ",
  "faqTypeId": null,
  "faqType": null,
  "useful": 3,
  "unUseful": 12,
  "languageId": 21,
  "languageName": "ru",
  "faqCode": "9123",
  "faqTypeCode": null,
  "isTop": "0",
  "moduleCode": "faq",
  "productId": null,
  "productCode": null,
  "postDate": 1394714209000,
  "seriesProductName": "",
  "visitedTimes": 627,
  "isUsefulFlag": null,
  "score": 0,
  "times": 0,
  "imageList": null,
  "displayType": "text",
  "justView": "0",
  "fileName": null,
  "filePath": null,
  "imagePath": null,
  "imageName": null,
  "productIdList": null,
  "curPage": null,
  "pageSize": null,
  "siteCode": null,
  "statusFlag": "Publish",
  "returnCode": 0,
  "totalRows": null,
  "keywords": null,
  "avgScore": 0.0,
  "createDate": null,
  "totalPages": null
}