{
  "type": null,
  "faqId": 8623,
  "title": "Что делать, если мобильная передача данных постоянно отключается?",
  "answer": " Переместите телефон в зону с устойчивым сигналом сети \r\n\r\n На экране **Настройки** нажмите **Мобильная сеть** и поставьте флажок в поле **Постоянная передача данных**. \r\n\r\n Уточните параметры Вашей точки доступа у Вашего провайдера услуг. На экране **Настройки** нажмите **Мобильная сеть** и выберите **Точка доступа (APN)**,** **чтобы посмотреть параметры Вашей точки доступа. \r\n\r\n Если проблема не решена, восстановите заводские настройки телефона, предварительно сохранив резервную копию важных данных. Затем повторите попытку. \r\n\r\n Примечание: Рисунки в данном документе приведены для справки. Фактический внешний вид экрана может отличаться.",
  "faqTypeId": null,
  "faqType": null,
  "useful": 3,
  "unUseful": 8,
  "languageId": 21,
  "languageName": "ru",
  "faqCode": "9124",
  "faqTypeCode": null,
  "isTop": "0",
  "moduleCode": "faq",
  "productId": null,
  "productCode": null,
  "postDate": 1394714792000,
  "seriesProductName": "",
  "visitedTimes": 708,
  "isUsefulFlag": null,
  "score": 0,
  "times": 0,
  "imageList": null,
  "displayType": "text",
  "justView": "0",
  "fileName": null,
  "filePath": null,
  "imagePath": null,
  "imageName": null,
  "productIdList": null,
  "curPage": null,
  "pageSize": null,
  "siteCode": null,
  "statusFlag": "Publish",
  "returnCode": 0,
  "totalRows": null,
  "keywords": null,
  "avgScore": 0.0,
  "createDate": null,
  "totalPages": null
}