{
  "type": null,
  "faqId": 8624,
  "title": "Как сэкономить трафик?",
  "answer": " Используйте чаще сети Wi-Fi \r\n\r\n Выключайте службу передачи данных, когда Вам не нужен доступ в Интернет. \r\n\r\n Чтобы быстро включить или выключить передачу данных, откройте панель уведомлений и нажмите на значок <v:shapetype id=\"_x0000_t75\" stroked=\"f\" filled=\"f\" path=\"m@4@5l@4@11@9@11@9@5xe\" o:preferrelative=\"t\" o:spt=\"75\" coordsize=\"21600,21600\"> <v:stroke joinstyle=\"miter\"> <v:f eqn=\"if lineDrawn pixelLineWidth 0\"> <v:f eqn=\"sum @0 1 0\"> <v:f eqn=\"sum 0 0 @1\"> <v:f eqn=\"prod @2 1 2\"> <v:f eqn=\"prod @3 21600 pixelWidth\"> <v:f eqn=\"prod @3 21600 pixelHeight\"> <v:f eqn=\"sum @0 0 1\"> <v:f eqn=\"prod @6 1 2\"> <v:f eqn=\"prod @7 21600 pixelWidth\"> <v:f eqn=\"sum @8 21600 0\"> <v:f eqn=\"prod @7 21600 pixelHeight\"> <v:f eqn=\"sum @10 21600 0\"> </v:f> <v:path o:connecttype=\"rect\" gradientshapeok=\"t\" o:extrusionok=\"f\"> <o:lock aspectratio=\"t\" v:ext=\"edit\"> </o:lock><v:shape id=\"d0e1093\" style=\"width:21.75pt;height:15.75pt;visibility:visible;mso-wrap-style:square;\" type=\"#_x0000_t75\" o:spid=\"_x0000_i1026\"> <v:imagedata o:title=\"\" src=\"file:///D:\\Users\\T80042~1\\AppData\\Local\\Temp\\msohtmlclip1\\01\\clip_image001.png\"> </v:imagedata></v:shape></v:path></v:f></v:f></v:f></v:f></v:f></v:f></v:f></v:f></v:f></v:f></v:f></v:stroke></v:shapetype>. \r\n\r\n Во время работы в Интернете настройте браузер на блокировку изображений на веб-страницах. \r\n\r\n В приложении **Браузер **нажмите<v:shape id=\"图片_x0020_29\" style=\"width:21.75pt;height:15.75pt;visibility:visible;mso-wrap-style:square;\" type=\"#_x0000_t75\" o:spid=\"_x0000_i1025\" alt=\"fig_more_menu\"> <v:imagedata o:title=\"fig_more_menu\" src=\"file:///D:\\Users\\T80042~1\\AppData\\Local\\Temp\\msohtmlclip1\\01\\clip_image002.png\"> </v:imagedata></v:shape> > **Настройки** > **Настройки контента** и уберите флажок в поле **Загрузка графики**. \r\n\r\n Закройте приложениям доступ в Интернет по мобильной сети. \r\n\r\n На экране **Настройки **выберите **Сетевые приложения** и нажмите на кнопку <v:shapetype id=\"_x0000_t75\" stroked=\"f\" filled=\"f\" path=\"m@4@5l@4@11@9@11@9@5xe\" o:preferrelative=\"t\" o:spt=\"75\" coordsize=\"21600,21600\"> <v:stroke joinstyle=\"miter\"> <v:f eqn=\"if lineDrawn pixelLineWidth 0\"> <v:f eqn=\"sum @0 1 0\"> <v:f eqn=\"sum 0 0 @1\"> <v:f eqn=\"prod @2 1 2\"> <v:f eqn=\"prod @3 21600 pixelWidth\"> <v:f eqn=\"prod @3 21600 pixelHeight\"> <v:f eqn=\"sum @0 0 1\"> <v:f eqn=\"prod @6 1 2\"> <v:f eqn=\"prod @7 21600 pixelWidth\"> <v:f eqn=\"sum @8 21600 0\"> <v:f eqn=\"prod @7 21600 pixelHeight\"> <v:f eqn=\"sum @10 21600 0\"> </v:f> <v:path o:connecttype=\"rect\" gradientshapeok=\"t\" o:extrusionok=\"f\"> <o:lock aspectratio=\"t\" v:ext=\"edit\"> </o:lock><v:shape id=\"d0e1128\" style=\"width:13.5pt;height:13.5pt;visibility:visible;mso-wrap-style:square;\" type=\"#_x0000_t75\" o:spid=\"_x0000_i1025\"> <v:imagedata o:title=\"\" src=\"file:///D:\\Users\\T80042~1\\AppData\\Local\\Temp\\msohtmlclip1\\01\\clip_image001.png\"> </v:imagedata></v:shape></v:path></v:f></v:f></v:f></v:f></v:f></v:f></v:f></v:f></v:f></v:f></v:f></v:stroke></v:shapetype> рядом с приложением. \r\n\r\n Выключайте синхронизацию данных в фоновом режиме, когда она Вам не нужна. \r\n\r\n Откройте панель уведомлений и нажмите затем \r\n\r\n Закройте неиспользуемые сетевые приложения. \r\n\r\n Нажмите на кнопку , чтобы открыть список недавно использованных приложений. Проведите влево или вправо по приложению или нажмите на значок ,чтобы закрыть приложение. Или нажмите на значок , чтобы закрыть все приложения. \r\n\r\n Нажмите и удерживайте кнопку , чтобы открыть список недавно использованных приложений. Проведите влево или вправо по приложению или нажмите на значок , чтобы закрыть приложение. Или нажмите на значок , чтобы закрыть все приложения. \r\n\r\n Примечание: Рисунки в данном документе приведены для справки. Фактический внешний вид экрана может отличаться.",
  "faqTypeId": null,
  "faqType": null,
  "useful": 5,
  "unUseful": 0,
  "languageId": 21,
  "languageName": "ru",
  "faqCode": "9125",
  "faqTypeCode": null,
  "isTop": "0",
  "moduleCode": "faq",
  "productId": null,
  "productCode": null,
  "postDate": 1394715973000,
  "seriesProductName": "",
  "visitedTimes": 1386,
  "isUsefulFlag": null,
  "score": 0,
  "times": 0,
  "imageList": null,
  "displayType": "text",
  "justView": "0",
  "fileName": null,
  "filePath": null,
  "imagePath": null,
  "imageName": null,
  "productIdList": null,
  "curPage": null,
  "pageSize": null,
  "siteCode": null,
  "statusFlag": "Publish",
  "returnCode": 0,
  "totalRows": null,
  "keywords": null,
  "avgScore": 0.0,
  "createDate": null,
  "totalPages": null
}