{
  "type": null,
  "faqId": 8625,
  "title": "Можно ли подключаться к Интернету во время разговора?",
  "answer": " Если у Вас телефон стандарта CDMA, Вы можете подключаться к Интернету во время разговора. \r\n\r\n Если у Вас телефон другого стандарта: \r\n\r\n Вы можете подключаться к Интернету во время выполнения вызова по сети 3G. \r\n\r\n Вы не можете подключаться к Интернету во время выполнения вызова по сети 2G.",
  "faqTypeId": null,
  "faqType": null,
  "useful": 11,
  "unUseful": 1,
  "languageId": 21,
  "languageName": "ru",
  "faqCode": "9126",
  "faqTypeCode": null,
  "isTop": "0",
  "moduleCode": "faq",
  "productId": null,
  "productCode": null,
  "postDate": 1394716182000,
  "seriesProductName": "",
  "visitedTimes": 807,
  "isUsefulFlag": null,
  "score": 0,
  "times": 0,
  "imageList": null,
  "displayType": "text",
  "justView": "0",
  "fileName": null,
  "filePath": null,
  "imagePath": null,
  "imageName": null,
  "productIdList": null,
  "curPage": null,
  "pageSize": null,
  "siteCode": null,
  "statusFlag": "Publish",
  "returnCode": 0,
  "totalRows": null,
  "keywords": null,
  "avgScore": 0.0,
  "createDate": null,
  "totalPages": null
}