{
  "type": null,
  "faqId": 8626,
  "title": "Что делать, если не получается подключиться к точке доступа Wi-Fi?",
  "answer": "  Если точка доступа Wi-Fi зашифрована, убедитесь, что Вы ввели корректный пароль. Помните, что пароль надо вводить с учетом регистра символов. \r\n\r\n Убедитесь, что имя или пароль точки доступа Wi-Fi не были изменены. Если были, введите новые значения и повторите попытку. \r\n\r\n Возможно, сигнал сети Wi-Fi слишком слабый. \r\n\r\n Убедитесь, что Вы находитесь в зоне покрытия точки доступа Wi-Fi. \r\n\r\n К точке доступа Wi-Fi подключено максимально возможное количество устройств. \r\n\r\n Подключитесь к другой доступной сети. \r\n\r\n Если Ваш телефон не может подключиться к точке доступа Wi-Fi и никак не может получить IP-адрес, задайте статический IP-адрес следующим образом:  \r\n\r\n  Защищенная точка доступа Wi-Fi: На экране настроек сети Wi-Fi выберите точку доступа. \r\n\r\n В появившемся диалоговом окне поставьте флажок в поле **Дополнительно**. В раскрывающемся списке **Настройки ****IP**** **выберите **Статический**. Введите IP-адрес и доменное имя. \r\n\r\n Введите пароль и нажмите **Подключить**. \r\n\r\n Открытая точка доступа Wi-Fi: На экране настроек сети Wi-Fi нажмите и удерживайте точку доступа. \r\n\r\n В появившемся меню опций выберите **Изменить сеть**. В появившемся меню опций поставьте флажок в поле **Дополнительно**. В раскрывающемся списке **Настройки ****IP**** **выберите **Статический**. Введите IP-адрес и доменное имя. \r\n\r\n После подключения Вашего телефона к сети Wi-Fi в строке состояния появится значок сети Wi-Fi. \r\n\r\n Примечание: Рисунки в данном документе приведены для справки. Фактический внешний вид экрана может отличаться.",
  "faqTypeId": null,
  "faqType": null,
  "useful": 2,
  "unUseful": 16,
  "languageId": 21,
  "languageName": "ru",
  "faqCode": "9127",
  "faqTypeCode": null,
  "isTop": "0",
  "moduleCode": "faq",
  "productId": null,
  "productCode": null,
  "postDate": 1394716533000,
  "seriesProductName": "",
  "visitedTimes": 969,
  "isUsefulFlag": null,
  "score": 0,
  "times": 0,
  "imageList": null,
  "displayType": "text",
  "justView": "0",
  "fileName": null,
  "filePath": null,
  "imagePath": null,
  "imageName": null,
  "productIdList": null,
  "curPage": null,
  "pageSize": null,
  "siteCode": null,
  "statusFlag": "Publish",
  "returnCode": 0,
  "totalRows": null,
  "keywords": null,
  "avgScore": 0.0,
  "createDate": null,
  "totalPages": null
}