{
  "type": null,
  "faqId": 8628,
  "title": "Что делать, если телефон не видет сети Wi-Fi после включения функции Wi-Fi на телефоне?",
  "answer": " Перезапустите точку доступа Wi-Fi (например, беспроводной роутер). \r\n\r\n Перезапустите Wi-Fi на Вашем телефоне. \r\n\r\n Перезагрузите Ваш телефон. \r\n\n Если проблема не решена, убедитесь,\nчто на беспроводном роутере не включена функция фильтрации по MAC-адресам. Более\nподробную информацию по настройкам роутера см. в Руководстве пользователя\nроутера. ",
  "faqTypeId": null,
  "faqType": null,
  "useful": 4,
  "unUseful": 40,
  "languageId": 21,
  "languageName": "ru",
  "faqCode": "9129",
  "faqTypeCode": null,
  "isTop": "0",
  "moduleCode": "faq",
  "productId": null,
  "productCode": null,
  "postDate": 1394717454000,
  "seriesProductName": "",
  "visitedTimes": 726,
  "isUsefulFlag": null,
  "score": 0,
  "times": 0,
  "imageList": null,
  "displayType": "text",
  "justView": "0",
  "fileName": null,
  "filePath": null,
  "imagePath": null,
  "imageName": null,
  "productIdList": null,
  "curPage": null,
  "pageSize": null,
  "siteCode": null,
  "statusFlag": "Publish",
  "returnCode": 0,
  "totalRows": null,
  "keywords": null,
  "avgScore": 0.0,
  "createDate": null,
  "totalPages": null
}