{
  "type": null,
  "faqId": 8629,
  "title": "Как удалить предустановленные приложения?",
  "answer": " На экране приложения **Настройки** нажмите **Управление приложениями**, выберите приложение, которое хотите удалить, нажмите кнопку **Удалить** и следуйте инструкциям на экране. \r\n\r\n Если приложение нельзя удалить, на экране **О приложении **не появится кнопка **Удалить**. \r\n\r\n Системные приложения нельзя удалить. \r\n\r\n Примечание: Рисунки в данном документе приведены для справки. Фактический внешний вид экрана может отличаться.",
  "faqTypeId": null,
  "faqType": null,
  "useful": 11,
  "unUseful": 9,
  "languageId": 21,
  "languageName": "ru",
  "faqCode": "9130",
  "faqTypeCode": null,
  "isTop": "0",
  "moduleCode": "faq",
  "productId": null,
  "productCode": null,
  "postDate": 1394717724000,
  "seriesProductName": "",
  "visitedTimes": 1924,
  "isUsefulFlag": null,
  "score": 0,
  "times": 0,
  "imageList": null,
  "displayType": "text",
  "justView": "0",
  "fileName": null,
  "filePath": null,
  "imagePath": null,
  "imageName": null,
  "productIdList": null,
  "curPage": null,
  "pageSize": null,
  "siteCode": null,
  "statusFlag": "Publish",
  "returnCode": 0,
  "totalRows": null,
  "keywords": null,
  "avgScore": 0.0,
  "createDate": null,
  "totalPages": null
}