{
  "type": null,
  "faqId": 8630,
  "title": "Как установить стороннее приложение на карте microSD?",
  "answer": " По умолчанию сторонние приложения устанавливаются во внутренней памяти телефона. Место установки по умолчанию нельзя изменить. Однако Вы можете переместить сторонние приложения на карту microSD. \r\n\r\n На экране **Настройки **выберите **Управление приложениями**, нажмите на приложение, которое хотите переместить, затем нажмите на кнопку **Перенести на ****SD****-карту**. Некоторые приложения нельзя переместить на карту microSD. \r\n\r\n После перемещения приложения на карту microSD и в случае извлечения или форматирования карты microSD перенесенное на нее приложение будет недоступно. \r\n\r\n Примечание: Рисунки в данном документе приведены для справки. Фактический внешний вид экрана может отличаться. \r\n\r\n\n ",
  "faqTypeId": null,
  "faqType": null,
  "useful": 1,
  "unUseful": 7,
  "languageId": 21,
  "languageName": "ru",
  "faqCode": "9144",
  "faqTypeCode": null,
  "isTop": "0",
  "moduleCode": "faq",
  "productId": null,
  "productCode": null,
  "postDate": 1394793422000,
  "seriesProductName": "",
  "visitedTimes": 866,
  "isUsefulFlag": null,
  "score": 0,
  "times": 0,
  "imageList": null,
  "displayType": "text",
  "justView": "0",
  "fileName": null,
  "filePath": null,
  "imagePath": null,
  "imageName": null,
  "productIdList": null,
  "curPage": null,
  "pageSize": null,
  "siteCode": null,
  "statusFlag": "Publish",
  "returnCode": 0,
  "totalRows": null,
  "keywords": null,
  "avgScore": 0.0,
  "createDate": null,
  "totalPages": null
}