{
  "type": null,
  "faqId": 8631,
  "title": "Как сохранить черновик сообщения?",
  "answer": " Во время написания сообщения нажмите кнопку  или ,  чтобы сохранить черновик сообщения. Этот черновик отобразится в цепочке сообщений, когда Вы откроете ее в следующий раз. \r\n\r\n **ПРИМЕЧАНИЕ:** \r\n\r\n Только сообщение с указанным получателем может быть сохранено как черновик.",
  "faqTypeId": null,
  "faqType": null,
  "useful": 3,
  "unUseful": 0,
  "languageId": 21,
  "languageName": "ru",
  "faqCode": "9159",
  "faqTypeCode": null,
  "isTop": "0",
  "moduleCode": "faq",
  "productId": null,
  "productCode": null,
  "postDate": 1395294541000,
  "seriesProductName": "",
  "visitedTimes": 285,
  "isUsefulFlag": null,
  "score": 0,
  "times": 0,
  "imageList": null,
  "displayType": "text",
  "justView": "0",
  "fileName": null,
  "filePath": null,
  "imagePath": null,
  "imageName": null,
  "productIdList": null,
  "curPage": null,
  "pageSize": null,
  "siteCode": null,
  "statusFlag": "Publish",
  "returnCode": 0,
  "totalRows": null,
  "keywords": null,
  "avgScore": 0.0,
  "createDate": null,
  "totalPages": null
}