{
  "type": null,
  "faqId": 8632,
  "title": "Можно ли изменить размер шрифта сообщений?",
  "answer": " Размер шрифта сообщений изменяется,\nкогда Вы меняете размер шрифта системы. Изменить только размер шрифта сообщений невозможно.  ",
  "faqTypeId": null,
  "faqType": null,
  "useful": 4,
  "unUseful": 3,
  "languageId": 21,
  "languageName": "ru",
  "faqCode": "9160",
  "faqTypeCode": null,
  "isTop": "0",
  "moduleCode": "faq",
  "productId": null,
  "productCode": null,
  "postDate": 1395294816000,
  "seriesProductName": "",
  "visitedTimes": 529,
  "isUsefulFlag": null,
  "score": 0,
  "times": 0,
  "imageList": null,
  "displayType": "text",
  "justView": "0",
  "fileName": null,
  "filePath": null,
  "imagePath": null,
  "imageName": null,
  "productIdList": null,
  "curPage": null,
  "pageSize": null,
  "siteCode": null,
  "statusFlag": "Publish",
  "returnCode": 0,
  "totalRows": null,
  "keywords": null,
  "avgScore": 0.0,
  "createDate": null,
  "totalPages": null
}