{
  "type": null,
  "faqId": 8633,
  "title": "Как отключить вибрацию клавиатуры для метода ввода IME компании Huawei?",
  "answer": " На экране **Настройки** выберите **Язык и ввод**. \r\n\r\n Нажмите **IME ****компании Huawei**. \r\n\r\n Нажмите **Настройки клавиатуры**. \r\n\r\n Уберите флажок в поле **Вибрация клавиатуры**. \r\n\r\n Примечание: Рисунки в данном документе приведены для справки. Фактический внешний вид экрана может отличаться \r\n\r\n\n ",
  "faqTypeId": null,
  "faqType": null,
  "useful": 6,
  "unUseful": 2,
  "languageId": 21,
  "languageName": "ru",
  "faqCode": "9161",
  "faqTypeCode": null,
  "isTop": "0",
  "moduleCode": "faq",
  "productId": null,
  "productCode": null,
  "postDate": 1395297257000,
  "seriesProductName": "",
  "visitedTimes": 702,
  "isUsefulFlag": null,
  "score": 0,
  "times": 0,
  "imageList": null,
  "displayType": "text",
  "justView": "0",
  "fileName": null,
  "filePath": null,
  "imagePath": null,
  "imageName": null,
  "productIdList": null,
  "curPage": null,
  "pageSize": null,
  "siteCode": null,
  "statusFlag": "Publish",
  "returnCode": 0,
  "totalRows": null,
  "keywords": null,
  "avgScore": 0.0,
  "createDate": null,
  "totalPages": null
}