{
  "type": null,
  "faqId": 8634,
  "title": "Как настроить карту microSD как место сохранения фото и видео по умолчанию?",
  "answer": " На экране приложения **Камера **нажмите    >   **Другое**, для параметра **Место сохранения** выберите значение **SD****-карта**.  \r\n\r\n Примечание: Рисунки в данном документе приведены для справки. Фактический внешний вид экрана может отличаться.",
  "faqTypeId": null,
  "faqType": null,
  "useful": 19,
  "unUseful": 9,
  "languageId": 21,
  "languageName": "ru",
  "faqCode": "9138",
  "faqTypeCode": null,
  "isTop": "0",
  "moduleCode": "faq",
  "productId": null,
  "productCode": null,
  "postDate": 1395299823000,
  "seriesProductName": "",
  "visitedTimes": 1700,
  "isUsefulFlag": null,
  "score": 0,
  "times": 0,
  "imageList": null,
  "displayType": "text",
  "justView": "0",
  "fileName": null,
  "filePath": null,
  "imagePath": null,
  "imageName": null,
  "productIdList": null,
  "curPage": null,
  "pageSize": null,
  "siteCode": null,
  "statusFlag": "Publish",
  "returnCode": 0,
  "totalRows": null,
  "keywords": null,
  "avgScore": 0.0,
  "createDate": null,
  "totalPages": null
}