{
  "type": null,
  "faqId": 8641,
  "title": "Что делать, если пользовательская мелодия вызова автоматически изменяется на мелодию вызова по умолчанию?",
  "answer": " Если в качестве мелодии вызова установлена пользовательская мелодия, убедитесь, что Вы случайно не удалили файл с мелодией. Если удалили, загрузите файл и снова установите мелодию вызова. \r\n\r\n Если файл с мелодией, установленной в качестве мелодии вызова, сохранен на карте microSD, мелодия вызова изменится на сигнал по умолчанию при подключении Вашего телефона к ПК в режиме USB-накопителя. Отключите Ваш телефон от ПК или переместите файл с мелодией в память телефона. \r\n\r\n Если файл с мелодией, установленной в качестве мелодии вызова, сохранен на карте microSD убедитесь, что карта microSD не извлечена из телефона. Если извлечена, вставьте карту microSD в телефон и снова установите мелодию вызова. \r\n\n Если проблема не решена,\nвосстановите настройки по умолчанию, предварительно сохранив резервную копию\nважных данных, затем снова установите мелодию по умолчанию.",
  "faqTypeId": null,
  "faqType": null,
  "useful": 9,
  "unUseful": 25,
  "languageId": 21,
  "languageName": "ru",
  "faqCode": "9152",
  "faqTypeCode": null,
  "isTop": "0",
  "moduleCode": "faq",
  "productId": null,
  "productCode": null,
  "postDate": 1394798505000,
  "seriesProductName": "",
  "visitedTimes": 708,
  "isUsefulFlag": null,
  "score": 0,
  "times": 0,
  "imageList": null,
  "displayType": "text",
  "justView": "0",
  "fileName": null,
  "filePath": null,
  "imagePath": null,
  "imageName": null,
  "productIdList": null,
  "curPage": null,
  "pageSize": null,
  "siteCode": null,
  "statusFlag": "Publish",
  "returnCode": 0,
  "totalRows": null,
  "keywords": null,
  "avgScore": 0.0,
  "createDate": null,
  "totalPages": null
}