{"type":null,"faqId":8642,"title":"Можно удалить предустановленные сигналы и мелодии?","answer":"Нет.","faqTypeId":null,"faqType":null,"useful":2,"unUseful":2,"languageId":21,"languageName":"ru","faqCode":"9153","faqTypeCode":null,"isTop":"0","moduleCode":"faq","productId":null,"productCode":null,"postDate":1394798530000,"seriesProductName":"","visitedTimes":645,"isUsefulFlag":null,"score":0,"times":0,"imageList":null,"displayType":"text","justView":"0","fileName":null,"filePath":null,"imagePath":null,"imageName":null,"productIdList":null,"curPage":null,"pageSize":null,"siteCode":null,"statusFlag":"Publish","returnCode":0,"totalRows":null,"keywords":null,"avgScore":0.0,"createDate":null,"totalPages":null}