{
  "type": null,
  "faqId": 8643,
  "title": "Как экспортировать контакты на другой телефон?",
  "answer": " По Bluetooth: \r\n\r\n Убедитесь, что оба телефона поддерживают Bluetooth. \r\n\r\n1.   Включите Bluetooth на обоих телефонах и сопрягите их.\n\t\r\n2.  В списке контактов на Вашем телефоне нажмите <v:shapetype id=\"_x0000_t75\" coordsize=\"21600,21600\" o:spt=\"75\" o:preferrelative=\"t\" path=\"m@4@5l@4@11@9@11@9@5xe\" filled=\"f\" stroked=\"f\"><v:stroke joinstyle=\"miter\"><v:formulas><v:f eqn=\"if lineDrawn pixelLineWidth 0\"><v:f eqn=\"sum @0 1 0\"><v:f eqn=\"sum 0 0 @1\"><v:f eqn=\"prod @2 1 2\"><v:f eqn=\"prod @3 21600 pixelWidth\"><v:f eqn=\"prod @3 21600 pixelHeight\"><v:f eqn=\"sum @0 0 1\"><v:f eqn=\"prod @6 1 2\"><v:f eqn=\"prod @7 21600 pixelWidth\"><v:f eqn=\"sum @8 21600 0\"><v:f eqn=\"prod @7 21600 pixelHeight\"><v:f eqn=\"sum @10 21600 0\"></v:f><v:path o:extrusionok=\"f\" gradientshapeok=\"t\" o:connecttype=\"rect\"><o:lock v:ext=\"edit\" aspectratio=\"t\"></o:lock><v:shape id=\"d0e2049\" style=\"width:21.75pt;height:15.75pt;visibility:visible;mso-wrap-style:square;\" type=\"#_x0000_t75\" o:spid=\"_x0000_i1025\"><v:imagedata o:title=\"\" src=\"file:///D:\\Users\\T80042~1\\AppData\\Local\\Temp\\msohtmlclip1\\01\\clip_image001.png\"></v:imagedata></v:shape></v:path></v:f></v:f></v:f></v:f></v:f></v:f></v:f></v:f></v:f></v:f></v:f></v:formulas></v:stroke></v:shapetype>**> Импорт/экспорт >Отправить контакты**.\n\t\r\n3.  Выберите контакты, которые хотите экспортировать на другой телефон, и нажмите **ОТПРАВИТЬ**.\n\t\r\n4.  В появившемся меню опций выберите **Bluetooth**.\n\t\r\n5.  В списке Bluetooth-устройств выберите телефон, на который хотите экспортировать контакты.\n\t\n\r\n\r\n С помощью SIM-карты: \r\n\r\n В списке контактов на Вашем телефоне нажмите >  **Импорт/экспорт**. \r\n\r\n Следуйте инструкциям на экране, чтобы экспортировать контакты с Вашего телефона на SIM-карту. \r\n\r\n Затем вставьте SIM-карту в другой телефон и импортируйте контакты на него. \r\n\r\n С помощью приложения Диспетчер файлов: \r\n\r\n1.  Экспортируйте контакты во внутреннюю память телефона в виде файла .vcf.\n\t\r\n2.  Откройте приложение **Диспетчер файлов**,** **перейдите в корневой каталог в памяти телефона и отправьте файл .vcf на другой телефон.\n\t\r\n3.  Нажмите файл .vcf на другом телефоне, чтобы импортировать контакты.\n\t\n\r\n\r\n Если в Вашем телефоне установлена карта microSD, выберите **SD****-карта **в меню **Настройки **> **Память **> **Память по умолчанию**, чтобы экспортировать контакты с помощью карты microSD: \r\n\r\n1.  Экспортируйте контакты во внутреннюю память телефона в виде файла .vcf.\n\t\r\n2.  Отключите и извлеките карту microSD из Вашего телефона и вставьте ее в другой телефон.\n\t\r\n3.  Откройте приложение **Диспетчер файлов**, перейдите в корневой каталог карты microSD, выберите экспортированный файл .vcf, чтобы импортировать контакты.\n\t\n\r\n\r\n Примечание: Рисунки в данном документе приведены для справки. Фактический внешний вид экрана может отличаться.",
  "faqTypeId": null,
  "faqType": null,
  "useful": 7,
  "unUseful": 4,
  "languageId": 21,
  "languageName": "ru",
  "faqCode": "9154",
  "faqTypeCode": null,
  "isTop": "0",
  "moduleCode": "faq",
  "productId": null,
  "productCode": null,
  "postDate": 1394799123000,
  "seriesProductName": "",
  "visitedTimes": 966,
  "isUsefulFlag": null,
  "score": 0,
  "times": 0,
  "imageList": null,
  "displayType": "text",
  "justView": "0",
  "fileName": null,
  "filePath": null,
  "imagePath": null,
  "imageName": null,
  "productIdList": null,
  "curPage": null,
  "pageSize": null,
  "siteCode": null,
  "statusFlag": "Publish",
  "returnCode": 0,
  "totalRows": null,
  "keywords": null,
  "avgScore": 0.0,
  "createDate": null,
  "totalPages": null
}