{
  "type": null,
  "faqId": 8644,
  "title": "Как установить уникальную мелодию вызова для контакта?",
  "answer": "1.  Откройте экран сведений контакта. Нажмите <v:shapetype id=\"_x0000_t75\" coordsize=\"21600,21600\" o:spt=\"75\" o:preferrelative=\"t\" path=\"m@4@5l@4@11@9@11@9@5xe\" filled=\"f\" stroked=\"f\"><v:stroke joinstyle=\"miter\"><v:formulas><v:f eqn=\"if lineDrawn pixelLineWidth 0\"><v:f eqn=\"sum @0 1 0\"><v:f eqn=\"sum 0 0 @1\"><v:f eqn=\"prod @2 1 2\"><v:f eqn=\"prod @3 21600 pixelWidth\"><v:f eqn=\"prod @3 21600 pixelHeight\"><v:f eqn=\"sum @0 0 1\"><v:f eqn=\"prod @6 1 2\"><v:f eqn=\"prod @7 21600 pixelWidth\"><v:f eqn=\"sum @8 21600 0\"><v:f eqn=\"prod @7 21600 pixelHeight\"><v:f eqn=\"sum @10 21600 0\"></v:f><v:path o:extrusionok=\"f\" gradientshapeok=\"t\" o:connecttype=\"rect\"><o:lock v:ext=\"edit\" aspectratio=\"t\"></o:lock><v:shape id=\"d0e2178\" style=\"width:21.75pt;height:15.75pt;visibility:visible;mso-wrap-style:square;\" type=\"#_x0000_t75\" o:spid=\"_x0000_i1025\"><v:imagedata o:title=\"\" src=\"file:///D:\\Users\\T80042~1\\AppData\\Local\\Temp\\msohtmlclip1\\01\\clip_image001.png\"></v:imagedata></v:shape></v:path></v:f></v:f></v:f></v:f></v:f></v:f></v:f></v:f></v:f></v:f></v:f></v:formulas></v:stroke></v:shapetype> рядом с полем **Мелодия вызова**.\n\t\r\n2.  На экране **Выберите мелодию** выберите сигнал.\n\t\r\n3.  Нажмите **ПРИМЕНИТЬ**.\n\t\n\r\n\r\n Примечание: Рисунки в даннм документе приведены для справки. Фактический внешний вид экрана может отличаться.",
  "faqTypeId": null,
  "faqType": null,
  "useful": 7,
  "unUseful": 13,
  "languageId": 21,
  "languageName": "ru",
  "faqCode": "9155",
  "faqTypeCode": null,
  "isTop": "0",
  "moduleCode": "faq",
  "productId": null,
  "productCode": null,
  "postDate": 1394799355000,
  "seriesProductName": "",
  "visitedTimes": 864,
  "isUsefulFlag": null,
  "score": 0,
  "times": 0,
  "imageList": null,
  "displayType": "text",
  "justView": "0",
  "fileName": null,
  "filePath": null,
  "imagePath": null,
  "imageName": null,
  "productIdList": null,
  "curPage": null,
  "pageSize": null,
  "siteCode": null,
  "statusFlag": "Publish",
  "returnCode": 0,
  "totalRows": null,
  "keywords": null,
  "avgScore": 0.0,
  "createDate": null,
  "totalPages": null
}