{
  "type": null,
  "faqId": 8645,
  "title": "Как задать фото контакта?",
  "answer": " Вы можете задать фото только для контактов, сохраненных в памяти телефона. \r\n\r\n На экране редактирования контакта:  \r\n\r\n1.  Нажмите на значок <v:shapetype id=\"_x0000_t75\" coordsize=\"21600,21600\" o:spt=\"75\" o:preferrelative=\"t\" path=\"m@4@5l@4@11@9@11@9@5xe\" filled=\"f\" stroked=\"f\"><v:stroke joinstyle=\"miter\"><v:formulas><v:f eqn=\"if lineDrawn pixelLineWidth 0\"><v:f eqn=\"sum @0 1 0\"><v:f eqn=\"sum 0 0 @1\"><v:f eqn=\"prod @2 1 2\"><v:f eqn=\"prod @3 21600 pixelWidth\"><v:f eqn=\"prod @3 21600 pixelHeight\"><v:f eqn=\"sum @0 0 1\"><v:f eqn=\"prod @6 1 2\"><v:f eqn=\"prod @7 21600 pixelWidth\"><v:f eqn=\"sum @8 21600 0\"><v:f eqn=\"prod @7 21600 pixelHeight\"><v:f eqn=\"sum @10 21600 0\"></v:f><v:path o:extrusionok=\"f\" gradientshapeok=\"t\" o:connecttype=\"rect\"><o:lock v:ext=\"edit\" aspectratio=\"t\"></o:lock><v:shape id=\"d0e2232\" style=\"width:21.75pt;height:15.75pt;visibility:visible;mso-wrap-style:square;\" type=\"#_x0000_t75\" o:spid=\"_x0000_i1025\"><v:imagedata o:title=\"\" src=\"file:///D:\\Users\\T80042~1\\AppData\\Local\\Temp\\msohtmlclip1\\01\\clip_image001.png\"></v:imagedata></v:shape></v:path></v:f></v:f></v:f></v:f></v:f></v:f></v:f></v:f></v:f></v:f></v:f></v:formulas></v:stroke></v:shapetype> рядом с именем контакта. \n\t\r\n2.  В появившемся меню выберите опцию и, следуя инструкциям на экране, выберите фото. \n\t\r\n3.  Нажмите **СОХРАНИТЬ**. \n\t\n\r\n\r\n Из приложения **Галерея **или** Диспетчер файлов**: \r\n\r\n1.  В приложении **Галерея **или **Диспетчер файлов** откройте фото. \n\t\r\n2.  Нажмите<v:shapetype id=\"_x0000_t75\" coordsize=\"21600,21600\" o:spt=\"75\" o:preferrelative=\"t\" path=\"m@4@5l@4@11@9@11@9@5xe\" filled=\"f\" stroked=\"f\"> <v:stroke joinstyle=\"miter\"><v:formulas><v:f eqn=\"if lineDrawn pixelLineWidth 0\"><v:f eqn=\"sum @0 1 0\"><v:f eqn=\"sum 0 0 @1\"><v:f eqn=\"prod @2 1 2\"><v:f eqn=\"prod @3 21600 pixelWidth\"><v:f eqn=\"prod @3 21600 pixelHeight\"><v:f eqn=\"sum @0 0 1\"><v:f eqn=\"prod @6 1 2\"><v:f eqn=\"prod @7 21600 pixelWidth\"><v:f eqn=\"sum @8 21600 0\"><v:f eqn=\"prod @7 21600 pixelHeight\"><v:f eqn=\"sum @10 21600 0\"></v:f><v:path o:extrusionok=\"f\" gradientshapeok=\"t\" o:connecttype=\"rect\"><o:lock v:ext=\"edit\" aspectratio=\"t\"></o:lock><v:shape id=\"图片_x0020_79\" style=\"width:21.75pt;height:15.75pt;visibility:visible;mso-wrap-style:square;\" type=\"#_x0000_t75\" o:spid=\"_x0000_i1025\" alt=\"fig_more_menu\"><v:imagedata o:title=\"fig_more_menu\" src=\"file:///D:\\Users\\T80042~1\\AppData\\Local\\Temp\\msohtmlclip1\\01\\clip_image001.png\"></v:imagedata></v:shape></v:path></v:f></v:f></v:f></v:f></v:f></v:f></v:f></v:f></v:f></v:f></v:f></v:formulas></v:stroke></v:shapetype>>**Установить как **>**Фото контакта**, выберите или создайте контакт и, следуя инструкциям на экране, установите фото для этого контакта. Нажмите **СОХРАНИТЬ**. \n\t\n\r\n\r\n Примечание: Рисунки в данном документе приведены для справки. Фактический внешний вид экрана может отличаться.",
  "faqTypeId": null,
  "faqType": null,
  "useful": 17,
  "unUseful": 7,
  "languageId": 21,
  "languageName": "ru",
  "faqCode": "9156",
  "faqTypeCode": null,
  "isTop": "0",
  "moduleCode": "faq",
  "productId": null,
  "productCode": null,
  "postDate": 1394804769000,
  "seriesProductName": "",
  "visitedTimes": 1151,
  "isUsefulFlag": null,
  "score": 0,
  "times": 0,
  "imageList": null,
  "displayType": "text",
  "justView": "0",
  "fileName": null,
  "filePath": null,
  "imagePath": null,
  "imageName": null,
  "productIdList": null,
  "curPage": null,
  "pageSize": null,
  "siteCode": null,
  "statusFlag": "Publish",
  "returnCode": 0,
  "totalRows": null,
  "keywords": null,
  "avgScore": 0.0,
  "createDate": null,
  "totalPages": null
}