{
  "type": null,
  "faqId": 8646,
  "title": "Что делать, если на экране телефона не отображаются контаты, сохраненные на SIM-карте?",
  "answer": " В списке контактов нажмите  >  **Фильтр контактов** и включите опцию **Показать контакты на ****SIM****-карте**.  \r\n\r\n **ПРИМЕЧАНИЕ:** \r\n\r\n Если Вы только что вставили SIM-карту в телефон, телефону потребуется некоторое время, чтобы загрузить контакты с SIM-карты. \r\n\r\n Примечание: Рисунки в данном документе приведены для справки. Фактический внешний вид экрана может отличаться.",
  "faqTypeId": null,
  "faqType": null,
  "useful": 8,
  "unUseful": 12,
  "languageId": 21,
  "languageName": "ru",
  "faqCode": "9132",
  "faqTypeCode": null,
  "isTop": "0",
  "moduleCode": "faq",
  "productId": null,
  "productCode": null,
  "postDate": 1394804985000,
  "seriesProductName": "",
  "visitedTimes": 880,
  "isUsefulFlag": null,
  "score": 0,
  "times": 0,
  "imageList": null,
  "displayType": "text",
  "justView": "0",
  "fileName": null,
  "filePath": null,
  "imagePath": null,
  "imageName": null,
  "productIdList": null,
  "curPage": null,
  "pageSize": null,
  "siteCode": null,
  "statusFlag": "Publish",
  "returnCode": 0,
  "totalRows": null,
  "keywords": null,
  "avgScore": 0.0,
  "createDate": null,
  "totalPages": null
}