{
  "type": null,
  "faqId": 8647,
  "title": "Почему число контактов, сохраненных на SIM-карте, меньше числа контактов, скопированных с телефона?",
  "answer": " При копировании контактов из памяти телефона на SIM-карту телефон автоматически объединяет дублированные контакты с одинаковыми именами и номерами телефонов.",
  "faqTypeId": null,
  "faqType": null,
  "useful": 4,
  "unUseful": 4,
  "languageId": 21,
  "languageName": "ru",
  "faqCode": "9133",
  "faqTypeCode": null,
  "isTop": "0",
  "moduleCode": "faq",
  "productId": null,
  "productCode": null,
  "postDate": 1394805293000,
  "seriesProductName": "",
  "visitedTimes": 585,
  "isUsefulFlag": null,
  "score": 0,
  "times": 0,
  "imageList": null,
  "displayType": "text",
  "justView": "0",
  "fileName": null,
  "filePath": null,
  "imagePath": null,
  "imageName": null,
  "productIdList": null,
  "curPage": null,
  "pageSize": null,
  "siteCode": null,
  "statusFlag": "Publish",
  "returnCode": 0,
  "totalRows": null,
  "keywords": null,
  "avgScore": 0.0,
  "createDate": null,
  "totalPages": null
}