{
  "type": null,
  "faqId": 8648,
  "title": "Что делать, если удается получать сообщения, но не удается отправить их?",
  "answer": " Низкий уровень сигнала сети. Переместите телефон в место с высоким уровнем сигнала сети и повторите попытку. \r\n\r\n Низкий уровень заряда батареи телефона. Зарядите Ваш телефон и повторите попытку. \r\n\r\n Сбой сети. Подождите некоторое время и повторите попытку. \r\n\r\n Возможно, номер телефона получателя указан неверно. \r\n\n ",
  "faqTypeId": null,
  "faqType": null,
  "useful": 1,
  "unUseful": 7,
  "languageId": 21,
  "languageName": "ru",
  "faqCode": "9157",
  "faqTypeCode": null,
  "isTop": "0",
  "moduleCode": "faq",
  "productId": null,
  "productCode": null,
  "postDate": 1394805382000,
  "seriesProductName": "",
  "visitedTimes": 266,
  "isUsefulFlag": null,
  "score": 0,
  "times": 0,
  "imageList": null,
  "displayType": "text",
  "justView": "0",
  "fileName": null,
  "filePath": null,
  "imagePath": null,
  "imageName": null,
  "productIdList": null,
  "curPage": null,
  "pageSize": null,
  "siteCode": null,
  "statusFlag": "Publish",
  "returnCode": 0,
  "totalRows": null,
  "keywords": null,
  "avgScore": 0.0,
  "createDate": null,
  "totalPages": null
}