{
  "type": null,
  "faqId": 8649,
  "title": "Что делать, если не удается отправить и получить MMS-сообщение?",
  "answer": " Служба MMS-сообщений не работает, если отключена мобильная передача данных. Убедитесь, что служба мобильной передачи данных включена. \r\n\r\n Максимальный размер вложения MMS-сообщения – 300 КБ. Если размер вложения, которое Вы хотите отправить, больше 300 КБ, выберите другой способ отправки. \r\n\r\n Если проблема не решена, убедитесь, что в памяти телефона достаточно места. \r\n\r\n На экране **Настройки** нажмите **Память**, чтобы проверить объем доступной памяти. Если память переполнена, удалите ненужные файлы, чтобы освободить ее. \r\n\r\n Примечание: Рисунки в данном документе приведены для справки. Фактический внешний вид экрана может отличаться.",
  "faqTypeId": null,
  "faqType": null,
  "useful": 0,
  "unUseful": 3,
  "languageId": 21,
  "languageName": "ru",
  "faqCode": "9158",
  "faqTypeCode": null,
  "isTop": "0",
  "moduleCode": "faq",
  "productId": null,
  "productCode": null,
  "postDate": 1394805500000,
  "seriesProductName": "",
  "visitedTimes": 325,
  "isUsefulFlag": null,
  "score": 0,
  "times": 0,
  "imageList": null,
  "displayType": "text",
  "justView": "0",
  "fileName": null,
  "filePath": null,
  "imagePath": null,
  "imageName": null,
  "productIdList": null,
  "curPage": null,
  "pageSize": null,
  "siteCode": null,
  "statusFlag": "Publish",
  "returnCode": 0,
  "totalRows": null,
  "keywords": null,
  "avgScore": 0.0,
  "createDate": null,
  "totalPages": null
}