{
  "type": null,
  "faqId": 8650,
  "title": "Какой максимальный размер вложения MMS-сообщения?",
  "answer": " Максимальный размер вложения MMS-сообщения – 300 КБ. Если размер отправляемого изображения больше 300 КБ, оно будет сжато перед прикреплением к сообщению, следовательно, разрешение изображения уменьшится. Если размер аудио или видео, которое Вы хотите отправить, больше 300 КБ, выберите другой способ отправки. \r\n\r\n Примечание: Рисунки в данном документе приведены для справки. Фактический внешний вид экрана может отличаться.",
  "faqTypeId": null,
  "faqType": null,
  "useful": 6,
  "unUseful": 0,
  "languageId": 21,
  "languageName": "ru",
  "faqCode": "9134",
  "faqTypeCode": null,
  "isTop": "0",
  "moduleCode": "faq",
  "productId": null,
  "productCode": null,
  "postDate": 1395294354000,
  "seriesProductName": "",
  "visitedTimes": 260,
  "isUsefulFlag": null,
  "score": 0,
  "times": 0,
  "imageList": null,
  "displayType": "text",
  "justView": "0",
  "fileName": null,
  "filePath": null,
  "imagePath": null,
  "imageName": null,
  "productIdList": null,
  "curPage": null,
  "pageSize": null,
  "siteCode": null,
  "statusFlag": "Publish",
  "returnCode": 0,
  "totalRows": null,
  "keywords": null,
  "avgScore": 0.0,
  "createDate": null,
  "totalPages": null
}