{
  "type": null,
  "faqId": 8654,
  "title": "Можно ли изменить путь сохранения фото и видео по умолчанию в памяти телефона?",
  "answer": " Нет. Фото и видео сохраняются\nв папку **DCIM****/Камера **в приложении **Диспетчер\nфайлов**. ",
  "faqTypeId": null,
  "faqType": null,
  "useful": 7,
  "unUseful": 0,
  "languageId": 21,
  "languageName": "ru",
  "faqCode": "9164",
  "faqTypeCode": null,
  "isTop": "0",
  "moduleCode": "faq",
  "productId": null,
  "productCode": null,
  "postDate": 1395299372000,
  "seriesProductName": "",
  "visitedTimes": 881,
  "isUsefulFlag": null,
  "score": 0,
  "times": 0,
  "imageList": null,
  "displayType": "text",
  "justView": "0",
  "fileName": null,
  "filePath": null,
  "imagePath": null,
  "imageName": null,
  "productIdList": null,
  "curPage": null,
  "pageSize": null,
  "siteCode": null,
  "statusFlag": "Publish",
  "returnCode": 0,
  "totalRows": null,
  "keywords": null,
  "avgScore": 0.0,
  "createDate": null,
  "totalPages": null
}