{
  "type": null,
  "faqId": 8681,
  "title": "Что делать, если не удается использовать вспышку?",
  "answer": " Выберите режим обязательной активации вспышки . Вспышка будет включаться при каждой фотосъемке или видеозаписи. \r\n\r\n Если выбран автоматический режим вспышки  ,  вспышка будет включаться или выключаться в зависимости от освещенности. Если Вы хотите использовать вспышку даже при хорошем освещении, выберите режим обязательной активации вспышки. \r\n\r\n Ваш телефон автоматически отключает энергоемкие функции, например вспышку, при низком уровне заряда батареи. \r\n\r\n Если необходимо, зарядите телефон.Если выбран режим обязательной активации вспышки, но она не включается при съемке, убедитесь, что батарея телефона заряжена.",
  "faqTypeId": null,
  "faqType": null,
  "useful": 2,
  "unUseful": 4,
  "languageId": 21,
  "languageName": "ru",
  "faqCode": "9221",
  "faqTypeCode": null,
  "isTop": "0",
  "moduleCode": "faq",
  "productId": null,
  "productCode": null,
  "postDate": 1395642345000,
  "seriesProductName": "",
  "visitedTimes": 298,
  "isUsefulFlag": null,
  "score": 0,
  "times": 0,
  "imageList": null,
  "displayType": "text",
  "justView": "0",
  "fileName": null,
  "filePath": null,
  "imagePath": null,
  "imageName": null,
  "productIdList": null,
  "curPage": null,
  "pageSize": null,
  "siteCode": null,
  "statusFlag": "Publish",
  "returnCode": 0,
  "totalRows": null,
  "keywords": null,
  "avgScore": 0.0,
  "createDate": null,
  "totalPages": null
}