{
  "type": null,
  "faqId": 8682,
  "title": "Почему не получается открыть некоторые изображения, видео- и аудиофайлы?",
  "answer": "*   \r\n\r\n Ваш телефон не поддерживает данный формат файла. \r\n\r\n Поддерживаемые форматы изображений: PNG, GIF, JPG и BMP. Поддерживаемые аудио- и видеоформаты: MP3, WAV, OGG, MID, AMR, MP4 и 3GP. \r\n\r\n Чтобы открыть файлы других форматов, установите соответствующие сторонние приложения. \r\n\r\n*   \r\n\r\n Файл поврежден. \r\n\r\n Загрузите этот файл снова и попытайтесь открыть его. \r\n\r\n*   \r\n\r\n Файл защищен авторским правом. \r\n\r\n Получите не защищенную авторским правом версию этого файла. \r\n\r\n*   \r\n\r\n Низкий уровень заряда батареи. \r\n\r\n Подключите телефон к зарядному устройству и повторите попытку. \r\n\r\n*   \r\n\r\n Произошла неизвестная ошибка. \r\n\r\n Перезапустите приложения, используемые для выполнения данной операции, и повторите попытку.",
  "faqTypeId": null,
  "faqType": null,
  "useful": 2,
  "unUseful": 2,
  "languageId": 21,
  "languageName": "ru",
  "faqCode": "9222",
  "faqTypeCode": null,
  "isTop": "0",
  "moduleCode": "faq",
  "productId": null,
  "productCode": null,
  "postDate": 1395642535000,
  "seriesProductName": "",
  "visitedTimes": 544,
  "isUsefulFlag": null,
  "score": 0,
  "times": 0,
  "imageList": null,
  "displayType": "text",
  "justView": "0",
  "fileName": null,
  "filePath": null,
  "imagePath": null,
  "imageName": null,
  "productIdList": null,
  "curPage": null,
  "pageSize": null,
  "siteCode": null,
  "statusFlag": "Publish",
  "returnCode": 0,
  "totalRows": null,
  "keywords": null,
  "avgScore": 0.0,
  "createDate": null,
  "totalPages": null
}