{
  "type": null,
  "faqId": 8683,
  "title": "Что делать, если не удается воспроизвести онлайн аудио и видео?",
  "answer": " Следуя инструкциям на экране, установите плагин Adobe Flash Player перед онлайн-воспроизведением аудио или видео. \r\n\r\n Если проблема не решена, выполните следующие действия: \r\n\r\n На экране приложения **Браузер** выберите   >   **Настройки** > **Расширенные** > **Разрешить плагины**, затем выберите **Да**. \r\n\r\n Примечание: Рисунки в данном документе приведены для справки. Фактический внешний вид экрана может отличаться.",
  "faqTypeId": null,
  "faqType": null,
  "useful": 1,
  "unUseful": 5,
  "languageId": 21,
  "languageName": "ru",
  "faqCode": "9223",
  "faqTypeCode": null,
  "isTop": "0",
  "moduleCode": "faq",
  "productId": null,
  "productCode": null,
  "postDate": 1395642688000,
  "seriesProductName": "",
  "visitedTimes": 316,
  "isUsefulFlag": null,
  "score": 0,
  "times": 0,
  "imageList": null,
  "displayType": "text",
  "justView": "0",
  "fileName": null,
  "filePath": null,
  "imagePath": null,
  "imageName": null,
  "productIdList": null,
  "curPage": null,
  "pageSize": null,
  "siteCode": null,
  "statusFlag": "Publish",
  "returnCode": 0,
  "totalRows": null,
  "keywords": null,
  "avgScore": 0.0,
  "createDate": null,
  "totalPages": null
}