{
  "type": null,
  "faqId": 8684,
  "title": "Что делать, если при онлайн-воспроизведении аудио или видео происходит задержка?",
  "answer": "*   \r\n\r\n Нестабильное Wi-Fi-соединение. \r\n\r\n Если телефон подключен к сети Wi-Fi, убедитесь, что он находится в зоне покрытия точки доступа Wi-Fi, или обратитесь к Вашему провайдеру услуг сети Wi-Fi. \r\n\r\n*   \r\n\r\n Слабый сигнал мобильной сети передачи данных. \r\n\r\n Если Ваш телефон подключен к мобильной сети передачи данных, переместите его в место с высоким уровнем сигнала сети и повторите попытку. \r\n\r\n*   \r\n\r\n Недостаточно места в памяти телефона. \r\n\r\n На экране **Настройки** нажмите **Память**, чтобы проверить объем доступной памяти. Если память переполнена, удалите ненужные файлы, чтобы освободить ее. \r\n\r\n Примечание: Рисунки в данном документе приведены для справки. Фактический внешний вид экрана может отличаться.",
  "faqTypeId": null,
  "faqType": null,
  "useful": 1,
  "unUseful": 1,
  "languageId": 21,
  "languageName": "ru",
  "faqCode": "9224",
  "faqTypeCode": null,
  "isTop": "0",
  "moduleCode": "faq",
  "productId": null,
  "productCode": null,
  "postDate": 1395642824000,
  "seriesProductName": "",
  "visitedTimes": 331,
  "isUsefulFlag": null,
  "score": 0,
  "times": 0,
  "imageList": null,
  "displayType": "text",
  "justView": "0",
  "fileName": null,
  "filePath": null,
  "imagePath": null,
  "imageName": null,
  "productIdList": null,
  "curPage": null,
  "pageSize": null,
  "siteCode": null,
  "statusFlag": "Publish",
  "returnCode": 0,
  "totalRows": null,
  "keywords": null,
  "avgScore": 0.0,
  "createDate": null,
  "totalPages": null
}