{
  "type": null,
  "faqId": 8685,
  "title": "Как увеличить громкость воспроизведения аудио на телефоне?",
  "answer": " Во время воспроизведения аудио нажмите на кнопку увеличения громкости, чтобы увеличить громкость. Убедитесь, что динамик не закрыт защитным чехлом телефона или другим предметом. \r\n\r\n Воспроизведите мелодию вызова (рекомендуется использовать мелодию Huawei Tune) на максимальной громкости, чтобы убедиться, что проблема не с аудиофайлом. \r\n\r\n Если проблема не решена, обратитесь в службу поддержки или авторизованный сервисный центр компании Huawei.",
  "faqTypeId": null,
  "faqType": null,
  "useful": 12,
  "unUseful": 28,
  "languageId": 21,
  "languageName": "ru",
  "faqCode": "9225",
  "faqTypeCode": null,
  "isTop": "0",
  "moduleCode": "faq",
  "productId": null,
  "productCode": null,
  "postDate": 1395642900000,
  "seriesProductName": "",
  "visitedTimes": 1762,
  "isUsefulFlag": null,
  "score": 0,
  "times": 0,
  "imageList": null,
  "displayType": "text",
  "justView": "0",
  "fileName": null,
  "filePath": null,
  "imagePath": null,
  "imageName": null,
  "productIdList": null,
  "curPage": null,
  "pageSize": null,
  "siteCode": null,
  "statusFlag": "Publish",
  "returnCode": 0,
  "totalRows": null,
  "keywords": null,
  "avgScore": 0.0,
  "createDate": null,
  "totalPages": null
}