{
  "type": null,
  "faqId": 8686,
  "title": "Как посмотреть текст композиции во время ее воспроизведения?",
  "answer": " Текст музыкальных композиций должен быть в формате .lrc. Аудиофайл и файл с текстом композиции должны быть сохранены в одной папке, их имена должны совпадать. \r\n\r\n При прослушивании композиции на предустановленном аудиоплеере проведите вправо по экрану воспроизведения, чтобы посмотреть слова композиции.",
  "faqTypeId": null,
  "faqType": null,
  "useful": 4,
  "unUseful": 0,
  "languageId": 21,
  "languageName": "ru",
  "faqCode": "9226",
  "faqTypeCode": null,
  "isTop": "0",
  "moduleCode": "faq",
  "productId": null,
  "productCode": null,
  "postDate": 1395642995000,
  "seriesProductName": "",
  "visitedTimes": 533,
  "isUsefulFlag": null,
  "score": 0,
  "times": 0,
  "imageList": null,
  "displayType": "text",
  "justView": "0",
  "fileName": null,
  "filePath": null,
  "imagePath": null,
  "imageName": null,
  "productIdList": null,
  "curPage": null,
  "pageSize": null,
  "siteCode": null,
  "statusFlag": "Publish",
  "returnCode": 0,
  "totalRows": null,
  "keywords": null,
  "avgScore": 0.0,
  "createDate": null,
  "totalPages": null
}