{
  "type": null,
  "faqId": 8687,
  "title": "Как скопировать файлы с телефона на ПК?",
  "answer": " С помощью USB-кабеля подключите Ваш телефон к ПК. При подключении на телефоне выберите режим **Диспетчер файлов (****MTP****)**. Теперь Вы сможете передавать файлы между телефоном и ПК. \r\n\r\n Если в Вашем телефоне установлена карта microSD, при подключении телефона к ПК с помощью USB-кабеля на телефоне выберите режим **USB****-накопитель**. ПК определит карту microSD, установленную в телефоне, как USB-накопитель. Теперь Вы сможете передавать файлы между картой microSD, установленной в телефоне, и ПК. \r\n\r\n С помощью USB-кабеля подключите Ваш телефон к ПК. При подключении на телефоне выберите режим **PC**** Suite**** (HiSuite****)**. Драйвер телефона и программа HiSuite автоматически установятся на Вашем ПК. HiSuite – это программа управления телефоном с помощью ПК, которую можно использовать для управления приложениями и файлами на Вашем телефоне, а также для синхронизации контактов, фотографий, аудио и видео между телефоном и ПК. \r\n\r\n Примечание: Рисунки в данном документе приведены для справки. Фактический внешний вид экрана может отличаться.",
  "faqTypeId": null,
  "faqType": null,
  "useful": 65,
  "unUseful": 102,
  "languageId": 21,
  "languageName": "ru",
  "faqCode": "9227",
  "faqTypeCode": null,
  "isTop": "0",
  "moduleCode": "faq",
  "productId": null,
  "productCode": null,
  "postDate": 1395643138000,
  "seriesProductName": "",
  "visitedTimes": 6884,
  "isUsefulFlag": null,
  "score": 0,
  "times": 0,
  "imageList": null,
  "displayType": "text",
  "justView": "0",
  "fileName": null,
  "filePath": null,
  "imagePath": null,
  "imageName": null,
  "productIdList": null,
  "curPage": null,
  "pageSize": null,
  "siteCode": null,
  "statusFlag": "Publish",
  "returnCode": 0,
  "totalRows": null,
  "keywords": null,
  "avgScore": 0.0,
  "createDate": null,
  "totalPages": null
}