{
  "type": null,
  "faqId": 8688,
  "title": "Что делать, если телефон невидимый для других Bluetooth-устройств?",
  "answer": "  ** **  \n\r\n\r\n*   \r\n\r\n Ваш телефон невидимый для других устройств. \r\n\r\n Включите Bluetooth, нажмите **Bluetooth**, чтобы перейти к экрану настроек Bluetooth. Нажмите на имя Вашего телефона и задайте параметры видимости. \r\n\r\n*   \r\n\r\n Тайм-аут видимости Bluetooth. \r\n\r\n Повторно задайте видимость Bluetooth или измените тайм-аут видимости. На экране настроек Bluetooth выберите<v:shapetype id=\"_x0000_t75\" stroked=\"f\" filled=\"f\" path=\"m@4@5l@4@11@9@11@9@5xe\" o:preferrelative=\"t\" o:spt=\"75\" coordsize=\"21600,21600\"> <v:stroke joinstyle=\"miter\"> <v:f eqn=\"if lineDrawn pixelLineWidth 0\"> <v:f eqn=\"sum @0 1 0\"> <v:f eqn=\"sum 0 0 @1\"> <v:f eqn=\"prod @2 1 2\"> <v:f eqn=\"prod @3 21600 pixelWidth\"> <v:f eqn=\"prod @3 21600 pixelHeight\"> <v:f eqn=\"sum @0 0 1\"> <v:f eqn=\"prod @6 1 2\"> <v:f eqn=\"prod @7 21600 pixelWidth\"> <v:f eqn=\"sum @8 21600 0\"> <v:f eqn=\"prod @7 21600 pixelHeight\"> <v:f eqn=\"sum @10 21600 0\"> </v:f> <v:path o:connecttype=\"rect\" gradientshapeok=\"t\" o:extrusionok=\"f\"> <o:lock aspectratio=\"t\" v:ext=\"edit\"> </o:lock><v:shape id=\"图片_x0020_100\" style=\"width:21.75pt;height:15.75pt;visibility:visible;mso-wrap-style:square;\" type=\"#_x0000_t75\" alt=\"fig_more_menu\" o:spid=\"_x0000_i1025\"> <v:imagedata o:title=\"fig_more_menu\" src=\"file:///D:\\Users\\T80042~1\\AppData\\Local\\Temp\\msohtmlclip1\\01\\clip_image001.png\"> </v:imagedata></v:shape></v:path></v:f></v:f></v:f></v:f></v:f></v:f></v:f></v:f></v:f></v:f></v:f></v:stroke></v:shapetype> > **Тайм-аут видимости**, чтобы задать период видимости Bluetooth . \r\n\r\n*   \r\n\r\n Ваш телефон вне Bluetooth-диапазона других устройств. \r\n\r\n Убедитесь, что другие Bluetooth-устройства расположены ближе 10 метров от Вашего телефона. \r\n\r\n\n ",
  "faqTypeId": null,
  "faqType": null,
  "useful": 4,
  "unUseful": 5,
  "languageId": 21,
  "languageName": "ru",
  "faqCode": "9228",
  "faqTypeCode": null,
  "isTop": "0",
  "moduleCode": "faq",
  "productId": null,
  "productCode": null,
  "postDate": 1395643248000,
  "seriesProductName": "",
  "visitedTimes": 569,
  "isUsefulFlag": null,
  "score": 0,
  "times": 0,
  "imageList": null,
  "displayType": "text",
  "justView": "0",
  "fileName": null,
  "filePath": null,
  "imagePath": null,
  "imageName": null,
  "productIdList": null,
  "curPage": null,
  "pageSize": null,
  "siteCode": null,
  "statusFlag": "Publish",
  "returnCode": 0,
  "totalRows": null,
  "keywords": null,
  "avgScore": 0.0,
  "createDate": null,
  "totalPages": null
}