{
  "type": null,
  "faqId": 8689,
  "title": "Почему не удается отправить файл на другое Bluetooth-устройство, с которым уже установлено сопряжение?",
  "answer": " Другое Bluetooth-устройство не приняло Ваш запрос на передачу файла. \r\n\r\n Другое Bluetooth-устройство не поддерживает формат передаваемого файла. \r\n\r\n Расстояние между Вашим телефоном и другим Bluetooth-устройством больше 10 метров. \r\n\n ",
  "faqTypeId": null,
  "faqType": null,
  "useful": 5,
  "unUseful": 25,
  "languageId": 21,
  "languageName": "ru",
  "faqCode": "9229",
  "faqTypeCode": null,
  "isTop": "0",
  "moduleCode": "faq",
  "productId": null,
  "productCode": null,
  "postDate": 1395643562000,
  "seriesProductName": "",
  "visitedTimes": 693,
  "isUsefulFlag": null,
  "score": 0,
  "times": 0,
  "imageList": null,
  "displayType": "text",
  "justView": "0",
  "fileName": null,
  "filePath": null,
  "imagePath": null,
  "imageName": null,
  "productIdList": null,
  "curPage": null,
  "pageSize": null,
  "siteCode": null,
  "statusFlag": "Publish",
  "returnCode": 0,
  "totalRows": null,
  "keywords": null,
  "avgScore": 0.0,
  "createDate": null,
  "totalPages": null
}