{
  "type": null,
  "faqId": 8690,
  "title": "Что делать, если не удается включить Huawei Beam?",
  "answer": " Приложение Huawei Beam недоступно, когда на телефоне включен режим полета. Убедитесь, что режим полета выключен. \r\n\r\n Если проблема не решена, перезагрузите телефон и повторите попытку.",
  "faqTypeId": null,
  "faqType": null,
  "useful": 10,
  "unUseful": 25,
  "languageId": 21,
  "languageName": "ru",
  "faqCode": "9230",
  "faqTypeCode": null,
  "isTop": "0",
  "moduleCode": "faq",
  "productId": null,
  "productCode": null,
  "postDate": 1395643695000,
  "seriesProductName": "",
  "visitedTimes": 2099,
  "isUsefulFlag": null,
  "score": 0,
  "times": 0,
  "imageList": null,
  "displayType": "text",
  "justView": "0",
  "fileName": null,
  "filePath": null,
  "imagePath": null,
  "imageName": null,
  "productIdList": null,
  "curPage": null,
  "pageSize": null,
  "siteCode": null,
  "statusFlag": "Publish",
  "returnCode": 0,
  "totalRows": null,
  "keywords": null,
  "avgScore": 0.0,
  "createDate": null,
  "totalPages": null
}