{
  "type": null,
  "faqId": 8691,
  "title": "Почему фактическая внутренняя память телефона меньше заявленной?",
  "answer": " Системные приложения\nзанимают место в заявленной памяти телефона.  ",
  "faqTypeId": null,
  "faqType": null,
  "useful": 25,
  "unUseful": 44,
  "languageId": 21,
  "languageName": "ru",
  "faqCode": "9231",
  "faqTypeCode": null,
  "isTop": "0",
  "moduleCode": "faq",
  "productId": null,
  "productCode": null,
  "postDate": 1395643736000,
  "seriesProductName": "",
  "visitedTimes": 1641,
  "isUsefulFlag": null,
  "score": 0,
  "times": 0,
  "imageList": null,
  "displayType": "text",
  "justView": "0",
  "fileName": null,
  "filePath": null,
  "imagePath": null,
  "imageName": null,
  "productIdList": null,
  "curPage": null,
  "pageSize": null,
  "siteCode": null,
  "statusFlag": "Publish",
  "returnCode": 0,
  "totalRows": null,
  "keywords": null,
  "avgScore": 0.0,
  "createDate": null,
  "totalPages": null
}