{
  "type": null,
  "faqId": 8692,
  "title": "Как освободить место во внутренней памяти телефона?",
  "answer": " Если в телефоне установлена карта microSD , переместите на нее аудио, видео, изображения и другие файлы \r\n\r\n Удалите неиспользуемые приложения. \r\n\r\n На экране **Настройки** нажмите **Управление приложениями**, выберите приложение, которое хотите удалить, и нажмите **Удалить**, затем, следуя инструкциям на экране, выполните необходимые действия, чтобы удалить его. \r\n\r\n Удалите кэш приложений. \r\n\r\n На экране **Настройки** нажмите **Управление приложениями**. В разделе **Все** нажмите **Очистить кэш**. \r\n\r\n Удалите кэшированные файлы в браузере. \r\n\r\n На экране приложения **Браузер** нажмите   \r\n\r\n > **Настройки** > **Личные данные**. Затем нажмите **Очистить кэш** и **Очистить историю**. \r\n\r\n Если проблема не решена, выполните резервное копирование данных и восстановите заводские настройки телефона. \r\n\r\n Примечание: Рисунки в данном документе приведены для справки. Фактический внешний вид экрана может отличаться.",
  "faqTypeId": null,
  "faqType": null,
  "useful": 48,
  "unUseful": 46,
  "languageId": 21,
  "languageName": "ru",
  "faqCode": "9232",
  "faqTypeCode": null,
  "isTop": "0",
  "moduleCode": "faq",
  "productId": null,
  "productCode": null,
  "postDate": 1395644291000,
  "seriesProductName": "",
  "visitedTimes": 3895,
  "isUsefulFlag": null,
  "score": 0,
  "times": 0,
  "imageList": null,
  "displayType": "text",
  "justView": "0",
  "fileName": null,
  "filePath": null,
  "imagePath": null,
  "imageName": null,
  "productIdList": null,
  "curPage": null,
  "pageSize": null,
  "siteCode": null,
  "statusFlag": "Publish",
  "returnCode": 0,
  "totalRows": null,
  "keywords": null,
  "avgScore": 0.0,
  "createDate": null,
  "totalPages": null
}