{
  "type": null,
  "faqId": 8693,
  "title": "Где во внутренней памяти телефона сохраняются файлы по умолчанию?",
  "answer": " Файлы, полученные по Bluetooth, сохраняются в папку **bluetooth** в приложении **Диспетчер файлов**. \r\n\r\n Фото и видео сохраняются в папке **DCIM** в приложении **Диспетчер файлов**. \r\n\r\n Скриншоты сохраняются в папке **Pictures** в приложении **Диспетчер файлов**. \r\n\r\n Аудиозаписи сохраняются в папке **Recordings** в приложении **Диспетчер файлов**. \r\n\n ",
  "faqTypeId": null,
  "faqType": null,
  "useful": 57,
  "unUseful": 11,
  "languageId": 21,
  "languageName": "ru",
  "faqCode": "9233",
  "faqTypeCode": null,
  "isTop": "0",
  "moduleCode": "faq",
  "productId": null,
  "productCode": null,
  "postDate": 1395644376000,
  "seriesProductName": "",
  "visitedTimes": 1890,
  "isUsefulFlag": null,
  "score": 0,
  "times": 0,
  "imageList": null,
  "displayType": "text",
  "justView": "0",
  "fileName": null,
  "filePath": null,
  "imagePath": null,
  "imageName": null,
  "productIdList": null,
  "curPage": null,
  "pageSize": null,
  "siteCode": null,
  "statusFlag": "Publish",
  "returnCode": 0,
  "totalRows": null,
  "keywords": null,
  "avgScore": 0.0,
  "createDate": null,
  "totalPages": null
}