{
  "type": null,
  "faqId": 8694,
  "title": "Что делать, если телефон не определяет установленную в нем карту microSD?",
  "answer": " Убедитесь, что карта microSD установлена корректно. Подробную информацию см. в Кратком руководстве пользователя к Вашему телефону. \r\n\r\n Убедитесь, что Ваш телефон поддерживает тип установленной карты microSD. Ваш телефон поддерживает карты microSD с объемом памяти максимум 32 ГБ. \r\n\r\n Убедитесь, что карта microSD не повреждена. Для этого подключите карту microSD к ПК с помощью картридера или установите ее в другой телефон. \r\n\r\n Если проблема не решена, выполните резервную копию данных и восстановите заводские настройки телефона или обратитесь в авторизованный сервисный центр компании Huawei.",
  "faqTypeId": null,
  "faqType": null,
  "useful": 18,
  "unUseful": 42,
  "languageId": 21,
  "languageName": "ru",
  "faqCode": "9234",
  "faqTypeCode": null,
  "isTop": "0",
  "moduleCode": "faq",
  "productId": null,
  "productCode": null,
  "postDate": 1395644816000,
  "seriesProductName": "",
  "visitedTimes": 1291,
  "isUsefulFlag": null,
  "score": 0,
  "times": 0,
  "imageList": null,
  "displayType": "text",
  "justView": "0",
  "fileName": null,
  "filePath": null,
  "imagePath": null,
  "imageName": null,
  "productIdList": null,
  "curPage": null,
  "pageSize": null,
  "siteCode": null,
  "statusFlag": "Publish",
  "returnCode": 0,
  "totalRows": null,
  "keywords": null,
  "avgScore": 0.0,
  "createDate": null,
  "totalPages": null
}