{
  "type": null,
  "faqId": 8695,
  "title": "Что делать, если после извлечения карты microSD данные на ней были утрачены?",
  "answer": " Утраченные данные невозможно восстановить. Перед извлечением карты microSD сначала отключите ее. Это предотвратит повреждение и утрату данных. \r\n\r\n На экране **Настройки **выберите **Память** > **Отключить ****SD****-карту**. \r\n\r\n Аккуратно извлеките карту microSD. \r\n\r\n Примечание: Рисунки в данном документе приведены для справки. Фактический внешний вид экрана может отличаться.",
  "faqTypeId": null,
  "faqType": null,
  "useful": 7,
  "unUseful": 1,
  "languageId": 21,
  "languageName": "ru",
  "faqCode": "9235",
  "faqTypeCode": null,
  "isTop": "0",
  "moduleCode": "faq",
  "productId": null,
  "productCode": null,
  "postDate": 1395645000000,
  "seriesProductName": "",
  "visitedTimes": 783,
  "isUsefulFlag": null,
  "score": 0,
  "times": 0,
  "imageList": null,
  "displayType": "text",
  "justView": "0",
  "fileName": null,
  "filePath": null,
  "imagePath": null,
  "imageName": null,
  "productIdList": null,
  "curPage": null,
  "pageSize": null,
  "siteCode": null,
  "statusFlag": "Publish",
  "returnCode": 0,
  "totalRows": null,
  "keywords": null,
  "avgScore": 0.0,
  "createDate": null,
  "totalPages": null
}