{
  "type": null,
  "faqId": 8696,
  "title": "Может ли использование предустановленного приложения Карты привести к дополнительным расходам?",
  "answer": " Приложение **Карты** является бесплатным. Однако просмотр онлайн-карт и построение маршрутов может привести к дополнительным расходам. \r\n\r\n Для получения подробной информации о тарифах обратитесь к Вашему оператору.",
  "faqTypeId": null,
  "faqType": null,
  "useful": 8,
  "unUseful": 1,
  "languageId": 21,
  "languageName": "ru",
  "faqCode": "9237",
  "faqTypeCode": null,
  "isTop": "0",
  "moduleCode": "faq",
  "productId": null,
  "productCode": null,
  "postDate": 1395645565000,
  "seriesProductName": "",
  "visitedTimes": 507,
  "isUsefulFlag": null,
  "score": 0,
  "times": 0,
  "imageList": null,
  "displayType": "text",
  "justView": "0",
  "fileName": null,
  "filePath": null,
  "imagePath": null,
  "imageName": null,
  "productIdList": null,
  "curPage": null,
  "pageSize": null,
  "siteCode": null,
  "statusFlag": "Publish",
  "returnCode": 0,
  "totalRows": null,
  "keywords": null,
  "avgScore": 0.0,
  "createDate": null,
  "totalPages": null
}