{
  "type": null,
  "faqId": 8697,
  "title": "Что делать, если навигационное приложение не может определить местоположение или работает очень медленно?",
  "answer": " Для работы некоторых навигационных приложений требуется подключение к сети. Убедитесь, что Ваш телефон подключен к сети Wi-Fi или включена служба передачи данных, и повторите попытку \r\n\r\n Для улучшения приема сигнала определяйте местоположение на улице. Сигналы GPS очень слабы в помещениях, что может привести к неточным результатам или сбою определения местоположения. Переместите телефон в место с хорошим приемом сигнала спутников GPS, обратитесь в службу технической поддержки данного приложения или используйте другое навигационное приложение. \r\n\r\n Если проблема не решена, обратитесь в службу поддержки или авторизованный сервисный центр компании Huawei. \r\n\n ",
  "faqTypeId": null,
  "faqType": null,
  "useful": 23,
  "unUseful": 66,
  "languageId": 21,
  "languageName": "ru",
  "faqCode": "9238",
  "faqTypeCode": null,
  "isTop": "0",
  "moduleCode": "faq",
  "productId": null,
  "productCode": null,
  "postDate": 1395645660000,
  "seriesProductName": "",
  "visitedTimes": 2068,
  "isUsefulFlag": null,
  "score": 0,
  "times": 0,
  "imageList": null,
  "displayType": "text",
  "justView": "0",
  "fileName": null,
  "filePath": null,
  "imagePath": null,
  "imageName": null,
  "productIdList": null,
  "curPage": null,
  "pageSize": null,
  "siteCode": null,
  "statusFlag": "Publish",
  "returnCode": 0,
  "totalRows": null,
  "keywords": null,
  "avgScore": 0.0,
  "createDate": null,
  "totalPages": null
}