{
  "type": null,
  "faqId": 8698,
  "title": "Что делать, если местоположение определяется неточно?",
  "answer": " Точность геопозиционирования зависит от сигнала спутников GPS и точности карты. Сигналы GPS очень слабы в помещениях, что может привести к неточным результатам или сбою определения местоположения. Переместите телефон в место с хорошим приемом сигнала спутников GPS. \r\n\r\n Включите сеть Wi-Fi, чтобы повысить точность определения местоположения. На экране **Настройки** нажмите **Данные о местоположении** и поставьте флажок в поле **По координатам сети**.  \r\n\r\n Также можно попробовать использовать другое навигационное приложение. \r\n\r\n Если проблема не решена, обратитесь в службу поддержки или авторизованный сервисный центр компании Huawei. \r\n\r\n Примечание: Рисунки в данном документе приведены для справки. Фактический внешний вид экрана может отличаться.",
  "faqTypeId": null,
  "faqType": null,
  "useful": 19,
  "unUseful": 32,
  "languageId": 21,
  "languageName": "ru",
  "faqCode": "9239",
  "faqTypeCode": null,
  "isTop": "0",
  "moduleCode": "faq",
  "productId": null,
  "productCode": null,
  "postDate": 1395647756000,
  "seriesProductName": "",
  "visitedTimes": 3314,
  "isUsefulFlag": null,
  "score": 0,
  "times": 0,
  "imageList": null,
  "displayType": "text",
  "justView": "0",
  "fileName": null,
  "filePath": null,
  "imagePath": null,
  "imageName": null,
  "productIdList": null,
  "curPage": null,
  "pageSize": null,
  "siteCode": null,
  "statusFlag": "Publish",
  "returnCode": 0,
  "totalRows": null,
  "keywords": null,
  "avgScore": 0.0,
  "createDate": null,
  "totalPages": null
}