{"type":null,"faqId":8701,"title":"Можно ли восстановить удаленные файлы?","answer":"Нет.","faqTypeId":null,"faqType":null,"useful":22,"unUseful":12,"languageId":21,"languageName":"ru","faqCode":"9236","faqTypeCode":null,"isTop":"0","moduleCode":"faq","productId":null,"productCode":null,"postDate":1395645084000,"seriesProductName":"","visitedTimes":1745,"isUsefulFlag":null,"score":0,"times":0,"imageList":null,"displayType":"text","justView":"0","fileName":null,"filePath":null,"imagePath":null,"imageName":null,"productIdList":null,"curPage":null,"pageSize":null,"siteCode":null,"statusFlag":"Publish","returnCode":0,"totalRows":null,"keywords":null,"avgScore":0.0,"createDate":null,"totalPages":null}