{
  "type": null,
  "faqId": 8721,
  "title": "Что делать, если Вы забыли пароль или графический ключ разблокировки?",
  "answer": ">                                    Если у Вас есть аккаунт Google:\r\n\r\n1.  Если Вы введете графический ключ неверно пять раз подряд, на экране появится сообщение: «**Забыли графический ключ?**». Нажмите на него, чтобы зайти в Ваш аккаунт Google сбросить графический ключ разблокировки.  \n\t\t\n\t\r\n2.  Если ввести графический ключ неверно 20 раз подряд, экран входа в аккаунт Google отобразится автоматически. Зайдите в Ваш аккаунт Google, чтобы сбросить графический ключ разблокировки.  \n\t\t\n\t\n Если у Вас нет аккаунта Google, выполните\nобновление ПО Вашего телефона. Обновление ПО Вашего телефона удалит все пользовательские\nданные.   \n\r\n\r\n> Обновление ПО с помощью карты microSD:\r\n\r\n1.  Загрузите пакет обновления для Вашего телефона с веб-сайта  [****](http://consumer.huawei.com/ru)**[http://consumer.huawei.com/ru](http://consumer.huawei.com/ru)****** \n\t\r\n2.  [Скопируйте]() папку **dload** из пакета обновления в корневой каталог карты microSD.  \n\t\r\n3.  Выключите телефон и установите в него карту microSD. Чтобы запустить процесс обновления, одновременно нажмите и удерживайте кнопку питания, кнопку увеличения громкости и кнопку уменьшения громкости телефона.  \n\t\n ПО Вашего телефона будет\nобновлено, заводские настройки телефона будут восстановлены.   \n\r\n\r\n> Обновление ПО с помощью USB-накопителя:\r\n\r\n1.  Загрузите пакет обновления для Вашего телефона с веб-сайта  [****](http://consumer.huawei.com/ru)**[http://consumer.huawei.com/ru](http://consumer.huawei.com/ru)****** \n\t\r\n2.  Скопируйте папку **dload** из пакета обновления в корневой каталог USB-накопителя.  \n\t\r\n3.  Выключите телефон, используя кабель USB-OTG подключите телефон к USB-накопителю. Чтобы запустить процесс обновления, одновременно нажмите и удерживайте кнопку питания, кнопку увеличения громкости и кнопку уменьшения громкости телефона. \n\t\n\r\n\r\n Чтобы приобрести кабель USB-OTG, обратитесь к продавцу телефона. \r\n\r\n ПО Вашего телефона будет обновлено, заводские настройки телефона будут восстановлены. \r\n\r\n Если обновление ПО не может быть выполнено, обратитесь в службу поддержки или авторизованный сервисный центр компании Huawei \r\n\r\n ** ** \r\n\r\n\n ",
  "faqTypeId": null,
  "faqType": null,
  "useful": 39,
  "unUseful": 62,
  "languageId": 21,
  "languageName": "ru",
  "faqCode": "9261",
  "faqTypeCode": null,
  "isTop": "0",
  "moduleCode": "faq",
  "productId": null,
  "productCode": null,
  "postDate": 1395814268000,
  "seriesProductName": "",
  "visitedTimes": 13131,
  "isUsefulFlag": null,
  "score": 0,
  "times": 0,
  "imageList": null,
  "displayType": "text",
  "justView": "0",
  "fileName": null,
  "filePath": null,
  "imagePath": null,
  "imageName": null,
  "productIdList": null,
  "curPage": null,
  "pageSize": null,
  "siteCode": null,
  "statusFlag": "Publish",
  "returnCode": 0,
  "totalRows": null,
  "keywords": null,
  "avgScore": 0.0,
  "createDate": null,
  "totalPages": null
}