{
  "type": null,
  "faqId": 8722,
  "title": "Что делать, если сенсорный экран не работает?",
  "answer": "*   \r\n\r\n Если это происходит, потому что Ваши руки и экран в воде или масле: \r\n\r\n Вытрите руки и экран телефона. Перезапустите экран, будет выполнена автоматическая калибровка. \r\n\r\n*   \r\n\r\n Если это происходит, потому что Вы использовали автомобильное зарядное устройство или нестандартное зарядное устройство: \r\n\r\n Использование автомобильных или нестандартных зарядных устройств может привести к поломке экрана. Используйте зарядное устройство, входящее в комплект поставки Вашего телефона. \r\n\n Если проблема не решена,\nобратитесь в службу поддержки или авторизованный сервисный центр компании Huawei.  ",
  "faqTypeId": null,
  "faqType": null,
  "useful": 14,
  "unUseful": 145,
  "languageId": 21,
  "languageName": "ru",
  "faqCode": "9282",
  "faqTypeCode": null,
  "isTop": "0",
  "moduleCode": "faq",
  "productId": null,
  "productCode": null,
  "postDate": 1395815739000,
  "seriesProductName": "",
  "visitedTimes": 2796,
  "isUsefulFlag": null,
  "score": 0,
  "times": 0,
  "imageList": null,
  "displayType": "text",
  "justView": "0",
  "fileName": null,
  "filePath": null,
  "imagePath": null,
  "imageName": null,
  "productIdList": null,
  "curPage": null,
  "pageSize": null,
  "siteCode": null,
  "statusFlag": "Publish",
  "returnCode": 0,
  "totalRows": null,
  "keywords": null,
  "avgScore": 0.0,
  "createDate": null,
  "totalPages": null
}