{
  "type": null,
  "faqId": 8723,
  "title": "Почему при переключении между различными окнами рабочего экрана обои автоматически прокручиваются?",
  "answer": " При настройке обоев можно выбрать два режима отображения: \r\n\r\n*   \r\n\r\n **Прокрутка**: Прокрутка изображения по окнам рабочего экрана. \r\n\r\n*   \r\n\r\n **Фрагмент**: Отображение одного фрагмента изображения на всех окнах рабочего экрана.   \r\n\r\n Примечание: Рисунки в данном документе приведены для справки. Фактический внешний вид экрана может отличаться. \r\n\r\n\n ",
  "faqTypeId": null,
  "faqType": null,
  "useful": 3,
  "unUseful": 4,
  "languageId": 21,
  "languageName": "ru",
  "faqCode": "9284",
  "faqTypeCode": null,
  "isTop": "0",
  "moduleCode": "faq",
  "productId": null,
  "productCode": null,
  "postDate": 1395816152000,
  "seriesProductName": "",
  "visitedTimes": 872,
  "isUsefulFlag": null,
  "score": 0,
  "times": 0,
  "imageList": null,
  "displayType": "text",
  "justView": "0",
  "fileName": null,
  "filePath": null,
  "imagePath": null,
  "imageName": null,
  "productIdList": null,
  "curPage": null,
  "pageSize": null,
  "siteCode": null,
  "statusFlag": "Publish",
  "returnCode": 0,
  "totalRows": null,
  "keywords": null,
  "avgScore": 0.0,
  "createDate": null,
  "totalPages": null
}