{
  "type": null,
  "faqId": 8724,
  "title": "Как отобразить ярлыки на панели уведомлений?",
  "answer": "  На экране **Настройки** нажмите **Панель уведомлений**. \r\n\r\n Поставьте флажок в поле **Настройки уведомлений**.  \r\n\r\n Примечание: Рисунки в данном документе приведены для справки. Фактический внешний вид экрана может отличаться. \r\n\r\n\n ",
  "faqTypeId": null,
  "faqType": null,
  "useful": 13,
  "unUseful": 38,
  "languageId": 21,
  "languageName": "ru",
  "faqCode": "9285",
  "faqTypeCode": null,
  "isTop": "0",
  "moduleCode": "faq",
  "productId": null,
  "productCode": null,
  "postDate": 1395816372000,
  "seriesProductName": "",
  "visitedTimes": 2171,
  "isUsefulFlag": null,
  "score": 0,
  "times": 0,
  "imageList": null,
  "displayType": "text",
  "justView": "0",
  "fileName": null,
  "filePath": null,
  "imagePath": null,
  "imageName": null,
  "productIdList": null,
  "curPage": null,
  "pageSize": null,
  "siteCode": null,
  "statusFlag": "Publish",
  "returnCode": 0,
  "totalRows": null,
  "keywords": null,
  "avgScore": 0.0,
  "createDate": null,
  "totalPages": null
}