{
  "type": null,
  "faqId": 8725,
  "title": "Как изменить шрифт и размер шрифта системы?",
  "answer": "*   \r\n\r\n Чтобы изменить шрифт системы: \r\n\r\n На экране **Настройки** выберите **Экран** > **Стиль шрифтов** и выберите тип шрифта. \r\n\r\n*   \r\n\r\n Чтобы изменить размер шрифта системы: \r\n\r\n На экране **Настройки** выберите **Экран** > **Размер шрифта**. В отобразившемся меню опций выберите размер шрифта. \r\n\r\n Примечание: Рисунки в данном документе приведены для справки. Фактический внешний вид экрана может отличаться. \r\n\r\n\n ",
  "faqTypeId": null,
  "faqType": null,
  "useful": 30,
  "unUseful": 190,
  "languageId": 21,
  "languageName": "ru",
  "faqCode": "9262",
  "faqTypeCode": null,
  "isTop": "0",
  "moduleCode": "faq",
  "productId": null,
  "productCode": null,
  "postDate": 1395816559000,
  "seriesProductName": "",
  "visitedTimes": 6975,
  "isUsefulFlag": null,
  "score": 0,
  "times": 0,
  "imageList": null,
  "displayType": "text",
  "justView": "0",
  "fileName": null,
  "filePath": null,
  "imagePath": null,
  "imageName": null,
  "productIdList": null,
  "curPage": null,
  "pageSize": null,
  "siteCode": null,
  "statusFlag": "Publish",
  "returnCode": 0,
  "totalRows": null,
  "keywords": null,
  "avgScore": 0.0,
  "createDate": null,
  "totalPages": null
}