{
  "type": null,
  "faqId": 8726,
  "title": "Что делать, если датчик наклона телефона работает некорректно?",
  "answer": " l   Если это происходит при использовании стороннего приложения, убедитесь, что это приложение разработано с учетом использования датчика наклона. \r\n\r\n l   Сбой в работе датчика наклона может произойти в результате удаления некоторых системных файлов. \r\n\r\n Выполните резервное копирование данных и восстановите заводские настройки телефона.\n",
  "faqTypeId": null,
  "faqType": null,
  "useful": 24,
  "unUseful": 35,
  "languageId": 21,
  "languageName": "ru",
  "faqCode": "9263",
  "faqTypeCode": null,
  "isTop": "0",
  "moduleCode": "faq",
  "productId": null,
  "productCode": null,
  "postDate": 1395816637000,
  "seriesProductName": "",
  "visitedTimes": 2300,
  "isUsefulFlag": null,
  "score": 0,
  "times": 0,
  "imageList": null,
  "displayType": "text",
  "justView": "0",
  "fileName": null,
  "filePath": null,
  "imagePath": null,
  "imageName": null,
  "productIdList": null,
  "curPage": null,
  "pageSize": null,
  "siteCode": null,
  "statusFlag": "Publish",
  "returnCode": 0,
  "totalRows": null,
  "keywords": null,
  "avgScore": 0.0,
  "createDate": null,
  "totalPages": null
}