{
  "type": null,
  "faqId": 8741,
  "title": "Почему при ярком освещении на экране телефона видны пиксели?",
  "answer": " Это нормально. Такая ситуация\nобусловлена материалом, из которого изготовлен экран телефона.  ",
  "faqTypeId": null,
  "faqType": null,
  "useful": 7,
  "unUseful": 6,
  "languageId": 21,
  "languageName": "ru",
  "faqCode": "9281",
  "faqTypeCode": null,
  "isTop": "0",
  "moduleCode": "faq",
  "productId": null,
  "productCode": null,
  "postDate": 1395815576000,
  "seriesProductName": "",
  "visitedTimes": 1478,
  "isUsefulFlag": null,
  "score": 0,
  "times": 0,
  "imageList": null,
  "displayType": "text",
  "justView": "0",
  "fileName": null,
  "filePath": null,
  "imagePath": null,
  "imageName": null,
  "productIdList": null,
  "curPage": null,
  "pageSize": null,
  "siteCode": null,
  "statusFlag": "Publish",
  "returnCode": 0,
  "totalRows": null,
  "keywords": null,
  "avgScore": 0.0,
  "createDate": null,
  "totalPages": null
}