{
  "type": null,
  "faqId": 8742,
  "title": "Почему экран выключается автоматически?",
  "answer": "*   \r\n\r\n Если это происходит во время вызова: \r\n\r\n Это нормально. Ваш телефон оснащен датчиком приближения. Когда Вы подносите телефон к уху или закрываете этот датчик другим объектом, экран блокируется автоматически. Экран включается автоматически, когда Вы убираете телефон от уха или перемещаете объект, закрывавший этот датчик. \r\n\r\n Не закрывайте область рядом с динамиком, где расположен датчик приближения, защитной пленкой или чехлом. \r\n\r\n*   \r\n\r\n Если это происходит во время работы стороннего приложения: \r\n\r\n Возможно, это приложение несовместимо с Вашим телефоном. Удалите это приложение. Если проблема не решена, выполните резервное копирование данных и восстановите заводские настройки телефона. \r\n\r\n*   \r\n\r\n Если это происходит во время одновременной работы нескольких приложений: \r\n\r\n Закройте неиспользуемые приложения, работающие в фоновом режиме. На экране **Настройки **нажмите **Управление приложениями**, нажмите на приложение, затем нажмите **Остановить**, чтобы закрыть его.  \r\n\r\n Примечание: Рисунки в данном документе приведены для справки. Фактический внешний вид экрана может отличаться. \r\n\r\n\n ",
  "faqTypeId": null,
  "faqType": null,
  "useful": 5,
  "unUseful": 11,
  "languageId": 21,
  "languageName": "ru",
  "faqCode": "9283",
  "faqTypeCode": null,
  "isTop": "0",
  "moduleCode": "faq",
  "productId": null,
  "productCode": null,
  "postDate": 1395816050000,
  "seriesProductName": "",
  "visitedTimes": 1968,
  "isUsefulFlag": null,
  "score": 0,
  "times": 0,
  "imageList": null,
  "displayType": "text",
  "justView": "0",
  "fileName": null,
  "filePath": null,
  "imagePath": null,
  "imageName": null,
  "productIdList": null,
  "curPage": null,
  "pageSize": null,
  "siteCode": null,
  "statusFlag": "Publish",
  "returnCode": 0,
  "totalRows": null,
  "keywords": null,
  "avgScore": 0.0,
  "createDate": null,
  "totalPages": null
}