{
  "type": null,
  "faqId": 21701,
  "title": "Mate7 parmak izi kaydetme",
  "answer": "**İçerik**\r\n\r\nParmak iziniz ile ekranı kilitleyebilir veya şifrelenmiş verilere erişebilirsiniz. Bu özellik,\r\n\r\nsadece ekran kilidi yöntemi **PIN **veya **Şifre **olduğunda kullanılır.\r\n\r\n**Adımlar**\r\n\r\n**A****dım 1   **![](http://consumer.huawei.com/support/servlet/imageServlet?dlType=SupportImage&imagePath=/20150402163224884001.gif)**A****yarlar**'ı açın.\r\n\r\n**A****dım 2   ****Parmak izi ID**'ye dokunun.\r\n\r\n**A****dım 3   ****PIN **veya **Şifre**'yi seçin ve parola ayarlamak için ekrandaki talimatları izleyin.\r\n\r\n**A****dım 4   **Parmak izinizi kaydetmek için ekrandaki talimatları izleyin.\n",
  "faqTypeId": 783,
  "faqType": "Güvenlik ve Ödeme",
  "useful": 17,
  "unUseful": 8,
  "languageId": 181,
  "languageName": "tr",
  "faqCode": "5502",
  "faqTypeCode": "Safty and Pay",
  "isTop": "1",
  "moduleCode": "faq",
  "productId": null,
  "productCode": null,
  "postDate": 1427963611000,
  "seriesProductName": "Jazz-L09",
  "visitedTimes": 1366,
  "isUsefulFlag": null,
  "score": 0,
  "times": 0,
  "imageList": null,
  "displayType": "text",
  "justView": "0",
  "fileName": null,
  "filePath": null,
  "imagePath": null,
  "imageName": null,
  "productIdList": null,
  "curPage": null,
  "pageSize": null,
  "siteCode": null,
  "statusFlag": "Publish",
  "returnCode": 0,
  "totalRows": null,
  "keywords": "Huawei, Mate7, Parmak izi sensöz okuyucu, kilit, ekran",
  "avgScore": 0.0,
  "createDate": null,
  "totalPages": null
}