{
  "type": null,
  "faqId": 21722,
  "title": "Mate7 parmak izi ile güvenliği kaldırma",
  "answer": "**İçerik**\r\n\r\n**G****ü****venlik**'i etkinleştirdikten sonra **Dosya Yöneticisi **şifrenizi ayarlayın, parmak izi kilidinin etkinleştirilmesi için istenir. Güvenli erişim ile parmak izinizi ilişkilendirmek için **İlişkilendir**'e dokunun. Eğer bu adımı atlarsanız, bu özelliği aşağıdaki adımları uygulayarak etkinleştirebilirsiniz:\r\n\r\n**Adımlar**\r\n\r\n**A****dım 1   **![](http://consumer.huawei.com/support/servlet/imageServlet?dlType=SupportImage&imagePath=/20150402164711955001.gif)**A****yarlar**'ı açın.\r\n\r\n**A****dım 2   ****Parmak izi ID**'e dokunun ve ekrandaki talimatları izleyerek şifrenizi girin.\r\n\r\n**A****dım 3   ****G****üvenli erişim**'e dokunun.\r\n\r\n**Sonuç**\r\n\r\n**D****osya Yöneticisi**'ni açın ve **Güvenlik **simgesine dokunun. Güvenli erişim için telefonun arkasındaki parmak izi sensörünün üzerine parmağınızı koyun.\n",
  "faqTypeId": 783,
  "faqType": "Güvenlik ve Ödeme",
  "useful": 0,
  "unUseful": 0,
  "languageId": 181,
  "languageName": "tr",
  "faqCode": "5504",
  "faqTypeCode": "Safty and Pay",
  "isTop": "0",
  "moduleCode": "faq",
  "productId": null,
  "productCode": null,
  "postDate": 1427964445000,
  "seriesProductName": "Jazz-L09",
  "visitedTimes": 154,
  "isUsefulFlag": null,
  "score": 0,
  "times": 0,
  "imageList": null,
  "displayType": "text",
  "justView": "0",
  "fileName": null,
  "filePath": null,
  "imagePath": null,
  "imageName": null,
  "productIdList": null,
  "curPage": null,
  "pageSize": null,
  "siteCode": null,
  "statusFlag": "Publish",
  "returnCode": 0,
  "totalRows": null,
  "keywords": null,
  "avgScore": 0.0,
  "createDate": null,
  "totalPages": null
}