{
  "type": null,
  "faqId": 21725,
  "title": "Mate7 parmak izi ile uygulama kilidine erişme",
  "answer": "**İçerik**\n  \r\n\r\n**T****elefon yöneticisi**'ndeki **Uygulama kilidi**'ne eriştikten sonra, parmak izi kilidini etkinleştirmek için şifrenizi ayarlamanız istenecektir. Uygulama kilidine erişmek ve parmak izinizi ilişkilendirmek için **İlişkilendir **simgesine dokunun. Eğer bu adımı atlarsanız, bu özelliğe aşağıdaki adımları uygulayarak ulaşabilirsiniz:\r\n\r\n**Adımlar**\r\n\r\n**A****dım 1   **![](http://consumer.huawei.com/support/servlet/imageServlet?dlType=SupportImage&imagePath=/20150402190157281001.gif)**  Ayarlar**'ı açın.\r\n\r\n**A****dım 2   ****Parmak izi ID**'ye dokunun ve şifrenizi girmek için ekrandaki talimatları izleyin.\r\n\r\n**A****dım 3   ****A****pp kilitlemeye eriş, App'leri kilitle/aç**'a dokunun.\r\n\r\n**----****Son**\r\n\r\n**Sonuç**\r\n\r\n**T****elefon yöneticisi**'ni açın, **Uygulama kilidi**'ne dokunun ve uygulama kilidine erişmek için telefonunuzun arkasındaki parmak izi sensörü üzerine parmağınızı koyun.\n",
  "faqTypeId": 783,
  "faqType": "Güvenlik ve Ödeme",
  "useful": 0,
  "unUseful": 1,
  "languageId": 181,
  "languageName": "tr",
  "faqCode": "5508",
  "faqTypeCode": "Safty and Pay",
  "isTop": "0",
  "moduleCode": "faq",
  "productId": null,
  "productCode": null,
  "postDate": 1427972527000,
  "seriesProductName": "Jazz-L09",
  "visitedTimes": 192,
  "isUsefulFlag": null,
  "score": 0,
  "times": 0,
  "imageList": null,
  "displayType": "text",
  "justView": "0",
  "fileName": null,
  "filePath": null,
  "imagePath": null,
  "imageName": null,
  "productIdList": null,
  "curPage": null,
  "pageSize": null,
  "siteCode": null,
  "statusFlag": "Publish",
  "returnCode": 0,
  "totalRows": null,
  "keywords": null,
  "avgScore": 0.0,
  "createDate": null,
  "totalPages": null
}