{
  "type": null,
  "faqId": 21726,
  "title": "Mate7 güvenlik",
  "answer": "Başkalarının özel dosyalaranıza erişimini engellemek için dosya şifreleme.\r\n\r\n**Güvenliği Etkinleştirme**\r\n\r\n1.     ![](http://consumer.huawei.com/support/servlet/imageServlet?dlType=SupportImage&imagePath=/20150402190411187001.gif)**D****osya Yöneticisi**'ni açın.\r\n\r\n2.     **Güvenlik**'e dokunun.\r\n\r\n3.     Telefonunuz microSD kartı destekliyorsa ve mevcut bir kart varsa, **SD kart **veya\r\n\r\n**D****ahili**'de güvenlik oluşturmak için seçebilirsiniz.\r\n\r\n4.    **Güvenlik**'i etkinleştirin, ardından şifre ve güvenlik sorunuzu/cevabınızı ayarlamak için ekrandaki talimatları izleyin.\r\n\r\n**Güvenli dosya ekleme**\r\n\r\n1.     ![](http://consumer.huawei.com/support/servlet/imageServlet?dlType=SupportImage&imagePath=/20150402190411968002.gif)**D****osya Yöneticisi**'ni açın.\r\n\r\n2.     **Güvenlik**'e dokunun ve şifrenizi girin.\r\n\r\n3.     ![](http://consumer.huawei.com/support/servlet/imageServlet?dlType=SupportImage&imagePath=/20150402190411293003.gif)  simgesine dokunun ve dosyaları **G****üvenlik**'e ekleyin.\r\n\r\nŞifrelenmiş dosyaları **Güvenlik**'te görüntüleyebilirsiniz.\n",
  "faqTypeId": 783,
  "faqType": "Güvenlik ve Ödeme",
  "useful": 0,
  "unUseful": 0,
  "languageId": 181,
  "languageName": "tr",
  "faqCode": "5509",
  "faqTypeCode": "Safty and Pay",
  "isTop": "0",
  "moduleCode": "faq",
  "productId": null,
  "productCode": null,
  "postDate": 1427972657000,
  "seriesProductName": "Jazz-L09",
  "visitedTimes": 225,
  "isUsefulFlag": null,
  "score": 0,
  "times": 0,
  "imageList": null,
  "displayType": "text",
  "justView": "0",
  "fileName": null,
  "filePath": null,
  "imagePath": null,
  "imageName": null,
  "productIdList": null,
  "curPage": null,
  "pageSize": null,
  "siteCode": null,
  "statusFlag": "Publish",
  "returnCode": 0,
  "totalRows": null,
  "keywords": null,
  "avgScore": 0.0,
  "createDate": null,
  "totalPages": null
}