{
  "type": null,
  "faqId": 21727,
  "title": "Mate7 odaklanma modu",
  "answer": "**İçerik**\n  \r\n\r\nOdak modları, odak noktası alındıktan sonra fotoğrafların odak noktasını değiştirmenizi sağlar.\r\n\r\n![](http://consumer.huawei.com/support/servlet/imageServlet?dlType=SupportImage&imagePath=/20150402190550160001.jpg)\r\n\r\nBu fonksiyon bütün modellerde desteklenmeyebilir.\r\n\r\n**Adımlar**\r\n\r\n**A****dım 1   **![](http://consumer.huawei.com/support/servlet/imageServlet?dlType=SupportImage&imagePath=/20150402190551733002.gif)**K****amera**'yı açın.\r\n\r\n**A****dım 2   **![](http://consumer.huawei.com/support/servlet/imageServlet?dlType=SupportImage&imagePath=/20150402190551584003.gif)**  **> **Tüm odaklar**'a dokunun.\r\n\r\n**A****dım 3   **Fotoğraf çekmek için  ![](http://consumer.huawei.com/support/servlet/imageServlet?dlType=SupportImage&imagePath=/20150402190551493004.gif)  simgesine dokunun.\r\n\r\n**A****dım 4   **Çektiğiniz fotoğrafı bulmak için  ![](http://consumer.huawei.com/support/servlet/imageServlet?dlType=SupportImage&imagePath=/20150402190551402005.gif)  simgesine dokunun, ve odak noktasını ayarlamak için\r\n\r\n![](http://consumer.huawei.com/support/servlet/imageServlet?dlType=SupportImage&imagePath=/20150402190552153006.gif)  simgesine dokunun.",
  "faqTypeId": 794,
  "faqType": "Kamera, Müzik ve Video",
  "useful": 0,
  "unUseful": 0,
  "languageId": 181,
  "languageName": "tr",
  "faqCode": "5510",
  "faqTypeCode": "Camera Music and Video",
  "isTop": "0",
  "moduleCode": "faq",
  "productId": null,
  "productCode": null,
  "postDate": 1427972764000,
  "seriesProductName": "Jazz-L09",
  "visitedTimes": 313,
  "isUsefulFlag": null,
  "score": 0,
  "times": 0,
  "imageList": null,
  "displayType": "text",
  "justView": "0",
  "fileName": null,
  "filePath": null,
  "imagePath": null,
  "imageName": null,
  "productIdList": null,
  "curPage": null,
  "pageSize": null,
  "siteCode": null,
  "statusFlag": "Publish",
  "returnCode": 0,
  "totalRows": null,
  "keywords": null,
  "avgScore": 0.0,
  "createDate": null,
  "totalPages": null
}