{
  "type": null,
  "faqId": 21728,
  "title": "Mate7 zaman çizelgesi albümü ekranından fotoğraf çekme",
  "answer": "**İçerik**\n  \r\n\r\n**G****aleri**'den doğrudan fotoğraf çekebilirsiniz.\r\n\r\n**Adımlar**\r\n\r\n**A****dım 1   **![](http://consumer.huawei.com/support/servlet/imageServlet?dlType=SupportImage&imagePath=/20150402190717554001.gif)**G****aleri**'yi açın.\r\n\r\n**A****dım 2   **Zaman çizelgesi albüm görünümüne geçmek için ekranın altındaki görünümü değiştirme düğmesine dokunun.\r\n\r\n![](http://consumer.huawei.com/support/servlet/imageServlet?dlType=SupportImage&imagePath=/20150402190717529002.gif)\r\n\r\n**A****dım 3   **Zaman çizelgesi albümü ekranında, yarım ekran modundayken kamerayı başlatmak için vizörü aşağıda bulunan boş bir alana doğru sürükleyin. Fotoğraf çekmek için  ![](http://consumer.huawei.com/support/servlet/imageServlet?dlType=SupportImage&imagePath=/20150402190717650003.gif)  simgesine dokunun.\r\n\r\n![](http://consumer.huawei.com/support/servlet/imageServlet?dlType=SupportImage&imagePath=/20150402190718666004.gif)![](http://consumer.huawei.com/support/servlet/imageServlet?dlType=SupportImage&imagePath=/20150402190718641005.gif)\r\n\r\n**A****dım 4   **Tam ekran yakalama moduna geçmek için vizörü daha aşağı sürükleyin.\r\n\r\n![](http://consumer.huawei.com/support/servlet/imageServlet?dlType=SupportImage&imagePath=/20150402190719736006.gif)\r\n\r\n**Sonuç**\r\n\r\nİşlemi tamamladığınızda zaman çizelgesi ekranına geri dönmek için,  ![](http://consumer.huawei.com/support/servlet/imageServlet?dlType=SupportImage&imagePath=/20150402190719567007.gif)  **Geri dön**'e dokunun.",
  "faqTypeId": 794,
  "faqType": "Kamera, Müzik ve Video",
  "useful": 1,
  "unUseful": 1,
  "languageId": 181,
  "languageName": "tr",
  "faqCode": "5511",
  "faqTypeCode": "Camera Music and Video",
  "isTop": "0",
  "moduleCode": "faq",
  "productId": null,
  "productCode": null,
  "postDate": 1427972847000,
  "seriesProductName": "Jazz-L09",
  "visitedTimes": 194,
  "isUsefulFlag": null,
  "score": 0,
  "times": 0,
  "imageList": null,
  "displayType": "text",
  "justView": "0",
  "fileName": null,
  "filePath": null,
  "imagePath": null,
  "imageName": null,
  "productIdList": null,
  "curPage": null,
  "pageSize": null,
  "siteCode": null,
  "statusFlag": "Publish",
  "returnCode": 0,
  "totalRows": null,
  "keywords": null,
  "avgScore": 0.0,
  "createDate": null,
  "totalPages": null
}