{
  "type": null,
  "faqId": 21729,
  "title": "Mate7 magazin ekran kilidini açma",
  "answer": "**İçerik**\r\n\r\nMagazin kilidini görüntülemek için kontrol panelini ekranın altından yukarıya itin.\r\n\r\n**Takip Eden Adımlar**\r\n\r\n![](http://consumer.huawei.com/support/servlet/imageServlet?dlType=SupportImage&imagePath=/20150402220752351001.gif)\r\n\r\n\n<table style=\"margin-left: 91.55pt; border-collapse: collapse;\" border=\"0\" cellspacing=\"0\" cellpadding=\"0\">\n  <tbody>\n    <tr style=\"height: 32.9pt;\">\n      <td width=\"79\" valign=\"top\" style=\"padding: 0cm; border: 1pt solid black; width: 59.55pt; height: 32.9pt;\">\n      \r\n\r\n![](http://consumer.huawei.com/support/servlet/imageServlet?dlType=SupportImage&imagePath=/20150402220752696002.gif)\r\n\r\n\n      </td>\n      <td width=\"450\" valign=\"top\" style=\"border-width: 1pt 1pt 1pt medium; border-style: solid solid solid none; border-color: black black black currentColor; padding: 0cm; width: 337.4pt; height: 32.9pt;\">\n      \r\n\r\nMagazin kontrol alanı: Magazin sayfalarını karıştırmayı bırakın, bir sonraki sayfaya geçin, güncel kapağınızı favorilerinize ekleyin.\r\n\n      </td>\n    </tr>\n    <tr style=\"height: 33pt;\">\n      <td width=\"79\" valign=\"top\" style=\"border-width: medium 1pt 1pt; border-style: none solid solid; border-color: currentColor black black; padding: 0cm; width: 59.55pt; height: 33pt;\">\n      \r\n\r\n![](http://consumer.huawei.com/support/servlet/imageServlet?dlType=SupportImage&imagePath=/20150402220753721003.gif)\r\n\r\n\n      </td>\n      <td width=\"450\" valign=\"top\" style=\"border-width: medium 1pt 1pt medium; border-style: none solid solid none; border-color: currentColor black black currentColor; padding: 0cm; width: 337.4pt; height: 33pt;\">\n      \r\n\r\nKısayol tuşları: Takvim, Hesap makinesi ve El feneri gibi ortak erişim araçları,\r\n\n      </td>\n    </tr>\n  </tbody>\n</table>\n\r\n\r\n![](http://consumer.huawei.com/support/servlet/imageServlet?dlType=SupportImage&imagePath=/20150402220753734004.jpg)\r\n\r\nBu fonksiyon bütün modellerde desteklenmeyebilir.",
  "faqTypeId": 788,
  "faqType": "Ekran ayarları",
  "useful": 1,
  "unUseful": 0,
  "languageId": 181,
  "languageName": "tr",
  "faqCode": "5513",
  "faqTypeCode": "Screen and Display",
  "isTop": "0",
  "moduleCode": "faq",
  "productId": null,
  "productCode": null,
  "postDate": 1427983697000,
  "seriesProductName": "Jazz-L09",
  "visitedTimes": 487,
  "isUsefulFlag": null,
  "score": 0,
  "times": 0,
  "imageList": null,
  "displayType": "text",
  "justView": "0",
  "fileName": null,
  "filePath": null,
  "imagePath": null,
  "imageName": null,
  "productIdList": null,
  "curPage": null,
  "pageSize": null,
  "siteCode": null,
  "statusFlag": "Publish",
  "returnCode": 0,
  "totalRows": null,
  "keywords": null,
  "avgScore": 0.0,
  "createDate": null,
  "totalPages": null
}