{
  "type": null,
  "faqId": 21721,
  "title": "Mate7 parmak izi ile ekranı kilitleme",
  "answer": "**Adımlar**\r\n\r\n**A****dım 1   **![](http://consumer.huawei.com/support/servlet/imageServlet?dlType=SupportImage&imagePath=/20150402164502911001.gif)**A****yarlar**'ı açın.\r\n\r\n**A****dım 2   ****Parmak izi ID**'ye dokunun ve ekrandaki talimatları izleyerek şifrenizi girin.\r\n\r\n**A****dım 3   ****Ekran kilidini aç**'a dokunun.\r\n\r\n**Sonuç**\r\n\r\nEkran kilidini açmak için telefonun arkasındaki parmak izi sensörünün üzerine parmağınızı\r\n\nkoyun.",
  "faqTypeId": 788,
  "faqType": "Ekran ayarları",
  "useful": 0,
  "unUseful": 2,
  "languageId": 181,
  "languageName": "tr",
  "faqCode": "5503",
  "faqTypeCode": "Screen and Display",
  "isTop": "0",
  "moduleCode": "faq",
  "productId": null,
  "productCode": null,
  "postDate": 1427964337000,
  "seriesProductName": "Jazz-L09",
  "visitedTimes": 281,
  "isUsefulFlag": null,
  "score": 0,
  "times": 0,
  "imageList": null,
  "displayType": "text",
  "justView": "0",
  "fileName": null,
  "filePath": null,
  "imagePath": null,
  "imageName": null,
  "productIdList": null,
  "curPage": null,
  "pageSize": null,
  "siteCode": null,
  "statusFlag": "Publish",
  "returnCode": 0,
  "totalRows": null,
  "keywords": null,
  "avgScore": 0.0,
  "createDate": null,
  "totalPages": null
}