{
  "type": null,
  "faqId": 21730,
  "title": "Mate7 ana ekranı yönetme",
  "answer": "**Widget ekleme**\r\n\r\n1.     Ana ekranda boş bir alana dokunun ve basılı tutun.\r\n\r\n2.     **Widgetlar**'a dokunun.\r\n\r\n3.     Bir widget seçin ve ana ekrana sürükleyin.\r\n\r\n**Klasör oluşturma**\r\n\r\nHer ikisini de içeren bir klasör oluşturmak için bir uygulamayı diğer uygulamanın üzerine\r\n\r\nsürükleyin.\r\n\r\n**Ana ekran ekleme veya kaldırma**\r\n\r\nAna ekran küçük resimlerini görüntülemek için üç parmağınızı ana ekranda sıkıştırın. Ana ekran eklemek için  ![](http://consumer.huawei.com/support/servlet/imageServlet?dlType=SupportImage&imagePath=/20150402221122575001.gif)  simgesine dokunun. Boş bir ana ekranı kaldırmak için ekranın sağ köşesindeki  ![](http://consumer.huawei.com/support/servlet/imageServlet?dlType=SupportImage&imagePath=/20150402221123341002.gif) simgesine dokunun.",
  "faqTypeId": 788,
  "faqType": "Ekran ayarları",
  "useful": 1,
  "unUseful": 3,
  "languageId": 181,
  "languageName": "tr",
  "faqCode": "5514",
  "faqTypeCode": "Screen and Display",
  "isTop": "0",
  "moduleCode": "faq",
  "productId": null,
  "productCode": null,
  "postDate": 1427983898000,
  "seriesProductName": "Jazz-L09",
  "visitedTimes": 325,
  "isUsefulFlag": null,
  "score": 0,
  "times": 0,
  "imageList": null,
  "displayType": "text",
  "justView": "0",
  "fileName": null,
  "filePath": null,
  "imagePath": null,
  "imageName": null,
  "productIdList": null,
  "curPage": null,
  "pageSize": null,
  "siteCode": null,
  "statusFlag": "Publish",
  "returnCode": 0,
  "totalRows": null,
  "keywords": null,
  "avgScore": 0.0,
  "createDate": null,
  "totalPages": null
}