{
  "type": null,
  "faqId": 21761,
  "title": "Mate7 QR kod tarama",
  "answer": "**Galeri kullanarak QR kod tarama**\r\n\r\n1.     ![](http://consumer.huawei.com/support/servlet/imageServlet?dlType=SupportImage&imagePath=/20150402191853329001.gif)**G****aleri**'yi açın.\r\n\r\n2.     QR kod fotoğrafı seçin.**Galeri **otomatik olarak QR kodunu tarayacaktır.\r\n\r\n3.     QR kod detaylarını görüntülemek için **A****yrıntıları göster**'e dokunun.\r\n\r\n**Kamera kullanarak QR kod tarama**\r\n\r\n1.     ![](http://consumer.huawei.com/support/servlet/imageServlet?dlType=SupportImage&imagePath=/20150402191853331002.gif)  **Kamera**'yı açın.\r\n\r\n2.     QR kodunu kamera ile çekim çerçevesine alın. **Kamera **otomatik olarak QR kodunu\r\n\r\ntarayacaktır.\r\n\r\n3.     QR kod detaylarını görüntülemek için **Ayrıntıları göster**'e dokunun.",
  "faqTypeId": 794,
  "faqType": "Kamera, Müzik ve Video",
  "useful": 4,
  "unUseful": 7,
  "languageId": 181,
  "languageName": "tr",
  "faqCode": "5521",
  "faqTypeCode": "Camera Music and Video",
  "isTop": "0",
  "moduleCode": "faq",
  "productId": null,
  "productCode": null,
  "postDate": 1427973549000,
  "seriesProductName": "Jazz-L09",
  "visitedTimes": 337,
  "isUsefulFlag": null,
  "score": 0,
  "times": 0,
  "imageList": null,
  "displayType": "text",
  "justView": "0",
  "fileName": null,
  "filePath": null,
  "imagePath": null,
  "imageName": null,
  "productIdList": null,
  "curPage": null,
  "pageSize": null,
  "siteCode": null,
  "statusFlag": "Publish",
  "returnCode": 0,
  "totalRows": null,
  "keywords": null,
  "avgScore": 0.0,
  "createDate": null,
  "totalPages": null
}