{
  "type": null,
  "faqId": 21781,
  "title": "Mate7 gizliliği koruma",
  "answer": "**Gizlilik koruması nedir?**\r\n\r\nTelefonunuzda gizli kalmasını istediğiniz bir içerik varsa, 2 farklı şifre kilidi açma yöntemi (biri kendiniz için, diğeri ziyaretçiler için) ayarlayabilirsiniz. Eğer telefonunuzun kilidi, ziyaretçi şifresi ile açıldıysa, tüm özel içerikler gizli olacaktır.\r\n\r\nRehber, albümler ve uygulamalar gizli olarak ayarlanabilir.\r\n\r\n**Gizlilik koruma parolası ayarlama**\r\n\r\n1.     ![](http://consumer.huawei.com/support/servlet/imageServlet?dlType=SupportImage&imagePath=/20150402220632250001.gif)  **Ayarlar**'ı açın.\r\n\r\n2.     **Güvenlik **> **Gizlilik koruması **> **Haydi başlayalım**'a dokunun.\r\n\r\n3.     Şifre stili seçin. Kendiniz ve ziyaretçiniz için şifre belirleyin.\r\n\r\n![](http://consumer.huawei.com/support/servlet/imageServlet?dlType=SupportImage&imagePath=/20150402220632752002.jpg)\r\n\r\nBir ekran kilidi açma şifresi ayarladıysanız, bu şifre telefon sahibinin ayarladığı varsayılan şifre olarak kullanılacaktır.\r\n\r\n**Gizli bilgileri ayarlama**\r\n\r\n1.     ![](http://consumer.huawei.com/support/servlet/imageServlet?dlType=SupportImage&imagePath=/20150402220632250001.gif)  **Ayarlar**'ı açın.\r\n\r\n2.     **Güvenlik **> **Gizlilik koruması**'na dokunun.\r\n\r\n3.     **Gizlilik koruması **ekranına erişebilmek için kendi şifrenizi girin.\r\n\r\n4.     Gizli olmasını istediğiniz kişileri, albümleri veya uygulamaları seçin.\n",
  "faqTypeId": 783,
  "faqType": "Güvenlik ve Ödeme",
  "useful": 0,
  "unUseful": 9,
  "languageId": 181,
  "languageName": "tr",
  "faqCode": "5512",
  "faqTypeCode": "Safty and Pay",
  "isTop": "0",
  "moduleCode": "faq",
  "productId": null,
  "productCode": null,
  "postDate": 1427983603000,
  "seriesProductName": "Jazz-L09",
  "visitedTimes": 276,
  "isUsefulFlag": null,
  "score": 0,
  "times": 0,
  "imageList": null,
  "displayType": "text",
  "justView": "0",
  "fileName": null,
  "filePath": null,
  "imagePath": null,
  "imageName": null,
  "productIdList": null,
  "curPage": null,
  "pageSize": null,
  "siteCode": null,
  "statusFlag": "Publish",
  "returnCode": 0,
  "totalRows": null,
  "keywords": null,
  "avgScore": 0.0,
  "createDate": null,
  "totalPages": null
}