{
  "type": null,
  "faqId": 21941,
  "title": "Mate7 bildirim paneli",
  "answer": " Bildirimleri açmak için durum çubuğunu aşağıya sürükleyin. **Bildirimler **ve **Kısayollar **sekmeleri arasında geçiş yapabilmek için sola veya sağa sürükleyin.\r\n\r\n![](http://consumer.huawei.com/support/servlet/imageServlet?dlType=SupportImage&imagePath=/20150407185845330001.gif)\r\n\r\n\n<table style=\"margin-left: 91.55pt; border-collapse: collapse;\" border=\"0\" cellspacing=\"0\" cellpadding=\"0\">\n  <tbody>\n    <tr style=\"height: 32.9pt;\">\n      <td width=\"79\" valign=\"top\" style=\"padding: 0cm; border: 1pt solid black; width: 59.55pt; height: 32.9pt;\">\n      \r\n\r\n![](http://consumer.huawei.com/support/servlet/imageServlet?dlType=SupportImage&imagePath=/20150407185846864002.gif)\r\n\r\n\n      </td>\n      <td width=\"450\" valign=\"top\" style=\"border-width: 1pt 1pt 1pt medium; border-style: solid solid solid none; border-color: black black black currentColor; padding: 0cm; width: 337.4pt; height: 32.9pt;\">\n      \r\n\r\nAnlık bildirimler ile ilgili ayrıntılı bilgileri görüntüleyin. Bunu reddetmek için bildirim boyunca sola veya sağa sürükleyin.\r\n\n      </td>\n    </tr>\n    <tr style=\"height: 20.9pt;\">\n      <td width=\"79\" valign=\"top\" style=\"border-width: medium 1pt 1pt; border-style: none solid solid; border-color: currentColor black black; padding: 0cm; width: 59.55pt; height: 20.9pt;\">\n      \r\n\r\n![](http://consumer.huawei.com/support/servlet/imageServlet?dlType=SupportImage&imagePath=/20150407185846496003.gif)\r\n\n      </td>\n      <td width=\"450\" valign=\"top\" style=\"border-width: medium 1pt 1pt medium; border-style: none solid solid none; border-color: currentColor black black currentColor; padding: 0cm; width: 337.4pt; height: 20.9pt;\">\n      \r\n\r\nAnlık bütün bildirimleri temizleyin.\r\n\n      </td>\n    </tr>\n    <tr style=\"height: 32.9pt;\">\n      <td width=\"79\" valign=\"top\" style=\"border-width: medium 1pt 1pt; border-style: none solid solid; border-color: currentColor black black; padding: 0cm; width: 59.55pt; height: 32.9pt;\">\n      \r\n\r\n![](http://consumer.huawei.com/support/servlet/imageServlet?dlType=SupportImage&imagePath=/20150407185846124004.gif)\r\n\r\n\n      </td>\n      <td width=\"450\" valign=\"top\" style=\"border-width: medium 1pt 1pt medium; border-style: none solid solid none; border-color: currentColor black black currentColor; padding: 0cm; width: 337.4pt; height: 32.9pt;\">\n      \r\n\r\nKısayol geçişlerini açmak veya daraltmak. (Bütün modeller bu özelliği\r\n\r\ndesteklemeyebilir.)\r\n\n      </td>\n    </tr>\n    <tr style=\"height: 20.75pt;\">\n      <td width=\"79\" valign=\"top\" style=\"border-width: medium 1pt 1pt; border-style: none solid solid; border-color: currentColor black black; padding: 0cm; width: 59.55pt; height: 20.75pt;\">\n      \r\n\r\n![](http://consumer.huawei.com/support/servlet/imageServlet?dlType=SupportImage&imagePath=/20150407185847234005.gif)\r\n\n      </td>\n      <td width=\"450\" valign=\"top\" style=\"border-width: medium 1pt 1pt medium; border-style: none solid solid none; border-color: currentColor black black currentColor; padding: 0cm; width: 337.4pt; height: 20.75pt;\">\n      \r\n\r\nEkran parlaklığını ayarlayın.\r\n\n      </td>\n    </tr>\n    <tr style=\"height: 35.15pt;\">\n      <td width=\"79\" valign=\"top\" style=\"border-width: medium 1pt 1pt; border-style: none solid solid; border-color: currentColor black black; padding: 0cm; width: 59.55pt; height: 35.15pt;\">\n      \r\n\r\n![](http://consumer.huawei.com/support/servlet/imageServlet?dlType=SupportImage&imagePath=/20150407185847851006.gif)\r\n\r\n\n      </td>\n      <td width=\"450\" valign=\"top\" style=\"border-width: medium 1pt 1pt medium; border-style: none solid solid none; border-color: currentColor black black currentColor; padding: 0cm; width: 337.4pt; height: 35.15pt;\">\n      \r\n\r\nOrtak fonksiyonları açın veya kapatın. Kısayol geçiş listesini ayarlamak için\r\n\r\n![](http://consumer.huawei.com/support/servlet/imageServlet?dlType=SupportImage&imagePath=/20150407185847654007.gif)  simgesine dokunun.\r\n\n      </td>\n    </tr>\n  </tbody>\n</table>",
  "faqTypeId": 788,
  "faqType": "Ekran ayarları",
  "useful": 0,
  "unUseful": 3,
  "languageId": 181,
  "languageName": "tr",
  "faqCode": "5722",
  "faqTypeCode": "Screen and Display",
  "isTop": "0",
  "moduleCode": "faq",
  "productId": null,
  "productCode": null,
  "postDate": 1428404367000,
  "seriesProductName": "Jazz-L09",
  "visitedTimes": 441,
  "isUsefulFlag": null,
  "score": 0,
  "times": 0,
  "imageList": null,
  "displayType": "text",
  "justView": "0",
  "fileName": null,
  "filePath": null,
  "imagePath": null,
  "imageName": null,
  "productIdList": null,
  "curPage": null,
  "pageSize": null,
  "siteCode": null,
  "statusFlag": "Publish",
  "returnCode": 0,
  "totalRows": null,
  "keywords": null,
  "avgScore": 0.0,
  "createDate": null,
  "totalPages": null
}