{
  "type": null,
  "faqId": 21942,
  "title": "Mate7 ekranı otomatik döndürme",
  "answer": "**İçerik**\r\n\r\nOtomatik döndürmeyi açmak veya kapatmak için bildirim panelini açın, **Kısayollar**\r\n\r\nsekmesine gidin ve  ![](http://consumer.huawei.com/support/servlet/imageServlet?dlType=SupportImage&imagePath=/20150407190044277001.gif)  simgesine dokunun.\n",
  "faqTypeId": 788,
  "faqType": "Ekran ayarları",
  "useful": 0,
  "unUseful": 2,
  "languageId": 181,
  "languageName": "tr",
  "faqCode": "5723",
  "faqTypeCode": "Screen and Display",
  "isTop": "0",
  "moduleCode": "faq",
  "productId": null,
  "productCode": null,
  "postDate": 1428404505000,
  "seriesProductName": "Jazz-L09",
  "visitedTimes": 153,
  "isUsefulFlag": null,
  "score": 0,
  "times": 0,
  "imageList": null,
  "displayType": "text",
  "justView": "0",
  "fileName": null,
  "filePath": null,
  "imagePath": null,
  "imageName": null,
  "productIdList": null,
  "curPage": null,
  "pageSize": null,
  "siteCode": null,
  "statusFlag": "Publish",
  "returnCode": 0,
  "totalRows": null,
  "keywords": null,
  "avgScore": 0.0,
  "createDate": null,
  "totalPages": null
}