{
  "type": null,
  "faqId": 22509,
  "title": "P7 Pil göstergesi",
  "answer": " Telefonunuzun şarj seviyesi durum göstergesinde gösterilir.\r\n\r\nl       Yanıp sönen kırmızı: Pil seviyesi %10'un altında.\r\n\r\nl       Sabit kırmızı (şarj edilirken): Pil seviyesi %10'un altında.\r\n\r\nl       Sabit sarı (şarj edilirken): Pil seviyesi %10'un üstünde.\r\n\r\nl       Sabit yeşil (şarj edilirken): Pil tamamen şarj edilmek üzere veya tamamen şarj edildi.",
  "faqTypeId": 793,
  "faqType": "Pil ve Şarj",
  "useful": 14,
  "unUseful": 6,
  "languageId": 181,
  "languageName": "tr",
  "faqCode": "6425",
  "faqTypeCode": "Battery and Charging",
  "isTop": "0",
  "moduleCode": "faq",
  "productId": null,
  "productCode": null,
  "postDate": 1428652222000,
  "seriesProductName": "Sophia-L10",
  "visitedTimes": 964,
  "isUsefulFlag": null,
  "score": 0,
  "times": 0,
  "imageList": null,
  "displayType": "text",
  "justView": "0",
  "fileName": null,
  "filePath": null,
  "imagePath": null,
  "imageName": null,
  "productIdList": null,
  "curPage": null,
  "pageSize": null,
  "siteCode": null,
  "statusFlag": "Publish",
  "returnCode": 0,
  "totalRows": null,
  "keywords": null,
  "avgScore": 0.0,
  "createDate": null,
  "totalPages": null
}