{
  "type": null,
  "faqId": 22507,
  "title": "G7 QR kodu",
  "answer": " Kamera ve galeriyi kullanarak QR kodunu taratabilrsiniz.",
  "faqTypeId": 791,
  "faqType": "Uygulama Yönetimi",
  "useful": 15,
  "unUseful": 6,
  "languageId": 181,
  "languageName": "tr",
  "faqCode": "6389",
  "faqTypeCode": "Application Management",
  "isTop": "0",
  "moduleCode": "faq",
  "productId": null,
  "productCode": null,
  "postDate": 1428651590000,
  "seriesProductName": "G760-L01",
  "visitedTimes": 647,
  "isUsefulFlag": null,
  "score": 0,
  "times": 0,
  "imageList": null,
  "displayType": "text",
  "justView": "0",
  "fileName": null,
  "filePath": null,
  "imagePath": null,
  "imageName": null,
  "productIdList": null,
  "curPage": null,
  "pageSize": null,
  "siteCode": null,
  "statusFlag": "Publish",
  "returnCode": 0,
  "totalRows": null,
  "keywords": null,
  "avgScore": 0.0,
  "createDate": null,
  "totalPages": null
}