{
  "type": null,
  "faqId": 22502,
  "title": "G7 Güvenlik'e dosya ekleme",
  "answer": "**Adımlar**\r\n\r\n**A****dım 1   **Ana ekranda![](http://consumer.huawei.com/support/servlet/imageServlet?dlType=SupportImage&imagePath=/20150410153601277001.gif)**D****osyalar **üzerine dokunun.\r\n\r\n**A****dım 2   ****K****ategoriler **veya **Yerel **klasörü altında  ![](http://consumer.huawei.com/support/servlet/imageServlet?dlType=SupportImage&imagePath=/20150410153601609002.gif) simgesine dokunun.\r\n\r\n**A****dım 3   **Şifrenizi girin ve **Tamam **üzerine dokunun.\r\n\r\n**A****dım 4   ****Ekle **üzerine dokunun.\r\n\r\n**A****dım 5   **Güvenlik'e eklemek istediğiniz dosyaları seçin ve ekrandaki yönergeleri izleyin.\r\n\r\n**A****dım 6   **Güvenli seçilen dosyaları Güvenlik'e eklemek için **EKLE **üzerine dokunun.",
  "faqTypeId": 785,
  "faqType": "Depolama ve Dosya Yönetimi",
  "useful": 1,
  "unUseful": 6,
  "languageId": 181,
  "languageName": "tr",
  "faqCode": "6384",
  "faqTypeCode": "Storage and File Management",
  "isTop": "0",
  "moduleCode": "faq",
  "productId": null,
  "productCode": null,
  "postDate": 1428651377000,
  "seriesProductName": "G760-L01",
  "visitedTimes": 623,
  "isUsefulFlag": null,
  "score": 0,
  "times": 0,
  "imageList": null,
  "displayType": "text",
  "justView": "0",
  "fileName": null,
  "filePath": null,
  "imagePath": null,
  "imageName": null,
  "productIdList": null,
  "curPage": null,
  "pageSize": null,
  "siteCode": null,
  "statusFlag": "Publish",
  "returnCode": 0,
  "totalRows": null,
  "keywords": null,
  "avgScore": 0.0,
  "createDate": null,
  "totalPages": null
}