{
  "type": null,
  "faqId": 22501,
  "title": "G7 Güvenlik",
  "answer": "Güvenlik özelliği önemli dosyalarınızın ve gizliliğinizin korunmasına yardımcı olur.",
  "faqTypeId": 783,
  "faqType": "Güvenlik ve Ödeme",
  "useful": 11,
  "unUseful": 13,
  "languageId": 181,
  "languageName": "tr",
  "faqCode": "6382",
  "faqTypeCode": "Safty and Pay",
  "isTop": "0",
  "moduleCode": "faq",
  "productId": null,
  "productCode": null,
  "postDate": 1428650885000,
  "seriesProductName": "G760-L01",
  "visitedTimes": 729,
  "isUsefulFlag": null,
  "score": 0,
  "times": 0,
  "imageList": null,
  "displayType": "text",
  "justView": "0",
  "fileName": null,
  "filePath": null,
  "imagePath": null,
  "imageName": null,
  "productIdList": null,
  "curPage": null,
  "pageSize": null,
  "siteCode": null,
  "statusFlag": "Publish",
  "returnCode": 0,
  "totalRows": null,
  "keywords": null,
  "avgScore": 0.0,
  "createDate": null,
  "totalPages": null
}