{
  "type": null,
  "faqId": 22506,
  "title": "G7 Galeriden kamerayı başlatma",
  "answer": "**Adımlar**\r\n\r\n**A****dım 1   **Ana ekranda  ![](http://consumer.huawei.com/support/servlet/imageServlet?dlType=SupportImage&imagePath=/20150410153811634001.gif)**G****aleri**'ye dokunun.\r\n\r\n**A****dım 2   ****A****l****büm **ekranından aşağı doğru vizörü yarım ekran modunda görüntülemek için inin ve kamerayı açmak için tekrar aşağıya inin.\r\n\r\n![](http://consumer.huawei.com/support/servlet/imageServlet?dlType=SupportImage&imagePath=/20150410153811404002.jpg)\r\n\r\nYarım ekran modunda kamera özelliklerinin hepsi aktif değildir.\r\n\r\n**A****dım 3   **Fotoğraf çekmek için  ![](http://consumer.huawei.com/support/servlet/imageServlet?dlType=SupportImage&imagePath=/20150410153811800003.gif)'e dokunun.\r\n\r\n**A****dım 4   **Galeriye geri dönmek için  ![](http://consumer.huawei.com/support/servlet/imageServlet?dlType=SupportImage&imagePath=/20150410153812759004.gif)**G****eri dön**'e dokunun.",
  "faqTypeId": 794,
  "faqType": "Kamera, Müzik ve Video",
  "useful": 0,
  "unUseful": 2,
  "languageId": 181,
  "languageName": "tr",
  "faqCode": "6388",
  "faqTypeCode": "Camera Music and Video",
  "isTop": "0",
  "moduleCode": "faq",
  "productId": null,
  "productCode": null,
  "postDate": 1428651495000,
  "seriesProductName": "G760-L01",
  "visitedTimes": 341,
  "isUsefulFlag": null,
  "score": 0,
  "times": 0,
  "imageList": null,
  "displayType": "text",
  "justView": "0",
  "fileName": null,
  "filePath": null,
  "imagePath": null,
  "imageName": null,
  "productIdList": null,
  "curPage": null,
  "pageSize": null,
  "siteCode": null,
  "statusFlag": "Publish",
  "returnCode": 0,
  "totalRows": null,
  "keywords": null,
  "avgScore": 0.0,
  "createDate": null,
  "totalPages": null
}