{
  "type": null,
  "faqId": 22505,
  "title": "G7 Kamerayı odaklamadan önce fotoğraf çekme",
  "answer": "Bütün odaklama modlarında, fotoğraf çekildikten sonra fotoğrafın odak noktasını değiştirebilirsiniz.\r\n\r\n**Adımlar**\r\n\r\n**A****dım 1   **Ana ekranda![](http://consumer.huawei.com/support/servlet/imageServlet?dlType=SupportImage&imagePath=/20150410153700912001.gif)**K****amera **üzerine dokunun.\r\n\r\n**A****dım 2   **Tüm odak modlarını değiştirmek için  ![](http://consumer.huawei.com/support/servlet/imageServlet?dlType=SupportImage&imagePath=/20150410153700453002.gif)  > **Tüm otomatik odaklar **üzerine dokunun.\r\n\r\n**A****dım 3   **Fotoğraf çekmek için  ![](http://consumer.huawei.com/support/servlet/imageServlet?dlType=SupportImage&imagePath=/20150410153700560003.gif)  üzerine dokunun.\r\n\r\n**A****dım 4   **Galeriye gidin ve tüm odaklama modlarında çekilmiş olan fotoğrafı seçin.\r\n\r\n![](http://consumer.huawei.com/support/servlet/imageServlet?dlType=SupportImage&imagePath=/20150410153701807004.gif)simgesi tüm odaklama modlarında çekilmiş olan fotoğrafı temsil eder.\r\n\r\n**A****dım 5   **Bütün odakları düzenleme moduna girebilmek için  ![](http://consumer.huawei.com/support/servlet/imageServlet?dlType=SupportImage&imagePath=/20150410153701370005.gif)  simgesine dokunun. **A****dım 6   **Fotoğrafın odak noktası olarak ayarlamak istediğiniz alanın üzerine dokunun. **A****dım 7   **Kaydetmek için **Farklı kaydet**'e dokunun.",
  "faqTypeId": 794,
  "faqType": "Kamera, Müzik ve Video",
  "useful": 2,
  "unUseful": 1,
  "languageId": 181,
  "languageName": "tr",
  "faqCode": "6385",
  "faqTypeCode": "Camera Music and Video",
  "isTop": "0",
  "moduleCode": "faq",
  "productId": null,
  "productCode": null,
  "postDate": 1428651447000,
  "seriesProductName": "G760-L01",
  "visitedTimes": 707,
  "isUsefulFlag": null,
  "score": 0,
  "times": 0,
  "imageList": null,
  "displayType": "text",
  "justView": "0",
  "fileName": null,
  "filePath": null,
  "imagePath": null,
  "imageName": null,
  "productIdList": null,
  "curPage": null,
  "pageSize": null,
  "siteCode": null,
  "statusFlag": "Publish",
  "returnCode": 0,
  "totalRows": null,
  "keywords": null,
  "avgScore": 0.0,
  "createDate": null,
  "totalPages": null
}