{
  "type": null,
  "faqId": 22508,
  "title": "G7 Kamera kullanarak QR kodu tarama",
  "answer": "**Adımlar**\r\n\r\n**A****dım 1   **Ana ekranda  ![](http://consumer.huawei.com/support/servlet/imageServlet?dlType=SupportImage&imagePath=/20150410154246862001.gif)**K****amera**'ya dokunun.\r\n\r\n**A****dım 2   **Kamera aracılığı ile QR kodunu çerçeveleyin. Kamera otomatik olarak QR kodunu tarayacaktır.\r\n\r\n**A****dım 3   **Detayları görmek için QR koduna dokunun.",
  "faqTypeId": 794,
  "faqType": "Kamera, Müzik ve Video",
  "useful": 28,
  "unUseful": 2,
  "languageId": 181,
  "languageName": "tr",
  "faqCode": "6424",
  "faqTypeCode": "Camera Music and Video",
  "isTop": "0",
  "moduleCode": "faq",
  "productId": null,
  "productCode": null,
  "postDate": 1428651780000,
  "seriesProductName": "G760-L01",
  "visitedTimes": 940,
  "isUsefulFlag": null,
  "score": 0,
  "times": 0,
  "imageList": null,
  "displayType": "text",
  "justView": "0",
  "fileName": null,
  "filePath": null,
  "imagePath": null,
  "imageName": null,
  "productIdList": null,
  "curPage": null,
  "pageSize": null,
  "siteCode": null,
  "statusFlag": "Publish",
  "returnCode": 0,
  "totalRows": null,
  "keywords": null,
  "avgScore": 0.0,
  "createDate": null,
  "totalPages": null
}