{
  "type": null,
  "faqId": 22544,
  "title": "G7 Galeriyi kullanarak QR kodunu taratmak",
  "answer": "**Adımlar**\r\n\r\n**A****dım 1   **Ana ekranda  ![](http://consumer.huawei.com/support/servlet/imageServlet?dlType=SupportImage&imagePath=/20150410154158794001.gif)**G****aleri**'ye dokunun.\r\n\r\n**A****dım 2   **QR kod fotoğrafını seçin.\r\n\r\n**A****dım 3   **Fotoğrafa dokunun. Galeri otomatik olarak kodu tarayacaktır.\r\n\r\n**A****dım 4   **Detayları görebilmek için QR koduna dokunun.",
  "faqTypeId": 791,
  "faqType": "Uygulama Yönetimi",
  "useful": 5,
  "unUseful": 3,
  "languageId": 181,
  "languageName": "tr",
  "faqCode": "6423",
  "faqTypeCode": "Application Management",
  "isTop": "0",
  "moduleCode": "faq",
  "productId": null,
  "productCode": null,
  "postDate": 1428651726000,
  "seriesProductName": "G760-L01",
  "visitedTimes": 570,
  "isUsefulFlag": null,
  "score": 0,
  "times": 0,
  "imageList": null,
  "displayType": "text",
  "justView": "0",
  "fileName": null,
  "filePath": null,
  "imagePath": null,
  "imageName": null,
  "productIdList": null,
  "curPage": null,
  "pageSize": null,
  "siteCode": null,
  "statusFlag": "Publish",
  "returnCode": 0,
  "totalRows": null,
  "keywords": null,
  "avgScore": 0.0,
  "createDate": null,
  "totalPages": null
}