{
  "type": null,
  "faqId": 22543,
  "title": "G7 Güvenlik'i aktifleştirme",
  "answer": "**Adımlar**\r\n\r\n**A****dım 1   **Ana ekranda  ![](http://consumer.huawei.com/support/servlet/imageServlet?dlType=SupportImage&imagePath=/20150410153447574001.gif) **D****osyalar **üzerine dokunun.\r\n\r\n**A****dım 2   ****K****ategoriler **veya **Yerel **altında bulunan  ![](http://consumer.huawei.com/support/servlet/imageServlet?dlType=SupportImage&imagePath=/20150410153447802002.gif) simgesine dokunun.\r\n\r\n**A****dım 3   ****Etkinleştir**in üzerine dokunun.\r\n\r\n**A****dım 4   **Güvenlik sorularını cevaplamak ve şifreleri girmek için ekrandaki talimatları izleyin, daha\r\n\r\nsonra **Tamam **üzerine dokunun.",
  "faqTypeId": 785,
  "faqType": "Depolama ve Dosya Yönetimi",
  "useful": 7,
  "unUseful": 10,
  "languageId": 181,
  "languageName": "tr",
  "faqCode": "6383",
  "faqTypeCode": "Storage and File Management",
  "isTop": "0",
  "moduleCode": "faq",
  "productId": null,
  "productCode": null,
  "postDate": 1428651301000,
  "seriesProductName": "G760-L01",
  "visitedTimes": 815,
  "isUsefulFlag": null,
  "score": 0,
  "times": 0,
  "imageList": null,
  "displayType": "text",
  "justView": "0",
  "fileName": null,
  "filePath": null,
  "imagePath": null,
  "imageName": null,
  "productIdList": null,
  "curPage": null,
  "pageSize": null,
  "siteCode": null,
  "statusFlag": "Publish",
  "returnCode": 0,
  "totalRows": null,
  "keywords": null,
  "avgScore": 0.0,
  "createDate": null,
  "totalPages": null
}