{
  "type": null,
  "faqId": 22545,
  "title": "P7 Telefonu açma ve kapatma",
  "answer": "**Adımlar**\r\n\r\nl       Telefonu açmak için güç tuşuna basılı tutun.\r\n\r\nl       Telefonu kapatmak için güç tuşuna basılı tutun ve görüntülenen menüde şu adımları gerçekleştirin:**K****apat **> **Tamam**.\r\n\r\n**----****Son**\r\n\r\n**Sonuç**\r\n\r\n![](http://consumer.huawei.com/support/servlet/imageServlet?dlType=SupportImage&imagePath=/20150410155228231001.jpg)\r\n\r\nSistem performansında düşme gözlemliyorsanız veya sistem işlemlerinize yanıt vermiyorsa güç tuşuna\r\n\n13 saniye veya daha fazla süre basılı tutun.",
  "faqTypeId": 793,
  "faqType": "Pil ve Şarj",
  "useful": 5,
  "unUseful": 11,
  "languageId": 181,
  "languageName": "tr",
  "faqCode": "6391",
  "faqTypeCode": "Battery and Charging",
  "isTop": "0",
  "moduleCode": "faq",
  "productId": null,
  "productCode": null,
  "postDate": 1428652354000,
  "seriesProductName": "Sophia-L10",
  "visitedTimes": 919,
  "isUsefulFlag": null,
  "score": 0,
  "times": 0,
  "imageList": null,
  "displayType": "text",
  "justView": "0",
  "fileName": null,
  "filePath": null,
  "imagePath": null,
  "imageName": null,
  "productIdList": null,
  "curPage": null,
  "pageSize": null,
  "siteCode": null,
  "statusFlag": "Publish",
  "returnCode": 0,
  "totalRows": null,
  "keywords": null,
  "avgScore": 0.0,
  "createDate": null,
  "totalPages": null
}