{
  "type": null,
  "faqId": 37847,
  "title": "How do I increase the phone standby time",
  "answer": "Turn off the screen when you are not using the phone. \r\n\r\nDecrease the screen sleep time. \r\n\r\nDecrease the screen brightness. \r\n\r\nDecrease the volume. \r\n\r\nTurn off vibration for incoming calls. \r\n\r\nSwitch to a 2G/3G network when not using 4G. \r\n\r\nWhen you are not using mobile data, Bluetooth, Wi-Fi or GPS, slide down the status bar to turn off the shortcut switch for the corresponding function. \r\n\r\nFor phones using EMUI 2.0 or above, you can increase standby time by using the power saving function. \r\n\r\nGo to Settings, select Power saving and then select power saving mode or close power-intensive background apps. \r\n\r\nHuawei will release the latest software versions on its official website. In order to enjoy the best possible user experience, please visit the [Hua[<a name=\"_Hlt404171325\">w</a>]()ei Downloads Page](http://consumer.huawei.com/en/support/downloads/index.htm%22 \\o %22 ) and find the appropriate download for your model. Alternatively, you can update to the latest software version via an over-the-air update. \r\n\r\nIf the problem persists, please contact Huawei customer service or take your phone and purchase invoice to a service center for inspection.\n",
  "faqTypeId": null,
  "faqType": null,
  "useful": 0,
  "unUseful": 2,
  "languageId": 281,
  "languageName": "fa",
  "faqCode": "3067",
  "faqTypeCode": null,
  "isTop": "0",
  "moduleCode": "faq",
  "productId": null,
  "productCode": null,
  "postDate": 1441091711000,
  "seriesProductName": "ALE-L21,CherryPlus-L11,CHM-U01,EDGE-U00,G510-0010,G510-0200,G525-U00,G610-U00,G610-U20,G615-U10,G630-U10,G630-U20,G6-U10,G700-U10,G730-U10,G750-U10,G760-L01,GRA-L03,H30-U10,H60-L04,Holly-U19,Jazz-L09,Jazz-L11,MT1-U06,PLK-L01,RIO-L01,Sophia-L10,U8950-1,U9508,Y210-0200,Y220-U10,Y221-U22,Y300-0000,Y330-U01,Y330-U11,Y336-U02,Y360-U61,Y511-U30,Y520-U22,Y530-U00,Y550-L01,Y560-U02,Y600-U20,Y625-U32,Y635-L21",
  "visitedTimes": 9,
  "isUsefulFlag": null,
  "score": 0,
  "times": 0,
  "imageList": null,
  "displayType": "text",
  "justView": "0",
  "fileName": null,
  "filePath": null,
  "imagePath": null,
  "imageName": null,
  "productIdList": null,
  "curPage": null,
  "pageSize": null,
  "siteCode": null,
  "statusFlag": "Publish",
  "returnCode": 0,
  "totalRows": null,
  "keywords": "save battery; drain battery, battery intensive, standby, short, prolong, time",
  "avgScore": 0.0,
  "createDate": null,
  "totalPages": null
}