{
  "type": null,
  "faqId": 37850,
  "title": "The battery does not charge properly",
  "answer": " If the battery is completely discharged, connect the battery charger and wait for 5 minutes then check to see whether it is charging properly. \r\n\r\n Use the included charger to charge the battery. If you are still unable to charge the battery when using the charger provided, remove and reinsert the USB cable, change the extension socket or restart the phone. \r\n\r\n The phone might not charge if it overheats. \r\n\r\n Huawei phones feature a special heat-protective design. The charging process will stop when the phone overheats. \r\n\r\n It is not recommended to play games, watch videos, browse the Internet or use other similar power-intensive functions when the battery is charging. \r\n\r\n When using a portable battery charger, ensure that the output current is suitable for your phone. For example: The current provided by the charger included is 1 A. If the portable charger provides a current greater than or less than 1 A, this may result in the battery failing to charge. If you are still unable to charge the battery, use the data cable provided to connect to the portable charger. \r\n\r\n If the problem persists, please contact Huawei customer service or take your phone and purchase invoice to a service center for inspection. \r\n\n\n\n\n",
  "faqTypeId": null,
  "faqType": null,
  "useful": 0,
  "unUseful": 0,
  "languageId": 281,
  "languageName": "fa",
  "faqCode": "3070",
  "faqTypeCode": null,
  "isTop": "0",
  "moduleCode": "faq",
  "productId": null,
  "productCode": null,
  "postDate": 1441091712000,
  "seriesProductName": "ALE-L21,CherryPlus-L11,CHM-U01,EDGE-U00,G510-0010,G510-0200,G525-U00,G610-U00,G610-U20,G615-U10,G630-U10,G630-U20,G6-U10,G700-U10,G730-U10,G750-U10,G760-L01,GRA-L03,H30-U10,H60-L04,Holly-U19,Jazz-L09,Jazz-L11,MT1-U06,PLK-L01,RIO-L01,Sophia-L10,U8950-1,U9508,Y210-0200,Y220-U10,Y221-U22,Y300-0000,Y330-U01,Y330-U11,Y336-U02,Y360-U61,Y511-U30,Y520-U22,Y530-U00,Y550-L01,Y560-U02,Y600-U20,Y625-U32,Y635-L21",
  "visitedTimes": 7,
  "isUsefulFlag": null,
  "score": 0,
  "times": 0,
  "imageList": null,
  "displayType": "text",
  "justView": "0",
  "fileName": null,
  "filePath": null,
  "imagePath": null,
  "imageName": null,
  "productIdList": null,
  "curPage": null,
  "pageSize": null,
  "siteCode": null,
  "statusFlag": "Publish",
  "returnCode": 0,
  "totalRows": null,
  "keywords": "battery, charge, fail, abnormal, irregular, unable to charge properly, unable to charge, won't take charge, won't charge",
  "avgScore": 0.0,
  "createDate": null,
  "totalPages": null
}