{
  "type": null,
  "faqId": 37962,
  "title": "The screen turns off when using some third-party apps",
  "answer": " The app may be incompatible with the phone. \r\n\r\n Uninstall the app, or restore factory settings after backing up important data. \r\n\r\n Running several apps at once may cause the screen to turn off. \r\n\r\n Close the background apps that you do not need: go to Settings, select Manage apps and select the apps that you wish to close. Then select Stop and close the app according to the on-screen prompts. \r\n\r\n If your phone features Phone Manager, you can use it to close apps: open Phone Manager, select Phone accelerator and close all background apps in one go. \r\n\n\n\n\n",
  "faqTypeId": null,
  "faqType": null,
  "useful": 0,
  "unUseful": 0,
  "languageId": 281,
  "languageName": "fa",
  "faqCode": "3182",
  "faqTypeCode": null,
  "isTop": "0",
  "moduleCode": "faq",
  "productId": null,
  "productCode": null,
  "postDate": 1441091716000,
  "seriesProductName": "ALE-L21,CherryPlus-L11,CHM-U01,EDGE-U00,G510-0010,G510-0200,G525-U00,G610-U00,G610-U20,G615-U10,G630-U10,G630-U20,G6-U10,G700-U10,G730-U10,G750-U10,G760-L01,GRA-L03,H30-U10,H60-L04,Holly-U19,Jazz-L09,Jazz-L11,MT1-U06,PLK-L01,RIO-L01,Sophia-L10,U8950-1,U9508,Y210-0200,Y220-U10,Y221-U22,Y300-0000,Y330-U01,Y330-U11,Y336-U02,Y360-U61,Y511-U30,Y520-U22,Y530-U00,Y550-L01,Y560-U02,Y600-U20,Y625-U32,Y635-L21",
  "visitedTimes": 2,
  "isUsefulFlag": null,
  "score": 0,
  "times": 0,
  "imageList": null,
  "displayType": "text",
  "justView": "0",
  "fileName": null,
  "filePath": null,
  "imagePath": null,
  "imageName": null,
  "productIdList": null,
  "curPage": null,
  "pageSize": null,
  "siteCode": null,
  "statusFlag": "Publish",
  "returnCode": 0,
  "totalRows": null,
  "keywords": "third-party apps, blank screen; screen goes blank, screen",
  "avgScore": 0.0,
  "createDate": null,
  "totalPages": null
}