{
  "type": null,
  "faqId": 37976,
  "title": "Screen brightness or color problems",
  "answer": " Check whether the light sensor is working. The screen brightness may not adjust properly if the light sensor is covered by other objects. \r\n\r\n Please adjust the screen brightness if you think the screen is too bright or too dark. Go to Settings and select Display > Brightness. \r\n\r\n Please adjust the color temperature if you think that the screen colors are too bright or too dark. Go to Settings, select Display > Color temperature, deselect Default and drag the slider to adjust the color temperature. \r\n\r\n For EMUI 2.3 or above, please check whether the phone has entered ultra power saving mode. In ultra power saving mode, the screen will become darker and you can only use the call, messaging and contacts functions. Touch the exit button to exit ultra power saving mode. \r\n\r\n If the screen was subjected to an impact, the internal liquid crystals may be damaged, causing problems with screen brightness or color. Please contact Huawei customer service or take your phone and purchase invoice to a service center for inspection. \r\n\n\n\n\n",
  "faqTypeId": null,
  "faqType": null,
  "useful": 0,
  "unUseful": 0,
  "languageId": 281,
  "languageName": "fa",
  "faqCode": "3196",
  "faqTypeCode": null,
  "isTop": "0",
  "moduleCode": "faq",
  "productId": null,
  "productCode": null,
  "postDate": 1441091721000,
  "seriesProductName": "ALE-L21,CherryPlus-L11,CHM-U01,EDGE-U00,G510-0010,G510-0200,G525-U00,G610-U00,G610-U20,G615-U10,G630-U10,G630-U20,G6-U10,G700-U10,G730-U10,G750-U10,G760-L01,GRA-L03,H30-U10,H60-L04,Holly-U19,Jazz-L09,Jazz-L11,MT1-U06,PLK-L01,RIO-L01,Sophia-L10,U8950-1,U9508,Y210-0200,Y220-U10,Y221-U22,Y300-0000,Y330-U01,Y330-U11,Y336-U02,Y360-U61,Y511-U30,Y520-U22,Y530-U00,Y550-L01,Y560-U02,Y600-U20,Y625-U32,Y635-L21",
  "visitedTimes": 2,
  "isUsefulFlag": null,
  "score": 0,
  "times": 0,
  "imageList": null,
  "displayType": "text",
  "justView": "0",
  "fileName": null,
  "filePath": null,
  "imagePath": null,
  "imageName": null,
  "productIdList": null,
  "curPage": null,
  "pageSize": null,
  "siteCode": null,
  "statusFlag": "Publish",
  "returnCode": 0,
  "totalRows": null,
  "keywords": "screen, abnormal colors, screen brightness",
  "avgScore": 0.0,
  "createDate": null,
  "totalPages": null
}