{
  "type": null,
  "faqId": 37983,
  "title": "Playback of online music or videos is slow",
  "answer": " The Wi-Fi network is unstable. \r\n\r\n If you are connected to a Wi-Fi network, please check whether the phone is within range or contact the Wi-Fi network provider. \r\n\r\n The mobile network signal is weak. \r\n\r\n If you are connected to a mobile network, please try again in an area with a stronger signal. \r\n\r\n The phone's internal storage is insufficient. \r\n\r\n If your phone features Phone Manager, please go to Phone Manager and select Storage cleaner or Phone accelerator. Then follow the on-screen prompts to clear the application cache, residual system files, infrequently used apps and installation packages, videos, compressed files and other large files. \r\n\r\n If online playback is slow in the browser, try again using a different browser. \r\n\r\n If online playback is slow when using an app, please try again after updating or reinstalling the app. \r\n\n\n\n\n",
  "faqTypeId": null,
  "faqType": null,
  "useful": 0,
  "unUseful": 0,
  "languageId": 281,
  "languageName": "fa",
  "faqCode": "3203",
  "faqTypeCode": null,
  "isTop": "0",
  "moduleCode": "faq",
  "productId": null,
  "productCode": null,
  "postDate": 1441091725000,
  "seriesProductName": "ALE-L21,CherryPlus-L11,CHM-U01,EDGE-U00,G510-0010,G510-0200,G525-U00,G610-U00,G610-U20,G615-U10,G630-U10,G630-U20,G6-U10,G700-U10,G730-U10,G750-U10,G760-L01,GRA-L03,H30-U10,H60-L04,Holly-U19,Jazz-L09,Jazz-L11,MT1-U06,PLK-L01,RIO-L01,Sophia-L10,U8950-1,U9508,Y210-0200,Y220-U10,Y221-U22,Y300-0000,Y330-U01,Y330-U11,Y336-U02,Y360-U61,Y511-U30,Y520-U22,Y530-U00,Y550-L01,Y560-U02,Y600-U20,Y625-U32,Y635-L21",
  "visitedTimes": 8,
  "isUsefulFlag": null,
  "score": 0,
  "times": 0,
  "imageList": null,
  "displayType": "text",
  "justView": "0",
  "fileName": null,
  "filePath": null,
  "imagePath": null,
  "imageName": null,
  "productIdList": null,
  "curPage": null,
  "pageSize": null,
  "siteCode": null,
  "statusFlag": "Publish",
  "returnCode": 0,
  "totalRows": null,
  "keywords": "online, playback, music, videos, songs, choppy",
  "avgScore": 0.0,
  "createDate": null,
  "totalPages": null
}