{
  "type": null,
  "faqId": 37981,
  "title": "I cannot open some image or video files",
  "answer": " The file format is not supported. \r\n\r\n The image formats supported by default are: *.png, *.gif (static), *.jpg, *.bmp; the audio and video formats supported are: *.mp3, *.wav, *.ogg, *.mid, *.amr, *.mp4 and *.3gp. \r\n\r\n Other formats such as *.webp and *.wbmp image files and *.awb, *.aac, *.flac, *.mkv and *.webm audio and video files are only supported on some phone models. This depends on the phone's hardware chip platform. If the phone does not support the file format, please download a third-party application that supports the file format. \r\n\r\n The file is corrupted. \r\n\r\n Please try again after obtaining the uncorrupted file. \r\n\r\n The file is copyright-protected. \r\n\r\n Please try again after obtaining the file access permissions. \r\n\r\n The battery level is low. \r\n\r\n Please try again after connecting the charger. \r\n\r\n Very occasionally, the phone's apps or system may experience an unknown error. \r\n\r\n You are recommended to restart the app or restart your phone. \r\n\n\n\n\n",
  "faqTypeId": null,
  "faqType": null,
  "useful": 0,
  "unUseful": 0,
  "languageId": 281,
  "languageName": "fa",
  "faqCode": "3201",
  "faqTypeCode": null,
  "isTop": "0",
  "moduleCode": "faq",
  "productId": null,
  "productCode": null,
  "postDate": 1441091724000,
  "seriesProductName": "ALE-L21,CherryPlus-L11,CHM-U01,EDGE-U00,G510-0010,G510-0200,G525-U00,G610-U00,G610-U20,G615-U10,G630-U10,G630-U20,G6-U10,G700-U10,G730-U10,G750-U10,G760-L01,GRA-L03,H30-U10,H60-L04,Holly-U19,Jazz-L09,Jazz-L11,MT1-U06,PLK-L01,RIO-L01,Sophia-L10,U8950-1,U9508,Y210-0200,Y220-U10,Y221-U22,Y300-0000,Y330-U01,Y330-U11,Y336-U02,Y360-U61,Y511-U30,Y520-U22,Y530-U00,Y550-L01,Y560-U02,Y600-U20,Y625-U32,Y635-L21",
  "visitedTimes": 1,
  "isUsefulFlag": null,
  "score": 0,
  "times": 0,
  "imageList": null,
  "displayType": "text",
  "justView": "0",
  "fileName": null,
  "filePath": null,
  "imagePath": null,
  "imageName": null,
  "productIdList": null,
  "curPage": null,
  "pageSize": null,
  "siteCode": null,
  "statusFlag": "Publish",
  "returnCode": 0,
  "totalRows": null,
  "keywords": "view photos, listen to music, watch videos",
  "avgScore": 0.0,
  "createDate": null,
  "totalPages": null
}