{
  "type": null,
  "faqId": 37980,
  "title": "The flash is not working",
  "answer": " Please switch the flash mode to the force flash mode ![](http://consumer.huawei.com/support/servlet/imageServlet?dlType=HtmlAreaImage&imageId=123136). The flash will always come on when capturing images or video. \r\n\r\n When the auto flash mode ![](http://consumer.huawei.com/support/servlet/imageServlet?dlType=HtmlAreaImage&imageId=123137) is enabled, the camera will automatically activate or turn off the flash according to the brightness of the surroundings. If you wish to use the flash in bright areas, please activate the force flash mode. \r\n\r\n Verify that the phone is charging. For some models, the flash cannot be used when the phone is charging. Please disconnect the charger and then see if the flash is functioning normally. \r\n\r\n Check that there is sufficient battery power remaining. \r\n\r\n The system will automatically turn off the flash when the battery level is low in order to prolong the phone's usage time. \r\n\r\n Please charge the phone promptly to ensure normal use. \r\n\r\n When the phone gets too hot or the flash is used too frequently, the flash can overheat and you may not be able to use it. Please try again later. \r\n\r\n If the problem persists, please contact Huawei customer service or take your phone and purchase invoice to a service center for inspection. \r\n\n\n\n\n",
  "faqTypeId": null,
  "faqType": null,
  "useful": 0,
  "unUseful": 0,
  "languageId": 281,
  "languageName": "fa",
  "faqCode": "3200",
  "faqTypeCode": null,
  "isTop": "0",
  "moduleCode": "faq",
  "productId": null,
  "productCode": null,
  "postDate": 1441091723000,
  "seriesProductName": "ALE-L21,CherryPlus-L11,CHM-U01,EDGE-U00,G510-0010,G510-0200,G525-U00,G610-U00,G610-U20,G615-U10,G630-U10,G630-U20,G6-U10,G700-U10,G730-U10,G750-U10,G760-L01,GRA-L03,H30-U10,H60-L04,Holly-U19,Jazz-L09,Jazz-L11,MT1-U06,PLK-L01,RIO-L01,Sophia-L10,U8950-1,U9508,Y210-0200,Y220-U10,Y221-U22,Y300-0000,Y330-U01,Y330-U11,Y336-U02,Y360-U61,Y511-U30,Y520-U22,Y530-U00,Y550-L01,Y560-U02,Y600-U20,Y625-U32,Y635-L21",
  "visitedTimes": 3,
  "isUsefulFlag": null,
  "score": 0,
  "times": 0,
  "imageList": null,
  "displayType": "text",
  "justView": "0",
  "fileName": null,
  "filePath": null,
  "imagePath": null,
  "imageName": null,
  "productIdList": null,
  "curPage": null,
  "pageSize": null,
  "siteCode": null,
  "statusFlag": "Publish",
  "returnCode": 0,
  "totalRows": null,
  "keywords": "flash, force, fire, automatic",
  "avgScore": 0.0,
  "createDate": null,
  "totalPages": null
}