{
  "type": null,
  "faqId": 38013,
  "title": "The screen remains off when I move the phone away from my ear during a call",
  "answer": " There is a proximity sensor located above the screen near the receiver. \r\n\r\n During a call, the screen will automatically turn off to prevent unintended operations when the phone is close to your ear or when other objects cover the area above the screen. The screen will turn back on again when the object is moved away from the screen. \r\n\r\n If the screen does not turn back on during a call when you move the phone away from your ear, please press the power button to turn the screen on and check whether there is anything covering the area above the screen. \r\n\r\n ![](http://consumer.huawei.com/support/servlet/imageServlet?dlType=HtmlAreaImage&imageId=123147)\r\n\r\n In order to ensure that the phone works properly, please do not use a phone cover or other object to cover the receiver or screen near the receiver. When using a screen protector, please do not cover the sensor. We recommend that you purchase a screen protector designed for your phone model. \r\n\n\n\n\n",
  "faqTypeId": null,
  "faqType": null,
  "useful": 0,
  "unUseful": 0,
  "languageId": 281,
  "languageName": "fa",
  "faqCode": "3233",
  "faqTypeCode": null,
  "isTop": "0",
  "moduleCode": "faq",
  "productId": null,
  "productCode": null,
  "postDate": 1441091735000,
  "seriesProductName": "ALE-L21,CherryPlus-L11,CHM-U01,EDGE-U00,G510-0010,G510-0200,G525-U00,G610-U00,G610-U20,G615-U10,G630-U10,G630-U20,G6-U10,G700-U10,G730-U10,G750-U10,G760-L01,GRA-L03,H30-U10,H60-L04,Holly-U19,Jazz-L09,Jazz-L11,MT1-U06,PLK-L01,RIO-L01,Sophia-L10,U8950-1,U9508,Y210-0200,Y220-U10,Y221-U22,Y300-0000,Y330-U01,Y330-U11,Y336-U02,Y360-U61,Y511-U30,Y520-U22,Y530-U00,Y550-L01,Y560-U02,Y600-U20,Y625-U32,Y635-L21",
  "visitedTimes": 3,
  "isUsefulFlag": null,
  "score": 0,
  "times": 0,
  "imageList": null,
  "displayType": "text",
  "justView": "0",
  "fileName": null,
  "filePath": null,
  "imagePath": null,
  "imageName": null,
  "productIdList": null,
  "curPage": null,
  "pageSize": null,
  "siteCode": null,
  "statusFlag": "Publish",
  "returnCode": 0,
  "totalRows": null,
  "keywords": "blank screen, automatic screen turn-off",
  "avgScore": 0.0,
  "createDate": null,
  "totalPages": null
}