{
  "type": null,
  "faqId": 38037,
  "title": "I cannot connect my phone using an OTG cable",
  "answer": " When connecting an OTG cable to your phone, the phone acts like a card reader. Please check whether your phone supports a microSD card and the USB drive function. If not, please use another phone. \r\n\r\n Check whether the microSD card was inserted into the phone correctly. \r\n\r\n If a microSD card has already been inserted, check whether USB drive mode is activated on the connected phone. \r\n\r\n When using an OTG cable to connect your phone to a USB storage device, the phone will provide power to the device. Some USB storage devices that have a high power rating such as portable hard drives or phones may not function properly. \r\n\n\n\n\n",
  "faqTypeId": null,
  "faqType": null,
  "useful": 4,
  "unUseful": 8,
  "languageId": 281,
  "languageName": "fa",
  "faqCode": "3257",
  "faqTypeCode": null,
  "isTop": "0",
  "moduleCode": "faq",
  "productId": null,
  "productCode": null,
  "postDate": 1441091744000,
  "seriesProductName": "ALE-L21,CherryPlus-L11,CHM-U01,EDGE-U00,G510-0010,G510-0200,G525-U00,G610-U00,G610-U20,G615-U10,G630-U10,G630-U20,G6-U10,G700-U10,G730-U10,G750-U10,G760-L01,GRA-L03,H30-U10,H60-L04,Holly-U19,Jazz-L09,Jazz-L11,MT1-U06,PLK-L01,RIO-L01,Sophia-L10,U8950-1,U9508,Y210-0200,Y220-U10,Y221-U22,Y300-0000,Y330-U01,Y330-U11,Y336-U02,Y360-U61,Y511-U30,Y520-U22,Y530-U00,Y550-L01,Y560-U02,Y600-U20,Y625-U32,Y635-L21",
  "visitedTimes": 65,
  "isUsefulFlag": null,
  "score": 0,
  "times": 0,
  "imageList": null,
  "displayType": "text",
  "justView": "0",
  "fileName": null,
  "filePath": null,
  "imagePath": null,
  "imageName": null,
  "productIdList": null,
  "curPage": null,
  "pageSize": null,
  "siteCode": null,
  "statusFlag": "Publish",
  "returnCode": 0,
  "totalRows": null,
  "keywords": "OTG data cable, USB OTG data cable, phone, connect phone, failed",
  "avgScore": 0.0,
  "createDate": null,
  "totalPages": null
}