{
  "type": null,
  "faqId": 38039,
  "title": "Can I use the OTG cable to connect a mouse or keyboard",
  "answer": "Yes, if your phone supports OTG. \r\n\r\nWhen connected, the phone provides power to the mouse or keyboard. Some devices with a high power rating may not work properly. If this is the case, please use another mouse or keyboard.\n",
  "faqTypeId": null,
  "faqType": null,
  "useful": 2,
  "unUseful": 1,
  "languageId": 281,
  "languageName": "fa",
  "faqCode": "3259",
  "faqTypeCode": null,
  "isTop": "0",
  "moduleCode": "faq",
  "productId": null,
  "productCode": null,
  "postDate": 1441091745000,
  "seriesProductName": "ALE-L21,CherryPlus-L11,CHM-U01,EDGE-U00,G510-0010,G510-0200,G525-U00,G610-U00,G610-U20,G615-U10,G630-U10,G630-U20,G6-U10,G700-U10,G730-U10,G750-U10,G760-L01,GRA-L03,H30-U10,H60-L04,Holly-U19,Jazz-L09,Jazz-L11,MT1-U06,PLK-L01,RIO-L01,Sophia-L10,U8950-1,U9508,Y210-0200,Y220-U10,Y221-U22,Y300-0000,Y330-U01,Y330-U11,Y336-U02,Y360-U61,Y511-U30,Y520-U22,Y530-U00,Y550-L01,Y560-U02,Y600-U20,Y625-U32,Y635-L21",
  "visitedTimes": 36,
  "isUsefulFlag": null,
  "score": 0,
  "times": 0,
  "imageList": null,
  "displayType": "text",
  "justView": "0",
  "fileName": null,
  "filePath": null,
  "imagePath": null,
  "imageName": null,
  "productIdList": null,
  "curPage": null,
  "pageSize": null,
  "siteCode": null,
  "statusFlag": "Publish",
  "returnCode": 0,
  "totalRows": null,
  "keywords": "OTG data cable, USB OTG data cable, mouse, keyboard",
  "avgScore": 0.0,
  "createDate": null,
  "totalPages": null
}