{
  "type": null,
  "faqId": 38032,
  "title": "The connection is frequently lost when connecting to the Internet via mobile data",
  "answer": " Connect to the Internet in an area with a stronger mobile data signal. \r\n\r\n Go to Settings, select Mobile networks (EMUI 2.0 and EMUI 2.3) or More > Mobile networks (EMUI 3.0) and then select the Enable always-on mobile data check box. \r\n\r\n Go to Settings and select Mobile networks > Access Point Names (EMUI 2.0 and EMUI 2.3) or More > Mobile networks > Access Point Names (EMUI 3.0). \r\n\r\n Check with your network provider that the access point name (APN) parameters are correct. You can view the current access points by selecting Mobile networks > Access Point Names. \r\n\r\n If you still cannot resolve the issue after trying the steps above, you are recommended to restart your phone or restore your phone to factory settings after backing up important data. \r\n\n\n\n\n",
  "faqTypeId": null,
  "faqType": null,
  "useful": 0,
  "unUseful": 0,
  "languageId": 281,
  "languageName": "fa",
  "faqCode": "3252",
  "faqTypeCode": null,
  "isTop": "0",
  "moduleCode": "faq",
  "productId": null,
  "productCode": null,
  "postDate": 1441091742000,
  "seriesProductName": "ALE-L21,CherryPlus-L11,CHM-U01,EDGE-U00,G510-0010,G510-0200,G525-U00,G610-U00,G610-U20,G615-U10,G630-U10,G630-U20,G6-U10,G700-U10,G730-U10,G750-U10,G760-L01,GRA-L03,H30-U10,H60-L04,Holly-U19,Jazz-L09,Jazz-L11,MT1-U06,PLK-L01,RIO-L01,Sophia-L10,U8950-1,U9508,Y210-0200,Y220-U10,Y221-U22,Y300-0000,Y330-U01,Y330-U11,Y336-U02,Y360-U61,Y511-U30,Y520-U22,Y530-U00,Y550-L01,Y560-U02,Y600-U20,Y625-U32,Y635-L21",
  "visitedTimes": 3,
  "isUsefulFlag": null,
  "score": 0,
  "times": 0,
  "imageList": null,
  "displayType": "text",
  "justView": "0",
  "fileName": null,
  "filePath": null,
  "imagePath": null,
  "imageName": null,
  "productIdList": null,
  "curPage": null,
  "pageSize": null,
  "siteCode": null,
  "statusFlag": "Publish",
  "returnCode": 0,
  "totalRows": null,
  "keywords": "Internet connection drops frequently, mobile data",
  "avgScore": 0.0,
  "createDate": null,
  "totalPages": null
}