{
  "type": null,
  "faqId": 38031,
  "title": "I still cannot access the Internet after turning on mobile data",
  "answer": " Please refer to the Quick Start that came with the phone and ensure that the SIM/UIM card is correctly inserted. \r\n\r\n Check whether the phone can identify the SIM/UIM card inserted. Different phones support different types of SIM/UIM cards. Please contact your phone supplier for details. \r\n\r\n Check whether Internet access is activated for your SIM/UIM card. Please contact your network provider to activate Internet access. \r\n\r\n Check whether your SIM/UIM card has run out of credit. The network provider may stop providing Internet access to SIM/UIM cards that have no calling credit. \r\n\r\n Check if you have set a mobile data limit. If you have set a limit, you will not be able to connect to the Internet via mobile data when the limit has been reached. \r\n\r\n Go to Settings, select More > Data usage (EMUI 2.0 and EMUI 2.3) or Data traffic management (EMUI 3.0), turn off the mobile data limit or set a higher limit. \r\n\r\n Reset the access point to default settings. \r\n\r\n For EMUI 2.0 and EMUI 2.3, go to Settings, select Mobile networks > Access Point Names, open the options menu and select Reset to default. Reconnect after completing configuration. \r\n\r\n For EMUI 3.0, go to Settings, select More > Mobile networks > Access Point Names, open the options menu and select Reset to default. Reconnect after completing configuration. \r\n\n\n\n\n",
  "faqTypeId": null,
  "faqType": null,
  "useful": 0,
  "unUseful": 0,
  "languageId": 281,
  "languageName": "fa",
  "faqCode": "3251",
  "faqTypeCode": null,
  "isTop": "0",
  "moduleCode": "faq",
  "productId": null,
  "productCode": null,
  "postDate": 1441091742000,
  "seriesProductName": "ALE-L21,CherryPlus-L11,CHM-U01,EDGE-U00,G510-0010,G510-0200,G525-U00,G610-U00,G610-U20,G615-U10,G630-U10,G630-U20,G6-U10,G700-U10,G730-U10,G750-U10,G760-L01,GRA-L03,H30-U10,H60-L04,Holly-U19,Jazz-L09,Jazz-L11,MT1-U06,PLK-L01,RIO-L01,Sophia-L10,U8950-1,U9508,Y210-0200,Y220-U10,Y221-U22,Y300-0000,Y330-U01,Y330-U11,Y336-U02,Y360-U61,Y511-U30,Y520-U22,Y530-U00,Y550-L01,Y560-U02,Y600-U20,Y625-U32,Y635-L21",
  "visitedTimes": 3,
  "isUsefulFlag": null,
  "score": 0,
  "times": 0,
  "imageList": null,
  "displayType": "text",
  "justView": "0",
  "fileName": null,
  "filePath": null,
  "imagePath": null,
  "imageName": null,
  "productIdList": null,
  "curPage": null,
  "pageSize": null,
  "siteCode": null,
  "statusFlag": "Publish",
  "returnCode": 0,
  "totalRows": null,
  "keywords": "turn on mobile data, enable mobile data, unable to connect to the Internet, mobile data switch",
  "avgScore": 0.0,
  "createDate": null,
  "totalPages": null
}