{
  "type": null,
  "faqId": 38035,
  "title": "My phone often disconnects from the Wi-Fi network on its own",
  "answer": " After successfully connecting to the Wi-Fi network, keep the phone within range of the Wi-Fi hotspot to avoid losing the connection due to a weak signal. \r\n\r\n For EMUI 2.0 and EMUI 2.3, select Wi-Fi in the Settings page to enter the Wi-Fi settings. Open the options menu, select Advanced > Keep Wi-Fi on during sleep and then select Always. The phone will always stay connected to the Wi-Fi network. \r\n\r\n For EMUI 3.0, select Wi-Fi in the Settings page to enter the Wi-Fi settings. Select Advanced settings > Keep Wi-Fi on during sleep and then select Always. The phone will always stay connected to the Wi-Fi network. \r\n\r\n If the problem persists, turn off the Wi-Fi function and then turn it back on or restart the Wi-Fi hotspot. \r\n\n\n\n\n",
  "faqTypeId": null,
  "faqType": null,
  "useful": 0,
  "unUseful": 0,
  "languageId": 281,
  "languageName": "fa",
  "faqCode": "3255",
  "faqTypeCode": null,
  "isTop": "0",
  "moduleCode": "faq",
  "productId": null,
  "productCode": null,
  "postDate": 1441091743000,
  "seriesProductName": "ALE-L21,CherryPlus-L11,CHM-U01,EDGE-U00,G510-0010,G510-0200,G525-U00,G610-U00,G610-U20,G615-U10,G630-U10,G630-U20,G6-U10,G700-U10,G730-U10,G750-U10,G760-L01,GRA-L03,H30-U10,H60-L04,Holly-U19,Jazz-L09,Jazz-L11,MT1-U06,PLK-L01,RIO-L01,Sophia-L10,U8950-1,U9508,Y210-0200,Y220-U10,Y221-U22,Y300-0000,Y330-U01,Y330-U11,Y336-U02,Y360-U61,Y511-U30,Y520-U22,Y530-U00,Y550-L01,Y560-U02,Y600-U20,Y625-U32,Y635-L21",
  "visitedTimes": 4,
  "isUsefulFlag": null,
  "score": 0,
  "times": 0,
  "imageList": null,
  "displayType": "text",
  "justView": "0",
  "fileName": null,
  "filePath": null,
  "imagePath": null,
  "imageName": null,
  "productIdList": null,
  "curPage": null,
  "pageSize": null,
  "siteCode": null,
  "statusFlag": "Publish",
  "returnCode": 0,
  "totalRows": null,
  "keywords": "Wi-Fi, wireless network, connect to Wi-Fi",
  "avgScore": 0.0,
  "createDate": null,
  "totalPages": null
}