{
  "type": null,
  "faqId": 38041,
  "title": "File transfer failed after connecting successfully via Bluetooth",
  "answer": " File transfers will be unsuccessful if the devices go out of range (10 m). Try again after bringing the devices within range. \r\n\r\n When sending files to another Bluetooth device, the file transfer will be terminated if the other device does not respond for a long time. After sending files, please remind the receiver to accept the file transfer request. \r\n\r\n Files will not be sent if they are not supported by the receiving device. Please verify file types supported by the receiving device before sending files. \r\n\n\n\n\n",
  "faqTypeId": null,
  "faqType": null,
  "useful": 1,
  "unUseful": 0,
  "languageId": 281,
  "languageName": "fa",
  "faqCode": "3261",
  "faqTypeCode": null,
  "isTop": "0",
  "moduleCode": "faq",
  "productId": null,
  "productCode": null,
  "postDate": 1441091745000,
  "seriesProductName": "ALE-L21,CherryPlus-L11,CHM-U01,EDGE-U00,G510-0010,G510-0200,G525-U00,G610-U00,G610-U20,G615-U10,G630-U10,G630-U20,G6-U10,G700-U10,G730-U10,G750-U10,G760-L01,GRA-L03,H30-U10,H60-L04,Holly-U19,Jazz-L09,Jazz-L11,MT1-U06,PLK-L01,RIO-L01,Sophia-L10,U8950-1,U9508,Y210-0200,Y220-U10,Y221-U22,Y300-0000,Y330-U01,Y330-U11,Y336-U02,Y360-U61,Y511-U30,Y520-U22,Y530-U00,Y550-L01,Y560-U02,Y600-U20,Y625-U32,Y635-L21",
  "visitedTimes": 10,
  "isUsefulFlag": null,
  "score": 0,
  "times": 0,
  "imageList": null,
  "displayType": "text",
  "justView": "0",
  "fileName": null,
  "filePath": null,
  "imagePath": null,
  "imageName": null,
  "productIdList": null,
  "curPage": null,
  "pageSize": null,
  "siteCode": null,
  "statusFlag": "Publish",
  "returnCode": 0,
  "totalRows": null,
  "keywords": "Bluetooth, transfer files, send files, receive files",
  "avgScore": 0.0,
  "createDate": null,
  "totalPages": null
}