{
  "type": null,
  "faqId": 16483,
  "title": "Чи є можливість встановлювати карту пам`яті на 16 ГБ у Huawei P7?",
  "answer": "Так, є. Карта пам'яті повинна бути відформатована в exFAT. Якщо ви не знаєте як це зробити, просто встановіть карту в смартфон, пристрій сам відформатує її.",
  "faqTypeId": null,
  "faqType": null,
  "useful": 1,
  "unUseful": 0,
  "languageId": 261,
  "languageName": "ua",
  "faqCode": "9084",
  "faqTypeCode": null,
  "isTop": "1",
  "moduleCode": "faq",
  "productId": null,
  "productCode": null,
  "postDate": 1416245269000,
  "seriesProductName": "EDGE-C00",
  "visitedTimes": 84,
  "isUsefulFlag": null,
  "score": 0,
  "times": 0,
  "imageList": null,
  "displayType": "text",
  "justView": "0",
  "fileName": null,
  "filePath": null,
  "imagePath": null,
  "imageName": null,
  "productIdList": null,
  "curPage": null,
  "pageSize": null,
  "siteCode": null,
  "statusFlag": "Publish",
  "returnCode": 0,
  "totalRows": null,
  "keywords": "p7",
  "avgScore": 0.0,
  "createDate": null,
  "totalPages": null
}