{
  "type": null,
  "faqId": 16482,
  "title": "Як підвищити чутливість сенсора?",
  "answer": "В деяких моделях в меню \"Налаштування\" є режим \"В рукавичках\". Увімкнувши його, підвищується чутливість сенсора, що дозволяє управляти смартфоном навіть в рукавичках",
  "faqTypeId": null,
  "faqType": null,
  "useful": 2,
  "unUseful": 3,
  "languageId": 261,
  "languageName": "ua",
  "faqCode": "9101",
  "faqTypeCode": null,
  "isTop": "1",
  "moduleCode": "faq",
  "productId": null,
  "productCode": null,
  "postDate": 1416244867000,
  "seriesProductName": "EDGE-C00",
  "visitedTimes": 126,
  "isUsefulFlag": null,
  "score": 0,
  "times": 0,
  "imageList": null,
  "displayType": "text",
  "justView": "0",
  "fileName": null,
  "filePath": null,
  "imagePath": null,
  "imageName": null,
  "productIdList": null,
  "curPage": null,
  "pageSize": null,
  "siteCode": null,
  "statusFlag": "Publish",
  "returnCode": 0,
  "totalRows": null,
  "keywords": "сенсор,чутливість сенсора",
  "avgScore": 0.0,
  "createDate": null,
  "totalPages": null
}