{
  "type": null,
  "faqId": 16484,
  "title": "Коли послуга GSM увімкнена, після того, як я вмикаю екран, значок даних з'єднання з'являється лише через кілька секунд. Чому?",
  "answer": "Коли екран вимикається, ваші дані служби автоматично вимикаються через деякий час, щоб зберегти заряд батареї.",
  "faqTypeId": null,
  "faqType": null,
  "useful": 1,
  "unUseful": 0,
  "languageId": 261,
  "languageName": "ua",
  "faqCode": "9103",
  "faqTypeCode": null,
  "isTop": "1",
  "moduleCode": "faq",
  "productId": null,
  "productCode": null,
  "postDate": 1416245794000,
  "seriesProductName": "EDGE-C00",
  "visitedTimes": 68,
  "isUsefulFlag": null,
  "score": 0,
  "times": 0,
  "imageList": null,
  "displayType": "text",
  "justView": "0",
  "fileName": null,
  "filePath": null,
  "imagePath": null,
  "imageName": null,
  "productIdList": null,
  "curPage": null,
  "pageSize": null,
  "siteCode": null,
  "statusFlag": "Publish",
  "returnCode": 0,
  "totalRows": null,
  "keywords": "індикатор,индикатор",
  "avgScore": 0.0,
  "createDate": null,
  "totalPages": null
}