{
  "type": null,
  "faqId": 16485,
  "title": "Чим відрізняється Ascend P6 GSM від Ascend P6 GSM + CDMA ?",
  "answer": "*   У Ascend P6 GSM + CDMA ми врахували потреби активних користувачів інтернету. Оновлений пристрій поєднує в собі смартфон і, завдяки підтримці стандарту зв'язку CDMA, високошвидкісний Wi-Fi-роутер зі швидкістю 3,1 Мб/сек.\r\n*   Ascend P6 GSM + CDMA має дві sim-карти. Але головною особливістю нової моделі є наявність другої sim-карти – не GSM, а CDMA. Ви можете вільно користуватися інтернетом за допомогою sim-карти CDMA, а розмовляти за допомогою sim-карти GSM. Два незалежних радіомодулі працюють одночасно без переривання сервісів. Стандарт зв'язку CDMA дозволяє підключитися до мережі інтернет з відмінною 3G-швидкістю – до 3.1 Мб/сек.\r\n*   У Ascend P6 GSM + CDMA збільшився обсяг внутрішньої пам'яті з 8 Гб до 16 Гб, що зменшує необхідність розширення за допомогою карти MicroSD.\r\n*   Ascend P6 GSM + CDMA представлено у двох кольорах – чорному й білому.\r\n*   Пластиковий корпус Ascend P6 GSM + CDMA обрамлено стильною металевою рамкою, товщина смартфона при цьому становить лише 6,48 мм.\r\n*   Ascend P6 GSM + CDMA – відмінне рішення для користувачів стандарту зв'язку CDMA. До того ж, на ринку достатньо важко знайти стильний і технологічний CDMA-апарат в офіційному продажі, більше того, з роботою двох радіомодулів одночасно – GSM та CDMA.",
  "faqTypeId": null,
  "faqType": null,
  "useful": 5,
  "unUseful": 2,
  "languageId": 261,
  "languageName": "ua",
  "faqCode": "9104",
  "faqTypeCode": null,
  "isTop": "1",
  "moduleCode": "faq",
  "productId": null,
  "productCode": null,
  "postDate": 1416246167000,
  "seriesProductName": "EDGE-C00",
  "visitedTimes": 229,
  "isUsefulFlag": null,
  "score": 0,
  "times": 0,
  "imageList": null,
  "displayType": "text",
  "justView": "0",
  "fileName": null,
  "filePath": null,
  "imagePath": null,
  "imageName": null,
  "productIdList": null,
  "curPage": null,
  "pageSize": null,
  "siteCode": null,
  "statusFlag": "Publish",
  "returnCode": 0,
  "totalRows": null,
  "keywords": "P6,GSM,CDMA",
  "avgScore": 0.0,
  "createDate": null,
  "totalPages": null
}