{
  "type": null,
  "faqId": 16481,
  "title": "Режими роботи індикатора сповіщень",
  "answer": "Рівень заряду акумулятора телефону відображається на індикаторі сповіщень.  \r\n\r\n1.  Блимає червоним: рівень заряду батареї нижче 10%.\r\n2.  Горить червоний (при зарядці): рівень заряду батареї нижче 10%.\r\n3.  Горить жовтий (при зарядці): рівень заряду акумулятора більше ніж 10%.\r\n4.  Горить зелений (при зарядці): акумулятор майже або вже заряджений.",
  "faqTypeId": null,
  "faqType": null,
  "useful": 0,
  "unUseful": 0,
  "languageId": 261,
  "languageName": "ua",
  "faqCode": "9081",
  "faqTypeCode": null,
  "isTop": "1",
  "moduleCode": "faq",
  "productId": null,
  "productCode": null,
  "postDate": 1416244366000,
  "seriesProductName": "EDGE-C00",
  "visitedTimes": 101,
  "isUsefulFlag": null,
  "score": 0,
  "times": 0,
  "imageList": null,
  "displayType": "text",
  "justView": "0",
  "fileName": null,
  "filePath": null,
  "imagePath": null,
  "imageName": null,
  "productIdList": null,
  "curPage": null,
  "pageSize": null,
  "siteCode": null,
  "statusFlag": "Publish",
  "returnCode": 0,
  "totalRows": null,
  "keywords": null,
  "avgScore": 0.0,
  "createDate": null,
  "totalPages": null
}