{
  "type": null,
  "faqId": 16502,
  "title": "Я обрав фото для контакту, але воно не відображається в повідомленні цього контакту. Чому?",
  "answer": "Перевірте ваш список контактів на наявність будь-якого контакту з тією ж контактною інформацією, але без фотографії контакту. Потім видаліть контакт без фото.",
  "faqTypeId": null,
  "faqType": null,
  "useful": 1,
  "unUseful": 0,
  "languageId": 261,
  "languageName": "ua",
  "faqCode": "9102",
  "faqTypeCode": null,
  "isTop": "1",
  "moduleCode": "faq",
  "productId": null,
  "productCode": null,
  "postDate": 1416245689000,
  "seriesProductName": "EDGE-C00",
  "visitedTimes": 105,
  "isUsefulFlag": null,
  "score": 0,
  "times": 0,
  "imageList": null,
  "displayType": "text",
  "justView": "0",
  "fileName": null,
  "filePath": null,
  "imagePath": null,
  "imageName": null,
  "productIdList": null,
  "curPage": null,
  "pageSize": null,
  "siteCode": null,
  "statusFlag": "Publish",
  "returnCode": 0,
  "totalRows": null,
  "keywords": "фото,контакти,контакт,телефона книжка,контакты",
  "avgScore": 0.0,
  "createDate": null,
  "totalPages": null
}