{
  "type": null,
  "faqId": 16504,
  "title": "Які можливості для користувачів смартфона Ascend P6 GSM + CDMA відкриває наявність CDMA-модуля?",
  "answer": "*   Основна перевага використання зв’язку 3G за допомогою CDMA-модуля саме в тому, що не потрібно нічого скачувати – контент можна дивитися й слухати в режимі онлайн: відео просто з Youtube, музику у соціальних мережах. А якщо треба все ж таки закачати файл, будь ласка: більше 10 Мб лише за 30 секунд*! Так само швидко можете ділитися контентом – викладати ролики, свої фотоальбоми в соцмережах тощо.\r\n*   Ви можете відкривати сайти в повній версії за 3 секунди!**\r\n*   Залишайтеся на зв’язку завжди та будь-де завдяки широкому покриттю мереж 3G.\r\n*   Не треба змінювати номер або носити з собою ще один пристрій для швидкого доступу в Інтернет. \n*, ** Розрахунки надано для максимальної швидкості передавання даних. У реальних умовах швидкість може залежати від завантаженості базової станції стільникового зв’язку та відстані між вашим смартфоном та нею.",
  "faqTypeId": null,
  "faqType": null,
  "useful": 2,
  "unUseful": 2,
  "languageId": 261,
  "languageName": "ua",
  "faqCode": "9088",
  "faqTypeCode": null,
  "isTop": "1",
  "moduleCode": "faq",
  "productId": null,
  "productCode": null,
  "postDate": 1416246047000,
  "seriesProductName": "EDGE-C00",
  "visitedTimes": 107,
  "isUsefulFlag": null,
  "score": 0,
  "times": 0,
  "imageList": null,
  "displayType": "text",
  "justView": "0",
  "fileName": null,
  "filePath": null,
  "imagePath": null,
  "imageName": null,
  "productIdList": null,
  "curPage": null,
  "pageSize": null,
  "siteCode": null,
  "statusFlag": "Publish",
  "returnCode": 0,
  "totalRows": null,
  "keywords": "p6,gsm,cdma",
  "avgScore": 0.0,
  "createDate": null,
  "totalPages": null
}