{
  "type": null,
  "faqId": 16503,
  "title": "Як заощадити енергію акумулятора?",
  "answer": "1.  Вимкніть екран, коли ним не користуєтеся.\r\n2.  Встановіть період тайм-ауту екрану на мале значення.Зменшіть яскравість екрану.\r\n3.  Використовуйте гарнітуру замість динаміка.\r\n4.  Вимкніть Bluetooth, коли ним не користуєтеся.\r\n5.  Вимкніть Wi-Fi, коли ним не користуєтеся.\r\n6.  Вимкніть GPS, коли ним не користуєтеся.",
  "faqTypeId": null,
  "faqType": null,
  "useful": 7,
  "unUseful": 5,
  "languageId": 261,
  "languageName": "ua",
  "faqCode": "9087",
  "faqTypeCode": null,
  "isTop": "1",
  "moduleCode": "faq",
  "productId": null,
  "productCode": null,
  "postDate": 1416245949000,
  "seriesProductName": "EDGE-C00",
  "visitedTimes": 160,
  "isUsefulFlag": null,
  "score": 0,
  "times": 0,
  "imageList": null,
  "displayType": "text",
  "justView": "0",
  "fileName": null,
  "filePath": null,
  "imagePath": null,
  "imageName": null,
  "productIdList": null,
  "curPage": null,
  "pageSize": null,
  "siteCode": null,
  "statusFlag": "Publish",
  "returnCode": 0,
  "totalRows": null,
  "keywords": "акумулятор,акуумулятор,батарея,батарея,заряд",
  "avgScore": 0.0,
  "createDate": null,
  "totalPages": null
}