{
  "type": null,
  "faqId": 16501,
  "title": "Коли я отримую нові повідомлення, сигнал повідомлення не звучить, а індикатор не вмикається. Чому?",
  "answer": "Пункт Повідомлення ![](http://consumer.huawei.com/ua/images/answer_img1.png) Налаштування, оберіть Сповіщення.",
  "faqTypeId": null,
  "faqType": null,
  "useful": 1,
  "unUseful": 1,
  "languageId": 261,
  "languageName": "ua",
  "faqCode": "9086",
  "faqTypeCode": null,
  "isTop": "1",
  "moduleCode": "faq",
  "productId": null,
  "productCode": null,
  "postDate": 1416245567000,
  "seriesProductName": "EDGE-C00",
  "visitedTimes": 109,
  "isUsefulFlag": null,
  "score": 0,
  "times": 0,
  "imageList": null,
  "displayType": "text",
  "justView": "0",
  "fileName": null,
  "filePath": null,
  "imagePath": null,
  "imageName": null,
  "productIdList": null,
  "curPage": null,
  "pageSize": null,
  "siteCode": null,
  "statusFlag": "Publish",
  "returnCode": 0,
  "totalRows": null,
  "keywords": "сигнал,індикатор",
  "avgScore": 0.0,
  "createDate": null,
  "totalPages": null
}