{
  "type": null,
  "faqId": 15369,
  "title": "MediaPad T1 (S8-70x,S8-701U,S8-701w)_使用自己買的華為藍牙耳機來電話時，來電鈴聲平板電腦上和耳機裡都有聲音，換了一個華為多彩藍牙耳機也這樣，恢復出廠設置無效",
  "answer": "該問題為策略問題，為避免不帶藍牙耳機的時候聽不到來電鈴聲。業界大部分的平板電腦都是這樣設置的。",
  "faqTypeId": null,
  "faqType": null,
  "useful": 2,
  "unUseful": 0,
  "languageId": 201,
  "languageName": "tr_CN",
  "faqCode": "7650",
  "faqTypeCode": null,
  "isTop": "0",
  "moduleCode": "faq",
  "productId": null,
  "productCode": null,
  "postDate": 1412649626000,
  "seriesProductName": "S8-701u",
  "visitedTimes": 77,
  "isUsefulFlag": null,
  "score": 0,
  "times": 0,
  "imageList": null,
  "displayType": "text",
  "justView": "0",
  "fileName": null,
  "filePath": null,
  "imagePath": null,
  "imageName": null,
  "productIdList": null,
  "curPage": null,
  "pageSize": null,
  "siteCode": null,
  "statusFlag": "Publish",
  "returnCode": 0,
  "totalRows": null,
  "keywords": "S8-701u,T1",
  "avgScore": 0.0,
  "createDate": null,
  "totalPages": null
}