{
  "type": null,
  "faqId": 15368,
  "title": "MediaPad T1 (S8-70x,S8-701U,S8-701w)_為什麼玩遊戲的時候會卡頓，如templerun遊戲",
  "answer": "請用戶確認一下平板電腦電量是否充足，華為為了保證用戶在低電量下仍然能使用一段時間，在電量比較低的情況下對性能做了限制。在電池電量充足的情況下，平板管家->省電管理->普通省電，這樣可以保證性能更好，不同的遊戲對系統資源的消耗不同，建議用戶使用下面的temprun，http://as.baidu.com/a/item?docid=3063135",
  "faqTypeId": null,
  "faqType": null,
  "useful": 0,
  "unUseful": 0,
  "languageId": 201,
  "languageName": "tr_CN",
  "faqCode": "7649",
  "faqTypeCode": null,
  "isTop": "0",
  "moduleCode": "faq",
  "productId": null,
  "productCode": null,
  "postDate": 1412649476000,
  "seriesProductName": "S8-701u",
  "visitedTimes": 109,
  "isUsefulFlag": null,
  "score": 0,
  "times": 0,
  "imageList": null,
  "displayType": "text",
  "justView": "0",
  "fileName": null,
  "filePath": null,
  "imagePath": null,
  "imageName": null,
  "productIdList": null,
  "curPage": null,
  "pageSize": null,
  "siteCode": null,
  "statusFlag": "Publish",
  "returnCode": 0,
  "totalRows": null,
  "keywords": "S8-701u,T1",
  "avgScore": 0.0,
  "createDate": null,
  "totalPages": null
}