{
  "type": null,
  "faqId": 15362,
  "title": "MediaPad T1 (S8-70x,S8-701U,S8-701w)_用戶詢問對人身體輻射情況,SAR值是多少",
  "answer": "通過大陸 工信部、GCF、CE及台灣NCC等國內外專業機構認證，輻射相關指標（SAR等）滿足國際標準電磁輻射比吸收率（SAR）最大值為1.2W/kg，符合國家標準 GB 21288-2007 的要求。",
  "faqTypeId": null,
  "faqType": null,
  "useful": 0,
  "unUseful": 0,
  "languageId": 201,
  "languageName": "tr_CN",
  "faqCode": "7643",
  "faqTypeCode": null,
  "isTop": "0",
  "moduleCode": "faq",
  "productId": null,
  "productCode": null,
  "postDate": 1412648301000,
  "seriesProductName": "S8-701u",
  "visitedTimes": 36,
  "isUsefulFlag": null,
  "score": 0,
  "times": 0,
  "imageList": null,
  "displayType": "text",
  "justView": "0",
  "fileName": null,
  "filePath": null,
  "imagePath": null,
  "imageName": null,
  "productIdList": null,
  "curPage": null,
  "pageSize": null,
  "siteCode": null,
  "statusFlag": "Publish",
  "returnCode": 0,
  "totalRows": null,
  "keywords": "S8-701u,T1",
  "avgScore": 0.0,
  "createDate": null,
  "totalPages": null
}