{
  "type": null,
  "faqId": 15367,
  "title": "MediaPad T1 (S8-70x,S8-701U,S8-701w)_沒有功能鍵功能表鍵，退不出程式",
  "answer": "查看最下面的虛擬鍵狀態列，看是否已經隱藏了；如果隱藏，從最下方網上滑動，調出狀態列。",
  "faqTypeId": null,
  "faqType": null,
  "useful": 0,
  "unUseful": 0,
  "languageId": 201,
  "languageName": "tr_CN",
  "faqCode": "7648",
  "faqTypeCode": null,
  "isTop": "0",
  "moduleCode": "faq",
  "productId": null,
  "productCode": null,
  "postDate": 1412649313000,
  "seriesProductName": "S8-701u",
  "visitedTimes": 64,
  "isUsefulFlag": null,
  "score": 0,
  "times": 0,
  "imageList": null,
  "displayType": "text",
  "justView": "0",
  "fileName": null,
  "filePath": null,
  "imagePath": null,
  "imageName": null,
  "productIdList": null,
  "curPage": null,
  "pageSize": null,
  "siteCode": null,
  "statusFlag": "Publish",
  "returnCode": 0,
  "totalRows": null,
  "keywords": "S8-701u,T1",
  "avgScore": 0.0,
  "createDate": null,
  "totalPages": null
}