{
  "type": null,
  "faqId": 15365,
  "title": "MediaPad T1 (S8-70x,S8-701U,S8-701w)_截圖怎麼按 圖片裡沒有截屏",
  "answer": "電源鍵+音量下鍵 電腦MTP路徑：\\記憶體設備\\Pictures\\Screenshots\\;",
  "faqTypeId": null,
  "faqType": null,
  "useful": 2,
  "unUseful": 1,
  "languageId": 201,
  "languageName": "tr_CN",
  "faqCode": "7646",
  "faqTypeCode": null,
  "isTop": "0",
  "moduleCode": "faq",
  "productId": null,
  "productCode": null,
  "postDate": 1412648812000,
  "seriesProductName": "S8-701u",
  "visitedTimes": 111,
  "isUsefulFlag": null,
  "score": 0,
  "times": 0,
  "imageList": null,
  "displayType": "text",
  "justView": "0",
  "fileName": null,
  "filePath": null,
  "imagePath": null,
  "imageName": null,
  "productIdList": null,
  "curPage": null,
  "pageSize": null,
  "siteCode": null,
  "statusFlag": "Publish",
  "returnCode": 0,
  "totalRows": null,
  "keywords": "S8-701U,T1",
  "avgScore": 0.0,
  "createDate": null,
  "totalPages": null
}