{
  "type": null,
  "faqId": 15361,
  "title": "MediaPad T1 (S8-70x,S8-701U,S8-701w)_T1前後殼缝隙大問題說明",
  "answer": "T1前後殼缝隙大問題說明:\r\n\r\n縫隙的業界的標準：前殼與金屬電池蓋最大間隙不大於0.2mm,前殼與後部上，下裝飾件最大間隙不大於0.3mm。T1 出廠標準符合業界標準（紙張厚度一般在0.1mm左右）。2） 後殼未扣好，重新扣合即可",
  "faqTypeId": null,
  "faqType": null,
  "useful": 0,
  "unUseful": 0,
  "languageId": 201,
  "languageName": "tr_CN",
  "faqCode": "7641",
  "faqTypeCode": null,
  "isTop": "0",
  "moduleCode": "faq",
  "productId": null,
  "productCode": null,
  "postDate": 1412647962000,
  "seriesProductName": "S8-701u",
  "visitedTimes": 45,
  "isUsefulFlag": null,
  "score": 0,
  "times": 0,
  "imageList": null,
  "displayType": "text",
  "justView": "0",
  "fileName": null,
  "filePath": null,
  "imagePath": null,
  "imageName": null,
  "productIdList": null,
  "curPage": null,
  "pageSize": null,
  "siteCode": null,
  "statusFlag": "Publish",
  "returnCode": 0,
  "totalRows": null,
  "keywords": "S8-701U",
  "avgScore": 0.0,
  "createDate": null,
  "totalPages": null
}