{
  "type": null,
  "faqId": 15366,
  "title": "MediaPad T1 (S8-70x,S8-701U,S8-701w)_平板電腦無信號",
  "answer": "請確認是SIM卡不識別還是無信號問題，若是不識別SIM卡，平板電腦右上角信號欄左邊會有一個像SIM卡一樣的圖示，圖示內部有個問號，重新按指示圖示正確插入SIM或是使用運營商提供的標準SIM卡；若是無信號類問題，平板電腦右上角信號欄會沒有信號格數顯示，這種情況下請將平板電腦帶到檢測點檢測",
  "faqTypeId": null,
  "faqType": null,
  "useful": 6,
  "unUseful": 0,
  "languageId": 201,
  "languageName": "tr_CN",
  "faqCode": "7647",
  "faqTypeCode": null,
  "isTop": "0",
  "moduleCode": "faq",
  "productId": null,
  "productCode": null,
  "postDate": 1412649166000,
  "seriesProductName": "S8-701u",
  "visitedTimes": 125,
  "isUsefulFlag": null,
  "score": 0,
  "times": 0,
  "imageList": null,
  "displayType": "text",
  "justView": "0",
  "fileName": null,
  "filePath": null,
  "imagePath": null,
  "imageName": null,
  "productIdList": null,
  "curPage": null,
  "pageSize": null,
  "siteCode": null,
  "statusFlag": "Publish",
  "returnCode": 0,
  "totalRows": null,
  "keywords": "S8-701U,T1",
  "avgScore": 0.0,
  "createDate": null,
  "totalPages": null
}