{
  "type": null,
  "faqId": 15364,
  "title": "MediaPad T1 (S8-70x,S8-701U,S8-701w)_平板電腦不能收發彩信",
  "answer": "需要在“設置”->移動網路->勾選啟動資料流程量， 才能收發彩信。",
  "faqTypeId": null,
  "faqType": null,
  "useful": 0,
  "unUseful": 0,
  "languageId": 201,
  "languageName": "tr_CN",
  "faqCode": "7645",
  "faqTypeCode": null,
  "isTop": "0",
  "moduleCode": "faq",
  "productId": null,
  "productCode": null,
  "postDate": 1412648691000,
  "seriesProductName": "S8-701u",
  "visitedTimes": 36,
  "isUsefulFlag": null,
  "score": 0,
  "times": 0,
  "imageList": null,
  "displayType": "text",
  "justView": "0",
  "fileName": null,
  "filePath": null,
  "imagePath": null,
  "imageName": null,
  "productIdList": null,
  "curPage": null,
  "pageSize": null,
  "siteCode": null,
  "statusFlag": "Publish",
  "returnCode": 0,
  "totalRows": null,
  "keywords": "S8-701U,T1",
  "avgScore": 0.0,
  "createDate": null,
  "totalPages": null
}