{
  "type": null,
  "faqId": 15375,
  "title": "MediaPad T1 (S8-70x,S8-701U,S8-701w)_google play停止運行",
  "answer": "在 設置-〉管理應用程式 裡面找到 “Google Play 服務” ，點擊查看應用程式資訊，點擊“卸載更新”，確認卸載更新後問題解決。",
  "faqTypeId": null,
  "faqType": null,
  "useful": 4,
  "unUseful": 2,
  "languageId": 201,
  "languageName": "tr_CN",
  "faqCode": "7657",
  "faqTypeCode": null,
  "isTop": "0",
  "moduleCode": "faq",
  "productId": null,
  "productCode": null,
  "postDate": 1412651552000,
  "seriesProductName": "S8-701u",
  "visitedTimes": 284,
  "isUsefulFlag": null,
  "score": 0,
  "times": 0,
  "imageList": null,
  "displayType": "text",
  "justView": "0",
  "fileName": null,
  "filePath": null,
  "imagePath": null,
  "imageName": null,
  "productIdList": null,
  "curPage": null,
  "pageSize": null,
  "siteCode": null,
  "statusFlag": "Publish",
  "returnCode": 0,
  "totalRows": null,
  "keywords": "S8-701u,T1",
  "avgScore": 0.0,
  "createDate": null,
  "totalPages": null
}