{
  "type": null,
  "faqId": 15370,
  "title": "MediaPad T1 (S8-70x,S8-701U,S8-701w)_平板電腦收不了彩信?資料流程量也開啟了，接入點也沒有辦法設置。",
  "answer": "接入點設置：設置--移動網路--接入點名稱(APN)--右上角新建APN，APN資訊可以向運營商獲取。也可以在已經的APN上直接修改。",
  "faqTypeId": null,
  "faqType": null,
  "useful": 0,
  "unUseful": 0,
  "languageId": 201,
  "languageName": "tr_CN",
  "faqCode": "7651",
  "faqTypeCode": null,
  "isTop": "0",
  "moduleCode": "faq",
  "productId": null,
  "productCode": null,
  "postDate": 1412649738000,
  "seriesProductName": "S8-701u",
  "visitedTimes": 38,
  "isUsefulFlag": null,
  "score": 0,
  "times": 0,
  "imageList": null,
  "displayType": "text",
  "justView": "0",
  "fileName": null,
  "filePath": null,
  "imagePath": null,
  "imageName": null,
  "productIdList": null,
  "curPage": null,
  "pageSize": null,
  "siteCode": null,
  "statusFlag": "Publish",
  "returnCode": 0,
  "totalRows": null,
  "keywords": "S8-701u,T1",
  "avgScore": 0.0,
  "createDate": null,
  "totalPages": null
}