{
  "type": null,
  "faqId": 15379,
  "title": "榮耀3C(H30-L02 )_連接部分地區公共熱點,出現剛連接上後立即斷開,持續自動重連接後又立即斷開。（連接家裡Wi-Fi能夠正常連接）",
  "answer": "該問題目前已經調查清楚原因,是由於和部分型號的路由器相容性有問題導致。 此問題在新版本上會對這些路由器進行相容，請用戶耐心等待新版本發佈，升級手機軟體解決。",
  "faqTypeId": null,
  "faqType": null,
  "useful": 2,
  "unUseful": 3,
  "languageId": 201,
  "languageName": "tr_CN",
  "faqCode": "7681",
  "faqTypeCode": null,
  "isTop": "0",
  "moduleCode": "faq",
  "productId": null,
  "productCode": null,
  "postDate": 1412663122000,
  "seriesProductName": "H30-L02",
  "visitedTimes": 186,
  "isUsefulFlag": null,
  "score": 0,
  "times": 0,
  "imageList": null,
  "displayType": "text",
  "justView": "0",
  "fileName": null,
  "filePath": null,
  "imagePath": null,
  "imageName": null,
  "productIdList": null,
  "curPage": null,
  "pageSize": null,
  "siteCode": null,
  "statusFlag": "Publish",
  "returnCode": 0,
  "totalRows": null,
  "keywords": "H30-L02,H30,3C,3C-LTE",
  "avgScore": 0.0,
  "createDate": null,
  "totalPages": null
}