{
  "type": null,
  "faqId": 15378,
  "title": "榮耀3C 4G版 (H30-L01,H30-L02)_短信接收不了發送不了",
  "answer": "1.如果您安裝了手機安全軟體，需要在手機管家中允許這樣的軟體發送資訊，或者清空緩存資料。\r\n\r\n2.手機處於無信號或信號較弱的地方，資訊可能無法發送成功。請到信號較強的地方重試。\r\n\r\n網路系統繁忙，特別是節假日資訊發送高峰期，資訊可能無法發送成功。請避開高峰期重試。\r\n\n發送號碼格式不正確，可能導致資訊發送失敗。請輸入正確的號碼後",
  "faqTypeId": null,
  "faqType": null,
  "useful": 1,
  "unUseful": 0,
  "languageId": 201,
  "languageName": "tr_CN",
  "faqCode": "7659",
  "faqTypeCode": null,
  "isTop": "0",
  "moduleCode": "faq",
  "productId": null,
  "productCode": null,
  "postDate": 1412662915000,
  "seriesProductName": "H30-L02",
  "visitedTimes": 91,
  "isUsefulFlag": null,
  "score": 0,
  "times": 0,
  "imageList": null,
  "displayType": "text",
  "justView": "0",
  "fileName": null,
  "filePath": null,
  "imagePath": null,
  "imageName": null,
  "productIdList": null,
  "curPage": null,
  "pageSize": null,
  "siteCode": null,
  "statusFlag": "Publish",
  "returnCode": 0,
  "totalRows": null,
  "keywords": "H30,H30-L02,3C,3C-LTE",
  "avgScore": 0.0,
  "createDate": null,
  "totalPages": null
}