{
  "type": null,
  "faqId": 15376,
  "title": "MediaPad T1 (S8-70x,S8-701U,S8-701w)_平板電腦設置“始終連接資料業務”後，螢幕關閉後資料業務會不會斷開？",
  "answer": "如果已設置為“始終連接資料業務”，資料業務不會關閉\n",
  "faqTypeId": null,
  "faqType": null,
  "useful": 0,
  "unUseful": 0,
  "languageId": 201,
  "languageName": "tr_CN",
  "faqCode": "7658",
  "faqTypeCode": null,
  "isTop": "0",
  "moduleCode": "faq",
  "productId": null,
  "productCode": null,
  "postDate": 1412651875000,
  "seriesProductName": "S8-701u",
  "visitedTimes": 66,
  "isUsefulFlag": null,
  "score": 0,
  "times": 0,
  "imageList": null,
  "displayType": "text",
  "justView": "0",
  "fileName": null,
  "filePath": null,
  "imagePath": null,
  "imageName": null,
  "productIdList": null,
  "curPage": null,
  "pageSize": null,
  "siteCode": null,
  "statusFlag": "Publish",
  "returnCode": 0,
  "totalRows": null,
  "keywords": "S8-701u,T1",
  "avgScore": 0.0,
  "createDate": null,
  "totalPages": null
}