{
  "type": null,
  "faqId": 15371,
  "title": "MediaPad T1 (S8-70x,S8-701U,S8-701w)_平板電腦開關機按鍵鬆動？",
  "answer": "平板電腦的開關機按鍵為金屬材質設計，確保按鍵能正常按壓，按鍵需要與殼體的金屬之間有間隙，所以開關機按鍵是鬆動的，對使用無影響。",
  "faqTypeId": null,
  "faqType": null,
  "useful": 2,
  "unUseful": 0,
  "languageId": 201,
  "languageName": "tr_CN",
  "faqCode": "7661",
  "faqTypeCode": null,
  "isTop": "0",
  "moduleCode": "faq",
  "productId": null,
  "productCode": null,
  "postDate": 1412649864000,
  "seriesProductName": "S8-701u",
  "visitedTimes": 114,
  "isUsefulFlag": null,
  "score": 0,
  "times": 0,
  "imageList": null,
  "displayType": "text",
  "justView": "0",
  "fileName": null,
  "filePath": null,
  "imagePath": null,
  "imageName": null,
  "productIdList": null,
  "curPage": null,
  "pageSize": null,
  "siteCode": null,
  "statusFlag": "Publish",
  "returnCode": 0,
  "totalRows": null,
  "keywords": "S8-701u,T1",
  "avgScore": 0.0,
  "createDate": null,
  "totalPages": null
}