{
  "type": null,
  "faqId": 15372,
  "title": "MediaPad T1 (S8-70x,S8-701U,S8-701w)_T1 邊緣縫隙比較大，可以插入紙張之問題說明",
  "answer": "T1 邊緣縫隙比較大，可以插入紙張之問題說明:\r\n\r\n縫隙的業界標準是小於0.2mm，T1 出廠標準符合業界標準（紙張厚度一般在0.1mm左右），如果用戶感覺縫隙確實很大，可以連絡客服中心進廠檢測",
  "faqTypeId": null,
  "faqType": null,
  "useful": 0,
  "unUseful": 0,
  "languageId": 201,
  "languageName": "tr_CN",
  "faqCode": "7652",
  "faqTypeCode": null,
  "isTop": "0",
  "moduleCode": "faq",
  "productId": null,
  "productCode": null,
  "postDate": 1412650083000,
  "seriesProductName": "S8-701u",
  "visitedTimes": 92,
  "isUsefulFlag": null,
  "score": 0,
  "times": 0,
  "imageList": null,
  "displayType": "text",
  "justView": "0",
  "fileName": null,
  "filePath": null,
  "imagePath": null,
  "imageName": null,
  "productIdList": null,
  "curPage": null,
  "pageSize": null,
  "siteCode": null,
  "statusFlag": "Publish",
  "returnCode": 0,
  "totalRows": null,
  "keywords": "S8-701u,T1",
  "avgScore": 0.0,
  "createDate": null,
  "totalPages": null
}