{
  "type": null,
  "faqId": 15373,
  "title": "MediaPad T1 (S8-70x,S8-701U,S8-701w)_拔掉SD卡後檔案管理員依然有SD資訊顯示",
  "answer": "插入SD卡後，系統需要一些時間檢測和掛載SD卡，拔出SD卡後，系統也需要一些時間卸載SD卡和初始化系統狀態。頻繁快速插拔SD卡，可能導致系統狀態紊亂而出現SD卡未識別或正常未卸載。引導用戶重新插拔一次SD卡，就能恢復正常。\r\n\n\n",
  "faqTypeId": null,
  "faqType": null,
  "useful": 1,
  "unUseful": 0,
  "languageId": 201,
  "languageName": "tr_CN",
  "faqCode": "7654",
  "faqTypeCode": null,
  "isTop": "0",
  "moduleCode": "faq",
  "productId": null,
  "productCode": null,
  "postDate": 1412650372000,
  "seriesProductName": "S8-701u",
  "visitedTimes": 53,
  "isUsefulFlag": null,
  "score": 0,
  "times": 0,
  "imageList": null,
  "displayType": "text",
  "justView": "0",
  "fileName": null,
  "filePath": null,
  "imagePath": null,
  "imageName": null,
  "productIdList": null,
  "curPage": null,
  "pageSize": null,
  "siteCode": null,
  "statusFlag": "Publish",
  "returnCode": 0,
  "totalRows": null,
  "keywords": "S8-701u,T1",
  "avgScore": 0.0,
  "createDate": null,
  "totalPages": null
}