{
  "type": null,
  "faqId": 15386,
  "title": "荣耀3C 4G版(H30-L01,H30-L02)_支持WLAN 的什么协议，各协议的传输速率是多少？",
  "answer": "支持的协议是 802.11 b/g/n。802.11b是指11M的速率标准，802.11g是指54M的速率标准，802.11n是指150M的速率标准。\r\n\n\n\n",
  "faqTypeId": null,
  "faqType": null,
  "useful": 0,
  "unUseful": 0,
  "languageId": 201,
  "languageName": "tr_CN",
  "faqCode": "7691",
  "faqTypeCode": null,
  "isTop": "0",
  "moduleCode": "faq",
  "productId": null,
  "productCode": null,
  "postDate": 1412665684000,
  "seriesProductName": "H30-L02",
  "visitedTimes": 228,
  "isUsefulFlag": null,
  "score": 0,
  "times": 0,
  "imageList": null,
  "displayType": "text",
  "justView": "0",
  "fileName": null,
  "filePath": null,
  "imagePath": null,
  "imageName": null,
  "productIdList": null,
  "curPage": null,
  "pageSize": null,
  "siteCode": null,
  "statusFlag": "Publish",
  "returnCode": 0,
  "totalRows": null,
  "keywords": "H30-L02,H30,3C,3C-LTE",
  "avgScore": 0.0,
  "createDate": null,
  "totalPages": null
}