{
  "type": null,
  "faqId": 15382,
  "title": "MediaPad T1 (S8-70x,S8-701U,S8-701w)_按鍵無手感、按鍵無回應的問題",
  "answer": "原因：1） 按鍵被過大的外力壓塌，導致物理損傷。2） T1的按鍵為凸出設計，側面被撞擊或者扭曲造成。具體以維修點檢測結果為准。",
  "faqTypeId": null,
  "faqType": null,
  "useful": 2,
  "unUseful": 2,
  "languageId": 201,
  "languageName": "tr_CN",
  "faqCode": "7655",
  "faqTypeCode": null,
  "isTop": "0",
  "moduleCode": "faq",
  "productId": null,
  "productCode": null,
  "postDate": 1412650541000,
  "seriesProductName": "S8-701u",
  "visitedTimes": 207,
  "isUsefulFlag": null,
  "score": 0,
  "times": 0,
  "imageList": null,
  "displayType": "text",
  "justView": "0",
  "fileName": null,
  "filePath": null,
  "imagePath": null,
  "imageName": null,
  "productIdList": null,
  "curPage": null,
  "pageSize": null,
  "siteCode": null,
  "statusFlag": "Publish",
  "returnCode": 0,
  "totalRows": null,
  "keywords": "S8-701u,T1",
  "avgScore": 0.0,
  "createDate": null,
  "totalPages": null
}