{
  "type": null,
  "faqId": 15389,
  "title": "榮耀3C 4G版(H30-L02)_郵箱設置",
  "answer": "添加Email帳戶\r\n\r\n進入 設置 > 帳戶 > 添加帳戶。選擇電子郵件添加Email帳戶，選擇公司添加Exchange帳戶。\r\n\r\n![http://app.huawei.com/tkb/ha-i/18d35_utzxn.jpg](http://consumer.huawei.com/support/servlet/imageServlet?dlType=SupportImage&imagePath=/20141007151709909001.jpg)![http://app.huawei.com/tkb/ha-i/18d36_1ttxx.jpg](http://consumer.huawei.com/support/servlet/imageServlet?dlType=SupportImage&imagePath=/20141007151709969002.jpg)![http://app.huawei.com/tkb/ha-i/18d37_1ripg.jpg](http://consumer.huawei.com/support/servlet/imageServlet?dlType=SupportImage&imagePath=/20141007151710394003.jpg)![http://app.huawei.com/tkb/ha-i/18d38_2fkgn.jpg](http://consumer.huawei.com/support/servlet/imageServlet?dlType=SupportImage&imagePath=/20141007151710880004.jpg)![http://app.huawei.com/tkb/ha-i/18d39_vrmvz.jpg](http://consumer.huawei.com/support/servlet/imageServlet?dlType=SupportImage&imagePath=/20141007151710105005.jpg)\r\n\r\n-- 手動設置：\r\n\r\n帳戶設置介面 > 輸入帳號和密碼。\r\n\r\n點擊手動設置。\r\n\r\n點擊POP3，進入接收伺服器設置介面。\r\n\r\n點擊下一步，進入外發伺服器設置介面。\r\n\r\n點擊下一步，進入郵件接收設置介面，可選擇收件箱檢查頻率。\r\n\r\n點擊下一步，進入設置電子郵件介面為此帳戶創建名稱和您的姓名。\r\n\r\n點擊下一步，完成登錄並進入收件箱介面。",
  "faqTypeId": null,
  "faqType": null,
  "useful": 0,
  "unUseful": 0,
  "languageId": 201,
  "languageName": "tr_CN",
  "faqCode": "7706",
  "faqTypeCode": null,
  "isTop": "0",
  "moduleCode": "faq",
  "productId": null,
  "productCode": null,
  "postDate": 1412666288000,
  "seriesProductName": "H30-L02",
  "visitedTimes": 150,
  "isUsefulFlag": null,
  "score": 0,
  "times": 0,
  "imageList": null,
  "displayType": "text",
  "justView": "0",
  "fileName": null,
  "filePath": null,
  "imagePath": null,
  "imageName": null,
  "productIdList": null,
  "curPage": null,
  "pageSize": null,
  "siteCode": null,
  "statusFlag": "Publish",
  "returnCode": 0,
  "totalRows": null,
  "keywords": "H30-L02,H30,3C,3C-LTE",
  "avgScore": 0.0,
  "createDate": null,
  "totalPages": null
}