{
  "type": null,
  "faqId": 15381,
  "title": "MediaPad T1 (S8-70x,S8-701U,S8-701w)_靜置半個小時（長時間）後出現了凍屏現象",
  "answer": "受環境濕度和靜電影響，TP可能出現暫時失效的情況。引導用戶通過按電源鍵滅屏和點亮屏一次，TP可以恢復正常工作。",
  "faqTypeId": null,
  "faqType": null,
  "useful": 0,
  "unUseful": 0,
  "languageId": 201,
  "languageName": "tr_CN",
  "faqCode": "7653",
  "faqTypeCode": null,
  "isTop": "0",
  "moduleCode": "faq",
  "productId": null,
  "productCode": null,
  "postDate": 1412650203000,
  "seriesProductName": "S8-701u",
  "visitedTimes": 153,
  "isUsefulFlag": null,
  "score": 0,
  "times": 0,
  "imageList": null,
  "displayType": "text",
  "justView": "0",
  "fileName": null,
  "filePath": null,
  "imagePath": null,
  "imageName": null,
  "productIdList": null,
  "curPage": null,
  "pageSize": null,
  "siteCode": null,
  "statusFlag": "Publish",
  "returnCode": 0,
  "totalRows": null,
  "keywords": "S8-701u,T1",
  "avgScore": 0.0,
  "createDate": null,
  "totalPages": null
}