{
  "type": null,
  "faqId": 15385,
  "title": "榮耀3C 4G版 (H30-L01,H30-L02)_手機開機，或者通話後，經常出現google play服務已經停止運行的情況。",
  "answer": "因為手機預裝了google發佈的google play 服務應用，而此應用會調用android的原生應用\"下載管理器\"。如果在應用管理中，停用了\"下載管理器\"，那麼就會出現上述現象。此問題在預製了google play 服務應用的android手機上都存在，因為與google的應用有關，手機廠商目前也無法修改。",
  "faqTypeId": null,
  "faqType": null,
  "useful": 1,
  "unUseful": 1,
  "languageId": 201,
  "languageName": "tr_CN",
  "faqCode": "7688",
  "faqTypeCode": null,
  "isTop": "0",
  "moduleCode": "faq",
  "productId": null,
  "productCode": null,
  "postDate": 1412664593000,
  "seriesProductName": "H30-L02",
  "visitedTimes": 269,
  "isUsefulFlag": null,
  "score": 0,
  "times": 0,
  "imageList": null,
  "displayType": "text",
  "justView": "0",
  "fileName": null,
  "filePath": null,
  "imagePath": null,
  "imageName": null,
  "productIdList": null,
  "curPage": null,
  "pageSize": null,
  "siteCode": null,
  "statusFlag": "Publish",
  "returnCode": 0,
  "totalRows": null,
  "keywords": "H30-L02,H30,3C,3C-LTE",
  "avgScore": 0.0,
  "createDate": null,
  "totalPages": null
}