{
  "type": null,
  "faqId": 15383,
  "title": "MediaPad T1 (S8-70x,S8-701U,S8-701w)_平板電腦莫名的穩定性變差, 死機/重啟 卡頓",
  "answer": "有可能是您安裝或正在使用的某個協力廠商應用導致， 可以在設置->備份和重置->中嘗試“恢復出廠設置”，看看是否還有穩定性問題，也可以上網查一下是否有用戶用此應用碰到同樣的問題，然後選擇一個沒有問題的協力廠商應用版本。",
  "faqTypeId": null,
  "faqType": null,
  "useful": 4,
  "unUseful": 1,
  "languageId": 201,
  "languageName": "tr_CN",
  "faqCode": "7662",
  "faqTypeCode": null,
  "isTop": "0",
  "moduleCode": "faq",
  "productId": null,
  "productCode": null,
  "postDate": 1412650721000,
  "seriesProductName": "S8-701u",
  "visitedTimes": 276,
  "isUsefulFlag": null,
  "score": 0,
  "times": 0,
  "imageList": null,
  "displayType": "text",
  "justView": "0",
  "fileName": null,
  "filePath": null,
  "imagePath": null,
  "imageName": null,
  "productIdList": null,
  "curPage": null,
  "pageSize": null,
  "siteCode": null,
  "statusFlag": "Publish",
  "returnCode": 0,
  "totalRows": null,
  "keywords": "S8-701u,T1",
  "avgScore": 0.0,
  "createDate": null,
  "totalPages": null
}