{
  "type": null,
  "faqId": 15384,
  "title": "榮耀3C 4G版 (H30-L02)_手機的按鍵提示音等逐漸變大",
  "answer": "為了保護揚聲器器件壽命，持續時間短的提示類音源，響度不易過大。但是考慮到持續時間長的音源，要滿足使用者對音量的要求，因此會在短時間內逐漸增大音量到使用者希望的響度。這就導致了連續按鍵時，按鍵音會逐漸增大",
  "faqTypeId": null,
  "faqType": null,
  "useful": 1,
  "unUseful": 0,
  "languageId": 201,
  "languageName": "tr_CN",
  "faqCode": "7686",
  "faqTypeCode": null,
  "isTop": "0",
  "moduleCode": "faq",
  "productId": null,
  "productCode": null,
  "postDate": 1412664314000,
  "seriesProductName": "H30-L02",
  "visitedTimes": 95,
  "isUsefulFlag": null,
  "score": 0,
  "times": 0,
  "imageList": null,
  "displayType": "text",
  "justView": "0",
  "fileName": null,
  "filePath": null,
  "imagePath": null,
  "imageName": null,
  "productIdList": null,
  "curPage": null,
  "pageSize": null,
  "siteCode": null,
  "statusFlag": "Publish",
  "returnCode": 0,
  "totalRows": null,
  "keywords": "H30-L02,H30,3C,3C-LTE",
  "avgScore": 0.0,
  "createDate": null,
  "totalPages": null
}