{
  "type": null,
  "faqId": 15393,
  "title": "榮耀X1(7D-501L,7D-501U)_7D-501L 截圖怎麼按 圖片裡沒有截屏",
  "answer": "電源鍵+音量下鍵 電腦MTP路徑：\\記憶體設備\\Pictures\\Screenshots\\;",
  "faqTypeId": null,
  "faqType": null,
  "useful": 8,
  "unUseful": 4,
  "languageId": 201,
  "languageName": "tr_CN",
  "faqCode": "7711",
  "faqTypeCode": null,
  "isTop": "0",
  "moduleCode": "faq",
  "productId": null,
  "productCode": null,
  "postDate": 1412671435000,
  "seriesProductName": "7D-501L,7D-501u",
  "visitedTimes": 1297,
  "isUsefulFlag": null,
  "score": 0,
  "times": 0,
  "imageList": null,
  "displayType": "text",
  "justView": "0",
  "fileName": null,
  "filePath": null,
  "imagePath": null,
  "imageName": null,
  "productIdList": null,
  "curPage": null,
  "pageSize": null,
  "siteCode": null,
  "statusFlag": "Publish",
  "returnCode": 0,
  "totalRows": null,
  "keywords": "7D-501L,7D-501u,X13G,X14G,X1",
  "avgScore": 0.0,
  "createDate": null,
  "totalPages": null
}