{
  "type": null,
  "faqId": 15398,
  "title": "榮耀X1(7D-503LT,7D-501L,7D-503L,7D-501U)_4g版怎麼實現HDMI輸出，使用者需要連接電視",
  "answer": "需要一根MHL到HDMI的轉接線+HDMI線，連上之後自動識別。",
  "faqTypeId": null,
  "faqType": null,
  "useful": 11,
  "unUseful": 1,
  "languageId": 201,
  "languageName": "tr_CN",
  "faqCode": "7716",
  "faqTypeCode": null,
  "isTop": "0",
  "moduleCode": "faq",
  "productId": null,
  "productCode": null,
  "postDate": 1412672452000,
  "seriesProductName": "7D-501L,7D-501u",
  "visitedTimes": 1354,
  "isUsefulFlag": null,
  "score": 0,
  "times": 0,
  "imageList": null,
  "displayType": "text",
  "justView": "0",
  "fileName": null,
  "filePath": null,
  "imagePath": null,
  "imageName": null,
  "productIdList": null,
  "curPage": null,
  "pageSize": null,
  "siteCode": null,
  "statusFlag": "Publish",
  "returnCode": 0,
  "totalRows": null,
  "keywords": "7D-501L,7D-501u,X13G,X14G,X1",
  "avgScore": 0.0,
  "createDate": null,
  "totalPages": null
}