{
  "type": null,
  "faqId": 15399,
  "title": "榮耀X1(7D-503LT,7D-501L,7D-503L,7D-501U)_X1宣稱2GBRAM，但是開機後看記憶體使用情況，為何已用+可用大約只有1.4G？",
  "answer": "榮耀X1使用2G RAM記憶體規格、超全高清的螢幕1200x1920。Android系統設備需要採用一定RAM記憶體用於GPU顯示、相機處理、MHL緩存、2G/3G網路通信,榮耀X1在此部分使用了600M左右RAM運行記憶體。",
  "faqTypeId": null,
  "faqType": null,
  "useful": 11,
  "unUseful": 1,
  "languageId": 201,
  "languageName": "tr_CN",
  "faqCode": "7694",
  "faqTypeCode": null,
  "isTop": "0",
  "moduleCode": "faq",
  "productId": null,
  "productCode": null,
  "postDate": 1412674100000,
  "seriesProductName": "7D-501L,7D-501u",
  "visitedTimes": 1463,
  "isUsefulFlag": null,
  "score": 0,
  "times": 0,
  "imageList": null,
  "displayType": "text",
  "justView": "0",
  "fileName": null,
  "filePath": null,
  "imagePath": null,
  "imageName": null,
  "productIdList": null,
  "curPage": null,
  "pageSize": null,
  "siteCode": null,
  "statusFlag": "Publish",
  "returnCode": 0,
  "totalRows": null,
  "keywords": "7D-501L,7D-501u,X13G,X14G,X1",
  "avgScore": 0.0,
  "createDate": null,
  "totalPages": null
}