{
  "type": null,
  "faqId": 15394,
  "title": "榮耀X1(7D-503LT,7D-501L,7D-503L,7D-501U)_SD卡座、SIM卡座損壞的情況",
  "answer": "榮耀X1僅支援標準微型SIM卡，使用非標準卡可能導致SIM卡座損壞。2） SIM卡座要按照正確的方向進行插拔，否則會導致卡槽損壞。附圖",
  "faqTypeId": null,
  "faqType": null,
  "useful": 3,
  "unUseful": 2,
  "languageId": 201,
  "languageName": "tr_CN",
  "faqCode": "7712",
  "faqTypeCode": null,
  "isTop": "0",
  "moduleCode": "faq",
  "productId": null,
  "productCode": null,
  "postDate": 1412671716000,
  "seriesProductName": "7D-501L,7D-501u",
  "visitedTimes": 815,
  "isUsefulFlag": null,
  "score": 0,
  "times": 0,
  "imageList": null,
  "displayType": "text",
  "justView": "0",
  "fileName": null,
  "filePath": null,
  "imagePath": null,
  "imageName": null,
  "productIdList": null,
  "curPage": null,
  "pageSize": null,
  "siteCode": null,
  "statusFlag": "Publish",
  "returnCode": 0,
  "totalRows": null,
  "keywords": "7D-501L,7D-501u,X13G,X14G,X1",
  "avgScore": 0.0,
  "createDate": null,
  "totalPages": null
}