{
  "type": null,
  "faqId": 15391,
  "title": "榮耀X11(7D-501L,7D-501U)_7D-501U 手機連接電腦只能看SD卡的存儲資訊，使用者需要看手機記憶體的存儲資訊",
  "answer": "選擇MTP方式就可以看到兩個盤符",
  "faqTypeId": null,
  "faqType": null,
  "useful": 5,
  "unUseful": 5,
  "languageId": 201,
  "languageName": "tr_CN",
  "faqCode": "7709",
  "faqTypeCode": null,
  "isTop": "0",
  "moduleCode": "faq",
  "productId": null,
  "productCode": null,
  "postDate": 1412670517000,
  "seriesProductName": "7D-501L,7D-501u",
  "visitedTimes": 643,
  "isUsefulFlag": null,
  "score": 0,
  "times": 0,
  "imageList": null,
  "displayType": "text",
  "justView": "0",
  "fileName": null,
  "filePath": null,
  "imagePath": null,
  "imageName": null,
  "productIdList": null,
  "curPage": null,
  "pageSize": null,
  "siteCode": null,
  "statusFlag": "Publish",
  "returnCode": 0,
  "totalRows": null,
  "keywords": "7D-501L,7D-501u,X1 4G",
  "avgScore": 0.0,
  "createDate": null,
  "totalPages": null
}