{
  "type": null,
  "faqId": 15392,
  "title": "榮耀X1(7D-501L,7D-501U)_7d-501u 短信鈴聲設置後，有短信來，提示的還是默認鈴聲B006",
  "answer": "建議用戶選擇短信鈴聲的時候排除是否沒有選擇“應用\"。如果非此問題導致並且必現，建議送檢。",
  "faqTypeId": null,
  "faqType": null,
  "useful": 2,
  "unUseful": 2,
  "languageId": 201,
  "languageName": "tr_CN",
  "faqCode": "7710",
  "faqTypeCode": null,
  "isTop": "0",
  "moduleCode": "faq",
  "productId": null,
  "productCode": null,
  "postDate": 1412671234000,
  "seriesProductName": "7D-501L,7D-501u",
  "visitedTimes": 332,
  "isUsefulFlag": null,
  "score": 0,
  "times": 0,
  "imageList": null,
  "displayType": "text",
  "justView": "0",
  "fileName": null,
  "filePath": null,
  "imagePath": null,
  "imageName": null,
  "productIdList": null,
  "curPage": null,
  "pageSize": null,
  "siteCode": null,
  "statusFlag": "Publish",
  "returnCode": 0,
  "totalRows": null,
  "keywords": "7D-501L,7D-501u,X13G,X14G",
  "avgScore": 0.0,
  "createDate": null,
  "totalPages": null
}