{
  "type": null,
  "faqId": 15395,
  "title": "榮耀X1(7D-503LT,7D-501L,7D-503L,7D-501U)_可以註冊4G網路，但無法撥通電話的問題",
  "answer": "原因：因運營商限制在僅4G模式下是無法進行語音通話的，系統預設的是4G優先模式可以接打電話，請不要在設置中（設置-->移動網路設置--->網路模式設置--->僅4G模式）中選擇“僅4G”模式。處理方式：1） 請更改設置（設置-->移動網路設置--->網路模式設置），修改為4G優先（4G/3G/2G）模式。",
  "faqTypeId": null,
  "faqType": null,
  "useful": 1,
  "unUseful": 2,
  "languageId": 201,
  "languageName": "tr_CN",
  "faqCode": "7713",
  "faqTypeCode": null,
  "isTop": "0",
  "moduleCode": "faq",
  "productId": null,
  "productCode": null,
  "postDate": 1412671940000,
  "seriesProductName": "7D-501L,7D-501u",
  "visitedTimes": 581,
  "isUsefulFlag": null,
  "score": 0,
  "times": 0,
  "imageList": null,
  "displayType": "text",
  "justView": "0",
  "fileName": null,
  "filePath": null,
  "imagePath": null,
  "imageName": null,
  "productIdList": null,
  "curPage": null,
  "pageSize": null,
  "siteCode": null,
  "statusFlag": "Publish",
  "returnCode": 0,
  "totalRows": null,
  "keywords": "7D-501L,7D-501u,X13G,X14G,X1",
  "avgScore": 0.0,
  "createDate": null,
  "totalPages": null
}