{
  "type": null,
  "faqId": 15397,
  "title": "榮耀X1(7D-503LT,7D-501L,7D-503L,7D-501U)_4G版X1裝上了4G卡後，選擇了4G網路後無法撥打電話，設置成3G網路就可以",
  "answer": "4G網路本身不能打電話，電話業務是CSFB到2G或者3G業務的。是否支持4G，不是通過通話業務判斷的，需要看下資料業務是否運行在4G上。步驟：設置-移動網路設置-網路模式選擇4G優選，不要選擇4G only\r\n\n\n",
  "faqTypeId": null,
  "faqType": null,
  "useful": 7,
  "unUseful": 2,
  "languageId": 201,
  "languageName": "tr_CN",
  "faqCode": "7715",
  "faqTypeCode": null,
  "isTop": "0",
  "moduleCode": "faq",
  "productId": null,
  "productCode": null,
  "postDate": 1412672273000,
  "seriesProductName": "7D-501L,7D-501u",
  "visitedTimes": 1085,
  "isUsefulFlag": null,
  "score": 0,
  "times": 0,
  "imageList": null,
  "displayType": "text",
  "justView": "0",
  "fileName": null,
  "filePath": null,
  "imagePath": null,
  "imageName": null,
  "productIdList": null,
  "curPage": null,
  "pageSize": null,
  "siteCode": null,
  "statusFlag": "Publish",
  "returnCode": 0,
  "totalRows": null,
  "keywords": "7D-501L,7D-501u,X13G,X14G,X1",
  "avgScore": 0.0,
  "createDate": null,
  "totalPages": null
}