{
  "type": null,
  "faqId": 15396,
  "title": "榮耀X1(7D-503LT,7D-501L,7D-503L,7D-501U)_X1前後殼縫隙大",
  "answer": "縫隙的業界的標準：前殼與金屬電池蓋最大間隙不大於0.2mm,前殼與後部上，下裝飾件最大間隙不大於0.3mm。X1 出廠標準符合業界標準（紙張厚度一般在0.1mm左右）, 後殼未扣好，重新扣合即可,如果無法自行處理, 也可以聯繫我們進廠維修\n",
  "faqTypeId": null,
  "faqType": null,
  "useful": 3,
  "unUseful": 0,
  "languageId": 201,
  "languageName": "tr_CN",
  "faqCode": "7714",
  "faqTypeCode": null,
  "isTop": "0",
  "moduleCode": "faq",
  "productId": null,
  "productCode": null,
  "postDate": 1412672087000,
  "seriesProductName": "7D-501L,7D-501u",
  "visitedTimes": 648,
  "isUsefulFlag": null,
  "score": 0,
  "times": 0,
  "imageList": null,
  "displayType": "text",
  "justView": "0",
  "fileName": null,
  "filePath": null,
  "imagePath": null,
  "imageName": null,
  "productIdList": null,
  "curPage": null,
  "pageSize": null,
  "siteCode": null,
  "statusFlag": "Publish",
  "returnCode": 0,
  "totalRows": null,
  "keywords": "7D-501L,7D-501u,X13G,X14G,X1",
  "avgScore": 0.0,
  "createDate": null,
  "totalPages": null
}