{
  "type": null,
  "faqId": 15407,
  "title": "榮耀3C 4G版(H30-L02)_與其他藍牙設備連接不上的可能原因",
  "answer": "手機能夠支持A2DP,HSP,HFP,PAN,HID,OPP,PBAP等profile；若確認連接設備也支援這些profile但仍無法連接，請參考以下情形：\r\n\r\n​ 無法搜索到其他手機\r\n\r\n解決辦法：其他手機藍牙是否已經打開，並已經處於可被搜索狀態\r\n\r\n​ 無法搜索到藍牙耳機\r\n\r\n解決辦法：請確認耳機已經處於可被搜索狀態，相關設置請參考耳機的使用手冊\r\n\r\n​ 發送檔時無法與其他手機連接\r\n\r\n解決辦法：請確認其他手機是否允許支援接收檔，或者是否支援接收該類型的檔",
  "faqTypeId": null,
  "faqType": null,
  "useful": 0,
  "unUseful": 1,
  "languageId": 201,
  "languageName": "tr_CN",
  "faqCode": "7689",
  "faqTypeCode": null,
  "isTop": "0",
  "moduleCode": "faq",
  "productId": null,
  "productCode": null,
  "postDate": 1412665183000,
  "seriesProductName": "H30-L02",
  "visitedTimes": 163,
  "isUsefulFlag": null,
  "score": 0,
  "times": 0,
  "imageList": null,
  "displayType": "text",
  "justView": "0",
  "fileName": null,
  "filePath": null,
  "imagePath": null,
  "imageName": null,
  "productIdList": null,
  "curPage": null,
  "pageSize": null,
  "siteCode": null,
  "statusFlag": "Publish",
  "returnCode": 0,
  "totalRows": null,
  "keywords": "H30-L02,H30,3C,3C-LTE",
  "avgScore": 0.0,
  "createDate": null,
  "totalPages": null
}