{
  "type": null,
  "faqId": 15405,
  "title": "荣耀3C 4G版(H30-L01,H30-L02)_连接WLAN失败的原因",
  "answer": "使用者輸入的密碼錯誤導致，所以請使用者注意大小寫字母的開啟。\r\n\r\n突然信號變弱或者熱點沒有信號，會導致連接失敗。",
  "faqTypeId": null,
  "faqType": null,
  "useful": 1,
  "unUseful": 3,
  "languageId": 201,
  "languageName": "tr_CN",
  "faqCode": "7701",
  "faqTypeCode": null,
  "isTop": "0",
  "moduleCode": "faq",
  "productId": null,
  "productCode": null,
  "postDate": 1412664853000,
  "seriesProductName": "H30-L02",
  "visitedTimes": 187,
  "isUsefulFlag": null,
  "score": 0,
  "times": 0,
  "imageList": null,
  "displayType": "text",
  "justView": "0",
  "fileName": null,
  "filePath": null,
  "imagePath": null,
  "imageName": null,
  "productIdList": null,
  "curPage": null,
  "pageSize": null,
  "siteCode": null,
  "statusFlag": "Publish",
  "returnCode": 0,
  "totalRows": null,
  "keywords": "H30-L02,H30,3C,3C-LTE",
  "avgScore": 0.0,
  "createDate": null,
  "totalPages": null
}