{
  "type": null,
  "faqId": 15404,
  "title": "榮耀3C 4G版 (H30-L01,H30-L02)_線上升級失敗",
  "answer": "確認手機是否是在ROOT後，卸載了系統預製的應用。如果是，則需要通過SD卡升級版本,可以到官網選擇需要下載的版本後,進行SD卡升級",
  "faqTypeId": null,
  "faqType": null,
  "useful": 9,
  "unUseful": 6,
  "languageId": 201,
  "languageName": "tr_CN",
  "faqCode": "7687",
  "faqTypeCode": null,
  "isTop": "0",
  "moduleCode": "faq",
  "productId": null,
  "productCode": null,
  "postDate": 1412664456000,
  "seriesProductName": "H30-L02",
  "visitedTimes": 500,
  "isUsefulFlag": null,
  "score": 0,
  "times": 0,
  "imageList": null,
  "displayType": "text",
  "justView": "0",
  "fileName": null,
  "filePath": null,
  "imagePath": null,
  "imageName": null,
  "productIdList": null,
  "curPage": null,
  "pageSize": null,
  "siteCode": null,
  "statusFlag": "Publish",
  "returnCode": 0,
  "totalRows": null,
  "keywords": "H30-L02,H30,3C,3C-LTE",
  "avgScore": 0.0,
  "createDate": null,
  "totalPages": null
}