{
  "type": null,
  "faqId": 15408,
  "title": "榮耀3C 4G版 (H30-L02)_插有sd卡的手機，進入到相機進行拍照或拍視頻時，照片或視頻無法保存",
  "answer": "拍照或錄影後無法查看照片及視頻，請指導使用者在相機的設置選項中，將預設存儲切換至內部存儲，再次進行拍照或錄影，再查看照片或錄影是否可查看。如果可以正常查看，就應該是使用者使用的外置存儲卡有問題，建議更換存儲卡再試。",
  "faqTypeId": null,
  "faqType": null,
  "useful": 1,
  "unUseful": 0,
  "languageId": 201,
  "languageName": "tr_CN",
  "faqCode": "7690",
  "faqTypeCode": null,
  "isTop": "0",
  "moduleCode": "faq",
  "productId": null,
  "productCode": null,
  "postDate": 1412665311000,
  "seriesProductName": "H30-L02",
  "visitedTimes": 234,
  "isUsefulFlag": null,
  "score": 0,
  "times": 0,
  "imageList": null,
  "displayType": "text",
  "justView": "0",
  "fileName": null,
  "filePath": null,
  "imagePath": null,
  "imageName": null,
  "productIdList": null,
  "curPage": null,
  "pageSize": null,
  "siteCode": null,
  "statusFlag": "Publish",
  "returnCode": 0,
  "totalRows": null,
  "keywords": "H30-L02,H30,3C,3C-LTE",
  "avgScore": 0.0,
  "createDate": null,
  "totalPages": null
}