{
  "type": null,
  "faqId": 15401,
  "title": "榮耀3C 4G版 (H30-L01,H30-L02)_H30-L在插入耳機後提示非標配耳機，不匹配",
  "answer": "插入較慢，或先插入三節，過一兩秒再插入最後一節，會有這樣的情況；會先上報非標，提示可能不匹配，完全插入後，再上報正常標配，耳機功能是正常的。建議用戶檢查耳機是否完全插入。或者是否插入速度太慢。",
  "faqTypeId": null,
  "faqType": null,
  "useful": 1,
  "unUseful": 2,
  "languageId": 201,
  "languageName": "tr_CN",
  "faqCode": "7683",
  "faqTypeCode": null,
  "isTop": "0",
  "moduleCode": "faq",
  "productId": null,
  "productCode": null,
  "postDate": 1412663547000,
  "seriesProductName": "H30-L02",
  "visitedTimes": 133,
  "isUsefulFlag": null,
  "score": 0,
  "times": 0,
  "imageList": null,
  "displayType": "text",
  "justView": "0",
  "fileName": null,
  "filePath": null,
  "imagePath": null,
  "imageName": null,
  "productIdList": null,
  "curPage": null,
  "pageSize": null,
  "siteCode": null,
  "statusFlag": "Publish",
  "returnCode": 0,
  "totalRows": null,
  "keywords": "H30-L02,H30,3C,3C-LTE",
  "avgScore": 0.0,
  "createDate": null,
  "totalPages": null
}