{
  "type": null,
  "faqId": 15406,
  "title": "荣耀3C 4G版(H30-L01,H30-L02)_无法搜索到WLAN信号",
  "answer": "開啟WLAN後,無法搜索到無線路由器的WLAN信號，其他設備搜索WLAN 信號正常,如何處理?\r\n\r\n​ 確定無線路由器SSID 是否隱藏。\r\n\r\n​ 重新關閉再開啟WLAN。\r\n\r\n​ 重啟手機。",
  "faqTypeId": null,
  "faqType": null,
  "useful": 0,
  "unUseful": 0,
  "languageId": 201,
  "languageName": "tr_CN",
  "faqCode": "7702",
  "faqTypeCode": null,
  "isTop": "0",
  "moduleCode": "faq",
  "productId": null,
  "productCode": null,
  "postDate": 1412665037000,
  "seriesProductName": "H30-L02",
  "visitedTimes": 184,
  "isUsefulFlag": null,
  "score": 0,
  "times": 0,
  "imageList": null,
  "displayType": "text",
  "justView": "0",
  "fileName": null,
  "filePath": null,
  "imagePath": null,
  "imageName": null,
  "productIdList": null,
  "curPage": null,
  "pageSize": null,
  "siteCode": null,
  "statusFlag": "Publish",
  "returnCode": 0,
  "totalRows": null,
  "keywords": "H30-L02,H30,3C,3C-LTE",
  "avgScore": 0.0,
  "createDate": null,
  "totalPages": null
}