{
  "type": null,
  "faqId": 15409,
  "title": "荣耀3C 4G版(H30-L01,H30-L02)_是否支持FM收音机？收音机如何保存手动搜索到的频道？",
  "answer": "支持FM收音機。\r\n\r\n選擇手動輸入頻道，手動輸入的頻率會自動保存在頻道清單中，點擊搜索上一個頻道或者下一個頻道搜索到的頻道不會保存。\r\n\n![](http://app.huawei.com/tkb/ha-i/18d2f_gexh1.jpg) ![](http://app.huawei.com/tkb/ha-i/18d30_qu57p.jpg)",
  "faqTypeId": null,
  "faqType": null,
  "useful": 1,
  "unUseful": 0,
  "languageId": 201,
  "languageName": "tr_CN",
  "faqCode": "7703",
  "faqTypeCode": null,
  "isTop": "0",
  "moduleCode": "faq",
  "productId": null,
  "productCode": null,
  "postDate": 1412665566000,
  "seriesProductName": "H30-L02",
  "visitedTimes": 139,
  "isUsefulFlag": null,
  "score": 0,
  "times": 0,
  "imageList": null,
  "displayType": "text",
  "justView": "0",
  "fileName": null,
  "filePath": null,
  "imagePath": null,
  "imageName": null,
  "productIdList": null,
  "curPage": null,
  "pageSize": null,
  "siteCode": null,
  "statusFlag": "Publish",
  "returnCode": 0,
  "totalRows": null,
  "keywords": "H30-L02,H30,3C,3C-LTE",
  "avgScore": 0.0,
  "createDate": null,
  "totalPages": null
}