{
  "type": null,
  "faqId": 15403,
  "title": "榮耀3C 4G版(H30-L01,H30-L02)_支援哪些語言？如何更改手機語言？",
  "answer": "支援43種語言 \r\n\r\n包括：簡體中文、英語、歐洲西語、歐洲葡語、法語、德語、俄語、義大利、香港繁體、臺灣繁體、日語、拉美西語、巴西葡語、瑞典、挪威、丹麥、捷克、匈牙利、斯洛伐克、波蘭、羅馬尼亞、希臘、塞爾維亞、波士尼亞、馬其頓、保加利亞、芬蘭、愛沙尼亞、拉脫維亞、立陶宛、斯洛文尼亞、克羅地亞語、烏克蘭、土耳其、越南、印尼、阿拉伯、波斯語、荷蘭語、泰語、馬來西亞、加泰羅尼亞、印地； \r\n\r\n在主螢幕， 選擇設置 > 語言和輸入法 > 語言，在語言清單中選擇即可。 \r\n\r\n![](http://app.huawei.com/tkb/ha-i/18d42_kbzq9.jpg) ![](http://app.huawei.com/tkb/ha-i/18d43_ubgnp.jpg) ![](http://app.huawei.com/tkb/ha-i/18d44_0uv8g.jpg)",
  "faqTypeId": null,
  "faqType": null,
  "useful": 1,
  "unUseful": 2,
  "languageId": 201,
  "languageName": "tr_CN",
  "faqCode": "7685",
  "faqTypeCode": null,
  "isTop": "0",
  "moduleCode": "faq",
  "productId": null,
  "productCode": null,
  "postDate": 1412664131000,
  "seriesProductName": "H30-L02",
  "visitedTimes": 146,
  "isUsefulFlag": null,
  "score": 0,
  "times": 0,
  "imageList": null,
  "displayType": "text",
  "justView": "0",
  "fileName": null,
  "filePath": null,
  "imagePath": null,
  "imageName": null,
  "productIdList": null,
  "curPage": null,
  "pageSize": null,
  "siteCode": null,
  "statusFlag": "Publish",
  "returnCode": 0,
  "totalRows": null,
  "keywords": "H30-L02,H30,3C,3C-LTE",
  "avgScore": 0.0,
  "createDate": null,
  "totalPages": null
}