{
  "type": null,
  "faqId": 15402,
  "title": "榮耀3C 4G版 (H30-L01,H30-L02)_H30-L下拉狀態列後能在螢幕上看到其他圖示的影子，模糊的樣子",
  "answer": "這個是UI設計的半透效果，所有榮耀3C 4G版都是這麼設計的",
  "faqTypeId": null,
  "faqType": null,
  "useful": 3,
  "unUseful": 0,
  "languageId": 201,
  "languageName": "tr_CN",
  "faqCode": "7684",
  "faqTypeCode": null,
  "isTop": "0",
  "moduleCode": "faq",
  "productId": null,
  "productCode": null,
  "postDate": 1412663945000,
  "seriesProductName": "H30-L02",
  "visitedTimes": 90,
  "isUsefulFlag": null,
  "score": 0,
  "times": 0,
  "imageList": null,
  "displayType": "text",
  "justView": "0",
  "fileName": null,
  "filePath": null,
  "imagePath": null,
  "imageName": null,
  "productIdList": null,
  "curPage": null,
  "pageSize": null,
  "siteCode": null,
  "statusFlag": "Publish",
  "returnCode": 0,
  "totalRows": null,
  "keywords": "H30-L02,H30,3C,3C-LTE",
  "avgScore": 0.0,
  "createDate": null,
  "totalPages": null
}