{
  "type": null,
  "faqId": 15412,
  "title": "榮耀3C 4G版(H30-L01,H30-L02)_是否支援OTG功能？如何使用？",
  "answer": "H30 不支持OTG。",
  "faqTypeId": null,
  "faqType": null,
  "useful": 11,
  "unUseful": 2,
  "languageId": 201,
  "languageName": "tr_CN",
  "faqCode": "7693",
  "faqTypeCode": null,
  "isTop": "0",
  "moduleCode": "faq",
  "productId": null,
  "productCode": null,
  "postDate": 1412667142000,
  "seriesProductName": "H30-U10",
  "visitedTimes": 722,
  "isUsefulFlag": null,
  "score": 0,
  "times": 0,
  "imageList": null,
  "displayType": "text",
  "justView": "0",
  "fileName": null,
  "filePath": null,
  "imagePath": null,
  "imageName": null,
  "productIdList": null,
  "curPage": null,
  "pageSize": null,
  "siteCode": null,
  "statusFlag": "Publish",
  "returnCode": 0,
  "totalRows": null,
  "keywords": "H30-U10,H30,3C,3C-LTE",
  "avgScore": 0.0,
  "createDate": null,
  "totalPages": null
}