{
  "type": null,
  "faqId": 15411,
  "title": "榮耀3C 4G版(H30-L01,H30-L02)_連續輸錯幾次圖形鎖後手機是否會被鎖死？忘記圖案如何解鎖，能否通過GMAIL郵件解鎖",
  "answer": "連續輸錯幾次圖形鎖後手機是否會有提示，不會被鎖死，但會延遲下一次的嘗試時間。\r\n\r\n忘記圖案請送到客戶服務部解鎖或重新刷版本，在這款手機上不能通過Gmail郵件解鎖。",
  "faqTypeId": null,
  "faqType": null,
  "useful": 5,
  "unUseful": 2,
  "languageId": 201,
  "languageName": "tr_CN",
  "faqCode": "7707",
  "faqTypeCode": null,
  "isTop": "0",
  "moduleCode": "faq",
  "productId": null,
  "productCode": null,
  "postDate": 1412666955000,
  "seriesProductName": "H30-L02",
  "visitedTimes": 488,
  "isUsefulFlag": null,
  "score": 0,
  "times": 0,
  "imageList": null,
  "displayType": "text",
  "justView": "0",
  "fileName": null,
  "filePath": null,
  "imagePath": null,
  "imageName": null,
  "productIdList": null,
  "curPage": null,
  "pageSize": null,
  "siteCode": null,
  "statusFlag": "Publish",
  "returnCode": 0,
  "totalRows": null,
  "keywords": "H30-L02,H30,3C,3C-LTE",
  "avgScore": 0.0,
  "createDate": null,
  "totalPages": null
}