{
  "type": null,
  "faqId": 15410,
  "title": "榮耀3C 4G版(H30-L01,H30-L02)_通過WLAN 連接網路有時打不開網頁",
  "answer": "原因如下：\r\n\r\n​ xDSL撥號失敗。如果連接的熱點（比如無線路由器），使用xDSL方式連接Internet，xDSL撥號失敗時，會導致無法上網。保證xDSL撥號成功後再進行嘗試。\r\n\r\n​ DNS功能變數名稱解析問題。如果無法打開網頁，QQ可以登錄使用，說明DNS功能變數名稱解析有問題。（驗證一下能否配置DNS）。\r\n\r\n​ WLAN 熱點訪問限制。如果當前連接的熱點本身處於訪問受限狀態，手機將不能訪問網頁。",
  "faqTypeId": null,
  "faqType": null,
  "useful": 0,
  "unUseful": 2,
  "languageId": 201,
  "languageName": "tr_CN",
  "faqCode": "7704",
  "faqTypeCode": null,
  "isTop": "0",
  "moduleCode": "faq",
  "productId": null,
  "productCode": null,
  "postDate": 1412665830000,
  "seriesProductName": "H30-L02",
  "visitedTimes": 344,
  "isUsefulFlag": null,
  "score": 0,
  "times": 0,
  "imageList": null,
  "displayType": "text",
  "justView": "0",
  "fileName": null,
  "filePath": null,
  "imagePath": null,
  "imageName": null,
  "productIdList": null,
  "curPage": null,
  "pageSize": null,
  "siteCode": null,
  "statusFlag": "Publish",
  "returnCode": 0,
  "totalRows": null,
  "keywords": "H30-L02,H30,3C,3C-LTE",
  "avgScore": 0.0,
  "createDate": null,
  "totalPages": null
}