{
  "type": null,
  "faqId": 15422,
  "title": "榮耀X1(7D-503LT,7D-501L,7D-503L,7D-501U)_用戶回饋無法充電到100%,或是充電96%就不動了",
  "answer": " 使用標配充電器2.將電放光到自動關機，再充滿電到100%持續2小時，再放光電到自動關機，最後充滿,如果遲遲都無法充飽,應該是電源控制模組或電池出現問題,則應該聯絡我們進廠進行檢修",
  "faqTypeId": null,
  "faqType": null,
  "useful": 10,
  "unUseful": 5,
  "languageId": 201,
  "languageName": "tr_CN",
  "faqCode": "7718",
  "faqTypeCode": null,
  "isTop": "0",
  "moduleCode": "faq",
  "productId": null,
  "productCode": null,
  "postDate": 1412673872000,
  "seriesProductName": "7D-501L,7D-501u",
  "visitedTimes": 1257,
  "isUsefulFlag": null,
  "score": 0,
  "times": 0,
  "imageList": null,
  "displayType": "text",
  "justView": "0",
  "fileName": null,
  "filePath": null,
  "imagePath": null,
  "imageName": null,
  "productIdList": null,
  "curPage": null,
  "pageSize": null,
  "siteCode": null,
  "statusFlag": "Publish",
  "returnCode": 0,
  "totalRows": null,
  "keywords": "7D-501L,7D-501u,X13G,X14G,X1",
  "avgScore": 0.0,
  "createDate": null,
  "totalPages": null
}