{
  "type": null,
  "faqId": 15421,
  "title": "榮耀X1(7D-503LT,7D-501L,7D-503L,7D-501U)_搭配的手寫筆，哪種型號的手寫筆可以支持？3G版/4G版",
  "answer": "支持電容筆。沒有具體的型號要求。建議到賣場測試沒問題後再買",
  "faqTypeId": null,
  "faqType": null,
  "useful": 2,
  "unUseful": 0,
  "languageId": 201,
  "languageName": "tr_CN",
  "faqCode": "7717",
  "faqTypeCode": null,
  "isTop": "0",
  "moduleCode": "faq",
  "productId": null,
  "productCode": null,
  "postDate": 1412673716000,
  "seriesProductName": "7D-501L,7D-501u",
  "visitedTimes": 691,
  "isUsefulFlag": null,
  "score": 0,
  "times": 0,
  "imageList": null,
  "displayType": "text",
  "justView": "0",
  "fileName": null,
  "filePath": null,
  "imagePath": null,
  "imageName": null,
  "productIdList": null,
  "curPage": null,
  "pageSize": null,
  "siteCode": null,
  "statusFlag": "Publish",
  "returnCode": 0,
  "totalRows": null,
  "keywords": "7D-501L,7D-501u,X13G,X14G,X1",
  "avgScore": 0.0,
  "createDate": null,
  "totalPages": null
}