{
  "type": null,
  "faqId": 13381,
  "title": "Comment ajouter ou supprimer un écran ?",
  "answer": "Sur l'écran d'accueil,  \r\n rapprochez les doigts pour afficher les vignettes. Vous pouvez ensuite ajouter ou supprimer un écran. \r\n\r\n ![](http://consumer.huawei.com/support/servlet/imageServlet?dlType=HtmlAreaImage&imageId=40228)  \r\n\r\nLe P6 ne prend pas en  \r\n charge les écrans 3D.",
  "faqTypeId": null,
  "faqType": null,
  "useful": 3,
  "unUseful": 0,
  "languageId": 4,
  "languageName": "fr",
  "faqCode": "4481",
  "faqTypeCode": null,
  "isTop": "0",
  "moduleCode": "faq",
  "productId": null,
  "productCode": null,
  "postDate": 1404230946000,
  "seriesProductName": "EDGE-U00",
  "visitedTimes": 241,
  "isUsefulFlag": null,
  "score": 0,
  "times": 0,
  "imageList": null,
  "displayType": "text",
  "justView": "0",
  "fileName": null,
  "filePath": null,
  "imagePath": null,
  "imageName": null,
  "productIdList": null,
  "curPage": null,
  "pageSize": null,
  "siteCode": null,
  "statusFlag": "Publish",
  "returnCode": 0,
  "totalRows": null,
  "keywords": "écran",
  "avgScore": 0.0,
  "createDate": null,
  "totalPages": null
}