{
  "type": null,
  "faqId": 13483,
  "title": "Le téléphone n’est pas détecté par d’autres appareils. Pourquoi ? Que puis-je faire ?",
  "answer": " l   La fonction Bluetooth est désactivée. \r\n\r\n Pour résoudre ce problème, touchez **Paramètres **> **Tous** et activez Bluetooth. \r\n\r\n\n![](http://consumer.huawei.com/support/servlet/imageServlet?dlType=HtmlAreaImage&imageId=41053)![](http://consumer.huawei.com/support/servlet/imageServlet?dlType=HtmlAreaImage&imageId=41052)![](http://consumer.huawei.com/support/servlet/imageServlet?dlType=HtmlAreaImage&imageId=41051)",
  "faqTypeId": null,
  "faqType": null,
  "useful": 0,
  "unUseful": 11,
  "languageId": 4,
  "languageName": "fr",
  "faqCode": "4633",
  "faqTypeCode": null,
  "isTop": "0",
  "moduleCode": "faq",
  "productId": null,
  "productCode": null,
  "postDate": 1404828260000,
  "seriesProductName": "G510-0100",
  "visitedTimes": 184,
  "isUsefulFlag": null,
  "score": 0,
  "times": 0,
  "imageList": null,
  "displayType": "text",
  "justView": "0",
  "fileName": null,
  "filePath": null,
  "imagePath": null,
  "imageName": null,
  "productIdList": null,
  "curPage": null,
  "pageSize": null,
  "siteCode": null,
  "statusFlag": "Publish",
  "returnCode": 0,
  "totalRows": null,
  "keywords": null,
  "avgScore": 0.0,
  "createDate": null,
  "totalPages": null
}