{
  "type": null,
  "faqId": 13504,
  "title": "Comment utiliser le Wi-Fi pour accéder à Internet ?",
  "answer": " Touchez **Paramètres**. Dans **SANS FIL ET RÉSEAUX**, activez le **WLAN**. \r\n\n![](http://consumer.huawei.com/support/servlet/imageServlet?dlType=HtmlAreaImage&imageId=41045) \n\r\n\r\n Lorsque **WLAN** est activé, le téléphone recherche les points d'accès disponibles. Touchez le point d'accès auquel vous souhaitez vous connecter, saisissez le mot de passe lorsque vous y êtes invité, et touchez **Connecter**. Une fois le téléphone connecté au point d'accès, vous pouvez accéder à Internet.",
  "faqTypeId": null,
  "faqType": null,
  "useful": 1,
  "unUseful": 9,
  "languageId": 4,
  "languageName": "fr",
  "faqCode": "4626",
  "faqTypeCode": null,
  "isTop": "0",
  "moduleCode": "faq",
  "productId": null,
  "productCode": null,
  "postDate": 1404826056000,
  "seriesProductName": "EDGE-U00",
  "visitedTimes": 297,
  "isUsefulFlag": null,
  "score": 0,
  "times": 0,
  "imageList": null,
  "displayType": "text",
  "justView": "0",
  "fileName": null,
  "filePath": null,
  "imagePath": null,
  "imageName": null,
  "productIdList": null,
  "curPage": null,
  "pageSize": null,
  "siteCode": null,
  "statusFlag": "Publish",
  "returnCode": 0,
  "totalRows": null,
  "keywords": null,
  "avgScore": 0.0,
  "createDate": null,
  "totalPages": null
}