{
  "type": null,
  "faqId": 13502,
  "title": "Le téléphone ne peut pas ouvrir certaines photos ou vidéos. Pourquoi ?",
  "answer": " l   Le téléphone ne prend pas en charge le format de fichier.   \r\n l  La mémoire RAM du téléphone est insuffisante. \r\n\r\n l  Le fichier est endommagé. \r\n\r\n l  Le fichier est protégé par des droits d'auteur. \r\n\r\n l  L'utilisation du processeur du téléphone est élevée. Fermez des applications tierces ouvertes et réessayez. \r\n\r\n l  Des erreurs inconnues se sont produites dans le SE ou des applications du téléphone. Redémarrez le téléphone et réessayez.",
  "faqTypeId": null,
  "faqType": null,
  "useful": 1,
  "unUseful": 3,
  "languageId": 4,
  "languageName": "fr",
  "faqCode": "4623",
  "faqTypeCode": null,
  "isTop": "0",
  "moduleCode": "faq",
  "productId": null,
  "productCode": null,
  "postDate": 1404825288000,
  "seriesProductName": "EDGE-U00",
  "visitedTimes": 163,
  "isUsefulFlag": null,
  "score": 0,
  "times": 0,
  "imageList": null,
  "displayType": "text",
  "justView": "0",
  "fileName": null,
  "filePath": null,
  "imagePath": null,
  "imageName": null,
  "productIdList": null,
  "curPage": null,
  "pageSize": null,
  "siteCode": null,
  "statusFlag": "Publish",
  "returnCode": 0,
  "totalRows": null,
  "keywords": null,
  "avgScore": 0.0,
  "createDate": null,
  "totalPages": null
}