{
  "type": null,
  "faqId": 13515,
  "title": "La connexion Wi-Fi du téléphone se déconnecte constamment. Que puis-je faire ?",
  "answer": " Vérifiez les paramètres de veille Wi-Fi du téléphone. Si vous ne souhaitez pas que votre connexion Wi-Fi soit désactivée, sélectionnez **Toujours**. \r\n\r\n l  **Jamais (utilise plus de données)** : désactive la connexion Wi-Fi 15 minutes après la désactivation de l'écran de votre téléphone. \r\n\r\n l  **Uniquement si l’appareil est branché** : ne désactive jamais une connexion Wi-Fi lorsque la batterie est en charge. \r\n\r\n l  **Toujours** : ne déconnecte jamais une connexion Wi-Fi.",
  "faqTypeId": null,
  "faqType": null,
  "useful": 2,
  "unUseful": 1,
  "languageId": 4,
  "languageName": "fr",
  "faqCode": "4636",
  "faqTypeCode": null,
  "isTop": "0",
  "moduleCode": "faq",
  "productId": null,
  "productCode": null,
  "postDate": 1404829280000,
  "seriesProductName": "G510-0100",
  "visitedTimes": 211,
  "isUsefulFlag": null,
  "score": 0,
  "times": 0,
  "imageList": null,
  "displayType": "text",
  "justView": "0",
  "fileName": null,
  "filePath": null,
  "imagePath": null,
  "imageName": null,
  "productIdList": null,
  "curPage": null,
  "pageSize": null,
  "siteCode": null,
  "statusFlag": "Publish",
  "returnCode": 0,
  "totalRows": null,
  "keywords": null,
  "avgScore": 0.0,
  "createDate": null,
  "totalPages": null
}