{
  "type": null,
  "faqId": 13514,
  "title": "Le téléphone est connecté à un point d’accès, mais ne peut pas accéder à Internet. Pourquoi ?",
  "answer": " l   Le SSID du réseau et le mot de passe ont été modifiés. \r\n\r\n l   Votre solde est insuffisant. \r\n\r\n l   Vous êtes en dehors de la zone de couverture du point d’accès Wi-Fi.",
  "faqTypeId": null,
  "faqType": null,
  "useful": 1,
  "unUseful": 13,
  "languageId": 4,
  "languageName": "fr",
  "faqCode": "4635",
  "faqTypeCode": null,
  "isTop": "0",
  "moduleCode": "faq",
  "productId": null,
  "productCode": null,
  "postDate": 1404829174000,
  "seriesProductName": "G510-0100",
  "visitedTimes": 218,
  "isUsefulFlag": null,
  "score": 0,
  "times": 0,
  "imageList": null,
  "displayType": "text",
  "justView": "0",
  "fileName": null,
  "filePath": null,
  "imagePath": null,
  "imageName": null,
  "productIdList": null,
  "curPage": null,
  "pageSize": null,
  "siteCode": null,
  "statusFlag": "Publish",
  "returnCode": 0,
  "totalRows": null,
  "keywords": null,
  "avgScore": 0.0,
  "createDate": null,
  "totalPages": null
}