{
  "type": null,
  "faqId": 13512,
  "title": "Impossible d’ouvrir certaines photos ou certains clips vidéo. Pourquoi ?",
  "answer": " l   Le téléphone ne prend pas en charge le format du fichier. \r\n\r\n l   La mémoire du téléphone est insuffisante. \r\n\r\n l   Le fichier est endommagé. \r\n\r\n l   Le fichier est protégé par des droits d’auteur. \r\n\r\n l   Le téléphone ne dispose pas de ressources suffisantes. Fermez des applications tierces ouvertes et réessayez. \r\n\r\n l   Une erreur inconnue s’est produite dans l’**appareil photo** ou le système d’exploitation du téléphone. Il s’agit d’un cas exceptionnel. Redémarrez le téléphone et réessayez.",
  "faqTypeId": null,
  "faqType": null,
  "useful": 1,
  "unUseful": 0,
  "languageId": 4,
  "languageName": "fr",
  "faqCode": "4632",
  "faqTypeCode": null,
  "isTop": "0",
  "moduleCode": "faq",
  "productId": null,
  "productCode": null,
  "postDate": 1404828004000,
  "seriesProductName": "G510-0100",
  "visitedTimes": 191,
  "isUsefulFlag": null,
  "score": 0,
  "times": 0,
  "imageList": null,
  "displayType": "text",
  "justView": "0",
  "fileName": null,
  "filePath": null,
  "imagePath": null,
  "imageName": null,
  "productIdList": null,
  "curPage": null,
  "pageSize": null,
  "siteCode": null,
  "statusFlag": "Publish",
  "returnCode": 0,
  "totalRows": null,
  "keywords": null,
  "avgScore": 0.0,
  "createDate": null,
  "totalPages": null
}