{
  "type": null,
  "faqId": 13532,
  "title": "La mémoire interne du téléphone devient-elle insuffisante lorsqu'un contenu multimédia est lu en continu ?",
  "answer": " Non. Pendant la lecture, le contenu multimédia lu en ligne utilise la mémoire vive du téléphone (RAM) et non pas sa mémoire interne.",
  "faqTypeId": null,
  "faqType": null,
  "useful": 1,
  "unUseful": 1,
  "languageId": 4,
  "languageName": "fr",
  "faqCode": "4704",
  "faqTypeCode": null,
  "isTop": "0",
  "moduleCode": "faq",
  "productId": null,
  "productCode": null,
  "postDate": 1404913826000,
  "seriesProductName": "",
  "visitedTimes": 136,
  "isUsefulFlag": null,
  "score": 0,
  "times": 0,
  "imageList": null,
  "displayType": "text",
  "justView": "0",
  "fileName": null,
  "filePath": null,
  "imagePath": null,
  "imageName": null,
  "productIdList": null,
  "curPage": null,
  "pageSize": null,
  "siteCode": null,
  "statusFlag": "Publish",
  "returnCode": 0,
  "totalRows": null,
  "keywords": null,
  "avgScore": 0.0,
  "createDate": null,
  "totalPages": null
}