{
  "type": null,
  "faqId": 13531,
  "title": "Quelles sont les restrictions de taille, de format ou de résolution d'un fichier joint à un message multimédia ?",
  "answer": " l   La taille maximale d'un fichier audio ou vidéo joint à un message multimédia est de 300 Ko. \r\n\r\n l   Si une image est trop volumineuse, elle est automatiquement compressée pour être jointe au message. Par conséquent, la résolution de l'image est réduite afin de la joindre au message.",
  "faqTypeId": null,
  "faqType": null,
  "useful": 2,
  "unUseful": 3,
  "languageId": 4,
  "languageName": "fr",
  "faqCode": "4670",
  "faqTypeCode": null,
  "isTop": "0",
  "moduleCode": "faq",
  "productId": null,
  "productCode": null,
  "postDate": 1404912518000,
  "seriesProductName": "",
  "visitedTimes": 105,
  "isUsefulFlag": null,
  "score": 0,
  "times": 0,
  "imageList": null,
  "displayType": "text",
  "justView": "0",
  "fileName": null,
  "filePath": null,
  "imagePath": null,
  "imageName": null,
  "productIdList": null,
  "curPage": null,
  "pageSize": null,
  "siteCode": null,
  "statusFlag": "Publish",
  "returnCode": 0,
  "totalRows": null,
  "keywords": null,
  "avgScore": 0.0,
  "createDate": null,
  "totalPages": null
}