{
  "type": null,
  "faqId": 13549,
  "title": "Pourquoi est-il impossible d'accéder à Internet alors que le téléphone est connecté à un point d'accès Wi-Fi ?",
  "answer": " l   Le SSID et le mot de passe réseau ont été modifiés. \r\n\r\n l   Votre solde est insuffisant. \r\n\r\n l   Vous êtes en dehors de la zone de couverture du point d'accès Wi-Fi. \r\n\r\n l   L'accès au point d'accès Wi-Fi est limité.",
  "faqTypeId": null,
  "faqType": null,
  "useful": 4,
  "unUseful": 9,
  "languageId": 4,
  "languageName": "fr",
  "faqCode": "4674",
  "faqTypeCode": null,
  "isTop": "0",
  "moduleCode": "faq",
  "productId": null,
  "productCode": null,
  "postDate": 1404916106000,
  "seriesProductName": "",
  "visitedTimes": 247,
  "isUsefulFlag": null,
  "score": 0,
  "times": 0,
  "imageList": null,
  "displayType": "text",
  "justView": "0",
  "fileName": null,
  "filePath": null,
  "imagePath": null,
  "imageName": null,
  "productIdList": null,
  "curPage": null,
  "pageSize": null,
  "siteCode": null,
  "statusFlag": "Publish",
  "returnCode": 0,
  "totalRows": null,
  "keywords": null,
  "avgScore": 0.0,
  "createDate": null,
  "totalPages": null
}