{
  "type": null,
  "faqId": 13546,
  "title": "Est-il possible d'utiliser le Bluetooth pour synchroniser les données avec un ordinateur ?",
  "answer": " Oui. Pour ce faire, vous devez installer une carte Bluetooth sur le PC, activer la carte, cliquer deux fois sur l'outil de recherche d'équipements, PC et téléphones mobiles distants couplés pour transférer des fichiers.",
  "faqTypeId": null,
  "faqType": null,
  "useful": 4,
  "unUseful": 5,
  "languageId": 4,
  "languageName": "fr",
  "faqCode": "4706",
  "faqTypeCode": null,
  "isTop": "0",
  "moduleCode": "faq",
  "productId": null,
  "productCode": null,
  "postDate": 1404913927000,
  "seriesProductName": "",
  "visitedTimes": 352,
  "isUsefulFlag": null,
  "score": 0,
  "times": 0,
  "imageList": null,
  "displayType": "text",
  "justView": "0",
  "fileName": null,
  "filePath": null,
  "imagePath": null,
  "imageName": null,
  "productIdList": null,
  "curPage": null,
  "pageSize": null,
  "siteCode": null,
  "statusFlag": "Publish",
  "returnCode": 0,
  "totalRows": null,
  "keywords": null,
  "avgScore": 0.0,
  "createDate": null,
  "totalPages": null
}