{
  "type": null,
  "faqId": 13545,
  "title": "Les fichiers peuvent-ils être transmis en Bluetooth ?",
  "answer": " Les images, les fichiers audio, vidéos, texte, les pages Internet et les contacts peuvent être transmis en Bluetooth.",
  "faqTypeId": null,
  "faqType": null,
  "useful": 0,
  "unUseful": 0,
  "languageId": 4,
  "languageName": "fr",
  "faqCode": "4705",
  "faqTypeCode": null,
  "isTop": "0",
  "moduleCode": "faq",
  "productId": null,
  "productCode": null,
  "postDate": 1404913879000,
  "seriesProductName": "",
  "visitedTimes": 122,
  "isUsefulFlag": null,
  "score": 0,
  "times": 0,
  "imageList": null,
  "displayType": "text",
  "justView": "0",
  "fileName": null,
  "filePath": null,
  "imagePath": null,
  "imageName": null,
  "productIdList": null,
  "curPage": null,
  "pageSize": null,
  "siteCode": null,
  "statusFlag": "Publish",
  "returnCode": 0,
  "totalRows": null,
  "keywords": null,
  "avgScore": 0.0,
  "createDate": null,
  "totalPages": null
}