{
  "type": null,
  "faqId": 13544,
  "title": "Pourquoi le téléphone ne parvient-il pas à lire certains contenus multimédia en streaming ?",
  "answer": " l   Le téléphone n'est pas compatible avec le format de multimédia en continu. \r\n\r\n l   Le réseau est instable. \r\n\r\n l   La mémoire vive (RAM) du téléphone est insuffisante.",
  "faqTypeId": null,
  "faqType": null,
  "useful": 0,
  "unUseful": 0,
  "languageId": 4,
  "languageName": "fr",
  "faqCode": "4672",
  "faqTypeCode": null,
  "isTop": "0",
  "moduleCode": "faq",
  "productId": null,
  "productCode": null,
  "postDate": 1404913754000,
  "seriesProductName": "",
  "visitedTimes": 82,
  "isUsefulFlag": null,
  "score": 0,
  "times": 0,
  "imageList": null,
  "displayType": "text",
  "justView": "0",
  "fileName": null,
  "filePath": null,
  "imagePath": null,
  "imageName": null,
  "productIdList": null,
  "curPage": null,
  "pageSize": null,
  "siteCode": null,
  "statusFlag": "Publish",
  "returnCode": 0,
  "totalRows": null,
  "keywords": null,
  "avgScore": 0.0,
  "createDate": null,
  "totalPages": null
}