{
  "type": null,
  "faqId": 13542,
  "title": "Le téléphone prend-il en charge les appels vidéo ?",
  "answer": " Non.",
  "faqTypeId": null,
  "faqType": null,
  "useful": 5,
  "unUseful": 2,
  "languageId": 4,
  "languageName": "fr",
  "faqCode": "4703",
  "faqTypeCode": null,
  "isTop": "0",
  "moduleCode": "faq",
  "productId": null,
  "productCode": null,
  "postDate": 1404912591000,
  "seriesProductName": "",
  "visitedTimes": 437,
  "isUsefulFlag": null,
  "score": 0,
  "times": 0,
  "imageList": null,
  "displayType": "text",
  "justView": "0",
  "fileName": null,
  "filePath": null,
  "imagePath": null,
  "imageName": null,
  "productIdList": null,
  "curPage": null,
  "pageSize": null,
  "siteCode": null,
  "statusFlag": "Publish",
  "returnCode": 0,
  "totalRows": null,
  "keywords": null,
  "avgScore": 0.0,
  "createDate": null,
  "totalPages": null
}