{
  "type": null,
  "faqId": 13547,
  "title": "Le téléphone prend-il en charge la fonction Canvas ?",
  "answer": " Oui. Le téléphone prend en charge jusqu'à neuf écrans (écran d'accueil et extensions compris).",
  "faqTypeId": null,
  "faqType": null,
  "useful": 0,
  "unUseful": 0,
  "languageId": 4,
  "languageName": "fr",
  "faqCode": "4673",
  "faqTypeCode": null,
  "isTop": "0",
  "moduleCode": "faq",
  "productId": null,
  "productCode": null,
  "postDate": 1404914586000,
  "seriesProductName": "",
  "visitedTimes": 117,
  "isUsefulFlag": null,
  "score": 0,
  "times": 0,
  "imageList": null,
  "displayType": "text",
  "justView": "0",
  "fileName": null,
  "filePath": null,
  "imagePath": null,
  "imageName": null,
  "productIdList": null,
  "curPage": null,
  "pageSize": null,
  "siteCode": null,
  "statusFlag": "Publish",
  "returnCode": 0,
  "totalRows": null,
  "keywords": null,
  "avgScore": 0.0,
  "createDate": null,
  "totalPages": null
}