{
  "type": null,
  "faqId": 13543,
  "title": "Pourquoi est-il impossible d'ouvrir certaines images et vidéos ?",
  "answer": " l   Le téléphone n'est pas compatible avec les formats concernés. \r\n\r\n l   L'image ou la vidéo est endommagée. \r\n\r\n l   L'image ou la vidéo est protégée par des droits d'auteur. \r\n\r\n l   La mémoire RAM (Random-Access Memory) du téléphone est insuffisante. Fermez certaines applications tierces en cours d'exécution. \r\n\r\n l   Une erreur inconnue est survenue sur la **caméra **ou dans le système d'exploitation du téléphone. Il s'agit d'une situation exceptionnelle. Redémarrez le téléphone et réessayez.",
  "faqTypeId": null,
  "faqType": null,
  "useful": 0,
  "unUseful": 4,
  "languageId": 4,
  "languageName": "fr",
  "faqCode": "4671",
  "faqTypeCode": null,
  "isTop": "0",
  "moduleCode": "faq",
  "productId": null,
  "productCode": null,
  "postDate": 1404913691000,
  "seriesProductName": "",
  "visitedTimes": 153,
  "isUsefulFlag": null,
  "score": 0,
  "times": 0,
  "imageList": null,
  "displayType": "text",
  "justView": "0",
  "fileName": null,
  "filePath": null,
  "imagePath": null,
  "imageName": null,
  "productIdList": null,
  "curPage": null,
  "pageSize": null,
  "siteCode": null,
  "statusFlag": "Publish",
  "returnCode": 0,
  "totalRows": null,
  "keywords": null,
  "avgScore": 0.0,
  "createDate": null,
  "totalPages": null
}