{
  "type": null,
  "faqId": 13550,
  "title": "Données pouvant être sauvegardée sur le téléphone ?",
  "answer": " Les données suivantes peuvent être sauvegardées sur le téléphone : \r\n\r\n l   Contacts (utilisez **Contacts**.) \r\n\r\n l   Calendrier (utilisez une application tierce.) \r\n\r\n l   Données courantes (utilisez une application tierce.) \r\n\r\n Avant de restaurer les paramètres définis en usine, vous pouvez sauvegarder les données suivantes : \r\n\r\n l   Contacts \r\n\r\n l   SMS \r\n\r\n l   Journaux d'appels  \r\n l   Paramètres système \r\n\r\n l   Alarmes \r\n\r\n l   Signets du navigateur \r\n\r\n l   Comptes de messagerie \r\n\r\n l   Calendrier \r\n\r\n l   Bloc-notes \r\n\r\n l   Station météo \r\n\r\n l   Liste de lecture audio",
  "faqTypeId": null,
  "faqType": null,
  "useful": 4,
  "unUseful": 5,
  "languageId": 4,
  "languageName": "fr",
  "faqCode": "4710",
  "faqTypeCode": null,
  "isTop": "0",
  "moduleCode": "faq",
  "productId": null,
  "productCode": null,
  "postDate": 1404916847000,
  "seriesProductName": "",
  "visitedTimes": 228,
  "isUsefulFlag": null,
  "score": 0,
  "times": 0,
  "imageList": null,
  "displayType": "text",
  "justView": "0",
  "fileName": null,
  "filePath": null,
  "imagePath": null,
  "imageName": null,
  "productIdList": null,
  "curPage": null,
  "pageSize": null,
  "siteCode": null,
  "statusFlag": "Publish",
  "returnCode": 0,
  "totalRows": null,
  "keywords": null,
  "avgScore": 0.0,
  "createDate": null,
  "totalPages": null
}