{
  "type": null,
  "faqId": 13567,
  "title": "Comment supprimer un compte e-mail ?",
  "answer": " Pour supprimer un compte e-mail, touchez **E-mail** puis la touche Menu, choisissez **Paramètres**, touchez le compte à supprimer puis **Supprimer le compte**. \r\n\r\n\n![](http://consumer.huawei.com/support/servlet/imageServlet?dlType=HtmlAreaImage&imageId=41694)",
  "faqTypeId": null,
  "faqType": null,
  "useful": 12,
  "unUseful": 1,
  "languageId": 4,
  "languageName": "fr",
  "faqCode": "4768",
  "faqTypeCode": null,
  "isTop": "0",
  "moduleCode": "faq",
  "productId": null,
  "productCode": null,
  "postDate": 1405349235000,
  "seriesProductName": "Y530-U00",
  "visitedTimes": 504,
  "isUsefulFlag": null,
  "score": 0,
  "times": 0,
  "imageList": null,
  "displayType": "text",
  "justView": "0",
  "fileName": null,
  "filePath": null,
  "imagePath": null,
  "imageName": null,
  "productIdList": null,
  "curPage": null,
  "pageSize": null,
  "siteCode": null,
  "statusFlag": "Publish",
  "returnCode": 0,
  "totalRows": null,
  "keywords": null,
  "avgScore": 0.0,
  "createDate": null,
  "totalPages": null
}