{
  "type": null,
  "faqId": 13562,
  "title": "Comment régler la luminosité de l'écran ?",
  "answer": " Touchez **Paramètres** > **Tous** > **Affichage** > **Luminosité**.",
  "faqTypeId": null,
  "faqType": null,
  "useful": 2,
  "unUseful": 4,
  "languageId": 4,
  "languageName": "fr",
  "faqCode": "4764",
  "faqTypeCode": null,
  "isTop": "0",
  "moduleCode": "faq",
  "productId": null,
  "productCode": null,
  "postDate": 1405348220000,
  "seriesProductName": "Y530-U00",
  "visitedTimes": 330,
  "isUsefulFlag": null,
  "score": 0,
  "times": 0,
  "imageList": null,
  "displayType": "text",
  "justView": "0",
  "fileName": null,
  "filePath": null,
  "imagePath": null,
  "imageName": null,
  "productIdList": null,
  "curPage": null,
  "pageSize": null,
  "siteCode": null,
  "statusFlag": "Publish",
  "returnCode": 0,
  "totalRows": null,
  "keywords": null,
  "avgScore": 0.0,
  "createDate": null,
  "totalPages": null
}