{
  "type": null,
  "faqId": 13566,
  "title": "Quelle peut être la cause de la mauvaise qualité du média en flux continu lu sur le téléphone ?",
  "answer": " l   Le média source en flux continu est de mauvaise qualité. \r\n\r\n l   La connexion réseau est mauvaise. \r\n\r\n l   Le matériel du téléphone est peut-être défectueux ; par exemple, l'écran est endommagé. Pour vérifier, utilisez un autre appareil pour lire le média en flux continu afin de comparer. \r\n\r\n l   La mémoire est insuffisante. \r\n\r\n l   L'utilisation du processeur est élevée. \r\n\r\n l   Trop d'applications sont ouvertes.",
  "faqTypeId": null,
  "faqType": null,
  "useful": 11,
  "unUseful": 7,
  "languageId": 4,
  "languageName": "fr",
  "faqCode": "4784",
  "faqTypeCode": null,
  "isTop": "0",
  "moduleCode": "faq",
  "productId": null,
  "productCode": null,
  "postDate": 1405349090000,
  "seriesProductName": "Y530-U00",
  "visitedTimes": 357,
  "isUsefulFlag": null,
  "score": 0,
  "times": 0,
  "imageList": null,
  "displayType": "text",
  "justView": "0",
  "fileName": null,
  "filePath": null,
  "imagePath": null,
  "imageName": null,
  "productIdList": null,
  "curPage": null,
  "pageSize": null,
  "siteCode": null,
  "statusFlag": "Publish",
  "returnCode": 0,
  "totalRows": null,
  "keywords": null,
  "avgScore": 0.0,
  "createDate": null,
  "totalPages": null
}