{
  "type": null,
  "faqId": 13564,
  "title": "Impossible d'envoyer ou de recevoir des messages multimédia. Pourquoi ? Que puis-je faire ?",
  "answer": " Le causes possibles et les solutions sont les suivantes : \r\n\r\n l   Les messages multimédia ne peuvent être envoyés ou reçus lorsque le service de données est désactivé. Avant d'envoyer ou de télécharger un message multimédia, touchez **Paramètres** > **Tous** > **Réseaux mobiles** > **Données activées** pour activer votre service de données. \r\n\n![](http://consumer.huawei.com/support/servlet/imageServlet?dlType=HtmlAreaImage&imageId=41684)\n\r\n\r\n l   Si le problème persiste, vérifiez l'espace disponible sur votre téléphone. \r\n\r\n Accédez à **Paramètres**. Dans la zone **APPAREIL**. Cliquez sur **Davantage**. Touchez **Stockage** pour visualiser les détails du stockage. Lorsque la mémoire du téléphone devient insuffisante, supprimez les fichiers indésirables pour  libérer de la mémoire. \r\n\r\n ![](http://consumer.huawei.com/support/servlet/imageServlet?dlType=HtmlAreaImage&imageId=41685)",
  "faqTypeId": null,
  "faqType": null,
  "useful": 8,
  "unUseful": 20,
  "languageId": 4,
  "languageName": "fr",
  "faqCode": "4783",
  "faqTypeCode": null,
  "isTop": "0",
  "moduleCode": "faq",
  "productId": null,
  "productCode": null,
  "postDate": 1405348708000,
  "seriesProductName": "Y530-U00",
  "visitedTimes": 793,
  "isUsefulFlag": null,
  "score": 0,
  "times": 0,
  "imageList": null,
  "displayType": "text",
  "justView": "0",
  "fileName": null,
  "filePath": null,
  "imagePath": null,
  "imageName": null,
  "productIdList": null,
  "curPage": null,
  "pageSize": null,
  "siteCode": null,
  "statusFlag": "Publish",
  "returnCode": 0,
  "totalRows": null,
  "keywords": null,
  "avgScore": 0.0,
  "createDate": null,
  "totalPages": null
}