{
  "type": null,
  "faqId": 13565,
  "title": "Puis-je prendre des photos ou des vidéos lorsqu'aucune carte microSD n'est disponible ?",
  "answer": " Oui. Lorsqu'aucune carte mémoire SD n'est disponible, les images et vidéos seront enregistrées dans la mémoire interne du téléphone.",
  "faqTypeId": null,
  "faqType": null,
  "useful": 4,
  "unUseful": 1,
  "languageId": 4,
  "languageName": "fr",
  "faqCode": "4766",
  "faqTypeCode": null,
  "isTop": "0",
  "moduleCode": "faq",
  "productId": null,
  "productCode": null,
  "postDate": 1405348808000,
  "seriesProductName": "Y530-U00",
  "visitedTimes": 264,
  "isUsefulFlag": null,
  "score": 0,
  "times": 0,
  "imageList": null,
  "displayType": "text",
  "justView": "0",
  "fileName": null,
  "filePath": null,
  "imagePath": null,
  "imageName": null,
  "productIdList": null,
  "curPage": null,
  "pageSize": null,
  "siteCode": null,
  "statusFlag": "Publish",
  "returnCode": 0,
  "totalRows": null,
  "keywords": null,
  "avgScore": 0.0,
  "createDate": null,
  "totalPages": null
}