{
  "type": null,
  "faqId": 13561,
  "title": "Où sont enregistrées mes pièces multimédia ?",
  "answer": " Par défaut, les pièces jointes de messages multimédia sont automatiquement sauvegardées vers le répertoire **/data**, ce qui est invisible aux utilisateurs. \r\n\r\n Vous pouvez sauvegarder les pièces jointes vers le répertoire **/Download **dans la mémoire du téléphone ou la carte microSD.",
  "faqTypeId": null,
  "faqType": null,
  "useful": 4,
  "unUseful": 6,
  "languageId": 4,
  "languageName": "fr",
  "faqCode": "4781",
  "faqTypeCode": null,
  "isTop": "0",
  "moduleCode": "faq",
  "productId": null,
  "productCode": null,
  "postDate": 1405348047000,
  "seriesProductName": "Y530-U00",
  "visitedTimes": 388,
  "isUsefulFlag": null,
  "score": 0,
  "times": 0,
  "imageList": null,
  "displayType": "text",
  "justView": "0",
  "fileName": null,
  "filePath": null,
  "imagePath": null,
  "imageName": null,
  "productIdList": null,
  "curPage": null,
  "pageSize": null,
  "siteCode": null,
  "statusFlag": "Publish",
  "returnCode": 0,
  "totalRows": null,
  "keywords": null,
  "avgScore": 0.0,
  "createDate": null,
  "totalPages": null
}