{
  "type": null,
  "faqId": 13582,
  "title": "Le téléphone est lent. Que puis-je faire ?",
  "answer": " l   Fermez des applications tierces ouvertes. \r\n\r\n l   Désinstallez des applications. \r\n\r\n l   Redémarrez le téléphone. \r\n\r\n l   Restaurez la configuration d'usine du téléphone.",
  "faqTypeId": null,
  "faqType": null,
  "useful": 6,
  "unUseful": 22,
  "languageId": 4,
  "languageName": "fr",
  "faqCode": "4782",
  "faqTypeCode": null,
  "isTop": "0",
  "moduleCode": "faq",
  "productId": null,
  "productCode": null,
  "postDate": 1405348309000,
  "seriesProductName": "Y530-U00",
  "visitedTimes": 1035,
  "isUsefulFlag": null,
  "score": 0,
  "times": 0,
  "imageList": null,
  "displayType": "text",
  "justView": "0",
  "fileName": null,
  "filePath": null,
  "imagePath": null,
  "imageName": null,
  "productIdList": null,
  "curPage": null,
  "pageSize": null,
  "siteCode": null,
  "statusFlag": "Publish",
  "returnCode": 0,
  "totalRows": null,
  "keywords": null,
  "avgScore": 0.0,
  "createDate": null,
  "totalPages": null
}