{
  "type": null,
  "faqId": 13583,
  "title": "Le téléphone ne peut pas lire certains médias en flux continu. Pourquoi ?",
  "answer": " l   Le téléphone ne prend pas en charge le format de fichier. \r\n\r\n l   La connexion réseau est instable. \r\n\r\n l   La mémoire libre du téléphone est insuffisante.",
  "faqTypeId": null,
  "faqType": null,
  "useful": 4,
  "unUseful": 1,
  "languageId": 4,
  "languageName": "fr",
  "faqCode": "4767",
  "faqTypeCode": null,
  "isTop": "0",
  "moduleCode": "faq",
  "productId": null,
  "productCode": null,
  "postDate": 1405349021000,
  "seriesProductName": "Y530-U00",
  "visitedTimes": 195,
  "isUsefulFlag": null,
  "score": 0,
  "times": 0,
  "imageList": null,
  "displayType": "text",
  "justView": "0",
  "fileName": null,
  "filePath": null,
  "imagePath": null,
  "imageName": null,
  "productIdList": null,
  "curPage": null,
  "pageSize": null,
  "siteCode": null,
  "statusFlag": "Publish",
  "returnCode": 0,
  "totalRows": null,
  "keywords": null,
  "avgScore": 0.0,
  "createDate": null,
  "totalPages": null
}