{
  "type": null,
  "faqId": 13581,
  "title": "Le modèle de téléphone vendu par un distributeur est-il identique à celui vendu en ligne ?",
  "answer": " Non. Les spécifications du téléphone sont identiques. Notez que certaines chaînes de magasins ou boutiques en ligne peuvent fournir des packs d'accessires petits prix, ceci n'est pas sous le contrôle de Huawei.",
  "faqTypeId": null,
  "faqType": null,
  "useful": 22,
  "unUseful": 15,
  "languageId": 4,
  "languageName": "fr",
  "faqCode": "4763",
  "faqTypeCode": null,
  "isTop": "0",
  "moduleCode": "faq",
  "productId": null,
  "productCode": null,
  "postDate": 1405348146000,
  "seriesProductName": "Y530-U00",
  "visitedTimes": 595,
  "isUsefulFlag": null,
  "score": 0,
  "times": 0,
  "imageList": null,
  "displayType": "text",
  "justView": "0",
  "fileName": null,
  "filePath": null,
  "imagePath": null,
  "imageName": null,
  "productIdList": null,
  "curPage": null,
  "pageSize": null,
  "siteCode": null,
  "statusFlag": "Publish",
  "returnCode": 0,
  "totalRows": null,
  "keywords": null,
  "avgScore": 0.0,
  "createDate": null,
  "totalPages": null
}