{
  "type": null,
  "faqId": 14945,
  "title": "Je ne parviens pas à installer une application. Que puis-je faire ?",
  "answer": "### 1.1.1 Les causes possibles et les solutions sont les suivantes :\r\n\r\nl   Le fichier .apk est endommagé. Pour résoudre ce problème, contactez le fournisseur APK.\r\n\r\nl   L'application a déjà été installée. Pour résoudre ce problème, désinstallez et réinstallez l'application.\r\n\r\nl   La mémoire disponible du téléphone est insuffisante. Pour résoudre ce problème, supprimez les fichiers indésirables pour libérer de l'espace.",
  "faqTypeId": null,
  "faqType": null,
  "useful": 18,
  "unUseful": 2,
  "languageId": 4,
  "languageName": "fr",
  "faqCode": "7189",
  "faqTypeCode": null,
  "isTop": "0",
  "moduleCode": "faq",
  "productId": null,
  "productCode": null,
  "postDate": 1411136155000,
  "seriesProductName": "EDGE-U00",
  "visitedTimes": 216,
  "isUsefulFlag": null,
  "score": 0,
  "times": 0,
  "imageList": null,
  "displayType": "text",
  "justView": "0",
  "fileName": null,
  "filePath": null,
  "imagePath": null,
  "imageName": null,
  "productIdList": null,
  "curPage": null,
  "pageSize": null,
  "siteCode": null,
  "statusFlag": "Publish",
  "returnCode": 0,
  "totalRows": null,
  "keywords": null,
  "avgScore": 0.0,
  "createDate": null,
  "totalPages": null
}