{
  "type": null,
  "faqId": 14943,
  "title": "Est-il possible de créer une capture d'écran ? Si tel est le cas, comment ?",
  "answer": "Choisissez l'une des méthodes suivantes :\r\n\r\nl  Lorsque l'écran n'est pas verrouillé, appuyez simultanément sur les touches d'alimentation et de diminution du volume pendant au moins 2 secondes.\r\n\r\nl  Connectez le téléphone à un ordinateur et utilisez le logiciel HiSuite pour créer une capture d'écran du téléphone à partir de l'ordinateur.",
  "faqTypeId": null,
  "faqType": null,
  "useful": 1,
  "unUseful": 1,
  "languageId": 4,
  "languageName": "fr",
  "faqCode": "7186",
  "faqTypeCode": null,
  "isTop": "0",
  "moduleCode": "faq",
  "productId": null,
  "productCode": null,
  "postDate": 1411135492000,
  "seriesProductName": "EDGE-U00",
  "visitedTimes": 117,
  "isUsefulFlag": null,
  "score": 0,
  "times": 0,
  "imageList": null,
  "displayType": "text",
  "justView": "0",
  "fileName": null,
  "filePath": null,
  "imagePath": null,
  "imageName": null,
  "productIdList": null,
  "curPage": null,
  "pageSize": null,
  "siteCode": null,
  "statusFlag": "Publish",
  "returnCode": 0,
  "totalRows": null,
  "keywords": null,
  "avgScore": 0.0,
  "createDate": null,
  "totalPages": null
}