{
  "type": null,
  "faqId": 14944,
  "title": "Puis-je me connecter à mon compte bancaire en ligne à partir du téléphone ?",
  "answer": "Oui. Nous vous recommandons d'installer le client de la banque en ligne sur le téléphone. La connexion à votre compte bancaire en ligne à l'aide du navigateur du téléphone peut échouer étant donné que le plug-in de connexion de certaines banques peut uniquement fonctionner avec Internet Explorer.",
  "faqTypeId": null,
  "faqType": null,
  "useful": 1,
  "unUseful": 0,
  "languageId": 4,
  "languageName": "fr",
  "faqCode": "7188",
  "faqTypeCode": null,
  "isTop": "0",
  "moduleCode": "faq",
  "productId": null,
  "productCode": null,
  "postDate": 1411136089000,
  "seriesProductName": "EDGE-U00",
  "visitedTimes": 197,
  "isUsefulFlag": null,
  "score": 0,
  "times": 0,
  "imageList": null,
  "displayType": "text",
  "justView": "0",
  "fileName": null,
  "filePath": null,
  "imagePath": null,
  "imageName": null,
  "productIdList": null,
  "curPage": null,
  "pageSize": null,
  "siteCode": null,
  "statusFlag": "Publish",
  "returnCode": 0,
  "totalRows": null,
  "keywords": null,
  "avgScore": 0.0,
  "createDate": null,
  "totalPages": null
}