{
  "type": null,
  "faqId": 14946,
  "title": "Comment configurer le téléphone en vibreur pour la réception des messages ?",
  "answer": "Ouvrez SMS/MMS. Touchez la touche Menu, puis touchez Paramètres > Vibreur.",
  "faqTypeId": null,
  "faqType": null,
  "useful": 8,
  "unUseful": 1,
  "languageId": 4,
  "languageName": "fr",
  "faqCode": "7190",
  "faqTypeCode": null,
  "isTop": "0",
  "moduleCode": "faq",
  "productId": null,
  "productCode": null,
  "postDate": 1411136211000,
  "seriesProductName": "G510-0100",
  "visitedTimes": 358,
  "isUsefulFlag": null,
  "score": 0,
  "times": 0,
  "imageList": null,
  "displayType": "text",
  "justView": "0",
  "fileName": null,
  "filePath": null,
  "imagePath": null,
  "imageName": null,
  "productIdList": null,
  "curPage": null,
  "pageSize": null,
  "siteCode": null,
  "statusFlag": "Publish",
  "returnCode": 0,
  "totalRows": null,
  "keywords": null,
  "avgScore": 0.0,
  "createDate": null,
  "totalPages": null
}