{
  "type": null,
  "faqId": 14951,
  "title": "Comment écouter des fichiers audio en arrière-plan et quitter l’application Musique ?",
  "answer": "Pour écouter des fichiers audio en arrière-plan, touchez **Musique**, jouez un fichier audio, puis touchez la touche Retour ou la touche Accueil.\r\n\r\nPour quitter **Musique**, suspendez la lecture du fichier audio et touchez la touche Retour ou la touche Accueil.",
  "faqTypeId": null,
  "faqType": null,
  "useful": 1,
  "unUseful": 1,
  "languageId": 4,
  "languageName": "fr",
  "faqCode": "7192",
  "faqTypeCode": null,
  "isTop": "0",
  "moduleCode": "faq",
  "productId": null,
  "productCode": null,
  "postDate": 1411137254000,
  "seriesProductName": "G510-0100",
  "visitedTimes": 180,
  "isUsefulFlag": null,
  "score": 0,
  "times": 0,
  "imageList": null,
  "displayType": "text",
  "justView": "0",
  "fileName": null,
  "filePath": null,
  "imagePath": null,
  "imageName": null,
  "productIdList": null,
  "curPage": null,
  "pageSize": null,
  "siteCode": null,
  "statusFlag": "Publish",
  "returnCode": 0,
  "totalRows": null,
  "keywords": null,
  "avgScore": 0.0,
  "createDate": null,
  "totalPages": null
}