{
  "type": null,
  "faqId": 14963,
  "title": "Comment importer ou exporter des contacts vers ou à partir de la carte SIM ?",
  "answer": " l   Importer des contacts vers la carte SIM\r\n\r\n1.        Touchez **Contacts**  > **Gérer les contacts** > **Copier les ontacts** > **Téléphone**.\r\n\r\n2.        Sélectionnez les contacts souhaités, et touchez **Copier **> **SIM** > **OK**.",
  "faqTypeId": null,
  "faqType": null,
  "useful": 18,
  "unUseful": 14,
  "languageId": 4,
  "languageName": "fr",
  "faqCode": "7169",
  "faqTypeCode": null,
  "isTop": "0",
  "moduleCode": "faq",
  "productId": null,
  "productCode": null,
  "postDate": 1411135038000,
  "seriesProductName": "EDGE-U00",
  "visitedTimes": 1665,
  "isUsefulFlag": null,
  "score": 0,
  "times": 0,
  "imageList": null,
  "displayType": "text",
  "justView": "0",
  "fileName": null,
  "filePath": null,
  "imagePath": null,
  "imageName": null,
  "productIdList": null,
  "curPage": null,
  "pageSize": null,
  "siteCode": null,
  "statusFlag": "Publish",
  "returnCode": 0,
  "totalRows": null,
  "keywords": null,
  "avgScore": 0.0,
  "createDate": null,
  "totalPages": null
}