{
  "type": null,
  "faqId": 14966,
  "title": "Comment envoyer des fichiers via Bluetooth ?",
  "answer": "l   Pour partager un clip audio, une image ou une vidéo, maintenez un fichier dans **Musique **ou **Galerie**, et touchez **Partager** > **Bluetooth**.\r\n\r\n![](http://comng.huawei.comhttp://consumer.huawei.com/support/servlet/imageServlet?dlType=HtmlAreaImage&imageId=41039)",
  "faqTypeId": null,
  "faqType": null,
  "useful": 22,
  "unUseful": 27,
  "languageId": 4,
  "languageName": "fr",
  "faqCode": "7172",
  "faqTypeCode": null,
  "isTop": "0",
  "moduleCode": "faq",
  "productId": null,
  "productCode": null,
  "postDate": 1411135390000,
  "seriesProductName": "EDGE-U00",
  "visitedTimes": 1259,
  "isUsefulFlag": null,
  "score": 0,
  "times": 0,
  "imageList": null,
  "displayType": "text",
  "justView": "0",
  "fileName": null,
  "filePath": null,
  "imagePath": null,
  "imageName": null,
  "productIdList": null,
  "curPage": null,
  "pageSize": null,
  "siteCode": null,
  "statusFlag": "Publish",
  "returnCode": 0,
  "totalRows": null,
  "keywords": null,
  "avgScore": 0.0,
  "createDate": null,
  "totalPages": null
}