{
  "type": null,
  "faqId": 14962,
  "title": "Comment ajouter un widget à l'écran d'accueil ?",
  "answer": "Maintenez une zone vide de l'écran d'accueil  \r\n pour afficher le menu d'options **Définir  \r\n l'écran d'accueil**. Touchez **Widgets**.  \r\n Maintenez un widget et faites-le glisser vers une zone vide de l'écran  \r\n d'accueil.\r\n\n![](http://comng.huawei.comhttp://consumer.huawei.com/support/servlet/imageServlet?dlType=HtmlAreaImage&imageId=40231)",
  "faqTypeId": null,
  "faqType": null,
  "useful": 5,
  "unUseful": 2,
  "languageId": 4,
  "languageName": "fr",
  "faqCode": "7168",
  "faqTypeCode": null,
  "isTop": "0",
  "moduleCode": "faq",
  "productId": null,
  "productCode": null,
  "postDate": 1411134966000,
  "seriesProductName": "EDGE-U00",
  "visitedTimes": 285,
  "isUsefulFlag": null,
  "score": 0,
  "times": 0,
  "imageList": null,
  "displayType": "text",
  "justView": "0",
  "fileName": null,
  "filePath": null,
  "imagePath": null,
  "imageName": null,
  "productIdList": null,
  "curPage": null,
  "pageSize": null,
  "siteCode": null,
  "statusFlag": "Publish",
  "returnCode": 0,
  "totalRows": null,
  "keywords": "widget",
  "avgScore": 0.0,
  "createDate": null,
  "totalPages": null
}