{
  "type": null,
  "faqId": 14964,
  "title": "Combien de contacts le téléphone prend-il en charge ?",
  "answer": "Vous pouvez enregistrer au moins 2 000 contacts sur le P6. Le nombre maximum dépend de la mémoire disponible. Le nombre de contacts pouvant être enregistrés sur votre carte SIM varie en fonction de la carte SIM.",
  "faqTypeId": null,
  "faqType": null,
  "useful": 0,
  "unUseful": 0,
  "languageId": 4,
  "languageName": "fr",
  "faqCode": "7170",
  "faqTypeCode": null,
  "isTop": "0",
  "moduleCode": "faq",
  "productId": null,
  "productCode": null,
  "postDate": 1411135242000,
  "seriesProductName": "EDGE-U00",
  "visitedTimes": 37,
  "isUsefulFlag": null,
  "score": 0,
  "times": 0,
  "imageList": null,
  "displayType": "text",
  "justView": "0",
  "fileName": null,
  "filePath": null,
  "imagePath": null,
  "imageName": null,
  "productIdList": null,
  "curPage": null,
  "pageSize": null,
  "siteCode": null,
  "statusFlag": "Publish",
  "returnCode": 0,
  "totalRows": null,
  "keywords": null,
  "avgScore": 0.0,
  "createDate": null,
  "totalPages": null
}