{
  "type": null,
  "faqId": 14968,
  "title": "Existe-t-il des restrictions concernant la taille, le format ou la résolution d’un fichier à joindre à un message multim",
  "answer": "Si un fichier audio ou vidéo dépasse la taille maximale (généralement 300 Ko), vous ne pouvez pas le joindre à un message.\r\n\r\nSi une image est trop volumineuse, elle est automatiquement comprimée avant d’être jointe au message. Par conséquent, la résolution de l’image jointe au message est inférieure.",
  "faqTypeId": null,
  "faqType": null,
  "useful": 1,
  "unUseful": 0,
  "languageId": 4,
  "languageName": "fr",
  "faqCode": "7193",
  "faqTypeCode": null,
  "isTop": "0",
  "moduleCode": "faq",
  "productId": null,
  "productCode": null,
  "postDate": 1411137352000,
  "seriesProductName": "G510-0100",
  "visitedTimes": 91,
  "isUsefulFlag": null,
  "score": 0,
  "times": 0,
  "imageList": null,
  "displayType": "text",
  "justView": "0",
  "fileName": null,
  "filePath": null,
  "imagePath": null,
  "imageName": null,
  "productIdList": null,
  "curPage": null,
  "pageSize": null,
  "siteCode": null,
  "statusFlag": "Publish",
  "returnCode": 0,
  "totalRows": null,
  "keywords": null,
  "avgScore": 0.0,
  "createDate": null,
  "totalPages": null
}