{"type":null,"faqId":35402,"title":"Quels formats et résolutions d’image l’appareil photo prend-il en charge ?","answer":"L’appareil photo prend en charge le format d’image JPEG et les résolutions de 5 mégapixels, 3,2 mégapixels, 0,8 mégapixel et 0,3 mégapixel.","faqTypeId":null,"faqType":null,"useful":0,"unUseful":0,"languageId":4,"languageName":"fr","faqCode":"181","faqTypeCode":null,"isTop":"0","moduleCode":"faq","productId":null,"productCode":null,"postDate":1437121043000,"seriesProductName":"","visitedTimes":18,"isUsefulFlag":null,"score":0,"times":0,"imageList":null,"displayType":"text","justView":"0","fileName":null,"filePath":null,"imagePath":null,"imageName":null,"productIdList":null,"curPage":null,"pageSize":null,"siteCode":null,"statusFlag":"Publish","returnCode":0,"totalRows":null,"keywords":null,"avgScore":0.0,"createDate":null,"totalPages":null}