{
  "type": null,
  "faqId": 38401,
  "title": "Le téléphone est lent. Que puis-je faire ?",
  "answer": "l Fermez des applications tierces ouvertes.\r\n\r\nl Désinstallez des applications.\r\n\r\nl Redémarrez le téléphone.\r\n\r\nl Restaurez la configuration d'usine du téléphone.",
  "faqTypeId": null,
  "faqType": null,
  "useful": 0,
  "unUseful": 2,
  "languageId": 4,
  "languageName": "fr",
  "faqCode": "3601",
  "faqTypeCode": null,
  "isTop": "0",
  "moduleCode": "faq",
  "productId": null,
  "productCode": null,
  "postDate": 1441186635000,
  "seriesProductName": "Y530-U00",
  "visitedTimes": 7,
  "isUsefulFlag": null,
  "score": 0,
  "times": 0,
  "imageList": null,
  "displayType": "text",
  "justView": "0",
  "fileName": null,
  "filePath": null,
  "imagePath": null,
  "imageName": null,
  "productIdList": null,
  "curPage": null,
  "pageSize": null,
  "siteCode": null,
  "statusFlag": "Publish",
  "returnCode": 0,
  "totalRows": null,
  "keywords": null,
  "avgScore": 0.0,
  "createDate": null,
  "totalPages": null
}