{
  "type": null,
  "faqId": 38400,
  "title": "Comment économiser du trafic de données ?",
  "answer": "l Désactivez le service de données lorsque vous ne l'utilisez pas.\r\n\r\nl Lorsque le Wi-Fi est disponible, connectez votre téléphone à votre réseau Wi-Fi et désactivez le service de données.\r\n\r\nl Accédez à des sites WAP (Wireless Access Protocol) au lieu de sites World Wide Web (WWW).\r\n\r\nl Déplacez la barre d'état vers le bas pour afficher la barre de notification. Désactiver la synchronisation de données.",
  "faqTypeId": null,
  "faqType": null,
  "useful": 0,
  "unUseful": 0,
  "languageId": 4,
  "languageName": "fr",
  "faqCode": "3600",
  "faqTypeCode": null,
  "isTop": "0",
  "moduleCode": "faq",
  "productId": null,
  "productCode": null,
  "postDate": 1441186572000,
  "seriesProductName": "Y530-U00",
  "visitedTimes": 18,
  "isUsefulFlag": null,
  "score": 0,
  "times": 0,
  "imageList": null,
  "displayType": "text",
  "justView": "0",
  "fileName": null,
  "filePath": null,
  "imagePath": null,
  "imageName": null,
  "productIdList": null,
  "curPage": null,
  "pageSize": null,
  "siteCode": null,
  "statusFlag": "Publish",
  "returnCode": 0,
  "totalRows": null,
  "keywords": null,
  "avgScore": 0.0,
  "createDate": null,
  "totalPages": null
}