{
  "type": null,
  "faqId": 49561,
  "title": "Savez vous que votre P8 peut être utilisé pour réaliser un film?",
  "answer": "§  Le saviez-vous?\r\n\r\nAvec votre Smartphone P8, vous avez la possibilité de devenir un vrai réalisateur de court métrage. Le monde deviendra alors un plateau de tournage.\r\n\r\nCela est possible grâce à l’application **«****Director mode****»****.** Cette dernière, vous permet de capturer la magie de l'instant à partir de plusieurs angles. Puis combiner les prises vidéo comme un réalisateur professionnel.\r\n\r\nLe **« Mode**** ****réalisateur»** vous permet, ainsi que vos amis, de prendre des vidéos uniques ensemble. Vous pouvez créer un groupe en tant que réalisateur et connecter jusqu'à trois participants via Wi-Fi.  \r\n Lorsque vous filmez une vidéo, la fenêtre principale affiche ce qui est enregistré. Pour basculer entre les prises provenant d'autres appareils, appuyez sur la sous-fenêtre où l'action se passe. C’est comme diriger un film ou une émission en direct.\r\n\r\n§  Comment ça marche?\r\n\r\nConditions :\r\n\r\nü  Vous devez avoir assez de charge sur votre batterie pour pouvoir utiliser le **«mode réalisateur** **»**.\r\n\r\nü  Tous les Smartphones doivent tourner sous Android 4.3 ou supérieur (modes réalisateur et participants). Le « Mode réalisateur» fonctionne seulement avec Huawei P8.\r\n\n<table style=\"border: currentColor; border-image: none; border-collapse: collapse;\" border=\"0\" cellspacing=\"0\" cellpadding=\"0\">\n  <tbody>\n    <tr>\n      <td width=\"325\" valign=\"top\" style=\"padding: 0in 5.4pt; width: 243.9pt;\">\n      \r\n\r\n@ Assurez-vous de connecter tous les Smartphones (participants+réalisateur) sur le même réseau Wi-Fi. Utilisez un point d’accès commun.\r\n\r\n\n      </td>\n      <td width=\"390\" valign=\"top\" style=\"padding: 0in 5.4pt; width: 292.5pt;\">\n      \r\n\r\n@  Lancez l’application **«mode réalisateur** **»**.\r\n\r\n@ Appuyez sur **«** **Enregistrer** **» **pour commencer.  \r\n ![](http://consumer.huawei.com/support/servlet/imageServlet?dlType=SupportImage&imagePath=/20151112211554526001.png)\r\n\n      </td>\n    </tr>\n    <tr>\n      <td width=\"325\" valign=\"top\" style=\"padding: 0in 5.4pt; width: 243.9pt;\">\n      \r\n\r\n@ Appuyez sur **«** **Créer un groupe** **»**, puis donnez lui un nom et un mot de passe pour sécuriser. Exemple **«** **HUAWEI** **»**. \r\n\n      </td>\n      <td width=\"390\" valign=\"top\" style=\"padding: 0in 5.4pt; width: 292.5pt;\">\n      \r\n\r\n ![](http://consumer.huawei.com/support/servlet/imageServlet?dlType=SupportImage&imagePath=/20151112211554387002.png)\r\n\n      </td>\n    </tr>\n    <tr>\n      <td width=\"325\" valign=\"top\" style=\"padding: 0in 5.4pt; width: 243.9pt;\">\n      \r\n\r\n@ Lancez l’application **«mode réalisateur** **» **sur les autres Smartphones (3 au max). Assurez vous de rejoindre le même groupe. Notre exemple **«** **Huawei** **»**. ![](http://consumer.huawei.com/support/servlet/imageServlet?dlType=SupportImage&imagePath=/20151112211555522003.png)\r\n\n      </td>\n      <td width=\"390\" valign=\"top\" style=\"padding: 0in 5.4pt; width: 292.5pt;\">\n      \r\n\r\n![](http://consumer.huawei.com/support/servlet/imageServlet?dlType=SupportImage&imagePath=/20151112211555688004.png) \r\n\n      </td>\n    </tr>\n    <tr>\n      <td width=\"325\" valign=\"top\" style=\"padding: 0in 5.4pt; width: 243.9pt;\">\n      \r\n\r\n@ Le mode réalisateur est maintenant prêt à être utilisé. Commencer l’enregistrement en appuyant sur le bouton rouge à droite.\r\n\r\n@ Vous pouvez désormais :\r\n\r\nü  basculer entre plusieurs vues en sélectionnant un participant en bas de l’écran.\r\n\r\nü  Envoyer des directives aux autres participants en appuyant sur le Menu. Exemples : Tourner à gauche, Bouger à droite, pivoter, reculer…etc.\r\n\n      </td>\n      <td width=\"390\" valign=\"top\" style=\"padding: 0in 5.4pt; width: 292.5pt;\">\n      \r\n\r\n ![](http://consumer.huawei.com/support/servlet/imageServlet?dlType=SupportImage&imagePath=/20151112211556305005.png)\r\n\n      </td>\n    </tr>\n    <tr>\n      <td width=\"715\" valign=\"top\" style=\"padding: 0in 5.4pt; width: 7.45in;\" colspan=\"2\">\n      \r\n\r\nTélécharger  « Mode réalisateur» içi : [https://play.google.com/store/apps/details?id=com.lifevibes.grouprecorder&hl=fr](https://play.google.com/store/apps/details?id=com.lifevibes.grouprecorder&hl=fr)\r\n\n      </td>\n    </tr>\n  </tbody>\n</table>\n\r\n\r\n§  Info utile: Le Détecteur de proximité permet de réduire la consommation électrique de votre Smartphone.\r\n\r\nmade by H.Salah-Mansour",
  "faqTypeId": null,
  "faqType": null,
  "useful": 1,
  "unUseful": 0,
  "languageId": 4,
  "languageName": "fr",
  "faqCode": "5305",
  "faqTypeCode": null,
  "isTop": "1",
  "moduleCode": "faq",
  "productId": null,
  "productCode": null,
  "postDate": 1447334168000,
  "seriesProductName": "",
  "visitedTimes": 233,
  "isUsefulFlag": null,
  "score": 0,
  "times": 0,
  "imageList": null,
  "displayType": "text",
  "justView": "0",
  "fileName": null,
  "filePath": null,
  "imagePath": null,
  "imageName": null,
  "productIdList": null,
  "curPage": null,
  "pageSize": null,
  "siteCode": null,
  "statusFlag": "Publish",
  "returnCode": 0,
  "totalRows": null,
  "keywords": "P8;director  mode. mode réalisateur",
  "avgScore": 0.0,
  "createDate": null,
  "totalPages": null
}