{
  "type": null,
  "faqId": 49562,
  "title": "Vous pouvez transformer votre Smartphone en réseau mobile à travers un processus appelé le Tethering.",
  "answer": "§  Le saviez-vous?\r\n\r\nVous pouvez transformer votre Smartphone  en réseau mobile à travers un processus appelé le partage via le Wi-Fi, l’USB et même le Bluetooth. Cela s’appelle le **«** **Tethering »**. Une des multitudes utilisations de cette fonctionnalité, est le partage de connexion internet. \r\n\r\n§  Comment ça marche?\r\n\r\nNous allons prendre le Smartphone P8 comme référence. Version du software: Android 5.0.1, EMUI 3.1.\r\n\n<table style=\"border: currentColor; border-image: none; border-collapse: collapse;\" border=\"0\" cellspacing=\"0\" cellpadding=\"0\">\n  <tbody>\n    <tr>\n      <td width=\"319\" valign=\"top\" style=\"padding: 0in 5.4pt; width: 239.4pt;\">\n      \r\n\r\n@ Ouvrez le menu Paramètres. Cela peut être fait en appuyant sur l'application **«** **Paramètres »** se trouvant sur l’écran principal ou bien sur le raccourci de la barre de navigation en haut de votre Smartphone.\r\n\n      </td>\n      <td width=\"396\" valign=\"top\" style=\"padding: 0in 5.4pt; width: 297pt;\" colspan=\"2\">\n      \r\n\r\n![](http://consumer.huawei.com/support/servlet/imageServlet?dlType=SupportImage&imagePath=/20151112212334289001.jpg)\r\n\n      </td>\n    </tr>\n    <tr>\n      <td width=\"319\" valign=\"top\" style=\"padding: 0in 5.4pt; width: 239.4pt;\">\n      \r\n\r\n@ Appuyez sur **«** **Plus** **»** pour faire apparaître les options supplémentaires.\r\n\n      </td>\n      <td width=\"396\" valign=\"top\" style=\"padding: 0in 5.4pt; width: 297pt;\" colspan=\"2\">\n      \r\n\r\n![](http://consumer.huawei.com/support/servlet/imageServlet?dlType=SupportImage&imagePath=/20151112212335108002.jpg)\r\n\n      </td>\n    </tr>\n    <tr>\n      <td width=\"319\" valign=\"top\" style=\"padding: 0in 5.4pt; width: 239.4pt;\">\n      \r\n\r\n@ Dans le menu **« Partage de connexion », c**ochez la case correspondant à ce que vous voulez: **« Via USB », « Via Bluetooth », « Point d’accès Wi-Fi »****. **Dans notre cas, via Wi-Fi.\r\n\n      </td>\n      <td width=\"396\" valign=\"top\" style=\"padding: 0in 5.4pt; width: 297pt;\" colspan=\"2\">\n      \r\n\r\n![](http://consumer.huawei.com/support/servlet/imageServlet?dlType=SupportImage&imagePath=/20151112212335610003.jpg)![](http://consumer.huawei.com/support/servlet/imageServlet?dlType=SupportImage&imagePath=/20151112212335483004.jpg)\r\n\n      </td>\n    </tr>\n    <tr>\n      <td width=\"319\" valign=\"top\" style=\"padding: 0in 5.4pt; width: 239.4pt;\">\n      \r\n\r\n@ Vous pouvez désormais activer ou désactiver le partage, activer la sécurité de votre partage, voir la listes de appareils connectés ainsi que limiter les données partagées.\r\n\n      </td>\n      <td width=\"396\" valign=\"top\" style=\"padding: 0in 5.4pt; width: 297pt;\" colspan=\"2\">\n      \r\n\r\n![](http://consumer.huawei.com/support/servlet/imageServlet?dlType=SupportImage&imagePath=/20151112212336155005.jpg)\r\n\n      </td>\n    </tr>\n    <tr>\n      <td width=\"358\" valign=\"top\" style=\"padding: 0in 5.4pt; width: 268.2pt;\" colspan=\"2\">\n      \r\n\r\n\n      </td>\n      <td width=\"358\" valign=\"top\" style=\"padding: 0in 5.4pt; width: 268.2pt;\">\n      \r\n\r\n\n      </td>\n    </tr>\n    <tr height=\"0\">\n      <td width=\"319\" style=\"border: currentColor; border-image: none;\"></td>\n      <td width=\"38\" style=\"border: currentColor; border-image: none;\"></td>\n      <td width=\"358\" style=\"border: currentColor; border-image: none;\"></td>\n    </tr>\n  </tbody>\n</table>\n\r\n\r\n§  Info utile: Un écran tactile, n’est pas forcément synonyme de Smartphone.\r\n\r\nmade by H.Salah-Mansour\n",
  "faqTypeId": null,
  "faqType": null,
  "useful": 1,
  "unUseful": 0,
  "languageId": 4,
  "languageName": "fr",
  "faqCode": "5325",
  "faqTypeCode": null,
  "isTop": "0",
  "moduleCode": "faq",
  "productId": null,
  "productCode": null,
  "postDate": 1447334626000,
  "seriesProductName": "",
  "visitedTimes": 108,
  "isUsefulFlag": null,
  "score": 0,
  "times": 0,
  "imageList": null,
  "displayType": "text",
  "justView": "0",
  "fileName": null,
  "filePath": null,
  "imagePath": null,
  "imageName": null,
  "productIdList": null,
  "curPage": null,
  "pageSize": null,
  "siteCode": null,
  "statusFlag": "Publish",
  "returnCode": 0,
  "totalRows": null,
  "keywords": "tethering,partage connexion,wifi,usb,bluetooth",
  "avgScore": 0.0,
  "createDate": null,
  "totalPages": null
}